mean,std,median,max,min,range,coefficient_variation,num_dips,dip_fraction,max_dip_depth,skewness,kurtosis,num_periods,primary_period,snr,smoothness,transit_count,avg_transit_length,max_transit_length,label
0.9996651085093617,0.0005626356210515992,0.9996648728847504,1.0012657642364502,0.9983103275299072,0.0029554367065429688,0.0005628241060554433,3,0.01171875,0.0013545453548431396,0.11274768690414529,-0.35182221623909093,33,7,3.494540238808525,0.0004344432961707022,14,1.1428571428571428,2,2
0.9999929929617792,0.00014314749957982894,0.9999803900718689,1.0003701448440552,0.999601423740387,0.0007687211036682129,0.00014314850262685808,2,0.0078125,0.0003789663314819336,0.18867171596798699,-0.4978341981580239,37,8,4.019794637991002,0.00010589478062648399,8,1.0,1,0
0.9997792369686067,0.0014216416966144603,0.9999602138996124,1.0025031566619873,0.9905906915664673,0.01191246509552002,0.001421955611845838,10,0.0390625,0.009369522333145142,-3.6482061360862903,17.14692510303949,31,7,12.066299741863709,0.0007765667111265893,3,3.6666666666666665,4,0
0.9998454966116697,0.0004726790539071581,0.9998718202114105,1.0011147260665894,0.9985733032226562,0.0025414228439331055,0.0004727520957077852,4,0.015625,0.0012985169887542725,0.05451890125093079,-0.15978346450426306,32,8,3.67674692109201,0.00040459258883607154,14,1.3571428571428572,3,2
0.9999208804219961,0.0010496705744864135,0.9999819993972778,1.0012801885604858,0.9902586340904236,0.011021554470062256,0.0010497536305506708,4,0.015625,0.009723365306854248,-6.930760691491944,55.98979619156476,45,7,17.168167413705486,0.0005093135085760378,1,4.0,4,1
0.9998684918973595,0.000495538174052949,0.9998516738414764,1.0011807680130005,0.9984181523323059,0.00276261568069458,0.0004956033499091579,6,0.0234375,0.0014335215091705322,0.02410713653732081,-0.19754979423691443,56,7,3.0503127025064876,0.0005376598414252786,12,1.1666666666666667,2,2
0.9999911000393622,7.005974293225737e-05,0.9999986888005219,1.000131002654264,0.9997285718209481,0.00040243083331592544,7.00603664667612e-05,18,0.0703125,0.0002701169795737979,-0.9077188255676987,1.105456979384149,41,8,5.058862821999078,6.0642480000092475e-05,14,1.6428571428571428,3,2
0.9984960907604545,0.009341103284157298,0.997456431388855,1.012942910194397,0.9849528670310974,0.02799004316329956,0.009355172614690073,0,0.0,0.0,0.16932467714195804,-1.4443749430994306,0,0,0.0,0.0005510814049664665,0,0.0,0,1
1.0013016273733228,0.003579639617759124,1.0005295872688293,1.0082446336746216,0.9961820244789124,0.012062609195709229,0.00357498631770874,0,0.0,0.0,0.38206574140277955,-1.1373287710090711,2,249,0.0,0.0005650092573726878,0,0.0,0,1
0.9999683138448745,0.0001365720872378294,0.9999799132347107,1.0004003047943115,0.9994149804115295,0.0009853243827819824,0.00013657641481929584,9,0.03515625,0.0005649328231811523,-0.49990569690342174,2.1814856192954277,43,7,5.72199649735251,0.00011113204208074832,8,1.75,6,0
1.000702196964994,0.0017404002722833363,1.0008389949798584,1.0042750835418701,0.9891144633293152,0.015160620212554932,0.0017391790260496628,3,0.01171875,0.011724531650543213,-1.8354829780568833,9.842603680386398,29,7,16.106850431440716,0.0006380728646820667,5,1.4,3,1
1.0001586952712387,0.0008703902007000769,1.0003668069839478,1.0021088123321533,0.9977319836616516,0.004376828670501709,0.0008702520958076866,13,0.05078125,0.0026348233222961426,-0.519360169544243,-0.4002954690827183,21,7,6.124466500720705,0.0004827090338164685,12,3.3333333333333335,9,2
0.9998051256407052,0.0010428088165946705,0.999952882528305,1.0014288425445557,0.9900019764900208,0.011426866054534912,0.0010430120729041144,4,0.015625,0.009950906038284302,-7.006975848571141,58.50429067637185,38,24,18.43269617314632,0.0004659449352937586,1,4.0,4,1
0.9996006737928838,0.008963264099031578,1.0021674633026123,1.011454701423645,0.9781268239021301,0.03332787752151489,0.008966844795153427,4,0.015625,0.024040639400482178,-0.49596199232693405,-1.1720751821255841,0,0,33.43623618502746,0.0006676580391678156,1,57.0,57,1
0.9997120094485581,0.001427168660179968,0.9999686181545258,1.0014445781707764,0.9910293221473694,0.010415256023406982,0.0014275797896708224,11,0.04296875,0.008939296007156372,-3.382386222129521,14.373222853787365,26,11,11.92927400994721,0.0007212430823083018,3,3.6666666666666665,4,0
0.9995260785799474,0.0012271318798580634,0.9994387328624725,1.002425193786621,0.9971840977668762,0.005241096019744873,0.0012277137196875158,0,0.0,0.0,0.1447739672101002,-0.9752133903823736,10,14,0.0,0.0004601216783710555,8,1.25,3,2
1.000392272369936,0.0004934049361648787,1.0004040598869324,1.0017033815383911,0.9991827011108398,0.0025206804275512695,0.0004932114629354334,8,0.03125,0.0012213587760925293,0.04941114055670388,-0.28686766696725696,54,6,2.8228253139784085,0.0004978666118547028,16,1.0625,2,2
0.9997225292026997,0.0004717580394795554,0.9997256398200989,1.001538634300232,0.9985910058021545,0.0029476284980773926,0.0004718889748896553,7,0.02734375,0.001134634017944336,0.318503986452201,0.9888209031541173,58,8,2.566358016269167,0.00046970774145687326,14,1.1428571428571428,2,2
1.0004498085472733,0.000488557316202655,1.000429630279541,1.0031856298446655,0.999057412147522,0.004128217697143555,0.0004883376577502435,4,0.015625,0.001372218132019043,0.566982191967737,3.2340212007364277,62,7,2.951180499703681,0.0004966637667487649,16,1.0,1,2
0.9994910492096096,0.0010357244892360753,0.9993502199649811,1.0020774602890015,0.9970698952674866,0.005007565021514893,0.0010362518904547657,1,0.00390625,0.002280324697494507,0.19857962386003714,-0.7382647594849936,25,7,4.615291357092244,0.0005570280785654106,6,1.5,3,2
1.0002385172992945,0.0004108634575235389,1.000239074230194,1.0014575719833374,0.9991282820701599,0.0023292899131774902,0.0004107654828499261,7,0.02734375,0.0011107921600341797,0.07120328001456257,0.10760002507031485,61,6,2.8374664965713343,0.0004343558760250316,16,1.0,1,2
0.9992372142150998,0.0005160550618418522,0.9992099404335022,1.0010648965835571,0.9979164004325867,0.003148496150970459,0.0005164490017990505,5,0.01953125,0.0012935400009155273,0.2732962190148404,0.18468973207415162,44,6,3.109284940311823,0.00045545755648145487,10,1.3,3,2
0.9994919730816036,0.0010184876699259227,0.9995758533477783,1.001415491104126,0.9902622103691101,0.01115328073501587,0.0010190053520747666,4,0.015625,0.009313642978668213,-6.709333344059942,54.41764010382029,48,8,15.716224940194946,0.0005297882884156471,1,4.0,4,1
0.99994514323771,0.0010682254747217798,1.0000224113464355,1.0039258003234863,0.9906885623931885,0.013237237930297852,0.0010682840773274679,4,0.015625,0.00933384895324707,-6.035296426784091,48.787147651501584,44,7,15.01791667102103,0.0005549096593669816,1,4.0,4,1
1.0009189813863486,0.0005598004036754783,1.0009520053863525,1.0023164749145508,0.9989733695983887,0.0033431053161621094,0.0005592864298568025,7,0.02734375,0.001978635787963867,-0.1417508101530249,-0.025313577023997613,42,6,5.164258352974646,0.00043386010562672335,17,1.25,2,2
0.9998557085637003,0.0007728193723759285,0.9997974932193756,1.002272367477417,0.9957071542739868,0.006565213203430176,0.0007729308996856046,2,0.0078125,0.004090338945388794,-0.3202888964246269,2.331338186216584,28,8,8.43318366163632,0.0005080337617911544,4,1.6666666666666667,3,2
0.99993578158319,0.0010704652790637609,1.0000367760658264,1.0013444423675537,0.9896053671836853,0.011739075183868408,0.0010705340270641202,4,0.015625,0.010431408882141113,-7.156850894868463,59.3139794809597,50,16,17.092214763214724,0.0005133142658308441,1,4.0,4,1
0.9994003181345761,0.0008141295723957943,0.9993413686752319,1.0012284517288208,0.9977537393569946,0.003474712371826172,0.0008146180840880683,0,0.0,0.0,0.2546666771002969,-0.933352512555083,23,10,0.0,0.00043016976001215916,5,1.2,2,2
0.9999780883081257,0.00012302736171371237,0.9999767243862152,1.0004003047943115,0.9996816515922546,0.0007186532020568848,0.0001230300575104238,5,0.01953125,0.0002950727939605713,0.32161627907347917,0.429138975313212,39,7,3.242454283345302,0.00010087630328010111,12,1.4166666666666667,3,0
0.9999524010388798,0.00012091253224552737,0.9999805978272964,1.000129467060647,0.9994578452686379,0.0006716217920091916,0.00012091828783040852,16,0.0625,0.0005227525586585235,-2.02374019985905,4.7392907533696675,20,20,9.23633276209717,6.119762719969782e-05,6,3.6666666666666665,14,2
1.000487073790282,0.0008691872970190572,1.0006530284881592,1.0017809867858887,0.9966297149658203,0.005151271820068359,0.0008687641447742009,18,0.0703125,0.004023313522338867,-1.498547991109067,2.7583798954217205,22,26,8.284342890569162,0.0005203719232596603,7,3.5714285714285716,14,2
0.9998525453265756,0.0004140568379337102,0.9998897612094879,1.0011323690414429,0.9987533688545227,0.002379000186920166,0.00041411790155364297,4,0.015625,0.00113639235496521,-0.02333590296549908,-0.3412572403521543,58,6,2.972829544170672,0.0004358847935994466,20,1.1,2,2
0.9998632846400142,0.0014807096701429903,1.0001299381256104,1.0020519495010376,0.9912341237068176,0.01081782579421997,0.00148091213357844,9,0.03515625,0.008895814418792725,-3.126529304816373,12.718747753115643,25,6,12.174399182319787,0.0006868633569455614,4,2.5,3,0
0.9991327682510018,0.0007451667834646522,0.9989427924156189,1.0011448860168457,0.9976726770401001,0.0034722089767456055,0.0007458135766771805,0,0.0,0.0,0.5776532301852125,-0.3554035712012422,21,6,0.0,0.0004213127435422411,3,1.0,1,2
0.9996955452952534,0.001460136897299477,0.9999754130840302,1.0021135807037354,0.9914442300796509,0.010669350624084473,0.0014605815782326361,12,0.046875,0.008531183004379272,-3.1206308409238384,12.839819382537282,21,7,11.320804661496133,0.0006949190999947342,3,4.0,4,0
0.9999993271045226,7.993276755203237e-05,1.0000028010408313,1.0002344394257747,0.9997211959594015,0.0005132434663732699,7.993282133846635e-05,7,0.02734375,0.00028160508142982543,-0.3473942211146071,0.6536179435790657,33,7,5.180325124325713,5.901300312333789e-05,14,1.3076923076923077,3,2
0.9996645792853087,0.000510072579819845,0.99968221783638,1.0006937980651855,0.9977714419364929,0.002922356128692627,0.000510243726135132,8,0.03125,0.001910775899887085,-0.46533906930529345,0.1912448290669171,49,8,4.647450896295468,0.00046554125991522094,13,1.4615384615384615,3,2
0.9998500009533018,0.0013872837262160547,1.000028133392334,1.0030368566513062,0.9917418956756592,0.011294960975646973,0.0013874918486706568,11,0.04296875,0.008286237716674805,-3.713934014577422,16.748783287480098,32,7,10.235999516288084,0.0007705440708235199,3,3.6666666666666665,4,0
1.0014185088220984,0.006731283294272861,1.0001246929168701,1.0127030611038208,0.9884068965911865,0.024296164512634277,0.0067217484348181455,0,0.0,0.0,0.2605027882050885,-1.4118543864171587,0,0,0.0,0.0006352882759243834,1,1.0,1,1
1.0019184504635632,0.004132351141320177,1.003121554851532,1.0083763599395752,0.9895260334014893,0.018850326538085938,0.004124438610156584,24,0.09375,0.013595521450042725,-1.0989039818635733,0.421666233110888,1,240,27.99082197983915,0.0005400716089734844,3,8.0,12,1
1.002915344433859,0.006119850172869321,1.005318522453308,1.013337254524231,0.9891139268875122,0.02422332763671875,0.006102060564567339,35,0.13671875,0.0162045955657959,-0.9726245161986077,-0.3701020315477064,1,250,29.444350539762038,0.0005805639659657198,1,0.0,0,1
1.000018538441509,0.00048603754445465035,1.0000360012054443,1.0011144876480103,0.9988085627555847,0.002305924892425537,0.0004860285342430966,6,0.0234375,0.0012274384498596191,-0.15947702636728978,-0.5045877808749264,32,7,3.632204822311265,0.0003845392488965801,17,1.5,4,2
0.9996548222843558,0.0014015471716257327,0.9997912049293518,1.0022817850112915,0.9912333488464355,0.011048436164855957,0.001402031121525523,9,0.03515625,0.00855785608291626,-3.193709957204589,13.295986803402414,26,9,11.607740439534359,0.0006773644802617092,3,3.6666666666666665,4,0
0.9999048579484224,0.0001461561125236528,0.99989452958107,1.0004011392593384,0.9995033740997314,0.0008977651596069336,0.00014617001943918138,2,0.0078125,0.000391155481338501,0.6192490889413258,0.674315810179789,31,8,3.912649343729329,0.00010957858141730814,8,1.0,1,0
0.9999698956962675,0.001137823981298374,1.00006765127182,1.003355622291565,0.9928065538406372,0.010549068450927734,0.001137858235728307,7,0.02734375,0.007261097431182861,-2.8102973104450926,14.99953952621646,34,7,10.179205900655761,0.0007075779578265022,4,2.25,4,0
1.0011836062185466,0.00046970916108012587,1.0012169480323792,1.0023492574691772,0.9999774694442749,0.0023717880249023438,0.0004691538676449261,10,0.0390625,0.001239478588104248,-0.1747165157374554,-0.14393546854441164,50,7,2.991486818097109,0.0004698463514739392,20,1.3,3,2
1.0000861398875713,0.000498890650657198,1.0000927448272705,1.0025639533996582,0.9983962774276733,0.004167675971984863,0.0004988476799741298,5,0.01953125,0.001696467399597168,0.3960711293738138,1.8819365768240557,42,7,4.031107029538661,0.000447996457417806,13,1.1538461538461537,2,2
1.000153283122927,0.002236444088952959,1.0004844069480896,1.0055568218231201,0.9937778115272522,0.01177901029586792,0.002236101332357554,20,0.078125,0.006706595420837402,-0.7549653404879473,0.19557401472869307,7,163,11.438371691923312,0.0006062692286921482,4,1.3333333333333333,2,1
1.0003278974909335,0.00042461127317816756,1.0003197193145752,1.0023263692855835,0.9989831447601318,0.00334322452545166,0.0004244720898449361,6,0.0234375,0.0013365745544433594,0.3025636921045394,1.4012311586806137,64,6,3.3302866173259558,0.00045697735805137486,15,1.0666666666666667,2,2
1.0008021590765566,0.00589877683056494,0.9989318251609802,1.015696406364441,0.9935460686683655,0.02215033769607544,0.005894048865769596,0,0.0,0.0,1.1628293811087134,0.21483976143606576,0,0,0.0,0.0005532554551666858,0,0.0,0,1
0.9993052261415869,0.0009843753651220376,0.9994379878044128,1.0015043020248413,0.9964805245399475,0.005023777484893799,0.0009850597588914902,7,0.02734375,0.002957463264465332,-0.3585919104175913,-0.5229121912063643,21,11,7.6019048041284485,0.0004231590850680482,12,2.25,8,2
1.0000156909227371,0.000624821792112949,1.0000134110450745,1.0016562938690186,0.9981920719146729,0.003464221954345703,0.0006248119882363164,8,0.03125,0.0018213391304016113,-0.13867014554236887,0.12993499293197486,22,6,4.801226604143672,0.00042876636280733,9,2.0,6,2
1.0000526206567883,0.0001504987554698804,1.0000600218772888,1.000887393951416,0.9996075630187988,0.0012798309326171875,0.00015049083654322085,6,0.0234375,0.00045245885848999023,0.5764368765286608,2.834513240458736,20,6,4.424559829658057,0.00011155862434237612,10,1.3333333333333333,2,0
0.9999798963268919,0.00011374087076707093,1.0000008940537914,1.0004095958435797,0.9994878258363851,0.0009217700071946222,0.00011374315742232604,12,0.046875,0.0005130682174063761,-2.100333952945459,7.277693482387976,27,11,8.727759651265863,6.2346991158382e-05,7,1.6666666666666667,3,2
1.0000109404791147,0.00012421651450002683,1.0000073313713074,1.0003626346588135,0.9996204376220703,0.0007421970367431641,0.00012421515552671206,7,0.02734375,0.00038689374923706055,-0.2908440529867768,0.27825102452331496,61,7,3.527382103929702,0.00012600328408035578,12,1.3333333333333333,3,0
0.999949915567413,0.0015317342221286803,1.000101387500763,1.0059385299682617,0.9921549558639526,0.013783574104309082,0.0015318109420105416,10,0.0390625,0.007946431636810303,-2.5956868393968393,11.46135270619729,20,8,9.288274179943947,0.0007962189468682981,3,4.0,4,0
0.9996738871559501,0.0013070444060442959,0.999833345413208,1.0014328956604004,0.991222083568573,0.010210812091827393,0.0013074707890618291,10,0.0390625,0.00861126184463501,-3.9420899426332854,18.68220535746159,22,53,12.246454125036529,0.0006760615928500306,3,3.3333333333333335,4,0
1.0000003939774158,7.15140807960578e-05,1.0000112957445042,1.000149021542435,0.9997294390675597,0.00041958247487516864,7.151405262113615e-05,17,0.06640625,0.0002818566769444697,-1.0099342376488194,1.428530107810066,38,10,5.201744136694639,5.95112482333697e-05,9,2.7777777777777777,4,2
1.0001730236690491,0.0004703239847968207,1.0001514554023743,1.0019865036010742,0.9991068840026855,0.002879619598388672,0.0004702426216930721,3,0.01171875,0.0010445713996887207,0.6362503535217195,1.4295371231093643,52,9,2.7429471328775303,0.00042108601214838965,14,1.0714285714285714,2,2
0.9985500641632825,0.005031884668380518,0.9968903064727783,1.011242389678955,0.9921793341636658,0.019063055515289307,0.005039191172249232,0,0.0,0.0,0.8235815415404332,-0.3512564606494597,2,225,0.0,0.0005307861402922986,0,0.0,0,1
1.0005489464383572,0.0004742203422265825,1.0005795359611511,1.0038796663284302,0.9992918372154236,0.004587829113006592,0.00047396016348291535,2,0.0078125,0.001287698745727539,1.2799454675730935,8.361002790732087,73,9,2.675202480451126,0.0005103410459032246,17,1.0588235294117647,2,2
0.9999258054886013,0.0015659339524773301,1.000117003917694,1.00429368019104,0.9908379912376404,0.013455688953399658,0.0015660501448026495,11,0.04296875,0.009279012680053711,-3.0059771003209765,13.3748540870316,22,11,11.838580568687698,0.0007432872173832912,3,3.6666666666666665,4,0
1.0005717501044273,0.00515940911597127,1.0023560523986816,1.0065946578979492,0.9901348352432251,0.01645982265472412,0.005156460908908127,30,0.1171875,0.012221217155456543,-0.7761141223583182,-0.9621847825790821,0,0,19.73843892918173,0.0006168075636321423,3,19.333333333333332,56,1
0.9999567274935544,0.0004241841298535841,0.999934732913971,1.0011060237884521,0.9984325766563416,0.0026734471321105957,0.00042420248615840063,4,0.015625,0.0015021562576293945,-0.02067506421113675,0.01770164798782181,44,6,3.6920140132613883,0.0004454355613858092,11,1.0,1,2
1.0004761491436511,0.0007600335075746112,1.0005567073822021,1.0028619766235352,0.9983983039855957,0.004463672637939453,0.0007596717905021076,7,0.02734375,0.0021584033966064453,-0.23158517580004484,-0.3278112621145759,28,7,4.709725977671145,0.0005112175847969803,19,1.3157894736842106,3,2
1.001785449218005,0.002420987557551115,1.001852035522461,1.0063755512237549,0.9884851574897766,0.01789039373397827,0.0024166727111488203,8,0.03125,0.013366878032684326,-0.8334785717030466,2.6958741078027124,13,110,19.416390146932226,0.0006416659729153502,5,3.5,10,1
0.9999758352059871,0.00045319094748563185,0.9999552965164185,1.0013134479522705,0.9988589286804199,0.002454519271850586,0.00045320189901616785,3,0.01171875,0.0010963678359985352,0.14892504258195002,-0.14240998426427476,61,7,2.641302310338616,0.0004689328810747932,14,1.0,1,2
0.9998732022941113,0.0007973819854271151,0.9998864233493805,1.001889705657959,0.9980007410049438,0.0038889646530151367,0.0007974831044552451,3,0.01171875,0.0018856823444366455,0.00039435621829048633,-0.5391681080987922,27,8,4.563856160951798,0.00046009105794570025,16,1.3333333333333333,2,2
1.0027534903492779,0.009436522686111332,1.0025164484977722,1.017900824546814,0.9871631264686584,0.030737698078155518,0.009410610660476897,0,0.0,0.0,-0.11260772987557169,-1.1944873274886374,3,213,0.0,0.0005375906532885981,6,3.8333333333333335,9,1
1.000350713962689,0.0005668787793651879,1.000364065170288,1.002038598060608,0.9990952014923096,0.00294339656829834,0.0005666800367639176,5,0.01953125,0.0012688636779785156,0.1250141610265856,-0.2734236987878278,37,6,3.0480515054310695,0.0004680944424049527,19,1.105263157894737,3,2
0.9973799262661487,0.008276097076318102,0.9956768155097961,1.0120129585266113,0.9854647517204285,0.02654820680618286,0.00829783802377194,0,0.0,0.0,0.41228758072238364,-1.1846652655968997,3,244,0.0,0.0005443860502804027,0,0.0,0,1
1.000084131024778,0.0005204730093729814,1.0000662803649902,1.0022395849227905,0.9987913370132446,0.0034482479095458984,0.0005204292251289469,2,0.0078125,0.0012749433517456055,0.6620944641691471,1.7771342193874737,44,8,2.688839523356775,0.0005218089795580097,10,1.3,3,2
0.9999927228782326,0.0001097878037368553,0.9999937117099762,1.0003609657287598,0.9996779561042786,0.0006830096244812012,0.00010978860268188568,4,0.015625,0.00031575560569763184,0.009522759837031386,0.04587476058526807,43,6,3.387142512188866,0.0001025999293607824,14,1.2142857142857142,3,0
1.0018968146760017,0.00431402394367351,1.001050889492035,1.0117424726486206,0.9938464760780334,0.017895996570587158,0.004305856531811213,0,0.0,0.0,0.7368608688239684,-0.18878419095446564,4,122,0.0,0.0005299142762726428,2,2.0,3,1
1.000262008048594,0.0005323324515481615,1.0002776384353638,1.0044454336166382,0.9987841844558716,0.0056612491607666016,0.0005321930126954298,2,0.0078125,0.0014934539794921875,1.8663291699501958,13.630776063969279,26,7,3.573079067912963,0.00043500311234418083,6,1.5,3,2
1.0009851190261543,0.004368508118662848,1.0014541745185852,1.0086534023284912,0.9933874607086182,0.015265941619873047,0.004364208853487167,0,0.0,0.0,-0.29352035097165063,-1.3046196587460244,6,202,0.0,0.0006084367340686275,7,5.428571428571429,26,1
0.9979440500028431,0.0036403826853571093,0.9977898001670837,1.006866216659546,0.9922431707382202,0.014623045921325684,0.0036478825494743296,0,0.0,0.0,0.29997919144758073,-0.9001125190342054,5,218,0.0,0.000540469207015692,1,1.0,1,1
0.9973713918589056,0.00455584838770017,0.9990141093730927,1.0039108991622925,0.9890421032905579,0.01486879587173462,0.004567855489828075,13,0.05078125,0.00997200608253479,-0.4209577194260776,-1.3373828553364282,3,243,17.830391287104334,0.0005644772567001044,1,55.0,55,1
0.9997843643650413,0.0014093044921870761,0.99997878074646,1.002617359161377,0.990996778011322,0.011620581150054932,0.001409608454001098,9,0.03515625,0.00898200273513794,-3.154352801567012,14.130775349690591,38,8,11.343606179772586,0.0007801350425271427,3,3.0,3,0
0.9999497151002288,0.0013102998343538336,1.0001928806304932,1.00209641456604,0.991510272026062,0.010586142539978027,0.0013103657259630273,10,0.0390625,0.008682608604431152,-3.9397614078359777,18.71234583334221,21,8,12.276692397931317,0.0006569532787098604,3,3.3333333333333335,4,0
0.9998664543963969,0.0014744453104871239,1.0001122951507568,1.0016427040100098,0.990301787853241,0.011340916156768799,0.0014746422424754939,11,0.04296875,0.00981050729751587,-4.043022014137039,19.251700185386312,19,8,12.431616359001948,0.0007431560871647854,3,4.0,4,0
0.9998807474039495,0.0009152920584848273,0.9999267756938934,1.001143455505371,0.9902097582817078,0.01093369722366333,0.0009154012224570331,2,0.0078125,0.009717017412185669,-8.836162327214128,89.7684146450437,49,10,14.322128411762634,0.00044199578902300664,1,2.0,2,1
1.0000064480339868,8.416327047373446e-05,1.000017939764113,1.0002213564249687,0.9997055733065846,0.0005157831183840722,8.416272778960526e-05,15,0.05859375,0.0003123664575283014,-0.895833581216676,1.3600230598970366,33,9,5.4306652671103635,6.540259987161363e-05,8,2.875,7,2
0.9999459262471646,0.0013984783158358805,1.000204086303711,1.001641869544983,0.9913419485092163,0.010299921035766602,0.0013985539408960075,11,0.04296875,0.008862137794494629,-3.7121666983191295,16.289530510369687,13,84,11.952162413645114,0.0007501604510288612,3,4.0,4,0
0.9999994112885556,7.466340216459937e-05,1.000008106040276,1.0002183899605468,0.9997475251658885,0.0004708647946582989,7.466344611982457e-05,15,0.05859375,0.00026058087438740607,-0.5768336120509229,1.3088722415971912,33,7,4.599678362717958,6.159437552432025e-05,12,1.9166666666666667,3,2
0.9999950602386871,7.508769001964099e-05,1.000006080360961,1.0002323196102612,0.9997837569707374,0.00044856263952375297,7.508806093673947e-05,13,0.05078125,0.00022232339022354441,-0.29458880625237477,0.12149236641373751,32,7,4.593485585676116,5.360066303721995e-05,16,1.5,4,2
0.999730963492766,0.0015593654641364453,0.9998952150344849,1.0117213726043701,0.9917056560516357,0.020015716552734375,0.0015597851032726653,9,0.03515625,0.008189558982849121,-0.5739942009862551,21.17100099439848,27,9,8.181640469177271,0.0007660120141272451,3,3.6666666666666665,4,0
1.0005043388810009,0.004268225601460755,1.0010530352592468,1.0068857669830322,0.9923989176750183,0.014486849308013916,0.004266074054445869,1,0.00390625,0.008654117584228516,-0.42707373817060656,-1.1036268701839276,0,0,19.20497689964666,0.0004993305486791274,4,2.0,2,1
1.000001555075869,0.00011799060374901191,1.0000085234642029,1.0005759000778198,0.9995794296264648,0.0009964704513549805,0.00011799042026495658,9,0.03515625,0.0004290938377380371,0.06134223294719648,2.4767733481609326,66,7,3.9419066882370553,0.00011801228803746841,11,1.4545454545454546,6,0
1.000370278954506,0.0006970565560624964,1.0002986788749695,1.0023047924041748,0.9984572529792786,0.0038475394248962402,0.0006967985462252989,1,0.00390625,0.001841425895690918,0.27878340952138375,-0.5291988063780373,27,7,4.528690172374872,0.00044474952361162973,5,1.4,2,2
0.9993596700951457,0.0006771810787169256,0.9993279874324799,1.0011917352676392,0.9976667165756226,0.0035250186920166016,0.0006776149758499394,4,0.015625,0.0016612708568572998,0.2154423868562215,-0.08384342896471741,25,9,4.373480595138991,0.0004085868012671377,9,1.4444444444444444,3,2
1.0005355251487345,0.0006885732953775926,1.000658094882965,1.0020171403884888,0.9987652897834778,0.0032518506050109863,0.0006882047444294722,13,0.05078125,0.0018928050994873047,-0.4139502047272188,-0.5433336961905408,24,8,4.932455041760766,0.0004347710048451143,14,1.9285714285714286,6,2
1.000017085221557,8.057294597117672e-05,1.0000342098173605,1.0001821206399062,0.999702442620881,0.0004796780190251537,8.057156938806252e-05,14,0.0546875,0.00033176719647942665,-1.0457421446941029,1.4043632151743317,26,7,6.210715968467939,6.051435156596846e-05,14,1.6923076923076923,4,2
0.9996242872439325,0.0014942290397901797,0.9999088048934937,1.0014934539794922,0.9914582371711731,0.010035216808319092,0.001494790651705676,12,0.046875,0.008450567722320557,-3.505399918601029,13.370106781798771,18,8,11.218672119113405,0.0006836750928093405,4,3.0,3,0
1.0000012370818887,7.078255491983536e-05,1.000009714946873,1.0001643823402109,0.9997484236520896,0.00041595868812127623,7.078246735612696e-05,11,0.04296875,0.0002612912947833612,-0.8684509415692597,1.5305767212713208,35,14,4.888860043486548,6.074586614177068e-05,9,2.4444444444444446,4,2
0.9996827456634492,0.0013758574464013509,0.9998475015163422,1.001433253288269,0.9911261200904846,0.010307133197784424,0.001376294081667129,9,0.03515625,0.008721381425857544,-3.621955941619658,16.31338294548801,26,8,12.463275465260566,0.0006375724194096584,3,3.6666666666666665,4,0
0.9997216349001974,0.0014013136691217883,0.9998891055583954,1.0022393465042114,0.9916737079620361,0.010565638542175293,0.0014017038545551552,11,0.04296875,0.008215397596359253,-3.0840105967863316,13.026625216718966,32,10,10.790891672995636,0.0007525034979277966,3,4.0,4,0
0.9997519520111382,0.0014797802039222272,0.9999147057533264,1.0032341480255127,0.9912874698638916,0.011946678161621094,0.001480147351495985,11,0.04296875,0.008627235889434814,-3.4132281447335435,15.56154338505614,31,11,10.620072931623897,0.0007805747144362505,3,4.0,4,0
0.9992266185581684,0.0009097180009110907,0.9990981817245483,1.0017656087875366,0.9976431131362915,0.004122495651245117,0.0009104221044709217,0,0.0,0.0,0.6526671897896077,-0.23047950154653574,24,9,0.0,0.0005024830500284831,1,1.0,1,2
0.9999960342269019,7.004448703736313e-05,1.0000070038162656,1.0001583776690468,0.9997458286612834,0.00041254900776344083,7.004476481900711e-05,16,0.0625,0.00026117515498225163,-0.7801051989468407,1.023532055019162,35,11,5.10465043303748,5.763345163358529e-05,13,1.7692307692307692,4,2
0.9997449251823127,0.0004899311191699023,0.9997587502002716,1.0009821653366089,0.99837327003479,0.0026088953018188477,0.0004900561201454049,7,0.02734375,0.0013854801654815674,-0.20274617920615212,-0.37957574570760366,61,7,3.185820459217815,0.0005098476129419663,13,1.3846153846153846,3,2
0.9999744482338428,0.0006588346323235885,0.9999931752681732,1.0017945766448975,0.9984400272369385,0.0033545494079589844,0.0006588514671422093,4,0.015625,0.0015531480312347412,-0.007834112622473107,-0.7177662127025224,35,6,3.927813259185198,0.0004446702844956342,13,1.0,1,2
0.9994648690335453,0.0005984884123641156,0.999437540769577,1.001084804534912,0.9979909062385559,0.003093898296356201,0.0005988088535246239,5,0.01953125,0.0014466345310211182,0.19504888800406553,-0.040993399701932276,35,9,3.167989356954004,0.0005127710454604204,12,1.3333333333333333,3,2
0.9995769357774407,0.0006728421284769331,0.9995853304862976,1.0017366409301758,0.9976103901863098,0.004126250743865967,0.0006731269043874215,3,0.01171875,0.001974940299987793,-0.07842158828378927,-0.48012692848081295,24,10,5.224538581917129,0.00041257423513075885,14,1.3571428571428572,4,2
0.9998841376509517,0.0013799292899807762,1.0001328587532043,1.0031107664108276,0.9920602440834045,0.011050522327423096,0.001380089190356267,11,0.04296875,0.008072614669799805,-3.0560205838678685,13.62704726706615,32,6,9.898026438534668,0.0007972263822368547,3,4.0,4,0
0.9999320155475289,0.001381176112313139,1.0000900626182556,1.002110242843628,0.9916643500328064,0.010445892810821533,0.0013812700171989731,8,0.03125,0.008425712585449219,-3.4671530173254808,15.408372194579986,16,9,11.507952080635702,0.0006772796312967936,3,3.3333333333333335,4,0
1.0000092498090882,7.201308975785687e-05,1.0000158859188528,1.0002113572641096,0.999764624211345,0.00044673305276454744,7.201242365668607e-05,8,0.03125,0.0002512617075077772,-0.4729647144659353,0.3065599813478266,42,7,4.955244304129008,5.6329691291202554e-05,12,1.75,4,2
1.0001444469671696,0.001161566123679824,1.0003089904785156,1.0020930767059326,0.9920274615287781,0.010065615177154541,0.0011613983632085827,7,0.02734375,0.008281528949737549,-4.430990323346469,24.24290845539682,33,14,12.360310224594869,0.0006101161825890635,3,2.6666666666666665,4,0
0.9988870141096413,0.00494903353395144,1.0006603598594666,1.0069851875305176,0.989795982837677,0.017189204692840576,0.004954547875830346,16,0.0625,0.01086437702178955,-0.4481139085484145,-1.188525465194579,0,0,16.4396133354439,0.0006000626320932426,5,10.8,50,1
0.9996191868558526,0.0014773023318805562,0.9998122155666351,1.002634882926941,0.9914208650588989,0.011214017868041992,0.001477865122344422,9,0.03515625,0.008391350507736206,-2.9649834929332988,12.211713202036403,16,10,11.66931637368444,0.0006649435735216327,3,3.3333333333333335,4,0
1.0006990854162723,0.0003955820958269723,1.0006799101829529,1.0018943548202515,0.999809205532074,0.0020851492881774902,0.0003953057433468298,2,0.0078125,0.0008707046508789062,0.21840844203819787,0.017080775059054254,77,6,2.1569149535463374,0.0004490244622324027,15,1.0714285714285714,2,2
0.9997558812610805,0.0014076089869795594,0.9999963641166687,1.0017629861831665,0.9920715093612671,0.009691476821899414,0.0014079526946158274,12,0.046875,0.007924854755401611,-3.5127424757639827,14.960282727679612,23,7,10.510228004112852,0.0007256802390603458,3,4.0,4,0
0.9999949179720948,7.065662916415103e-05,1.0000002682453855,1.000182382016418,0.9997417906874444,0.0004405913289735608,7.065698824493698e-05,11,0.04296875,0.0002584775579410614,-0.621344042062858,0.9640940471139223,40,7,4.738340878791683,6.110070321453148e-05,13,1.6153846153846154,4,2
1.0000296717043966,0.00012155572270436778,1.0000380277633667,1.000372290611267,0.999748706817627,0.0006235837936401367,0.00012155211604591168,5,0.01953125,0.0002893209457397461,0.06562907898862985,-0.42417730001133913,28,7,2.764252682378901,0.0001157685822131587,17,1.0588235294117647,2,0
0.9993292517028749,0.004219363913708171,1.0010470747947693,1.0050641298294067,0.9910231232643127,0.014041006565093994,0.004222195944448038,26,0.1015625,0.010023951530456543,-0.6705595157746974,-1.084411806085544,0,0,19.401440011507482,0.0005771220899095722,4,20.0,55,1
0.9997526782099158,0.0005964067486983484,0.9997030198574066,1.0013744831085205,0.9981487393379211,0.0032257437705993652,0.0005965542895731281,7,0.02734375,0.0015542805194854736,-0.020407641809428664,-0.09370305731450124,19,7,4.01211595528791,0.00043484346539366477,8,1.625,5,2
1.0002957365941256,0.0030918303148347887,0.9998176991939545,1.0070010423660278,0.9955687522888184,0.011432290077209473,0.003090916217799809,0,0.0,0.0,0.7170224380237074,-0.5203086473128042,8,72,0.0,0.0005589531917198032,0,0.0,0,1
0.999949486926198,0.00036473833975831277,0.999940812587738,1.0007015466690063,0.9992795586585999,0.0014219880104064941,0.00036475676474369,0,0.0,0.0,0.0452052594701667,-1.4196665700714897,7,6,0.0,0.00011697633593690161,5,1.2,2,0
1.0049710809253156,0.005028164191651831,1.005843460559845,1.0130738019943237,0.9938720464706421,0.01920175552368164,0.005003292420138305,9,0.03515625,0.01197141408920288,-0.34285954214006253,-0.8916350632009236,2,127,15.929102303802297,0.0005820924160527248,5,4.25,12,1
0.9998319626320153,0.000384831304674341,0.9998122453689575,1.001261591911316,0.9989597797393799,0.002301812171936035,0.0003848959815820339,3,0.01171875,0.0008524656295776367,0.5050243520351101,0.572318702008126,38,9,2.4810495600584703,0.0003930837500329111,12,1.0,1,2
1.0000218411441892,0.0014465601844355022,1.0002772808074951,1.002252221107483,0.9917294979095459,0.010522723197937012,0.001446528590595981,11,0.04296875,0.008547782897949219,-3.7688437793357683,16.465532882680154,33,14,10.527116519508636,0.0007524567491867963,3,4.0,4,0
0.9999193800613284,0.0007210584056839956,0.9998832046985626,1.0039961338043213,0.9981099963188171,0.00588613748550415,0.0007211165420553912,2,0.0078125,0.0017732083797454834,0.819792355579604,3.15759462692796,59,8,3.382209020062388,0.0004918942264482087,8,1.0,1,2
0.9999222622718662,0.001375813746257445,1.0002117156982422,1.001837968826294,0.9911853075027466,0.010652661323547363,0.0013759207072073156,11,0.04296875,0.009026408195495605,-3.6028395687594044,15.381303515243875,21,10,12.158263016068581,0.0007234552327324362,4,3.25,4,0
0.9999768723578821,0.000148556997853456,0.9999818149871098,1.0003322789404494,0.9995692268963543,0.0007630520440951027,0.00014856043370599964,8,0.03125,0.00041258809075550573,-0.13832088791486638,0.06884483546103315,20,18,6.651813656067547,6.638220058391976e-05,7,3.5714285714285716,11,2
0.9987721981015056,0.009758792569519623,0.9976551830768585,1.014771580696106,0.9849306344985962,0.029840946197509766,0.009770789163003748,0,0.0,0.0,0.14153572459234537,-1.4300204635863722,1,235,0.0,0.0006523543713139552,0,0.0,0,1
0.9999724348046837,0.00012101614371190016,0.9999986889087269,1.000159001612901,0.9994980830902527,0.0006609185226482683,0.00012101947963749345,15,0.05859375,0.0005006058184742201,-2.0098504194344913,4.5967835360582265,19,17,8.93453089498636,6.017436916958769e-05,5,4.2,13,2
0.9999630197416991,0.00022638587422989608,1.0000070333480835,1.0005050897598267,0.9992725253105164,0.0012325644493103027,0.00022639424634760384,9,0.03515625,0.0007345080375671387,-0.4033650233389748,-0.49446941519311016,22,7,6.108504401934618,0.0001317288361343683,22,1.4545454545454546,3,0
1.0008235869463533,0.004447869812191981,1.0009063482284546,1.0086534023284912,0.9906719923019409,0.017981410026550293,0.004444209619162781,1,0.00390625,0.010234355926513672,-0.033283689784261446,-1.3859962150515697,3,209,17.012210563214143,0.0006385901395012351,5,2.25,5,1
0.9995280329603702,0.0007769267573721021,0.9994931519031525,1.001604676246643,0.9975170493125916,0.004087626934051514,0.0007772936143381845,2,0.0078125,0.001976102590560913,0.19942562204373362,-0.5201724533290939,24,7,4.539183551466314,0.0004939736104479023,8,1.25,2,2
0.9993110045325011,0.001028852400529143,0.9993914067745209,1.0014325380325317,0.9971153736114502,0.004317164421081543,0.0010295617639179927,2,0.0078125,0.0022760331630706787,-0.11374882396265032,-1.1206478248082306,16,9,5.72922232362813,0.00045699629129147996,16,1.25,3,2
0.9999669215176255,0.0013487919684240439,1.0001966953277588,1.001641869544983,0.9918515682220459,0.009790301322937012,0.0013488365858912764,11,0.04296875,0.00834512710571289,-3.6195729679562967,15.727814107372286,23,9,11.255647907830904,0.0007391041400385838,4,3.0,4,0
0.9999954025673051,7.581636215077109e-05,1.000005930943268,1.000289769975231,0.9997366135374876,0.0005531564377433407,7.581671071299575e-05,14,0.0546875,0.00026931740578051144,-0.8035264423297027,2.000101919787114,27,10,5.186424097202507,5.486049918018905e-05,9,2.5555555555555554,6,2
0.9996692999266088,0.00047599539803512076,0.999657154083252,1.0012034177780151,0.9983426332473755,0.0028607845306396484,0.00047615286182147056,5,0.01953125,0.0013145208358764648,0.07257485491895556,-0.18407551619429885,50,8,3.1450629909174865,0.0004627837854273179,14,1.2857142857142858,4,2
0.9998485466931015,0.0015077990956187616,1.0000122785568237,1.0019645690917969,0.9917519092559814,0.01021265983581543,0.0015080274913692232,9,0.03515625,0.008260369300842285,-2.8875115509233322,11.634237447645573,25,7,10.700220521329246,0.000762173708747415,3,3.6666666666666665,4,0
1.0011525242589414,0.002900482645465286,1.0011638402938843,1.0061203241348267,0.9939023852348328,0.012217938899993896,0.002897143617164866,7,0.02734375,0.007261455059051514,-0.27618048529841893,-0.6855662358084609,5,213,11.056769059700393,0.0005926992378982843,4,1.3333333333333333,2,1
1.004221972078085,0.006685244081374095,1.003753423690796,1.0151015520095825,0.9927085041999817,0.02239304780960083,0.006657137831330256,0,0.0,0.0,-0.028138088211724865,-1.2372193534502594,1,243,0.0,0.0004933936923157935,3,3.5,4,1
0.9971639979630709,0.0008488563786700103,0.997015655040741,0.9997751116752625,0.9955575466156006,0.004217565059661865,0.0008512705837795871,0,0.0,0.0,0.6456607413775842,-0.09986785120481168,21,6,0.0,0.0004679434439715217,4,1.0,1,2
0.9999545912723988,0.00015219051270922788,0.9999623894691467,1.0006122589111328,0.999539315700531,0.0010729432106018066,0.00015219742380058685,6,0.0234375,0.00042307376861572266,0.427396764161003,1.6767096988427728,50,8,3.6014451226937503,0.000119629093244964,13,1.3846153846153846,3,0
1.0000051627873079,6.531927798217398e-05,1.0000133504770603,1.000161491798064,0.999795484424816,0.0003660073732478786,6.53189407543757e-05,13,0.05078125,0.00021786605224427547,-0.6512438432262577,0.5810951542317042,32,12,4.484922402592456,5.373576865256237e-05,13,1.9166666666666667,4,2
1.0001700047869235,0.0017808453440562489,1.0005401968955994,1.003134846687317,0.9957317113876343,0.007403135299682617,0.0017805426432835692,19,0.07421875,0.004808485507965088,-0.58878422304608,-0.6443246514447969,31,149,10.153864909287897,0.0005399159356659534,10,3.6,21,1
0.9998683417215943,0.0015972908275425123,1.0001110434532166,1.0019299983978271,0.9912495017051697,0.01068049669265747,0.0015975011517939085,11,0.04296875,0.008861541748046875,-3.3633265999262374,13.195471523185255,18,9,10.626846608163211,0.000748898936252968,4,3.0,4,0
1.0007331217639148,0.009808468583530443,0.9996599853038788,1.0145293474197388,0.9866708517074585,0.027858495712280273,0.009801283049612483,0,0.0,0.0,0.0849432241065934,-1.7002067726699812,0,0,0.0,0.0006969634224386777,0,0.0,0,1
0.9996155502740294,0.0015663244334432017,0.9997676908969879,1.00270676612854,0.9904969334602356,0.012209832668304443,0.001566926838036701,11,0.04296875,0.00927075743675232,-3.274052106900375,14.338156058622054,25,9,10.988691492198951,0.0008133292198181152,4,3.6666666666666665,4,0
0.9996715772431344,0.0016132887328698226,0.9998651146888733,1.003724217414856,0.9911381602287292,0.012586057186126709,0.0016138187476720145,13,0.05078125,0.008726954460144043,-2.708080027343629,9.931707367590235,22,11,10.632434556340664,0.000816953182220459,4,3.5,4,0
1.0000030473905668,7.444382597367209e-05,1.0000146033921986,1.000162078119269,0.9997149755663944,0.000447102552874612,7.444359911495039e-05,18,0.0703125,0.0002996278258041718,-1.0728888185027663,1.6068986666178136,44,6,5.241203662537946,6.029664535824483e-05,13,1.9230769230769231,4,2
1.0001484903041273,0.0006005632580729895,1.0001659393310547,1.0014169216156006,0.9987248778343201,0.0026920437812805176,0.0006004740934922263,5,0.01953125,0.0014410614967346191,-0.16002665605821773,-0.7045932691035635,20,6,3.841442320742965,0.0004219132311203901,15,1.4666666666666666,3,2
0.9998651249334216,0.0013853380269368326,1.0001020431518555,1.0014216899871826,0.9914519190788269,0.009969770908355713,0.0013855248996999256,10,0.0390625,0.008650124073028564,-3.8076860611433307,17.53211314831708,23,7,11.390327337891675,0.0007063987208347695,3,3.6666666666666665,4,0
0.9996879929676652,0.0015121906309202074,0.9998749494552612,1.0032213926315308,0.9901532530784607,0.013068139553070068,0.0015126625922865507,10,0.0390625,0.009721696376800537,-3.5713884201959614,16.725738981188826,17,6,12.25725403018156,0.0007347361714232202,3,4.0,4,0
0.9996684822253883,0.0016214457947548713,0.9999948740005493,1.0023682117462158,0.9914442300796509,0.010923981666564941,0.0016219835111189343,14,0.0546875,0.008550643920898438,-3.0343827238010865,11.173031402942497,22,12,9.667469497279221,0.0008060413248398725,4,3.75,4,0
0.9998561018146574,0.0014224704238726066,1.000035583972931,1.0033591985702515,0.9922147989273071,0.011144399642944336,0.0014226751442441953,11,0.04296875,0.00782078504562378,-3.3257478894722547,14.101016859989311,20,7,10.528436268508694,0.0006880610596899893,3,4.0,4,0
1.0002645002678037,0.0004891178645267428,1.000231385231018,1.0020276308059692,0.9987814426422119,0.0032461881637573242,0.0004889885269304168,5,0.01953125,0.0014499425888061523,0.005795937575325708,0.36529738626192776,52,6,3.5942824877719866,0.00045297356212840363,13,1.1538461538461537,2,2
1.000222007976845,0.00044447988580167285,1.0002283453941345,1.0015536546707153,0.9989704489707947,0.0025832056999206543,0.00044438122962393617,5,0.01953125,0.0012578964233398438,-0.04805819518463056,-0.0055866235549792975,56,6,3.1225252837777693,0.00045205354690551757,15,1.2,3,2
1.0000277222134173,0.0013593320568097038,1.0002975463867188,1.0016820430755615,0.9911853075027466,0.010496735572814941,0.0013592943741609664,10,0.0390625,0.009112238883972168,-3.859830606792875,17.695771010481288,24,10,12.762013059685291,0.0006929967917648016,3,3.6666666666666665,4,0
0.9959492690395564,0.008274028568490013,0.994074285030365,1.013168215751648,0.9850990176200867,0.02806919813156128,0.008307680748105846,0,0.0,0.0,0.5948320369903998,-0.8130395551978196,2,222,0.0,0.0005842732448203891,0,0.0,0,1
0.9987176298163831,0.001132070465663549,0.9987140595912933,1.0010806322097778,0.9961920380592346,0.004888594150543213,0.001133524063124512,1,0.00390625,0.002522021532058716,0.06905688488436375,-1.0475272450064577,20,8,5.353384620887947,0.0005450582971759871,9,1.4444444444444444,5,2
0.9995742319151759,0.0015272357117332414,0.9997266530990601,1.002273678779602,0.9905873537063599,0.011686325073242188,0.0015278862369301682,9,0.03515625,0.009139299392700195,-3.1418785469039423,13.374080329484034,27,7,11.704972959765055,0.0007264515932868509,3,3.6666666666666665,4,0
1.0000198658090085,0.00015423408990320844,1.0000143647193909,1.0008858442306519,0.9996886849403381,0.0011971592903137207,0.00015423102597910315,2,0.0078125,0.0003256797790527344,1.0052918497891112,4.218144452881413,44,6,2.506106330363186,0.00013024222617055855,12,1.0833333333333333,2,0
0.9999399150256068,0.0013586119324077764,1.000159204006195,1.0020651817321777,0.9916181564331055,0.010447025299072266,0.0013586935694761067,10,0.0390625,0.0085410475730896,-3.216286217586025,13.777750988320175,26,11,12.526053368939085,0.0006420733881931679,3,3.6666666666666665,4,0
1.0000386566389352,0.0013749842273514396,1.0002480745315552,1.0029107332229614,0.9917691946029663,0.011141538619995117,0.00137493107713723,9,0.03515625,0.008478879928588867,-3.048386599272467,12.955896378080448,21,17,11.612477153772003,0.0007336719363343481,3,3.6666666666666665,4,0
0.9997925178613514,0.00133817508107758,0.9999424815177917,1.0029850006103516,0.992035984992981,0.010949015617370605,0.0013384527861241252,9,0.03515625,0.007906496524810791,-2.953569422215888,13.61680228378139,36,6,10.031472482603215,0.0007136653451358571,3,3.6666666666666665,4,0
1.0000117574818432,0.002117511048085459,0.99990314245224,1.0320324897766113,0.9974806308746338,0.03455185890197754,0.0021174861517804762,0,0.0,0.0,13.476167022536517,201.30017192578217,37,7,0.0,0.000664221305473178,0,0.0,0,2
0.9999227933585644,0.0010730352148125113,1.0000409483909607,1.0012576580047607,0.9898068904876709,0.011450767517089844,0.0010731180666543015,4,0.015625,0.010234057903289795,-7.195972292052965,59.32250292813644,41,8,18.238771168843815,0.0004475123742047478,1,4.0,4,1
0.9996653019916266,0.0013658540015742376,0.9999215602874756,1.0014630556106567,0.9908009767532349,0.010662078857421875,0.0013663113032462522,9,0.03515625,0.009120583534240723,-4.061115463608819,19.004702736609087,21,6,12.955440483939766,0.0006914442660761814,3,3.3333333333333335,4,0
0.9987187818624079,0.004473157800133102,0.998770147562027,1.0061203241348267,0.9910795092582703,0.015040814876556396,0.00447889624323633,0,0.0,0.0,0.030102911651065906,-1.2166040316768518,7,16,0.0,0.0005657280192655676,5,3.2,9,1
1.0003433956298977,0.0006057563190008176,1.0004290342330933,1.0020620822906494,0.9984868764877319,0.0035752058029174805,0.0006055483763346926,18,0.0703125,0.0019421577453613281,-0.732534272466193,0.5113513955392435,31,8,4.933769915831074,0.00043845667558557847,11,2.5454545454545454,10,2
0.9998637102544308,0.001440157991084094,1.0000736117362976,1.0037816762924194,0.9922091364860535,0.011572539806365967,0.0014403542966047078,12,0.046875,0.00786447525024414,-2.9272276002338944,12.59746237771434,25,7,9.83163509490527,0.0007474392068152334,3,4.0,4,0
0.99968928610906,0.00043938227497366996,0.9996450841426849,1.0011168718338013,0.9985733032226562,0.0025435686111450195,0.00043951883958245804,2,0.0078125,0.0010717809200286865,0.3248013049095493,0.052748041773420073,45,6,2.903912669728509,0.0004084360365774117,11,1.0909090909090908,2,2
1.0037599427159876,0.007248568890837707,1.0026618242263794,1.0161514282226562,0.9918996095657349,0.024251818656921387,0.007221416777426312,0,0.0,0.0,0.23395236661233665,-1.4030994337595277,2,249,0.0,0.0005730661691403856,0,0.0,0,1
1.000371137401089,0.0005268489933466993,1.0003870725631714,1.0020068883895874,0.9991313815116882,0.00287550687789917,0.0005266535325233641,7,0.02734375,0.0012556910514831543,0.10809853253720343,0.12753666856842916,36,6,2.8642232583108447,0.00048587789722517427,17,1.2352941176470589,3,2
0.9999836247880012,0.001382709556138902,1.0001360774040222,1.0034539699554443,0.9924660325050354,0.010987937450408936,0.0013827321986717928,11,0.04296875,0.007670044898986816,-3.0663089061070115,13.223412613313762,30,12,10.001694644525182,0.0007427608265596278,3,4.0,4,0
1.0000037839993112,7.00493319255116e-05,1.0000146044021794,1.0002007562215056,0.9997691374640659,0.000431618757439689,7.004906685989085e-05,14,0.0546875,0.0002454669381134478,-0.7936498066292506,0.9685384695605852,33,8,4.69910727197893,5.9442788080116164e-05,12,2.1666666666666665,4,2
0.9999981154787871,7.245450355194128e-05,1.0000056034490439,1.000158333246894,0.9997666298718771,0.0003917033750168164,7.245464009424751e-05,13,0.05078125,0.0002389735771667345,-0.6442060782227257,0.6166952539499162,40,11,4.507840451213696,5.956114372609804e-05,10,2.2,3,2
1.0007364561315626,0.0007388579748350618,1.0007390975952148,1.0025057792663574,0.9991318583488464,0.0033739209175109863,0.0007383142387868873,1,0.00390625,0.0016072392463684082,0.08861181660762472,-0.9658671528105369,23,8,4.400586872100672,0.0004084470225315468,11,1.1818181818181819,3,2
1.000601212726906,0.0006637380663622297,1.0006213188171387,1.0024197101593018,0.9986233711242676,0.0037963390350341797,0.0006633392583578487,7,0.02734375,0.0019979476928710938,-0.11174596121592473,0.006958250635179741,31,10,4.845843222172795,0.0004709012368146111,13,1.6153846153846154,6,2
1.0006249446887523,0.010372375102629523,1.0011576414108276,1.0161514282226562,0.9869190454483032,0.029232382774353027,0.010365896990361242,0,0.0,0.0,0.02843176838880755,-1.622410152988503,0,0,0.0,0.0005875033490798053,0,0.0,0,1
1.0006994334980845,0.0025147723555027416,1.0013976097106934,1.005792498588562,0.995244026184082,0.01054847240447998,0.0025130146688621614,12,0.046875,0.006153583526611328,-0.40318820432971714,-1.0883523699161939,3,213,11.661695312890068,0.0005751102578406241,6,7.5,20,1
0.9997648429125547,0.0014210947047523213,0.999952495098114,1.0024646520614624,0.991359293460846,0.011105358600616455,0.00142142896384747,10,0.0390625,0.008593201637268066,-3.041873755177771,12.888701676870866,32,9,10.500676445360236,0.0007553628846710803,3,3.6666666666666665,4,0
0.9993508832994848,0.002980249528671161,0.9999225437641144,1.0039108991622925,0.987084686756134,0.016826212406158447,0.0029821853149631346,26,0.1015625,0.012837857007980347,-1.3505082501142076,1.514229976515292,10,56,20.3910823692158,0.0005944004245832854,3,2.5,4,1
0.9998243015725166,0.0014107019886075102,1.0000685453414917,1.0018861293792725,0.9914519190788269,0.010434210300445557,0.0014109498902844912,9,0.03515625,0.008616626262664795,-3.8547093699471264,17.491303636213,25,6,11.2218206491144,0.0007245825786216586,3,4.0,4,0
0.9998234850354493,0.0007148416921424242,0.9998251497745514,1.002060055732727,0.997546911239624,0.004513144493103027,0.0007149678946750077,7,0.02734375,0.002278238534927368,-0.03859012594447185,0.1731173025232038,43,6,4.974442019289183,0.0004953772413964366,11,1.4545454545454546,3,2
1.0006912271492183,0.008080807044316478,1.00132155418396,1.0118582248687744,0.9878380298614502,0.02402019500732422,0.008075225229401862,0,0.0,0.0,-0.1433062104129382,-1.556009477497855,0,0,0.0,0.0005704010234159582,8,1.875,6,1
0.9992332132533193,0.003030488526311233,1.000192940235138,1.0036976337432861,0.9929375648498535,0.010760068893432617,0.0030328140479283314,11,0.04296875,0.007255375385284424,-0.4209046996564448,-1.2482173302406285,4,193,13.805262811024518,0.0005709479836856617,4,13.25,49,1
0.9976926718372852,0.004483441695581728,0.9983356297016144,1.0059396028518677,0.9906843900680542,0.015255212783813477,0.004493810390854447,0,0.0,0.0,-0.03616955878105255,-1.3611938660033487,2,227,0.0,0.0005021165398990407,10,2.6,5,1
0.9999932157766616,8.704926905420952e-05,0.9999965131262023,1.000166297058044,0.9997106788818114,0.00045561817623263057,8.704985961989877e-05,10,0.0390625,0.00028583424439088123,-0.4737283850483295,0.13284702934226322,39,7,5.031390441700336,6.302295028192237e-05,10,2.1,4,2
1.0000789093319327,0.0005162709497552023,1.0000974535942078,1.0015132427215576,0.9986447691917419,0.002868473529815674,0.0005162302143738626,9,0.03515625,0.0014526844024658203,-0.23312347921443807,0.17082513340485628,28,8,3.5152307164751746,0.00044969928030874217,15,1.4,4,2
0.9999790925066918,0.0005427133157858713,1.0000808835029602,1.0012240409851074,0.9982503056526184,0.0029737353324890137,0.000542724662798127,13,0.05078125,0.0018305778503417969,-0.43777507180012476,-0.1118018486394301,33,7,5.237967141865718,0.00039445933173684513,15,2.142857142857143,14,2
0.9999629799656903,0.00011921380138883569,0.9999909096430657,1.0001487741333281,0.9994615509406456,0.0006872231926825512,0.00011921821485123982,16,0.0625,0.0005293587024201019,-2.1978317841148574,5.535008819276008,34,12,9.821269736039962,5.82625427985266e-05,7,3.142857142857143,13,2
1.0001017125323415,0.001103444091132171,1.0001842975616455,1.0036253929138184,0.9900875091552734,0.013537883758544922,0.0011033318684538175,4,0.015625,0.01009678840637207,-6.181995047739234,50.18468223206056,52,10,15.687896619609377,0.0005628723724215638,1,4.0,4,1
1.0004551620222628,0.0026853387750775453,0.9993966519832611,1.0063115358352661,0.9964902400970459,0.009821295738220215,0.0026841170669253734,0,0.0,0.0,0.4743224547743894,-1.2470156196288715,1,6,0.0,0.0006128902528800217,0,0.0,0,1
0.9996931662317365,0.0013617419627209113,0.9998900294303894,1.0013625621795654,0.99198979139328,0.0093727707862854,0.0013621599193819527,12,0.046875,0.007900238037109375,-3.6438785296288096,15.836815878484888,16,10,11.291074304336592,0.0006885935278499827,3,4.0,4,0
1.0000018123430547,6.892335664559286e-05,1.0000110567601785,1.0001574765603114,0.9997484651158539,0.0004090114444574855,6.892323173305252e-05,17,0.06640625,0.0002625916443246279,-1.0207764847419571,1.6114701037180401,37,7,4.909060524459748,5.8276743607967386e-05,11,2.090909090909091,3,2
0.9999963206361374,7.86060145383371e-05,1.0000050964060037,1.000296219619866,0.9997097772575483,0.0005864423623176407,7.860630375953052e-05,10,0.0390625,0.0002953191484553752,-0.61522928116342,1.8340438050559191,31,8,5.29487764138884,6.023355128296455e-05,12,1.8333333333333333,4,2
1.000635163858533,0.006503348557078434,0.9979383647441864,1.01358962059021,0.9924660921096802,0.021123528480529785,0.006499220487116381,0,0.0,0.0,0.6532989201448625,-1.0972261249130086,0,0,0.0,0.0004992786575766171,0,0.0,0,1
0.9969723939429969,0.006617525561503843,0.9954915642738342,1.0092947483062744,0.9880384802818298,0.02125626802444458,0.006637621665061077,0,0.0,0.0,0.48774225715895064,-1.1263791902115985,2,245,0.0,0.0005745287035025802,0,0.0,0,1
1.0008440387900919,0.0008343662701370556,1.0007250308990479,1.0029405355453491,0.9992740154266357,0.003666520118713379,0.000833662626542404,0,0.0,0.0,0.27132910392128995,-0.8232745367403056,21,6,0.0,0.0004588919527390424,4,1.0,1,2
1.0004183703567833,0.004560625073889642,1.0004169344902039,1.0077005624771118,0.9926081299781799,0.015092432498931885,0.004558717841479828,0,0.0,0.0,-0.13014013296841684,-1.4722900533285725,3,236,0.0,0.000551452356226304,7,1.7142857142857142,6,1
0.9978844111319631,0.007982764958795591,0.997446596622467,1.0135900974273682,0.9867048859596252,0.02688521146774292,0.007999689011816748,0,0.0,0.0,0.20232253773416198,-1.2858139941146722,1,226,0.0,0.0006156304303337546,0,0.0,0,1
1.0004940256476402,0.008528012519234589,1.0015116930007935,1.012297511100769,0.986025869846344,0.02627164125442505,0.008523801542657122,0,0.0,0.0,-0.24213846568059239,-1.3665341112025093,2,226,0.0,0.0005964447470272288,5,7.6,17,1
0.998876059660688,0.0026454351939400106,0.9991565346717834,1.0045735836029053,0.9873231053352356,0.017250478267669678,0.0026484118508542974,2,0.0078125,0.011833429336547852,-0.5906478378047181,1.0344649214051511,1,251,15.521147375936618,0.0006786451620214125,8,3.5,14,1
1.0002697156742215,0.0006275611466678908,1.0002917051315308,1.0021793842315674,0.998729944229126,0.0034494400024414062,0.0006273919292306972,7,0.02734375,0.0015617609024047852,-0.022557138966903624,-0.36430292453562574,25,8,3.3608392487991807,0.0005098158237980861,15,1.2666666666666666,3,2
0.999816962517798,0.0014361770356981728,1.0000462532043457,1.0021694898605347,0.9911452531814575,0.011024236679077148,0.0014364399580514288,9,0.03515625,0.008901000022888184,-3.557145021227411,15.911184587600122,27,7,11.409456454151227,0.0007335564669440775,3,3.3333333333333335,4,0
1.0000011183871256,7.015221077199407e-05,1.0000120096368248,1.000183097632879,0.9997503684017112,0.0004327292311677722,7.015213231475246e-05,13,0.05078125,0.0002616412351136299,-0.7443226758409146,0.9638367069011089,37,9,4.925367936133794,5.934910134002748e-05,14,2.0,4,2
0.999801357043907,0.001393745370709046,1.0000006556510925,1.0020993947982788,0.9914153218269348,0.010684072971343994,0.0013940222834162833,10,0.0390625,0.008585333824157715,-3.4937951403105205,15.581725574272049,19,9,11.540785986097951,0.0007266007217706418,3,4.0,4,0
0.9997290100436658,0.0014516480406771785,0.9999394714832306,1.0016101598739624,0.9912874698638916,0.0103226900100708,0.001452041529347812,11,0.04296875,0.00865200161933899,-3.765728945812416,17.290861873478853,19,11,11.46177237550445,0.000675350310755711,3,4.0,4,0
1.000206938944757,0.000539176096034169,1.0001705884933472,1.0015933513641357,0.998622477054596,0.002970874309539795,0.0005390645425865703,7,0.02734375,0.0015481114387512207,-0.12702840481891212,0.04580899188911891,38,6,3.0526975949964457,0.0005817464753693225,14,1.0714285714285714,2,2
0.9994129023980349,0.0007549405564730697,0.9993315041065216,1.0018757581710815,0.9980307221412659,0.003845036029815674,0.0007553840406318874,0,0.0,0.0,0.39908404826123317,-0.560714945329968,20,8,0.0,0.0004206678446601419,4,1.25,2,2
1.0043962693307549,0.007162427767461212,1.0028831958770752,1.0169074535369873,0.9943225383758545,0.022584915161132812,0.007131077629583043,0,0.0,0.0,0.34665726342361775,-1.3828547649253469,3,226,0.0,0.0005937064395231359,0,0.0,0,1
0.9981514487881213,0.008389328310754863,0.9957090616226196,1.0139495134353638,0.9869725108146667,0.02697700262069702,0.008404865134384706,0,0.0,0.0,0.5227555148260635,-1.1140077103480013,2,251,0.0,0.0006234940360574161,0,0.0,0,1
0.9997900412417948,0.00012070997846970969,0.9997821152210236,1.000123143196106,0.9994255304336548,0.0006976127624511719,0.000120735327909229,5,0.01953125,0.0003565847873687744,-0.005874624821452388,-0.1432430416000008,44,7,3.5634787500069147,0.00011314714656156652,11,1.1818181818181819,2,0
1.0000142680946738,0.0001213545180402259,1.000012457370758,1.0003622770309448,0.9996779561042786,0.0006843209266662598,0.00012135278656717824,8,0.03125,0.0003345012664794922,0.022093049865616908,0.0859304828652312,47,9,3.360025806887916,0.00011226943894928577,14,1.2142857142857142,3,0
0.9978537545539439,0.006267255925657086,0.9966504275798798,1.009861707687378,0.9828589558601379,0.02700275182723999,0.006280735926537297,1,0.00390625,0.013791471719741821,0.41221636342843504,-1.0270245334423558,2,218,19.771641615760362,0.0006511057124418371,1,1.0,1,1
0.9996340116485953,0.0014656366667324843,0.9998217821121216,1.0019333362579346,0.991530179977417,0.010403156280517578,0.0014661732690701048,11,0.04296875,0.00829160213470459,-3.3668545349909977,14.199441193657865,21,8,10.892513773340017,0.0007171927713880352,4,3.5,4,0
1.00031299283728,0.005312343311840521,0.9994072914123535,1.0095818042755127,0.9921739101409912,0.017407894134521484,0.005310681106693048,0,0.0,0.0,0.2217944589229253,-1.3275590642348698,2,216,0.0,0.0005188567965638403,0,0.0,0,1
1.0008710452821106,0.0006448141566464526,1.0009514093399048,1.0027152299880981,0.998967170715332,0.0037480592727661133,0.0006442529831250159,11,0.04296875,0.001984238624572754,-0.37762463618076075,0.13796275372120448,22,7,5.08292488991497,0.00043441361072016696,13,1.9230769230769231,5,2
1.000002682456631,7.643969942343958e-05,1.0000101317848866,1.000296219619866,0.9997276976692291,0.0005685219506368355,7.643949437781102e-05,13,0.05078125,0.0002824341156575372,-0.6549633572404753,1.9500555780274267,36,10,4.9561863730954245,6.172592640013814e-05,10,2.2,3,2
0.999984229601769,9.89335733356013e-05,0.99999439579071,1.0002344688523566,0.999612344903283,0.0006221239490735719,9.893513358205692e-05,6,0.0234375,0.0003820508874270434,-0.35466036101784865,0.04101205587010659,40,7,7.010637124870341,5.3984779712447063e-05,14,1.8571428571428572,4,2
0.9989146671723574,0.002665373530496595,0.9990954995155334,1.0036083459854126,0.9873231053352356,0.016285240650177002,0.00266826949096814,2,0.0078125,0.011772394180297852,-0.6460628322006029,0.8272737671402144,14,153,17.00894171203154,0.000601352196113736,10,2.3,5,1
0.9999872340995197,0.00011988196353215092,1.0000071525616363,1.000166297058044,0.9995308960955664,0.0006354009624776058,0.00011988349395290395,15,0.05859375,0.0004762564660698576,-1.5363977130972968,2.7246285924831994,22,19,8.28906597543108,6.382837813547499e-05,6,3.8333333333333335,14,2
0.9986128315795213,0.0032318227696833094,0.9969877302646637,1.0057834386825562,0.9951093792915344,0.010674059391021729,0.0032363120795989428,0,0.0,0.0,1.0901958953439135,-0.3290133703644815,0,0,0.0,0.00045277043884875726,0,0.0,0,1
0.9998193474020809,0.001413581082479093,1.00002121925354,1.0031450986862183,0.9909886717796326,0.012156426906585693,0.0014138364957150768,9,0.03515625,0.00903254747390747,-3.1649579659297413,14.006860016992352,22,12,11.695106379715467,0.0007566896139406691,3,3.6666666666666665,4,0
1.0000015585683286,0.001343464462261189,1.0001930594444275,1.0017752647399902,0.9916531443595886,0.010122120380401611,0.0013434623683832908,9,0.03515625,0.008539915084838867,-3.7695926979806544,17.192922493369387,24,8,11.98715691469251,0.0006648785927716424,3,3.3333333333333335,4,0
0.9983596673700958,0.003792672166467198,0.9994311034679413,1.0049793720245361,0.9828802943229675,0.022099077701568604,0.0037989036320527155,7,0.02734375,0.016550809144973755,-0.7194322555460713,0.484579515305561,0,0,23.418975039159278,0.0006367204236049278,2,22.0,41,1
0.9998751177918166,0.0005715501979278912,0.9998567700386047,1.0020068883895874,0.9983426332473755,0.003664255142211914,0.0005716215832934582,3,0.01171875,0.001514136791229248,0.27602432095599055,0.25770456001861497,33,6,3.366565482003912,0.0004946400137508616,11,1.2727272727272727,4,2
0.9999450275208801,0.0014045327525346618,1.0001692175865173,1.0021480321884155,0.9912495017051697,0.01089853048324585,0.0014046099674267676,9,0.03515625,0.008919715881347656,-3.795803612100099,18.122104460089776,29,9,11.814777670896408,0.0006422877311706543,3,3.3333333333333335,5,0
1.000321599887684,0.0004664978563784132,1.0003116726875305,1.0018694400787354,0.9992828965187073,0.002586543560028076,0.00046634787895292025,5,0.01953125,0.0010287761688232422,0.2629069360610401,0.04055493184555026,52,6,2.557956802808244,0.00045682963202981386,16,1.0625,2,2
0.9999772119965906,0.0001207190740581276,1.0000027121521549,1.0002089356875685,0.9993487902815598,0.000860145406008761,0.00012072182506748883,13,0.05078125,0.0006539218705950978,-2.3907459464664997,7.281847401396252,24,41,12.836520828522506,5.532410166073686e-05,4,4.75,13,2
1.000007915429216,6.965705570971867e-05,1.0000148403382607,1.000158303727874,0.9997495419525435,0.00040876177533055724,6.965650434858907e-05,17,0.06640625,0.0002652983857172053,-0.8629794119625088,1.154096366819716,25,6,5.2424158966313135,5.688533239213123e-05,10,2.3,5,2
1.000295237870887,0.0005900473982895681,1.0003321170806885,1.001712441444397,0.9986526966094971,0.0030597448348999023,0.0005898732453685124,9,0.03515625,0.0016794204711914062,-0.31924979881943727,-0.15685725916113613,40,7,4.002544446284804,0.00047549827426087625,9,2.6666666666666665,8,2
1.0000111017084847,7.303009275972403e-05,1.000020921168111,1.0001789213059753,0.9997675592589789,0.00041136204699643297,7.30292820099243e-05,15,0.05859375,0.00025336190913216594,-0.8381417182022404,0.8473541215974136,33,8,4.672835802956551,5.9309573659171344e-05,11,2.090909090909091,4,2
0.9999527893960476,0.002766881281700254,0.9997463822364807,1.005712866783142,0.9893733859062195,0.016339480876922607,0.0027670119140038576,2,0.0078125,0.01037299633026123,0.06367572174303865,0.2621470824778216,6,160,14.67674758449454,0.0006069519940544577,1,2.0,2,1
1.0001175518095615,0.00010655089647756537,1.000125336205473,1.0004306239028804,0.9997556659283408,0.0006749579745396472,0.00010653837269906686,6,0.0234375,0.0003696702771321947,-0.1717305426871543,0.298650807762058,21,9,6.241135848351399,6.62952319329418e-05,9,1.7777777777777777,4,2
0.9996037720702589,0.0006150534404338333,0.9995529353618622,1.0018595457077026,0.9979344606399536,0.0039250850677490234,0.0006152972383847739,2,0.0078125,0.0016184747219085693,0.3520840137792914,0.020284549450599876,41,7,3.996995805807046,0.00044318951812444946,8,1.0,1,2
1.0001024478115141,0.00071510907022517,1.0000525116920471,1.0032755136489868,0.9986312389373779,0.004644274711608887,0.0007150358163706286,0,0.0,0.0,0.49000974542614034,0.8000293418664568,41,8,0.0,0.0005686198963838465,12,1.0,1,2
1.0000015694812743,7.541611319204972e-05,1.0000117416818355,1.0002183899605468,0.9997475251658885,0.0004708647946582989,7.541599482805806e-05,15,0.05859375,0.00026421651594699114,-0.8122608992399698,1.6088637530287997,31,7,4.742356561943848,6.0967719015915005e-05,11,1.9090909090909092,3,2
0.9999916385256464,8.247232713895906e-05,0.9999965430333586,1.000205027635222,0.9997083633906856,0.0004966642445363156,8.247301673497335e-05,13,0.05078125,0.0002881796426730254,-0.5989274896882286,0.7740296553977983,26,7,5.845063352778934,5.320252628056457e-05,12,1.9166666666666667,5,2
0.9994808577466756,0.0005455991627042263,0.9994739294052124,1.001536250114441,0.9978589415550232,0.0036773085594177246,0.0005458825534030504,7,0.02734375,0.001614987850189209,0.049000850632003184,0.6865305119420277,44,6,3.520879129700958,0.0005195811683056401,14,1.2857142857142858,4,2
0.9996596269775182,0.0006529754711746664,0.9996019601821899,1.0014703273773193,0.9979792237281799,0.0034911036491394043,0.0006531978020848405,4,0.015625,0.0016227364540100098,0.2754351778347924,-0.2425733284232905,25,7,3.6426092278127737,0.0005120398951511757,10,1.2,2,2
0.9999729907140136,0.008379220966937346,1.0028029084205627,1.011454701423645,0.9861516952514648,0.025303006172180176,0.008379447289825604,0,0.0,0.0,-0.34455961490930265,-1.4391527908080537,0,0,0.0,0.0006836956622553806,3,19.666666666666668,54,1
0.999862868571654,0.000500463447212827,0.9998199343681335,1.0015531778335571,0.9985356330871582,0.0030175447463989258,0.0005005320858926985,5,0.01953125,0.0012843012809753418,0.17200999393739444,0.10626025297381592,38,10,3.100125301304869,0.0004643550106123382,10,1.1,2,2
1.000652750954032,0.00043173341307681495,1.0006126165390015,1.0016964673995972,0.9996100664138794,0.0020864009857177734,0.00043145178251416004,3,0.01171875,0.0010025501251220703,0.2036084758291331,-0.5311829734825944,62,10,2.4861078402892214,0.0004546011195463293,9,1.1111111111111112,2,2
0.9998049316927791,0.001485758994927756,1.0000877976417542,1.002172827720642,0.9915779232978821,0.01059490442276001,0.0014860488759664385,9,0.03515625,0.00850987434387207,-3.1295588075198224,12.574578291746903,22,11,11.95826220044898,0.000669249833798876,4,3.25,4,0
0.9984919459093362,0.0006377233994814974,0.998429536819458,1.0000834465026855,0.9971153736114502,0.0029680728912353516,0.0006386865733811369,1,0.00390625,0.0013141632080078125,0.194840446389435,-0.5949760158967963,35,6,3.069676759294656,0.00048450301675235526,10,1.0,1,2
0.9997865068726242,0.0013770777055389768,0.999996691942215,1.002000093460083,0.9910500049591064,0.010950088500976562,0.001377371764944634,9,0.03515625,0.00894668698310852,-3.7474360268738094,17.274332672225782,21,11,12.345136907623,0.0006651866669748343,3,3.3333333333333335,4,0
1.000000221020022,8.753432104833686e-05,1.0000105803768582,1.0002731485654492,0.9997020514234691,0.0005710971419801147,8.753430170150356e-05,13,0.05078125,0.0003085289533890645,-0.579316828012448,0.838569428450179,31,10,6.039997790723981,5.634032543557635e-05,9,2.0,3,2
0.999612476434516,0.00020216115929122771,0.9995761203430924,1.0000788918597734,0.9976993814520821,0.0023795104076912432,0.000202239531875702,1,0.00390625,0.0018767388910102545,-2.8989416057550303,29.607712823256414,20,7,14.028132670649207,7.415719039574663e-05,1,1.0,1,2
0.9995356651488692,0.0015576703774922316,0.9997390806674957,1.009184718132019,0.9907278418540955,0.018456876277923584,0.0015583939941355017,11,0.04296875,0.009011238813400269,-1.9909272780224716,16.952202407583112,28,7,9.156313763537897,0.0008217458631478104,3,4.0,4,0
0.9997975167352706,0.0013611741811041887,1.0000066757202148,1.001626968383789,0.9912911653518677,0.010335803031921387,0.0013614498519149698,9,0.03515625,0.008715510368347168,-3.7539413883131085,16.75716033721522,24,6,11.80783062128903,0.0007210259344063553,3,3.0,3,0
0.999877353431657,0.0015004582611656222,1.0000805854797363,1.002465844154358,0.9912153482437134,0.011250495910644531,0.001500642309795229,12,0.046875,0.00886523723602295,-3.2239995059931608,13.757921744899893,19,8,10.969303069097633,0.000783837776558072,3,4.0,4,0
0.9997673716861755,0.00136439500290213,0.999946653842926,1.0019811391830444,0.9916021227836609,0.010379016399383545,0.0013647124736637336,9,0.03515625,0.008344531059265137,-4.039470340858878,18.532841924759445,22,12,11.625845844269145,0.0006704657685522939,3,4.0,4,0
1.0000713453628123,0.0013888437736378789,1.0002720355987549,1.0021694898605347,0.9911452531814575,0.011024236679077148,0.001388744693143893,9,0.03515625,0.009126782417297363,-3.7337086078742043,18.225928296511906,27,6,11.843552175868288,0.000756983429777856,3,3.6666666666666665,4,0
0.9999073068611324,0.0010521953315520659,1.0000361204147339,1.0007182359695435,0.9896053671836853,0.011112868785858154,0.0010522928718813686,4,0.015625,0.010430753231048584,-7.485350804832731,62.90444716444911,47,16,18.072423999640232,0.0004652137849845138,1,4.0,4,1
1.0031993219163269,0.005968853247063827,1.003014087677002,1.015339970588684,0.9884510636329651,0.026888906955718994,0.005949817864372188,16,0.0625,0.014563024044036865,-0.6138578324662815,-0.16228886605937598,3,210,14.755295397105968,0.0006671828382155474,1,0.0,0,1
1.0003476233687252,0.0006154246976435029,1.0004289150238037,1.0017882585525513,0.9986383318901062,0.0031499266624450684,0.0006152108359802232,18,0.0703125,0.0017905831336975098,-0.6775661620890062,0.08798731853971153,42,9,4.46437712719028,0.0004503205710766362,12,2.3333333333333335,9,2
0.9999606763012707,0.0013373721576884334,1.0001829266548157,1.0019341707229614,0.9921326637268066,0.009801506996154785,0.0013374247501763824,11,0.04296875,0.008050262928009033,-3.740702026426102,16.70597328295896,23,9,11.231201527389484,0.0006813965591729856,3,3.6666666666666665,4,0
0.9998861781787127,0.00018527080336703372,0.9999063313007355,1.000320553779602,0.9992725253105164,0.0010480284690856934,0.00018529189362783622,9,0.03515625,0.0006338059902191162,-0.2673068376913801,-0.08708872803861523,36,6,5.302512495525875,0.00013080671721813725,21,1.2380952380952381,3,0
0.9999942539725453,0.0013947486328774919,1.0001457333564758,1.0051910877227783,0.9921115636825562,0.013079524040222168,0.0013947566471874792,10,0.0390625,0.008034169673919678,-2.6997774368427456,12.981355838332894,23,8,9.772070320336502,0.0007369962393068799,3,3.6666666666666665,4,0
0.9986362031195313,0.008001451160524293,0.998211145401001,1.0126705169677734,0.9854746460914612,0.027195870876312256,0.008012378417214826,0,0.0,0.0,0.13183362752039646,-1.2224427327195153,2,225,0.0,0.0006310708382550408,4,1.0,1,1
1.0000006978143012,7.149944615777488e-05,0.9999999701955795,1.0001909840962226,0.9997347626805874,0.00045622141563528285,7.149939626447364e-05,9,0.03515625,0.00026520751499214956,-0.5463073886799329,0.8239619667936715,28,8,5.214125633021131,5.800252024921008e-05,9,1.6666666666666667,3,2
0.998378595104441,0.0032164239829929994,0.9995005428791046,1.004830241203308,0.9899764060974121,0.014853835105895996,0.003221647578147974,16,0.0625,0.009524136781692505,-0.37174572228366826,-0.892477158155002,3,229,14.227014467697805,0.0006120812659170114,7,7.0,40,1
0.9999818466509567,0.00012938857170070192,1.0000119505327745,1.0002213564249687,0.9994615509406456,0.0007598054843230839,0.00012939092057924622,16,0.0625,0.0005503995921288807,-1.9449002509449789,4.466176693003524,16,20,9.830618877395578,6.048829723467036e-05,6,3.6666666666666665,13,2
0.9999981971803824,7.435968433359677e-05,1.0000048874127843,1.0001640265269993,0.9996792726253608,0.0004847539016384905,7.435981839093613e-05,14,0.0546875,0.00032561478742343386,-1.029961952303755,2.0433526094471715,27,7,6.08089762394304,6.168451838856516e-05,8,2.625,4,2
1.0001973526086658,0.0006438586269080029,1.0001367330551147,1.002271294593811,0.9985024333000183,0.0037688612937927246,0.000643731584800462,3,0.01171875,0.0016342997550964355,0.12162002032004404,-0.2356038728497465,21,10,4.177396822232125,0.00044559053346222523,13,1.1538461538461537,2,2
1.000277487328276,0.0004165342258555884,1.0002931952476501,1.0013788938522339,0.9988254308700562,0.0025534629821777344,0.0004164186749500323,5,0.01953125,0.0014677643775939941,0.006450423173821975,0.48206986919460215,56,7,3.959605878209881,0.0004137142031800513,14,1.0714285714285714,2,2
0.9997364687733352,0.0005370592782264327,0.9997558891773224,1.0012844800949097,0.9983457922935486,0.002938687801361084,0.0005372008474247199,8,0.03125,0.0014100968837738037,-0.0616239178403037,-0.3254015219630686,26,9,3.816289161627573,0.00041768667744655237,13,1.5,5,2
1.0000002530215406,7.598912991737714e-05,1.0000071527911776,1.000162433800775,0.9997026503281617,0.00045978347261332875,7.598911069049528e-05,12,0.046875,0.00030450246301583217,-1.0159076070021817,1.965437673116,27,9,5.917170400166875,5.9095517918186625e-05,8,2.75,4,2
0.9996632416732609,0.0009890239037972876,0.9997097551822662,1.001415491104126,0.9902673959732056,0.01114809513092041,0.0009893570780314328,3,0.01171875,0.009442359209060669,-6.802203709542677,56.772133694929245,49,11,14.999795502461865,0.000505677391501034,1,3.0,3,1
0.9999976492887852,7.827310694445968e-05,1.0000017882026406,1.0002609237726767,0.9997137091477402,0.000547214624936565,7.827329094236252e-05,10,0.0390625,0.0002880790549004697,-0.554134678118645,1.7802791020527824,32,18,4.943024748132665,6.303467967109037e-05,9,2.111111111111111,4,2
0.9980500277597457,0.0006748874200684718,0.9979984164237976,0.9998612403869629,0.9966281056404114,0.0032331347465515137,0.000676206003003021,3,0.01171875,0.0013703107833862305,0.08993180504522665,-0.5088535672363377,35,7,3.2604407686623493,0.00047745587779026403,13,1.3076923076923077,2,2
1.0004608263261616,0.0006317563307173719,1.0005159974098206,1.0021401643753052,0.9984605312347412,0.003679633140563965,0.0006314653348670067,10,0.0390625,0.0020554661750793457,-0.28187627566225026,-0.03933782841043687,26,8,4.691556794829334,0.0004956458129134832,12,1.9166666666666667,5,2
0.9988290872424841,0.00213845489390979,0.9991907179355621,1.0026230812072754,0.9941704273223877,0.008452653884887695,0.0021409617733635753,5,0.01953125,0.0050202906131744385,-0.36956646671572524,-0.9436689131602978,7,145,10.42252352307862,0.0005402653825049307,7,5.857142857142857,18,1
0.998495020205155,0.008907002731848607,0.9987285137176514,1.010580062866211,0.9837313294410706,0.02684873342514038,0.00892042779544212,0,0.0,0.0,-0.14383602592293981,-1.4946351252271945,2,245,0.0,0.0005475249944948683,5,3.4,11,1
0.9999846583785212,8.587761771465405e-05,0.9999878711167633,1.0002139715941087,0.9996871834831295,0.0005267881109792816,8.587893523677146e-05,8,0.03125,0.0003006876336338893,-0.23865475554908086,0.6762297860876036,27,11,5.746661957966993,5.760644265997689e-05,9,1.8888888888888888,3,2
0.9987218787427992,0.005542411615629748,0.9975670278072357,1.011602759361267,0.9818435907363892,0.02975916862487793,0.005549504555368898,2,0.0078125,0.015723437070846558,0.44145223304052317,-0.47055293249157915,2,207,23.3864009097291,0.0005828228651308546,1,3.0,3,1
0.9968222894240171,0.005421871253360263,0.9982888996601105,1.0072546005249023,0.9867675304412842,0.020487070083618164,0.005439155314728289,5,0.01953125,0.011521369218826294,-0.24537015386988345,-1.0424776757162553,3,11,18.420871085844322,0.0005616127275953106,4,11.5,42,1
0.9999728051479906,0.00015016934889137252,0.999966561794281,1.001222014427185,0.9996862411499023,0.0015357732772827148,0.00015017343283565423,0,0.0,0.0,2.555192954795174,17.94076484869398,50,9,0.0,0.0001260516690272911,7,1.0,1,0
0.9990250775590539,0.009157841719004418,1.0007144808769226,1.0101462602615356,0.9837313294410706,0.026414930820465088,0.009166778617189501,0,0.0,0.0,-0.25705118722517506,-1.578487237362738,0,0,0.0,0.0005681168799306832,4,9.5,33,1
0.9995410533156246,0.001522977576964931,0.9997027814388275,1.0017832517623901,0.9906633496284485,0.01111990213394165,0.0015236768634094523,10,0.0390625,0.009039431810379028,-3.2866019598262057,13.947381648913957,24,13,11.640631774616454,0.0007366234180974026,3,4.0,5,0
1.0008449831511825,0.0010290704656421127,1.0009519457817078,1.003678560256958,0.9980697631835938,0.005608797073364258,0.0010282016525696733,6,0.0234375,0.0028821825981140137,-0.09919672617589592,-0.6168996708139796,23,6,6.451836139501872,0.0004983023101208257,15,1.5333333333333334,8,2
0.9959429155569524,0.0074874320218716725,0.9955092072486877,1.011679768562317,0.9848017692565918,0.026877999305725098,0.007517932910526847,0,0.0,0.0,0.2656342841970584,-1.0287901325321587,3,214,0.0,0.000606370907203824,0,0.0,0,1
0.9999578804709017,0.00016388564655623792,0.9999629855155945,1.0004457235336304,0.9994386434555054,0.001007080078125,0.0001638925496332512,8,0.03125,0.0005243420600891113,-0.09676671264775222,-0.042317161977305506,52,8,4.878506940583236,0.00012039507136625403,14,1.4285714285714286,4,0
0.9998277064878494,0.0005614539661864244,0.999849945306778,1.0011032819747925,0.9980556964874268,0.0030475854873657227,0.0005615507177318331,7,0.02734375,0.0017942488193511963,-0.2634708803613189,-0.1017174835296144,31,7,4.355906288369777,0.00046179645201739145,12,1.1818181818181819,2,2
0.9996351017616689,0.001530403974081087,0.9998721778392792,1.0031135082244873,0.990170955657959,0.01294255256652832,0.0015309626196439456,11,0.04296875,0.00970122218132019,-3.8967280142865244,18.398889620415275,16,10,11.272176548536411,0.0007849496953627643,3,3.6666666666666665,4,0
1.0004383204504848,0.0009281806015913681,1.0005214214324951,1.0017722845077515,0.9915180206298828,0.010254263877868652,0.000927773939300346,3,0.01171875,0.009003400802612305,-7.422223264959834,66.23685113841047,52,15,14.935853598260719,0.00047802036883784276,1,3.0,3,1
0.9994844149332494,0.00045252434767139996,0.9995054006576538,1.00123131275177,0.9981433749198914,0.003087937831878662,0.0004527577828230787,7,0.02734375,0.0013620257377624512,-0.1321060281380109,0.5664639664896352,35,8,3.717537933232716,0.00041593056099087583,19,1.1111111111111112,2,2
0.9999029773753136,0.0010633943378029593,0.9999954104423523,1.0020849704742432,0.9897738099098206,0.012311160564422607,0.001063497521123806,3,0.01171875,0.010221600532531738,-6.932083043944662,57.278873205295426,41,13,17.68200362636616,0.0004996362854452694,1,5.0,5,1
1.0005563739687204,0.004046383902310931,1.0006521344184875,1.0069701671600342,0.992250919342041,0.014719247817993164,0.0040441338515099295,1,0.00390625,0.008401215076446533,-0.2947694697268457,-1.136847682277246,3,211,15.774006882507136,0.00058975336598415,7,4.142857142857143,12,1
1.0000157584436238,0.0005595438997659626,0.9999849200248718,1.0025776624679565,0.9986490607261658,0.0039286017417907715,0.0005595350823639116,4,0.015625,0.0013358592987060547,0.36718256595139787,1.170431055037957,60,7,2.452449160695807,0.000596006477580351,12,1.0833333333333333,2,2
1.000003569381069,6.424671656411603e-05,1.0000106689785624,1.000189412609921,0.9997215969594168,0.0004678156505041331,6.424648724392071e-05,12,0.046875,0.00028907201914563085,-0.7582475974753294,2.06571402761271,50,15,5.1828745404613565,6.253895538008485e-05,12,1.5833333333333333,4,2
1.0005137028638273,0.0030406184263229758,1.0007836818695068,1.0074161291122437,0.9943471550941467,0.013068974018096924,0.003039057253908308,5,0.01953125,0.006436526775360107,-0.16151689150372156,-0.6124395505202682,4,108,12.969713674982977,0.0005646588755588906,3,10.666666666666666,26,1
0.9981873417273164,0.00498842408274342,0.9974276721477509,1.011711835861206,0.9913500547409058,0.020361781120300293,0.004997482811303924,0,0.0,0.0,0.650853398925145,-0.5347514851113466,3,220,0.0,0.000564414379643459,0,0.0,0,1
0.999774323310703,0.003979308779957493,1.0000096559524536,1.006463885307312,0.9931253790855408,0.01333850622177124,0.00398020701990046,0,0.0,0.0,-0.02211641787004863,-1.2290600033973966,0,0,0.0,0.0005530009082719391,11,1.5454545454545454,4,1
1.0000089742784715,6.86610474066638e-05,1.0000156157495708,1.000225539512687,0.9997753022750615,0.0004502372376253838,6.866043122883398e-05,14,0.0546875,0.00024031347450925722,-0.4480101477245847,1.0625171171013337,41,6,4.464478316815663,6.177868926305352e-05,12,1.8333333333333333,4,2
1.0000125614460558,0.0006193833874731254,0.9999744594097137,1.0020740032196045,0.998631477355957,0.003442525863647461,0.000619375607219847,1,0.00390625,0.0013429820537567139,0.25455022869690386,-0.23881885306360662,30,9,2.8704259998228236,0.0005174519968967812,9,1.1111111111111112,2,2
1.0004275836981833,0.0033728902367947578,0.9993143975734711,1.0101346969604492,0.9959545135498047,0.014180183410644531,0.003371448660308348,0,0.0,0.0,1.2642634998930793,0.6614188388707163,6,108,0.0,0.0005608324911080155,0,0.0,0,1
0.9996806757990271,0.0013583939180796271,0.9998743236064911,1.0017348527908325,0.991626501083374,0.010108351707458496,0.0013588278246890056,11,0.04296875,0.008247822523117065,-3.412688535535922,14.684221733124414,19,13,11.697720190054424,0.000675813357035319,3,4.0,4,0
0.999999097677869,7.149907032616869e-05,1.0000000596090417,1.0003727052440468,0.9997694408099185,0.0006032644341282811,7.14991348414204e-05,14,0.0546875,0.0002306187991232278,-0.2027183896835292,3.5129239411263473,41,14,4.018542090269218,6.110462010903651e-05,9,1.8888888888888888,4,2
1.00010995590128,0.004073415359807791,1.0000084340572357,1.0075982809066772,0.9943860769271851,0.013212203979492188,0.004072967512994015,0,0.0,0.0,0.1560346744605999,-1.4234893273318805,0,0,0.0,0.0004900415738423665,0,0.0,0,1
1.0000057665165514,0.0007596886735243088,0.999961256980896,1.0025097131729126,0.9979773163795471,0.0045323967933654785,0.0007596842927922607,6,0.0234375,0.001983940601348877,0.15800184292180672,-0.043754698778985635,31,7,3.850552373496627,0.0005587460947971718,8,1.5,4,2
0.9997991228010505,0.001446551514225672,1.0000329613685608,1.001508116722107,0.990301787853241,0.011206328868865967,0.0014468421518244524,11,0.04296875,0.009731173515319824,-4.055262092754571,19.287511536827473,27,7,12.117720173013629,0.0007692722713246065,3,4.0,4,0
0.9999134715180844,0.0024568146742025656,0.9998030066490173,1.0043787956237793,0.9882540106773376,0.01612478494644165,0.0024570272770428735,7,0.02734375,0.011548995971679688,-0.7822174091861325,2.111980209979282,17,12,18.086182976688118,0.0005757948931525735,3,5.0,10,1
1.000009917026297,8.119689610169687e-05,1.0000168656148634,1.0003321825922267,0.9996904116095349,0.0006417709826918028,8.119609087792842e-05,10,0.0390625,0.00032645400532849145,-0.3910379860354878,1.5752074023327234,43,7,5.561546710268187,6.161913485438137e-05,12,1.6363636363636365,3,2
0.9998353109695017,0.0014724372652531838,1.000079333782196,1.0019935369491577,0.9910117387771606,0.01098179817199707,0.0014726797994615915,12,0.046875,0.0090675950050354,-3.362779832782575,14.607364478780386,20,6,11.520148200430132,0.000777601027021221,3,4.0,4,0
0.9999987782142219,7.503019347833831e-05,1.000011264699816,1.0002039597273114,0.9997435384743898,0.0004604212529215612,7.503028514927364e-05,15,0.05859375,0.0002677262254262569,-0.7356037400256838,1.1368735513778585,43,6,5.029805323345132,6.045311179646377e-05,9,2.3333333333333335,4,2
0.9998364569619298,0.0010881426007195538,0.9999227523803711,1.0022202730178833,0.989608108997345,0.01261216402053833,0.0010883205879749056,4,0.015625,0.010314643383026123,-6.6658510618542985,54.79009805698307,40,11,17.541452635037555,0.00048338852676690794,1,4.0,4,1
0.9997942559421062,0.001362648485455873,1.0000494718551636,1.0016101598739624,0.9914305806159973,0.010179579257965088,0.001362928899978375,10,0.0390625,0.00861889123916626,-3.6623500930237682,17.00406668803024,35,7,11.782567536243592,0.0006610645967371323,3,4.0,4,0
0.9999960794548006,7.861502564639411e-05,1.0000058397988325,1.0003542653751247,0.9997460092054767,0.0006082561696479916,7.861533386136388e-05,14,0.0546875,0.00025983059335576986,-0.4215229898721455,2.1361676438903627,29,9,4.385716795499787,6.290763008202148e-05,13,1.9230769230769231,4,2
0.9998671836219728,0.0014094499330393176,1.0001092553138733,1.0024551153182983,0.9917855262756348,0.010669589042663574,0.0014096371559407022,12,0.046875,0.008323729038238525,-3.6683205002428507,16.26266699961741,29,7,10.44734288616018,0.0007958414507847207,3,4.0,4,0
0.9969345852732658,0.007104300507460558,0.9979714453220367,1.0108451843261719,0.9854908585548401,0.025354325771331787,0.007126145097587547,0,0.0,0.0,0.16055216427798985,-0.9763285398920516,0,0,0.0,0.0005562249351950253,6,4.833333333333333,17,1
0.9968200500588864,0.007703971979879472,0.9949666857719421,1.0150022506713867,0.9860318899154663,0.02897036075592041,0.0077285483768352835,0,0.0,0.0,0.6146726547211382,-0.7027188768952399,2,236,0.0,0.0006231452904495538,0,0.0,0,1
0.9999907643433578,8.253321276136631e-05,1.0000051253506166,1.000161862308097,0.999694027926557,0.0004678343815399666,8.253397501682088e-05,15,0.05859375,0.00031109742405954766,-0.883286646849666,0.8986227288727284,32,8,6.2163644960694455,5.578859431366797e-05,15,1.8666666666666667,5,2
0.9997488169465214,0.00138004477367941,0.9999635815620422,1.0017588138580322,0.9914187788963318,0.01034003496170044,0.0013803915046325394,11,0.04296875,0.00854480266571045,-3.8365709080396013,17.435242911548713,16,12,11.783314419269688,0.0006637267037933948,3,4.0,4,0
1.0003953189589083,0.0026220043738879335,1.0003898739814758,1.0059250593185425,0.996225118637085,0.00969994068145752,0.002620968255445859,0,0.0,0.0,0.14833007539881607,-1.1622011769856906,9,187,0.0,0.0005258924820843865,4,1.0,1,1
0.9981630241964012,0.004016026545410545,0.998027890920639,1.0068469047546387,0.9914310574531555,0.015415847301483154,0.004023417465943259,0,0.0,0.0,0.21718111015818947,-0.9722947989580999,3,30,0.0,0.0007222212997137331,6,1.1666666666666667,2,1
0.9999848192911498,0.00012257782180430897,1.0000038147817842,1.000213141788641,0.9994802448773146,0.0007328969113264971,0.00012257968265078225,16,0.0625,0.0005235699044696673,-1.8460610422181725,4.583382305965655,21,8,8.766835735088701,6.253905107927807e-05,5,4.0,12,2
1.003510634182021,0.006511193464903775,1.0039827823638916,1.013270378112793,0.9916843771934509,0.02158600091934204,0.006488415013370698,0,0.0,0.0,-0.09328710550935321,-1.3004852030359382,3,212,0.0,0.0005883352429259057,4,7.0,19,1
0.9987025985028595,0.0006706553473792735,0.9986502528190613,1.001140832901001,0.9973695278167725,0.0037713050842285156,0.0006715265869785892,0,0.0,0.0,0.48675230716445544,0.051086191116266555,35,6,0.0,0.0005034956277585497,8,1.0,1,2
1.0013898194301873,0.006081777015356288,1.0004640817642212,1.01194167137146,0.9912717938423157,0.020669877529144287,0.006073336174734582,0,0.0,0.0,0.2169125188996833,-1.2059321141673303,1,218,0.0,0.0005594594805848365,1,1.0,1,1
0.9995631044730544,0.0011142298440933662,0.9994512498378754,1.0023036003112793,0.9970775246620178,0.005226075649261475,0.0011147168589028316,1,0.00390625,0.002373725175857544,0.3736364181850143,-0.8113752342329219,16,6,5.854308946279033,0.00046663845286649817,2,1.0,1,2
0.9992241375148296,0.0021774942551306404,0.9989163279533386,1.0030114650726318,0.9948539733886719,0.008157491683959961,0.0021791850030227315,0,0.0,0.0,0.07686321340919787,-1.1980673232969818,3,149,0.0,0.0005832590308843874,5,1.4,2,1
0.9997932000551373,0.0013465572908644332,1.0000222325325012,1.0028283596038818,0.9914174675941467,0.011410892009735107,0.0013468358164370115,9,0.03515625,0.008604764938354492,-3.9741542354805612,18.478611999563313,18,7,12.315188186869609,0.0006408506748723048,3,3.3333333333333335,4,0
0.9996415236964822,0.0014443380632994474,0.9998489618301392,1.0018532276153564,0.9913257956504822,0.010527431964874268,0.0014448560099410066,12,0.046875,0.008523166179656982,-3.593260967359845,15.53445817596089,24,7,11.551240289625147,0.0006988747447144751,3,4.0,4,0
0.9999982667750068,7.057813057965455e-05,1.0000063482417851,1.0001761900067365,0.9997666298718771,0.0004095601348593769,7.057825290764647e-05,16,0.0625,0.000239718369907993,-0.5893140126497489,0.656305309564007,43,8,4.4919649056670625,6.004003746970031e-05,14,1.7857142857142858,3,2
0.9996772245503962,0.0015042112276377735,0.9999584555625916,1.0013904571533203,0.991374135017395,0.010016322135925293,0.0015046969068584022,12,0.046875,0.008584320545196533,-3.442013869158322,13.13115261692285,16,6,11.33487640422592,0.0007289264716354071,4,3.5,4,0
1.000656260177493,0.0012451256595747673,1.000275433063507,1.0039647817611694,0.9982554912567139,0.005709290504455566,0.0012443090690842339,0,0.0,0.0,0.48031990505986266,-0.7434081978821885,13,8,0.0,0.000550228941674326,2,1.0,1,2
0.9999352148734033,0.0010257157583616792,1.0000255703926086,1.0019172430038452,0.9904293417930603,0.011487901210784912,0.0010257822137922604,4,0.015625,0.00959622859954834,-7.147854173572651,59.28524335744326,44,7,17.36142655151567,0.0004468938883613138,1,4.0,4,1
1.0008506095036864,0.00044168867860362303,1.0008845329284668,1.0021562576293945,0.9995823502540588,0.0025739073753356934,0.00044131329332222,12,0.046875,0.001302182674407959,-0.20361511037041324,0.23661631277919115,58,6,3.524034627781966,0.0004091809777652516,15,1.5333333333333334,5,2
0.9999071268830448,0.001491993329059976,1.000208556652069,1.0022600889205933,0.9913778901100159,0.010882198810577393,0.0014921319080011802,10,0.0390625,0.008830666542053223,-3.099500077728543,12.215976806200707,29,6,12.061282178578422,0.0006767667976080203,4,3.6666666666666665,4,0
0.9999928933285653,8.58055818021083e-05,0.9999918638350507,1.0002167186906759,0.9997679113271073,0.00044880736356855966,8.580619159851906e-05,11,0.04296875,0.00022395250794338128,-0.22432498185536406,-0.24796380670272766,34,7,4.322121726518384,5.7457027817491856e-05,11,1.8181818181818181,3,2
0.9996007024310529,0.001366868204570836,0.9998584985733032,1.0018309354782104,0.991811990737915,0.01001894474029541,0.0013674142097405292,10,0.0390625,0.008046507835388184,-3.1567619314842634,12.952495860180354,20,9,11.24586080590802,0.0007022574836132573,3,3.6666666666666665,4,0
1.0045977057889104,0.006133718659031905,1.003557026386261,1.0156553983688354,0.9959545135498047,0.01970088481903076,0.006105646691891554,0,0.0,0.0,0.27108654100778995,-1.4548087950120636,3,231,0.0,0.00048634164473589726,0,0.0,0,1
0.999462703242898,0.0008304510710230548,0.9995060563087463,1.001449704170227,0.9972833395004272,0.004166364669799805,0.0008308975095604258,7,0.02734375,0.002222716808319092,-0.25439977304223627,-0.34295308436244687,29,6,5.860395223379262,0.000415648899826349,17,1.588235294117647,4,2
1.0016842880286276,0.000816273946389399,1.0018254518508911,1.00401771068573,0.9995359778404236,0.0044817328453063965,0.0008149014176870769,12,0.046875,0.0022894740104675293,-0.3518959667673229,-0.31293591523295916,30,7,5.226987882598596,0.0004788029427621879,17,1.75,12,2
0.9991587686818093,0.007494237724960961,0.9984739422798157,1.0131438970565796,0.9878380298614502,0.025305867195129395,0.007500547420354537,0,0.0,0.0,0.20112638993732201,-1.3481523125704693,3,237,0.0,0.0006367650686525831,0,0.0,0,1
0.9990844428539276,0.0034694093602891532,0.9984442591667175,1.0093189477920532,0.9932810664176941,0.01603788137435913,0.0034725887137013528,0,0.0,0.0,0.18697756086118145,-1.0658886544449844,3,6,0.0,0.0006335859205208572,0,0.0,0,1
0.9996576213743538,0.0006297931260744265,0.9996102452278137,1.002599835395813,0.998155415058136,0.004444420337677002,0.0006300088276309758,3,0.01171875,0.0014548301696777344,0.5114206631644466,1.2926895362467432,46,7,2.8023661749662794,0.0005632779177497415,9,1.1111111111111112,2,2
1.000360397156328,0.001575691489054831,0.9999004602432251,1.0039567947387695,0.9976879358291626,0.006268858909606934,0.0015751238189096316,0,0.0,0.0,0.31301685463353124,-1.182183471029844,31,7,0.0,0.0005789784824146944,0,0.0,0,1
0.9989224050659686,0.004856954055047594,0.9981293678283691,1.0062185525894165,0.9916025400161743,0.014616012573242188,0.004862193530163979,0,0.0,0.0,0.06408275101445025,-1.570745109201686,1,253,0.0,0.00048507031272439395,0,0.0,0,1
1.000010762596503,0.00013954343173427168,1.0000154376029968,1.00101637840271,0.9994556903839111,0.0015606880187988281,0.00013954192990078493,5,0.01953125,0.0005597472190856934,0.9249208100926612,10.65622669613025,50,7,4.9399658950200696,0.00011595604466456993,11,1.4,5,0
0.9986082348041236,0.00089090111975165,0.9988304972648621,1.0013768672943115,0.9965468645095825,0.004830002784729004,0.000892142773012882,7,0.02734375,0.002283632755279541,-0.0989978897040132,-0.7821843765682188,17,7,5.7951720944925444,0.0004378811985838647,20,1.85,6,2
1.0001909635029733,0.0006630978982360109,1.0003113746643066,1.0017882585525513,0.9985991716384888,0.0031890869140625,0.0006629712949151632,12,0.046875,0.001712203025817871,-0.3980723788529029,-0.6081328143912454,16,9,4.605225399109492,0.0004254479034274232,20,1.6842105263157894,6,2
0.9998705154284835,0.0010358714321505012,0.9999517798423767,1.0016237497329712,0.9906429052352905,0.010980844497680664,0.0010360055788889723,4,0.015625,0.009308874607086182,-6.688160961356633,53.15056985184682,43,11,16.5874888032319,0.0004922394659004959,1,5.0,5,1
0.9999766338537341,0.00012017208911480739,1.0000055139951867,1.0001815279214088,0.9993487902815598,0.0008327376398490349,0.00012017489713903142,15,0.05859375,0.0006567237136269055,-2.473528970404502,7.403216427610635,18,35,11.913950110920432,5.978065486009721e-05,7,3.4285714285714284,13,2
1.0000101537869508,7.289272903620118e-05,1.0000181511492499,1.0001689386349781,0.999686715782749,0.0004822228522290972,7.28919889064754e-05,14,0.0546875,0.00033143536650082073,-1.0181891616820675,2.201842797613211,48,7,6.137949078382161,6.025742251284361e-05,10,1.9,5,2
1.0000014816044254,6.999510845068281e-05,1.0000048281891547,1.0001909840962226,0.9997261291304395,0.0004648549657831902,6.999500474577403e-05,14,0.0546875,0.00027869905871524825,-0.6035058938196568,1.3586841875023143,35,6,5.701544585798773,5.549454528590874e-05,7,2.5714285714285716,4,2
0.9989759887102991,0.0022062308257698006,0.9991773068904877,1.0055568218231201,0.9874418377876282,0.018114984035491943,0.0022084923468662096,2,0.0078125,0.011735469102859497,-0.9742443656157209,2.855163076900425,7,110,16.22146802872331,0.000626838908475988,10,2.7,9,1
0.9998456912580878,0.0013373692840173612,1.0000136494636536,1.0013822317123413,0.9902097582817078,0.011172473430633545,0.0013375756836383158,6,0.0234375,0.0098038911819458,-6.025700109035405,38.64652981656947,33,23,12.364883863375015,0.0005115258927438773,2,3.0,4,1
1.0000086114741862,0.0014118602265112536,1.0002033710479736,1.0017945766448975,0.9917052984237671,0.010089278221130371,0.0014118480684180575,9,0.03515625,0.008498072624206543,-3.6983262040557188,15.984600042549104,26,10,11.463659950903562,0.0007238388061523438,3,4.0,4,0
0.9996313948649913,0.001295442434780108,0.999799907207489,1.002663016319275,0.9917542934417725,0.010908722877502441,0.0012959201175900127,11,0.04296875,0.008045613765716553,-3.698228785798164,18.39921796014672,39,9,11.127410474446641,0.000671992582433364,3,3.6666666666666665,4,0
0.9999069951009005,0.0013672463599239799,1.0001102685928345,1.0030860900878906,0.9919761419296265,0.01110994815826416,0.0013673735323613883,12,0.046875,0.008134126663208008,-3.7431254370700167,16.97431724149972,23,7,11.027848111410883,0.0006959225617203058,3,4.0,4,0
0.999522642698139,0.0016133672804302143,0.9997863173484802,1.0023406744003296,0.9907398223876953,0.011600852012634277,0.0016141378008956819,14,0.0546875,0.009046494960784912,-3.2336260710411455,12.505695077460024,16,10,11.30163212358957,0.000763246826097077,4,4.0,4,0
0.9997344103176147,0.0008030038749321321,0.9996272623538971,1.001961588859558,0.9978628754615784,0.004098713397979736,0.0008032172011334676,3,0.01171875,0.0017643868923187256,0.25084584110998065,-0.30887613793167423,28,7,3.4024806226941298,0.0005635326983881931,8,1.375,3,2
0.9986884912941605,0.004500342916553584,0.9977905452251434,1.011602759361267,0.9918996095657349,0.019703149795532227,0.004506252906471136,0,0.0,0.0,1.0437179776628818,0.6076801202904254,2,212,0.0,0.0005633045645321116,0,0.0,0,1
0.999351940350607,0.0014748307840835272,0.999621570110321,1.0023549795150757,0.990260660648346,0.012094318866729736,0.001475787182207407,10,0.0390625,0.009360909461975098,-3.584284607429466,16.53274491335367,16,8,11.391045891996447,0.0007755676905314128,3,4.0,4,0
0.9996851123869419,0.002716777850208559,0.9996813237667084,1.0376410484313965,0.99163818359375,0.046002864837646484,0.0027176335993658297,6,0.0234375,0.008043140172958374,10.24507305476762,146.86274538399317,47,6,3.2251530215282833,0.0010132093055575501,3,2.0,2,0
1.0002945780288428,0.0006824553580176448,1.000296950340271,1.0051774978637695,0.9985678195953369,0.006609678268432617,0.0006822543808669597,3,0.01171875,0.001729130744934082,1.199172065984827,8.932508577577725,35,7,3.331247943699301,0.0004849842950409534,12,1.5454545454545454,5,2
0.9998756162822247,0.0016421278653526905,1.0000849962234497,1.0066794157028198,0.9903045892715454,0.016374826431274414,0.001642332144730674,9,0.03515625,0.009780406951904297,-2.804476436105905,14.677028797963452,20,7,11.120741977393418,0.0007544561928393794,3,3.3333333333333335,4,0
0.9998922951053828,0.0010269463354419272,0.9999831020832062,1.001744270324707,0.990121603012085,0.01162266731262207,0.0010270569545029779,5,0.01953125,0.009861499071121216,-7.110092776134736,58.44808586387243,53,16,18.64452632282383,0.00044950129939060583,1,5.0,5,1
0.9998432057909667,0.0014800985416625583,0.9999971091747284,1.0021332502365112,0.9914091229438782,0.010724127292633057,0.001480330648935766,11,0.04296875,0.00858798623085022,-3.491217958220601,15.146768762678036,30,6,11.230504179410621,0.0006700688717412014,3,4.0,4,0
0.9999754533637315,0.00011450416367600843,0.9999649822711945,1.0003013610839844,0.999642550945282,0.0006588101387023926,0.00011450697443706014,6,0.0234375,0.0003224313259124756,0.17148504406776446,0.22818367291312258,63,8,3.1914159812217338,0.00011454096027449066,10,1.2,2,0
0.9993986895201472,0.0004469279927913038,0.9995363916440203,1.0,0.9984296134011754,0.0015703865988245802,0.00044719689697201074,15,0.05859375,0.0011067782428448858,-0.4662026903100773,-1.1990909155190408,0,0,22.704630837407123,5.415200782242148e-05,6,7.666666666666667,32,2
1.000639877980575,0.002519743090397568,1.000032663345337,1.0056642293930054,0.9966780543327332,0.008986175060272217,0.0025181317933108426,0,0.0,0.0,0.3556548414315479,-1.1609164576889879,15,175,0.0,0.000552218100603889,0,0.0,0,1
1.000459585338831,0.0036981776565322977,1.0013729929924011,1.0052525997161865,0.9917128086090088,0.013539791107177734,0.0036964788090663517,28,0.109375,0.009660184383392334,-0.966287437594056,-0.1990258987849982,9,216,21.5644432715689,0.000515434321235208,3,14.0,40,1
1.0000986214727163,0.0005192778532472417,1.000072956085205,1.0012863874435425,0.9987814426422119,0.0025049448013305664,0.0005192266463507051,6,0.0234375,0.001291513442993164,0.04208642796637214,-0.3254383901478546,36,6,3.2781063893445808,0.00044177630368401024,11,1.3636363636363635,2,2
1.0004523864481598,0.0007741042028301498,1.0003413558006287,1.0026745796203613,0.9988321661949158,0.0038424134254455566,0.0007737541669308231,0,0.0,0.0,0.7275305663321077,0.1903591286218096,37,17,0.0,0.00046360329085705327,3,1.0,1,2
1.0015562016051263,0.0006209670791154146,1.0015366077423096,1.003678560256958,0.9998335838317871,0.0038449764251708984,0.0006200022306488969,7,0.02734375,0.001703023910522461,-0.011264278212123469,0.2863146488347388,48,6,3.7628247766975687,0.0005016518574134976,9,1.8888888888888888,7,2
0.999437905382365,0.0006332735153286357,0.9994319975376129,1.0020776987075806,0.9979910850524902,0.004086613655090332,0.0006336296751586162,2,0.0078125,0.0014409124851226807,0.3974418328044524,0.33708770360631446,28,6,3.4938517882783473,0.0004336085974001417,11,1.1818181818181819,2,2
0.9997743382118642,0.0014316434674386924,0.9999845623970032,1.0020265579223633,0.9918760061264038,0.010150551795959473,0.0014319666075839105,12,0.046875,0.008108556270599365,-3.139754704474896,13.261400560726532,26,8,11.102903038780719,0.0006897900618758856,3,4.0,4,0
0.999991708201988,7.586283868060396e-05,0.9999983011405555,1.0001789213059753,0.999730301149397,0.00044862015657831655,7.586346772515482e-05,10,0.0390625,0.0002679999911585629,-0.7812127448146167,0.9673261685017058,29,8,5.167580619892867,5.6865905354569585e-05,11,2.0,4,2
0.999402379617095,0.0016262007180471954,0.9996508359909058,1.0017846822738647,0.9904496669769287,0.011335015296936035,0.0016271731498880844,13,0.05078125,0.00920116901397705,-3.335313517057874,12.815516955654125,19,42,11.077805249152757,0.0007746710496790268,4,3.5,4,0
0.9993324589449912,0.0034709890924262696,1.000294029712677,1.0067898035049438,0.9854797124862671,0.021310091018676758,0.0034733076678912637,6,0.0234375,0.014814317226409912,-0.49301561240086184,0.0734868159596136,14,166,18.89878848460039,0.0006982803344726563,6,6.666666666666667,28,1
1.0000012210475773,7.737717266087038e-05,1.0000120983999579,1.0001454098693014,0.9993580688836663,0.0007873409856351543,7.737707817977654e-05,10,0.0390625,0.0006540295162915655,-2.7643439354791792,17.848056253063906,41,7,11.053187781351253,5.647726090080432e-05,9,2.111111111111111,4,2
0.9996847019065171,0.0015340239814041732,0.9999370872974396,1.001469373703003,0.9920554757118225,0.00941389799118042,0.0015345078087907196,13,0.05078125,0.007881611585617065,-3.130729185760646,11.675700028464824,25,6,10.580466816670379,0.0007089086607390759,4,3.6666666666666665,4,0
0.9998930944129825,0.0015261704532693612,1.0001047253608704,1.0023406744003296,0.9907398223876953,0.011600852012634277,0.0015263336268617254,12,0.046875,0.009364902973175049,-3.409616749162007,15.1934765255439,25,10,11.84618823448183,0.0007518772985420975,3,4.0,4,0
0.9999694586731493,0.001158512474138974,1.0000407099723816,1.0045815706253052,0.9894216060638428,0.015159964561462402,0.001158547857727769,3,0.01171875,0.010619103908538818,-6.161727189325522,51.73534450736114,35,8,15.388164833900593,0.000545347438139074,1,4.0,4,1
0.9998499695211649,0.0014511491624108405,1.0000569224357605,1.002663016319275,0.991856038570404,0.01080697774887085,0.0014513669116835658,11,0.04296875,0.008200883865356445,-3.421680478264557,14.802874790113588,24,11,10.377635361237964,0.0007049805977765251,3,4.0,4,0
1.0024716476909816,0.0032270533511709523,1.0034157037734985,1.0077005624771118,0.9935970902442932,0.014103472232818604,0.0032190968778058773,18,0.0703125,0.009818613529205322,-0.748607205516326,-0.3001703664769413,2,233,19.982101903791516,0.0005497857636096431,6,6.0,25,1
0.9997827196493745,0.0004323678481921874,0.9997869729995728,1.0010827779769897,0.9986227750778198,0.002460002899169922,0.0004324618136466887,6,0.0234375,0.0011641979217529297,0.16510071408795007,0.20506529472062685,37,6,3.132023850515952,0.0004201309353697534,14,1.0714285714285714,2,2
0.9996468720491976,0.0014387271780006842,0.9997998476028442,1.0017884969711304,0.9911659955978394,0.010622501373291016,0.0014392354122525351,9,0.03515625,0.008633852005004883,-3.038461651712672,12.558136106971519,26,7,12.288322641847506,0.0006735930255815095,4,2.75,4,0
0.9975922096055001,0.005129300000252046,0.9951910972595215,1.0134975910186768,0.9924653172492981,0.021032273769378662,0.005141680088179956,0,0.0,0.0,1.4788865633157444,1.1298721956253637,2,240,0.0,0.0005272402482874253,0,0.0,0,1
0.999994584032261,7.96023233042888e-05,0.9999995529711119,1.0001898007830952,0.9996459431067947,0.0005438576763004965,7.960275443023873e-05,16,0.0625,0.00035360986431720587,-1.1004828659839387,2.3733488407250487,27,9,6.671539119183876,6.163881072636973e-05,6,3.1666666666666665,4,2
0.9991655079647899,0.0011632188925606835,0.9993338882923126,1.0019818544387817,0.9956977963447571,0.006284058094024658,0.0011641904001770994,11,0.04296875,0.003636091947555542,-0.4858039518287632,-0.38349779638131754,32,8,6.267820322371753,0.0005895070001190784,13,2.5384615384615383,12,2
0.9998359880410135,0.001470951139603851,1.000072717666626,1.0022392272949219,0.9910897016525269,0.01114952564239502,0.0014711924327567936,11,0.04296875,0.008983016014099121,-3.6205591866080655,15.938005900783136,20,11,11.568834801694619,0.0007553392765568752,3,4.0,4,0
1.0021562979090959,0.003909130397230419,1.0022831559181213,1.0354231595993042,0.9936041235923767,0.04181903600692749,0.0039007192843935113,1,0.00390625,0.008679032325744629,2.2288404201848255,18.45705972060482,8,28,4.393989915868112,0.0008899641971962125,7,1.3333333333333333,2,1
0.9998331221286207,0.00110821679546189,0.9999163746833801,1.0037282705307007,0.9897409677505493,0.013987302780151367,0.0011084017631887639,4,0.015625,0.01017540693283081,-6.3383820061404474,53.157108802759424,52,10,15.9618864490225,0.0005385515736598595,1,4.0,4,1
0.9998818680178374,0.0005028139192073138,0.9998365938663483,1.002341628074646,0.9986227750778198,0.003718852996826172,0.0005028733246299291,2,0.0078125,0.0012138187885284424,0.7389579847777451,1.9462216200697915,31,6,3.024466579177314,0.00042459450516046265,9,1.0,1,2
1.0000671837478876,0.0010777416154487936,1.0001260638237,1.0051426887512207,0.9905900359153748,0.014552652835845947,0.0010776692135920415,4,0.015625,0.009536027908325195,-5.7157461679708375,49.50164825191997,39,16,15.316051178348735,0.0005101799964904785,1,4.0,4,1
0.9999956808952273,6.68282168445025e-05,0.9999991655237817,1.0001739246325798,0.9997671126040065,0.000406812028573289,6.682850548381948e-05,9,0.03515625,0.00023205291977512754,-0.5131109969638272,0.9200449676069304,40,11,4.541364646228934,5.692805004001123e-05,10,1.9,3,2
0.9998693268280476,0.0014394755251333363,1.0000585913658142,1.0020068883895874,0.9919798970222473,0.010026991367340088,0.001439663650549098,12,0.046875,0.008078694343566895,-3.0664995042287995,12.66070452054041,29,11,10.425819023533174,0.0007615423670002059,3,4.0,4,0
1.0002025349531323,0.002122542202328673,1.000187873840332,1.0056493282318115,0.9896033406257629,0.016045987606048584,0.002122112400393118,2,0.0078125,0.010584533214569092,-0.3200852357914558,2.045869634811596,14,47,14.939327868356902,0.0006230588052787033,3,1.6666666666666667,3,1
0.9998025917448103,0.0014782723995874578,1.0000869035720825,1.002694845199585,0.9908434152603149,0.01185142993927002,0.0014785642803822338,10,0.0390625,0.009243488311767578,-3.28919517513863,13.999404151620073,22,11,12.04827989976565,0.0007260320233363731,3,4.0,4,0
1.000003134360337,8.097523996364248e-05,1.0000036353478743,1.0004932741038846,0.9997440443222139,0.0007492297816706905,8.097498615885756e-05,9,0.03515625,0.0002595910256604217,0.583102426754361,5.796811207623101,50,6,4.23697652591756,6.295124665655704e-05,7,1.7142857142857142,3,2
0.9999684242065996,0.0014067575119384973,1.000138521194458,1.0027577877044678,0.9919772148132324,0.010780572891235352,0.0014068019328256835,11,0.04296875,0.008161306381225586,-3.0378176694316448,13.119755457460684,22,8,11.444446054845193,0.0006929715474446615,3,4.0,4,0
1.0021273684687912,0.0066211327371016515,1.0023478269577026,1.0118305683135986,0.9907975196838379,0.021033048629760742,0.006607077049715213,0,0.0,0.0,-0.13531181060247074,-1.436336039247515,2,227,0.0,0.000606387269263174,2,9.5,18,1
0.9997993775177747,0.0010244028565494477,0.9998911023139954,1.0022202730178833,0.9901390671730042,0.01208120584487915,0.0010246084160331812,4,0.015625,0.009752035140991211,-6.883497261064474,57.064102789586485,31,14,17.95973676843107,0.0004406620474422679,1,4.0,4,1
0.998114712536335,0.008271911498840575,0.9966800212860107,1.011021375656128,0.9854908585548401,0.025530517101287842,0.008287535886351787,0,0.0,0.0,0.0909542484473665,-1.4628237852876491,1,254,0.0,0.0005553222170063093,0,0.0,0,1
1.001251237699762,0.004650397564230427,1.0027500987052917,1.0089576244354248,0.9902869462966919,0.01867067813873291,0.004644586083023558,2,0.0078125,0.012463152408599854,-0.2873122023885291,-1.520978899251612,0,0,17.56030863727654,0.0006229416996824975,16,3.6666666666666665,13,1
1.0004984089173377,0.0010720532907607869,1.0000788569450378,1.0038354396820068,0.9988589882850647,0.004976451396942139,0.0010715192360184565,0,0.0,0.0,0.874681617735781,-0.43104602251105506,6,6,0.0,0.0004445931490729837,0,0.0,0,2
0.9997782032005489,0.0014078883191429418,1.0000017881393433,1.0013898611068726,0.9908009767532349,0.010588884353637695,0.001408200653540882,9,0.03515625,0.009200811386108398,-4.120750971652835,19.510158154068066,14,9,12.700109983298201,0.0006704344468958238,3,3.0,3,0
0.9996809137519449,0.0013495402309769606,0.9998615086078644,1.0016367435455322,0.9915578365325928,0.010078907012939453,0.001349970988154554,11,0.04296875,0.008303672075271606,-3.731867763237767,16.882174498594654,23,6,11.568710961371657,0.0006833497215719784,3,4.0,4,0
0.9998865623492748,0.0024782133298472168,1.0000012814998627,1.0049225091934204,0.9956578016281128,0.009264707565307617,0.002478494484438867,0,0.0,0.0,0.07774912457877568,-1.103737895309848,10,194,0.0,0.0005089666329178156,12,1.6666666666666667,3,1
1.0046974660363048,0.010558111423715207,1.0064131021499634,1.0190479755401611,0.9835501909255981,0.03549778461456299,0.010508746941871643,1,0.00390625,0.022862911224365234,-0.3351492783928367,-1.3035824124844928,2,209,23.320850653629275,0.0006992328400705375,6,3.8,11,1
0.9999678449239582,0.0005074932630259542,0.9999444484710693,1.0034809112548828,0.9982414245605469,0.0052394866943359375,0.0005075095820351566,4,0.015625,0.001703023910522461,1.3281623796123008,8.97985210542216,49,9,3.9213980116207705,0.00045192522161147173,7,1.1428571428571428,2,2
1.0006806885357946,0.0006451899769945456,1.0006200075149536,1.0028053522109985,0.9989992380142212,0.0038061141967773438,0.0006447511023107617,3,0.01171875,0.0016207695007324219,0.14687963777478338,-0.1649004968538592,24,9,3.6360410749777703,0.00048808864518707875,10,1.2,3,2
1.0035572762135416,0.007003794948843128,1.007404386997223,1.0101462602615356,0.9848214387893677,0.02532482147216797,0.006978968829032562,34,0.1328125,0.022582948207855225,-1.3079337702821552,0.39325327687325196,1,244,44.230085935368095,0.0005693580590042413,1,0.0,0,1
0.9996708910912275,0.0013952718753332182,0.9998730421066284,1.0033396482467651,0.9916101694107056,0.01172947883605957,0.0013957312229129308,9,0.03515625,0.008262872695922852,-3.4557172855008593,15.162066902314045,25,7,10.811339459091444,0.0007273699723038019,3,3.6666666666666665,4,0
1.0003421397414058,0.0006730312902719223,1.0003289580345154,1.0021109580993652,0.9986756443977356,0.0034353137016296387,0.0006728010982781399,4,0.015625,0.0016533136367797852,0.0282285046955143,-0.6749273130708455,32,6,4.012439210503981,0.0004668305901920094,11,1.2727272727272727,2,2
0.9977492545731366,0.003996525575178678,0.9983763098716736,1.0041619539260864,0.9850051999092102,0.01915675401687622,0.0040055410283303065,2,0.0078125,0.013371109962463379,-0.43492145147612465,-0.8238041923828345,0,0,18.596416138668687,0.000657031582851036,6,6.333333333333333,27,1
1.0002454544883221,0.00048364932820991796,1.0002834796905518,1.0020620822906494,0.9991046786308289,0.0029574036598205566,0.00048353064344324354,5,0.01953125,0.0011788010597229004,0.06126409993897964,-0.05647132319472048,27,8,2.9982009070892897,0.00044460390128341374,21,1.2380952380952381,2,2
0.9997021039016545,0.0013928975824058871,0.9998562633991241,1.0023245811462402,0.9912658333778381,0.0110587477684021,0.0013933126448065505,9,0.03515625,0.00859043002128601,-3.3393056712688387,14.529125532260249,25,6,11.326112593364508,0.0007295933424257765,3,3.6666666666666665,4,0
0.9986522987019271,0.0019291816111376156,0.9988493621349335,1.002579927444458,0.9943960309028625,0.008183896541595459,0.0019317850803980661,3,0.01171875,0.004453331232070923,-0.07023301507806105,-1.075625074632213,13,188,8.3506836891236,0.0006076284483367321,11,2.090909090909091,5,1
0.9993570451624691,0.0051409158855881465,0.9996358752250671,1.015339970588684,0.989730179309845,0.02560979127883911,0.00514422338890138,0,0.0,0.0,0.3312188875517145,-0.5116822744081446,1,253,0.0,0.0007442782906924977,10,1.6,3,1
1.000182792544365,0.000501377107354806,1.0001938939094543,1.0040674209594727,0.9989749193191528,0.005092501640319824,0.0005012854761071752,5,0.01953125,0.0012189745903015137,1.7696950018452118,12.853271021732112,62,6,2.621327819017462,0.0004502102440478755,6,1.5,3,2
0.9961004862561822,0.00829928653695269,0.9959194958209991,1.0109789371490479,0.9781268239021301,0.032852113246917725,0.008331776413587894,1,0.00390625,0.01779267191886902,0.18100877884924868,-1.1433607199070481,2,216,25.128538990092352,0.0006542715371823778,1,2.0,2,1
0.9976795872207731,0.010442905813328874,0.9985182583332062,1.0130443572998047,0.9823400974273682,0.030704259872436523,0.010467194024105054,0,0.0,0.0,-0.06461961156983116,-1.584191502736962,0,0,0.0,0.000584414659761915,5,1.0,1,1
1.0005825408734381,0.0007062369636991497,1.000651478767395,1.0022449493408203,0.9988152384757996,0.003429710865020752,0.0007058257913261755,12,0.046875,0.001836240291595459,-0.3900856945219392,-0.3198502861889727,21,7,4.496563441112252,0.0004582573385799632,16,1.6666666666666667,4,2
0.9999980322308498,8.563171914034498e-05,1.0000130842469463,1.0001807316460516,0.9995293900528558,0.0006513415931957978,8.563188764413176e-05,13,0.05078125,0.0004836941940905559,-2.039966223903222,7.627153188458243,23,9,8.640658449268134,5.7743178113830514e-05,7,2.857142857142857,4,2
1.0002762232907116,0.000519250240593901,1.0002700090408325,1.0031856298446655,0.999057412147522,0.004128217697143555,0.000519106851191234,6,0.0234375,0.0012125968933105469,0.6520393440185058,3.060033254675111,52,7,2.5176593149384177,0.0005297441108554018,14,1.0714285714285714,2,2
1.000114182708785,0.00043962949301786197,1.0000892877578735,1.001805305480957,0.9988635778427124,0.002941727638244629,0.0004395793006625865,4,0.015625,0.0012257099151611328,0.12244822698639184,0.3197786417009638,40,8,3.318170031757811,0.00042551031299665863,14,1.3846153846153846,4,2
0.9988079252652824,0.0006847109887377568,0.9988617897033691,1.0005360841751099,0.9969332218170166,0.0036028623580932617,0.0006855281895724828,7,0.02734375,0.001928567886352539,-0.16522020258653775,-0.25742822503574114,21,6,4.098460048825731,0.0005370913767347149,18,1.3333333333333333,3,2
0.9997498849406838,0.001475379679995406,0.9999699294567108,1.0018748044967651,0.991116464138031,0.01075834035873413,0.0014757487869908,12,0.046875,0.00885346531867981,-3.850999334731807,17.379806439735578,25,13,11.818940926035982,0.0006554503066867006,3,4.0,4,0
0.9996530669741333,0.0012753992839982964,0.9998390674591064,1.0023075342178345,0.9915578365325928,0.0107496976852417,0.001275841915694636,11,0.04296875,0.008281230926513672,-3.6179563024203287,17.096198823072143,28,6,11.766287927415355,0.0006465977313471775,3,3.6666666666666665,4,0
0.9998494770843536,0.0015070200162065844,1.0001140832901,1.0035207271575928,0.9907134771347046,0.012807250022888184,0.0015072468914032774,9,0.03515625,0.009400606155395508,-3.19070129451725,13.87793115261205,21,9,12.55098234920598,0.0006871263186136882,3,3.6666666666666665,4,0
0.9997760646510869,0.000994910400992614,0.9998468458652496,1.0010641813278198,0.9907351732254028,0.010329008102416992,0.0009951332465033848,4,0.015625,0.009111672639846802,-6.775428845378075,54.051265739750846,50,7,16.487330895646704,0.0004894111670699774,1,4.0,4,1
0.9997601085342467,0.0010946791311260448,0.9998496174812317,1.001981496810913,0.9892963171005249,0.012685179710388184,0.0010949417983189581,4,0.015625,0.010553300380706787,-6.933840795473214,57.36060186143878,55,9,17.657069820654357,0.0005027986040302352,1,5.0,5,1
1.0020423671230674,0.007307910343049292,1.0036733150482178,1.0118582248687744,0.9900283217430115,0.02182990312576294,0.007293015328314716,0,0.0,0.0,-0.3545258690468853,-1.4042714431520789,1,251,0.0,0.00048377256767422543,3,3.5,6,1
1.0000410724896938,0.0005553708127358119,1.0000394582748413,1.0016629695892334,0.9985901117324829,0.0030728578567504883,0.0005553480032106736,2,0.0078125,0.0014493465423583984,0.1399141095655599,-0.2729797744473923,51,6,3.2521895405315067,0.0005067259657616709,16,1.125,2,2
0.9999924993411156,6.99850494380402e-05,1.0000024735790205,1.0001432816919256,0.9997074018606551,0.00043587983127046925,6.998557437596042e-05,13,0.05078125,0.0002950717183654028,-1.0082242914465966,1.930844387729139,29,8,5.7685190127870145,5.5916670944755176e-05,13,1.8333333333333333,3,2
0.9999787362881047,0.00013476866649137615,1.0000000000054732,1.0001898007830952,0.9993219192459503,0.0008678815371448989,0.00013477153223440927,15,0.05859375,0.0006780807595229144,-2.423046832919076,7.194135512425772,15,41,12.116807583134209,6.238395863021644e-05,5,4.0,14,2
1.0003663320094347,0.0005476663108749555,1.0003737807273865,1.0038796663284302,0.9986814856529236,0.005198180675506592,0.0005474657566442273,5,0.01953125,0.0016922950744628906,0.8531495819423003,5.927032247447007,45,6,3.5102387629063516,0.0005032894658107384,11,1.0,1,2
1.0000664324034005,0.002228386987585867,0.9991916120052338,1.0052906274795532,0.9967687129974365,0.0085219144821167,0.0022282389603163824,0,0.0,0.0,0.745486935406294,-0.7001746329592611,13,193,0.0,0.000636893627690334,0,0.0,0,1
1.0024893183726817,0.011573920184147594,1.0046698451042175,1.0189648866653442,0.9860318899154663,0.03293299674987793,0.0115451805540784,0,0.0,0.0,-0.029482355151923507,-1.6383988112458274,0,0,0.0,0.0005602626239552218,6,1.6666666666666667,4,1
0.9999967713733897,0.00011661919210659997,1.0000146335287319,1.0002291967862391,0.9996019098308845,0.0006272869553546334,0.00011661956862764252,8,0.03125,0.0004127236978473947,-0.548112572680645,-0.15118662106734782,31,8,7.912961837807868,5.898968476402906e-05,17,1.8235294117647058,5,2
0.9997720941901207,0.0014532528457583426,0.9999691247940063,1.0026365518569946,0.9916990399360657,0.010937511920928955,0.0014535841260258121,10,0.0390625,0.008270084857940674,-3.0553029580863207,13.21813879373666,34,6,9.31320513901598,0.0008661880212671617,3,3.6666666666666665,4,0
0.9999949131160975,0.0013105596363456376,1.000084400177002,1.0025115013122559,0.9891144633293152,0.013397037982940674,0.0013105663030442678,3,0.01171875,0.010969936847686768,-3.6021086812571883,25.734988024804135,26,7,15.151732386702804,0.0006265093298519359,3,1.6666666666666667,3,1
0.9999953037673818,7.266276638109384e-05,1.0000067353772502,1.00016009958361,0.9996723201365827,0.00048777944702727005,7.266310762395001e-05,12,0.046875,0.00033441524066746275,-1.4034139227038434,3.580703771999252,35,13,6.290024878716969,5.8011885548270086e-05,9,2.111111111111111,4,2
1.0000026446937116,7.528955466131185e-05,1.0000165087290551,1.0001556592012228,0.9997225287864218,0.00043313041480108616,7.528935554402669e-05,12,0.046875,0.00029397994263336,-0.9152151574510439,1.1347667592392252,35,7,5.542165588610452,5.89911855767032e-05,14,1.8571428571428572,4,2
1.0000103653874248,0.0007112144866556574,1.000096619129181,1.0017493963241577,0.9977714419364929,0.003977954387664795,0.0007112071147183741,9,0.03515625,0.0023251771926879883,-0.28045738883047866,-0.22608334985489797,23,8,5.227936219126241,0.0004977911126379873,17,1.3529411764705883,3,2
1.0000794616062194,0.004386557840913509,1.0024079084396362,1.0070233345031738,0.9922006130218506,0.014822721481323242,0.004386209305676865,30,0.1171875,0.010207295417785645,-0.3747272783473445,-1.4845532532501982,3,223,17.918597570065476,0.0005401012944240196,4,16.0,58,1
1.0000151850760215,8.047494021296239e-05,1.0000183497397948,1.000234899011657,0.9997738283132871,0.0004610706983698698,8.047371821343359e-05,11,0.04296875,0.00024452142650766007,-0.3540770810490756,0.5756162976366404,27,8,4.21024675808709,6.463505305364125e-05,9,2.0,4,2
1.000096699455753,0.0004280163889939424,1.0001012086868286,1.002724528312683,0.9991820454597473,0.003542482852935791,0.0004279750040439755,2,0.0078125,0.0009191632270812988,1.0130281879482677,4.60660270716258,68,6,2.349807741574674,0.0004313244539148667,9,1.3333333333333333,2,2
0.9996820413507521,0.0014649141478102602,0.9998720288276672,1.0037282705307007,0.9897409677505493,0.013987302780151367,0.0014653800780805215,8,0.03125,0.01013106107711792,-5.0256580478218345,29.08307929954919,33,12,13.125100680410974,0.0006208742366117589,2,4.0,4,1
1.0000136350805422,8.072848418613674e-05,1.0000154947906919,1.0004264209346323,0.9997857986022912,0.0006406223323410787,8.072738346176129e-05,10,0.0390625,0.00022969618840062989,0.2759377838095634,2.326909726078071,46,7,3.5586306506892242,6.514817842843462e-05,12,1.4166666666666667,3,2
0.999927147757262,0.0014192974071776368,1.0001380443572998,1.0031347274780273,0.9911900758743286,0.01194465160369873,0.0014194008137102597,10,0.0390625,0.008947968482971191,-3.735796645767698,17.768288647435398,32,9,10.710857668163374,0.0007990879171034869,3,3.6666666666666665,4,0
0.999999455490844,6.589015098347359e-05,1.0000068544229759,1.0001270703769627,0.9997371733250149,0.00038989705194780733,6.589018686128363e-05,13,0.05078125,0.00026968109796099426,-1.0823788906237757,2.196640246199901,42,9,4.915907058068205,6.115419824745645e-05,11,1.7272727272727273,3,2
1.0000072532691848,7.635753948529831e-05,1.0000121578113577,1.0003123421265834,0.9997503684017112,0.0005619737248722112,7.635698564752727e-05,12,0.046875,0.00026178940964649566,-0.373280906168627,1.5284027987164146,33,6,4.516183065843185,6.464592526157346e-05,11,1.8181818181818181,4,2
0.9997474637348205,0.001415708353061872,0.9999832212924957,1.0018664598464966,0.9909886717796326,0.010877788066864014,0.0014160659610709286,9,0.03515625,0.00899454951286316,-3.440535321976647,15.07488748791014,33,15,12.355843336997335,0.0006890596127977558,3,3.3333333333333335,4,0
0.9996641089674085,0.0014791573249078593,0.9999083578586578,1.0016157627105713,0.9905580878257751,0.011057674884796143,0.001479654327527811,10,0.0390625,0.00935027003288269,-3.4850572138874196,15.161927117983108,27,17,12.479037418370497,0.0007062369701909084,3,4.0,4,0
1.0003286004066467,0.0004956836898729923,1.0002830624580383,1.0049328804016113,0.999328076839447,0.005604803562164307,0.000495520861516396,0,0.0,0.0,3.4545478622227206,28.12262340145668,62,7,0.0,0.0004528966604494581,4,1.25,2,2
0.9998919647186995,0.0010409156079987899,1.0000110268592834,1.001346468925476,0.990386962890625,0.010959506034851074,0.0010410280757597963,4,0.015625,0.009624063968658447,-6.963469177853647,56.54266962162923,52,7,16.750693966159794,0.0005008215997733322,1,4.0,4,1
1.0000029032560378,7.208455366118073e-05,1.0000089118649724,1.0002323196102612,0.9997815335072163,0.00045078610304483124,7.208434438187267e-05,16,0.0625,0.00022737835775610282,-0.4441609539760552,0.7679306212900419,38,6,4.518785540539881,5.492229730371297e-05,12,2.090909090909091,4,2
1.0000738706439734,0.00012265357588784112,1.0000919103622437,1.000372290611267,0.9997042417526245,0.0006680488586425781,0.00012264451605846008,11,0.04296875,0.0003876686096191406,-0.3020438291135779,-0.09468098096892597,38,6,4.011609873264726,0.00010946474823297239,18,1.2352941176470589,2,0
1.0003364079166204,0.0004473725782607685,1.0003427863121033,1.001560091972351,0.9988512992858887,0.0027087926864624023,0.00044722212919601917,5,0.01953125,0.0014914870262145996,0.046137676029707066,0.3188917892154155,40,7,3.9473154374729016,0.00042807635139016545,13,1.2307692307692308,2,2
0.9998403319623321,0.0005891072500547127,0.999752014875412,1.0014147758483887,0.9984948039054871,0.0029199719429016113,0.0005892013266743341,1,0.00390625,0.0012572109699249268,0.4149312599007899,-0.4411694829921653,34,9,2.951963736255172,0.00048447800617592006,6,1.0,1,2
1.001702737994492,0.0087851183669128,1.0030748844146729,1.012942910194397,0.9848017692565918,0.028141140937805176,0.008770185039627102,6,0.0234375,0.018273115158081055,-0.5200958154897969,-1.0083045128813668,1,230,35.91629611460666,0.0005826555046380735,2,1.0,1,1
1.002377653028816,0.007912945835318718,0.9997727274894714,1.0150809288024902,0.9884068965911865,0.02667403221130371,0.007894176223311355,0,0.0,0.0,0.33269770003357024,-1.490054518276302,0,0,0.0,0.0006335038764804017,0,0.0,0,1
1.0006831844802946,0.001044879591531434,1.0006633400917053,1.013559341430664,0.9988312125205994,0.014728128910064697,0.0010441662333659507,0,0.0,0.0,7.187138108451697,87.60945823630836,40,6,0.0,0.000582738951140759,4,1.0,1,2
0.9998147811274976,0.0005834276763777985,0.9998906552791595,1.0012130737304688,0.9982011914253235,0.0030118823051452637,0.0005835357582129996,7,0.02734375,0.0016894638538360596,-0.3630702687403231,-0.48685852896217385,29,7,4.23975434292926,0.0004503395043167413,19,1.6666666666666667,3,2
0.9996727365069091,0.0014287973762156013,0.9997856914997101,1.002333641052246,0.9918022751808167,0.010531365871429443,0.0014292651225121477,9,0.03515625,0.007983416318893433,-2.8478876394587442,11.421758504319316,29,9,11.049173762607687,0.0006471535738776712,3,3.0,3,0
0.9999727599788457,0.002890998902295227,1.0004327893257141,1.005348801612854,0.9914909601211548,0.013857841491699219,0.0028910776553117165,1,0.00390625,0.008941829204559326,-0.21333366036226634,-1.181003901065026,10,7,12.750977796050826,0.0006146580565209482,7,4.0,20,1
0.9999459113460034,0.0001484214132363338,0.9999282360076904,1.000422716140747,0.9995801448822021,0.0008425712585449219,0.0001484294415850426,4,0.015625,0.00034809112548828125,0.16842269446890631,-0.2656180014639249,39,9,3.9229291661017225,0.00010158220926920573,7,1.4285714285714286,3,0
0.9998740744777024,0.00137436071407687,1.0000786185264587,1.0020560026168823,0.9921046495437622,0.009951353073120117,0.001374533802963924,11,0.04296875,0.007973968982696533,-3.1121796011864657,12.956546539913315,26,7,11.161638880403673,0.0006812263937557445,3,4.0,4,0
0.9998324457556009,0.00044514777727709865,0.9998247623443604,1.0018364191055298,0.9985024333000183,0.0033339858055114746,0.00044522237617592835,6,0.0234375,0.001322329044342041,0.28811560687678917,1.4705947290179386,55,7,3.2633992406159718,0.00044969717661539715,14,1.2142857142857142,2,2
0.9999347913544625,0.0007513001721456904,0.9998707175254822,1.002038598060608,0.9983898997306824,0.003648698329925537,0.0007513491666071706,0,0.0,0.0,0.18961555435355107,-0.660779553735114,24,6,0.0,0.0004633202272302964,12,1.0833333333333333,2,2
1.0001254549715668,0.0010622182298165525,1.000223696231842,1.0017406940460205,0.9904686808586121,0.011272013187408447,0.0010620849859748354,4,0.015625,0.00975501537322998,-7.094414229790501,57.73289807342447,35,13,17.11655786194029,0.00047614223816815543,1,4.0,4,1
1.0009102472104132,0.001158316925440528,1.0008461475372314,1.0039268732070923,0.9986588358879089,0.00526803731918335,0.0011572635295410503,0,0.0,0.0,0.3484012455787661,-0.6335859581457246,27,6,0.0,0.0005326453377218807,8,1.0,1,2
1.0006125934887677,0.0041286117264850535,0.9999729990959167,1.0075242519378662,0.9912065267562866,0.01631772518157959,0.004126084114222573,3,0.01171875,0.008766472339630127,-0.2615736712751981,-0.7845223692132484,0,0,19.211369758266752,0.0005024054471184225,2,4.0,4,1
0.9999977739324429,6.595105735119212e-05,1.000002861058237,1.00014090665685,0.9997602338496338,0.00038067280721632013,6.595120416302806e-05,16,0.0625,0.00024262720860324105,-0.9449515622052078,1.4458728685981255,41,6,4.765871783984784,5.3623687307879045e-05,11,1.9090909090909092,3,2
0.9998417855240405,0.0015009936587728424,1.000119388103485,1.0018337965011597,0.9918060898780823,0.010027706623077393,0.0015012311752765329,12,0.046875,0.008313298225402832,-3.4191234674731517,14.453705961129995,20,10,10.916849559484994,0.0007026490043191349,3,4.0,4,0
1.0010817316360772,0.005120397629442407,1.0023943185806274,1.0082833766937256,0.9899606108665466,0.018322765827178955,0.005114864718462191,19,0.07421875,0.01243370771408081,-0.6354829292569129,-0.9224313290648096,3,222,24.46885676160418,0.0005411180795407762,3,9.5,18,1
0.9996681252960116,0.0013767353526200094,0.9998851716518402,1.0023411512374878,0.9915128350257874,0.01082831621170044,0.0013771924079427306,12,0.046875,0.008372336626052856,-3.543092521750175,15.954711781666514,20,10,11.120545046463297,0.0007149745436275706,3,4.0,4,0
0.999821949750185,0.0013410386329222338,0.9999882578849792,1.0016131401062012,0.9916531443595886,0.009959995746612549,0.0013412774477068693,9,0.03515625,0.008335113525390625,-3.8266545095997104,17.55908666403236,32,7,10.942441179972302,0.0007262089673210593,3,3.6666666666666665,4,0
1.0002330869901925,0.001153992384205254,1.0000713467597961,1.0150036811828613,0.9984026551246643,0.01660102605819702,0.0011537234662749854,0,0.0,0.0,8.173577721916976,102.1524136284545,44,6,0.0,0.0006164896721933402,0,0.0,0,2
0.9996678684838116,0.0014659338226008457,0.999822586774826,1.0025163888931274,0.9914080500602722,0.011108338832855225,0.0014664208671868347,9,0.03515625,0.008414536714553833,-3.1504487858382246,13.460672542665762,28,6,11.412961036909854,0.0006631357997071509,3,3.3333333333333335,4,0
1.0025741865392774,0.008036228768799916,1.001309871673584,1.0150809288024902,0.9904817342758179,0.024599194526672363,0.008015595131707576,0,0.0,0.0,0.1359636780853701,-1.39019865831308,1,239,0.0,0.0005441740447399663,0,0.0,0,1
1.0000152902211994,0.00045176134837253884,1.000013828277588,1.002724528312683,0.9989339709281921,0.003790557384490967,0.00045175444094720893,1,0.00390625,0.001079857349395752,0.9505131563750113,4.230505610190038,46,7,2.7633341892105263,0.0004277958589441636,11,1.3636363636363635,3,2
0.9999245887156576,0.0014052653080744593,1.0001208782196045,1.0025055408477783,0.9916366338729858,0.01086890697479248,0.0014053712889283353,10,0.0390625,0.008484244346618652,-3.4413962565100453,15.540561358510828,23,13,11.414001354304968,0.0006977656308342428,3,3.6666666666666665,4,0
1.0000276775099337,0.0002109840459325425,1.000032901763916,1.0015753507614136,0.9994961619377136,0.002079188823699951,0.00021097820658113405,5,0.01953125,0.0005367398262023926,1.476595224536095,10.176215396279991,29,6,3.289867257740913,0.00013782417072969326,10,1.2,2,0
1.0000334961805493,0.0004116275247448258,1.0000487565994263,1.0013394355773926,0.9988192915916443,0.002520143985748291,0.00041161373725676607,5,0.01953125,0.0012294650077819824,0.07175905234441587,0.18719361078278896,45,8,3.4105944257131404,0.0004088581777086445,15,1.3571428571428572,3,2
0.9970922342035919,0.008681339668405499,0.9948421120643616,1.0126705169677734,0.9849528670310974,0.027717649936676025,0.00870665658662917,0,0.0,0.0,0.3773304800103523,-1.2883055730528645,2,251,0.0,0.0006084596409517176,0,0.0,0,1
1.000007608100852,6.682002762465694e-05,1.000017045752887,1.000182382016418,0.9997857698103169,0.00039661220610109904,6.681951925501557e-05,14,0.0546875,0.0002312759425701083,-0.7451463728087399,0.9428276754983651,42,6,4.392737915153126,5.859445728778416e-05,12,1.9166666666666667,4,2
0.9997169435955584,0.0005865110552350592,0.9997106492519379,1.0011756420135498,0.9981744885444641,0.0030011534690856934,0.0005866771179506345,5,0.01953125,0.0015361607074737549,0.060962711912397785,-0.30321269984798294,31,6,3.2252043087374,0.0005318370519899854,14,1.2857142857142858,3,2
0.9997329013422132,0.001375157902690162,0.9999131560325623,1.0018525123596191,0.9915490746498108,0.01030343770980835,0.0013755253036525196,9,0.03515625,0.008364081382751465,-3.9102935844084277,17.748046175736963,27,13,10.9567463969088,0.0007140014685836492,3,3.3333333333333335,4,0
0.9990559294819832,0.0005378139501081183,0.9989672005176544,1.0005695819854736,0.9975537657737732,0.0030158162117004395,0.0005383221641925275,4,0.015625,0.0014134347438812256,0.16157355912403065,-0.06086865745734649,43,6,3.1617988555924534,0.0005111801858041801,12,1.0833333333333333,2,2
1.0004745605401695,0.00042065477683620096,1.0004459023475647,1.0018199682235718,0.9994475841522217,0.0023723840713500977,0.0004204552453678421,3,0.01171875,0.0009983181953430176,0.25353264568881245,0.07843174185141999,62,6,2.537512920870401,0.0004372692575641707,11,1.1818181818181819,2,2
1.0003626162651926,0.0004495179111104671,1.0003480315208435,1.001584529876709,0.9991969466209412,0.0023875832557678223,0.0004493549676903375,5,0.01953125,0.0011510848999023438,0.22812945484685931,-0.22495372363204424,59,10,2.7619695337587906,0.0004684920404471603,12,1.0,1,2
1.0009393929503858,0.002000233305192728,1.0010643005371094,1.004842758178711,0.9916717410087585,0.013171017169952393,0.001998356063594227,3,0.01171875,0.00939255952835083,-0.5330582036081729,1.9592067227172336,10,111,14.715734646281348,0.0005591752482395546,6,3.0,10,1
0.9997364282608032,0.0013371991570145193,0.999953031539917,1.0015957355499268,0.9920575618743896,0.00953817367553711,0.001337551697841785,10,0.0390625,0.007895469665527344,-3.1435983747561154,13.561598704824078,28,7,10.482154662327101,0.0007303364136639764,3,4.0,4,0
1.0000839647836983,0.0005624707774143767,1.0000768899917603,1.001584529876709,0.9983454942703247,0.0032390356063842773,0.0005624235536423483,8,0.03125,0.0017313957214355469,-0.07389510248684271,0.2061802055121995,32,9,4.511484439014314,0.00043759696623858285,13,1.3076923076923077,2,2
1.0016344550531358,0.0065612058212707455,1.0024446249008179,1.0109789371490479,0.9857290387153625,0.025249898433685303,0.0065504993245491736,18,0.0703125,0.016715586185455322,-0.6526952527825849,-0.37727298608633086,1,229,34.610688941065035,0.0005565157123640471,3,1.5,2,1
0.9999994000013757,7.611548810660095e-05,1.0000054541464904,1.0004135257942006,0.9997675892303269,0.0006459365638736836,7.611553377581651e-05,13,0.05078125,0.00023786491616351046,-0.12297181075077074,3.7041102895717444,35,13,3.82511529290671,6.129224614943628e-05,10,2.2,4,2
1.000035100383684,0.0006912940275390293,0.999945342540741,1.0024356842041016,0.9986406564712524,0.003795027732849121,0.0006912697637050941,0,0.0,0.0,0.4086985157787818,-0.15878707475076714,45,6,0.0,0.000551294345481723,8,1.0,1,2
0.9999157369602472,0.0004402593103259173,0.9999340176582336,1.0011323690414429,0.9987533688545227,0.002379000186920166,0.0004402964110399038,3,0.01171875,0.0011806488037109375,0.04603540991163867,-0.15947197893464438,40,8,2.8689113344051873,0.00045986385906443875,21,1.0476190476190477,2,2
0.9996554660610855,0.001313704228890015,0.9998639822006226,1.001442313194275,0.9913039803504944,0.010138332843780518,0.0013141570005777762,9,0.03515625,0.008560001850128174,-4.044820371484417,18.71092499889865,29,7,12.022745390192357,0.0006687458823708927,3,3.3333333333333335,4,0
0.9997320510447025,0.0005157427477184664,0.9997460842132568,1.0011415481567383,0.9980173707008362,0.0031241774559020996,0.0005158809774874419,4,0.015625,0.0017287135124206543,-0.19586105504693657,-0.005661425740607129,32,6,4.543578293968938,0.0004300554593404134,16,1.125,2,2
0.9997525413054973,0.0014228281142659904,0.9999825060367584,1.001798391342163,0.9908759593963623,0.010922431945800781,0.00142318029260324,9,0.03515625,0.009106546640396118,-3.472787881592666,15.625588413085403,27,7,11.62146033992744,0.0007494772181791418,4,2.75,4,0
1.0000475132837892,0.0013816933800344584,1.0003158450126648,1.003448724746704,0.9911879301071167,0.012260794639587402,0.0013816277343638246,9,0.03515625,0.009127914905548096,-3.9085159657920956,18.23492675531663,30,8,12.554671354537433,0.0006786528755636776,3,3.6666666666666665,4,0
0.9997026920318604,0.0004165083499238954,0.9997280538082123,1.0011740922927856,0.9985571503639221,0.0026169419288635254,0.00041663221800209116,6,0.0234375,0.0011709034442901611,0.027277015229522122,0.35941419521540796,37,6,3.4865531661125138,0.00037715645397410675,15,1.5333333333333334,7,2
0.9999891205698208,8.058474044653235e-05,1.0000005960624498,1.0001218961122054,0.9993580688836663,0.0007638272285390713,8.058561717212782e-05,14,0.0546875,0.0006425271787835474,-2.458662079157646,14.073446368110812,41,7,10.695805732646468,5.624620270510879e-05,8,2.5,4,2
0.9999551633372903,0.0006989314112317985,0.9999349117279053,1.0027090311050415,0.9984381198883057,0.00427091121673584,0.0006989627503888843,6,0.0234375,0.0014967918395996094,0.16941096992963264,0.08669588621111579,28,7,3.145410393360607,0.0005301117897033691,12,1.5,4,2
0.9999962802969506,7.595842282522254e-05,1.000003099726909,1.0002082193159212,0.9996957937993384,0.0005124255165828151,7.595870536905053e-05,10,0.0390625,0.00030730592757055586,-0.771614145816373,1.3135281185163592,37,8,5.5774516938887695,6.202699107280944e-05,7,2.7142857142857144,4,2
0.998797353124246,0.00481924896474818,0.9999878704547882,1.006224274635315,0.989795982837677,0.01642829179763794,0.004825051798218658,7,0.02734375,0.010191887617111206,-0.48506482744048524,-1.1919393087908228,5,195,19.85566326489099,0.0005475112036162731,3,17.333333333333332,50,1
0.9997891457751393,0.0012681194266998515,0.9999109506607056,1.0056910514831543,0.9909141063690186,0.014776945114135742,0.0012683868714304504,6,0.0234375,0.008996844291687012,-3.351983436100444,22.108307739338176,50,6,11.997467684202642,0.000691526543860342,2,4.0,4,0
0.9997971514239907,0.0015722379905345142,1.0000863671302795,1.003279685974121,0.9914404153823853,0.01183927059173584,0.0015725569814789007,14,0.0546875,0.008645951747894287,-2.867326903094629,10.186542124456423,21,6,10.58497923184185,0.0007823560752120673,4,4.0,4,0
0.9999668488744646,0.0004453880204526646,0.999919056892395,1.001168131828308,0.9989182353019714,0.00224989652633667,0.00044540278605633896,1,0.00390625,0.001000821590423584,0.2166207690086681,-0.27261087138222395,43,6,2.558273301886313,0.0004479230618944355,11,1.0909090909090908,2,2
1.000146315433085,0.0008015492643590014,1.0002447962760925,1.0025291442871094,0.9981867074966431,0.004342436790466309,0.0008014320024884692,10,0.0390625,0.002058088779449463,-0.28155721559010893,-0.43801200941017226,26,6,4.436389227539704,0.0005101381563672832,14,2.0714285714285716,6,2
1.000340212834999,0.0005277421242742561,1.0003473162651062,1.0019806623458862,0.9989337921142578,0.003046870231628418,0.0005275626406926265,5,0.01953125,0.0014135241508483887,-0.001009687782850197,-0.36820700170161746,31,7,3.555261926942355,0.000444180357689951,14,1.0714285714285714,2,2
0.9999935733630567,7.065190474479584e-05,0.9999979140079491,1.000188693099435,0.9997393730285477,0.00044932007088738235,7.065235880185505e-05,13,0.05078125,0.00025854097940147813,-0.7737188969760797,1.2864875363323973,41,9,4.9945895305539985,5.6281756369187835e-05,10,2.1,4,2
0.9999881378041864,7.929406290649089e-05,0.9999956487120605,1.0002746676003458,0.9997627057905867,0.0005119618097590983,7.929500351934968e-05,15,0.05859375,0.0002329429214737999,-0.37920808683463475,1.0050212305453528,37,9,3.93090792325033,6.225251962186982e-05,10,2.4,4,2
1.0007457826286554,0.0035890629028887074,1.0022795796394348,1.0051229000091553,0.9933178424835205,0.011805057525634766,0.0035863882368420566,38,0.1484375,0.008961737155914307,-0.7520655218713386,-0.9488194316820335,3,232,19.46470091818935,0.0005288479374904258,2,1.0,1,1
0.9999946495670358,6.957754188009044e-05,1.0000030695465267,1.0001954811434597,0.9997616804402522,0.00043380070320753195,6.957791415205591e-05,17,0.06640625,0.000241389106274581,-0.6984413409842161,0.8826483920202395,31,14,4.610403058502926,5.830044018568269e-05,12,2.0833333333333335,4,2
0.9998837797902524,0.0007606043416730084,0.9998860359191895,1.002087116241455,0.9977700114250183,0.004317104816436768,0.0007606927495439138,5,0.01953125,0.0021160244941711426,0.015521923902855332,-0.028218633435587837,30,9,4.582689181547013,0.000522913652307847,16,1.25,3,2
1.000381455058232,0.005400074235276384,0.9980601966381073,1.0121532678604126,0.9942322969436646,0.017920970916748047,0.005398015135098687,0,0.0,0.0,0.9274339094839581,-0.6222128471087087,9,183,0.0,0.0006002253177119236,0,0.0,0,1
1.0010039436165243,0.0005377307017830276,1.0009880661964417,1.0047985315322876,0.9993683099746704,0.0054302215576171875,0.0005371913919142634,4,0.015625,0.0016197562217712402,1.268578221464275,8.719875488107636,62,6,3.0413698607567325,0.0005745242623721852,11,1.0909090909090908,2,2
1.0004526053089648,0.0005349185680229959,1.0004369020462036,1.0021562576293945,0.9986821413040161,0.003474116325378418,0.0005346765705685775,9,0.03515625,0.0017547607421875,-0.2795728001396148,0.24406482908562577,33,6,4.8901454014395895,0.00041175402846990847,9,2.0,8,2
0.999381645116955,0.0038019029784054884,1.000423789024353,1.005356788635254,0.9919252395629883,0.013431549072265625,0.003804255358282632,10,0.0390625,0.008498549461364746,-0.41062925936982464,-1.1044998570714186,0,0,17.477166685633094,0.0005396354432199515,3,16.666666666666668,48,1
1.0000026782657967,6.774306048283524e-05,1.0000088213200848,1.0001739246325798,0.9997671126040065,0.000406812028573289,6.774287904939931e-05,10,0.0390625,0.0002417087160783149,-0.5790356279659721,1.0682278635686888,36,8,4.5264424134884305,5.946738632871496e-05,12,1.8333333333333333,3,2
1.0003721897955984,0.00101681718933798,1.00039541721344,1.0027772188186646,0.9980924129486084,0.004684805870056152,0.0010164388811585631,3,0.01171875,0.002303004264831543,-0.02732628804161898,-0.9395690493153421,25,9,4.958247511551979,0.0005139696831796683,13,1.5384615384615385,4,2
1.0021775362547487,0.010503054971082221,1.0032868385314941,1.017230749130249,0.984602153301239,0.03262859582901001,0.010480233881846256,0,0.0,0.0,-0.2777860528618211,-1.3203072910813956,3,230,0.0,0.0006252454776389926,2,40.0,40,1
1.000219981186092,0.0005097300356054679,1.0002118349075317,1.003712773323059,0.9991071820259094,0.004605591297149658,0.0005096179292489381,1,0.00390625,0.0011046528816223145,1.607981811647798,8.241086249789058,58,8,2.3831260245497328,0.0004891503090951957,8,1.0,1,2
1.0000071404679143,8.441672205098442e-05,1.0000140977849412,1.0003727052440468,0.9996373815671965,0.0007353236768502525,8.441611928039325e-05,14,0.0546875,0.0003767162177447103,-0.8376898982687415,3.796304502693709,27,9,6.168266286801026,6.156046200389478e-05,8,2.5,4,2
0.999754244228825,0.0014283899729389854,0.999953955411911,1.003031611442566,0.9907742738723755,0.01225733757019043,0.0014287410943084266,12,0.046875,0.009179681539535522,-3.654294090333347,17.344155288949363,24,9,11.559567401388884,0.0007196223034578211,3,4.0,4,0
0.9997421728912741,0.0013250484897132052,0.9999137818813324,1.001837968826294,0.9920644760131836,0.009773492813110352,0.0013253902112393026,9,0.03515625,0.007849305868148804,-3.6397486254058573,16.334132103891942,28,12,10.647175019688957,0.0007056755178114948,3,3.3333333333333335,4,0
0.9986624042503536,0.006027035867916303,0.9986144304275513,1.0354231595993042,0.9898721575737,0.04555100202560425,0.006035108403265166,0,0.0,0.0,0.8634285749425139,3.5814793083153944,10,229,0.0,0.0008245524238137638,0,0.0,0,1
1.000073231801171,0.0001724092595194792,1.000081414994997,1.000480773350331,0.9994906563466323,0.000990117003698665,0.00017239663460341139,7,0.02734375,0.0005907586483647753,-0.3203287427404784,0.33298206050715695,28,16,8.18581533574809,7.174362475394829e-05,6,2.6666666666666665,7,2
0.9999791956453106,0.00011719760958876419,1.0000088218346805,1.000145142457471,0.999512452797713,0.0006326896597580456,0.00011720004786012949,15,0.05859375,0.0004963690369675922,-2.2036628249830676,5.487746549334178,20,41,9.26758931978389,5.861419605660317e-05,6,3.5,14,2
0.9997467587236315,0.001350000257629528,0.9999043047428131,1.001984715461731,0.9910915493965149,0.010893166065216064,0.0013503422200168594,9,0.03515625,0.008812755346298218,-3.087716737457088,13.72186157021245,32,7,11.74996654085981,0.0007268844866285138,3,3.6666666666666665,4,0
0.999760193284601,0.001552909887325843,0.9999989569187164,1.0031135082244873,0.9905844330787659,0.012529075145721436,0.0015532823748702477,11,0.04296875,0.009414523839950562,-3.6587091490214463,16.577516359713847,31,8,10.919045296033307,0.0008107708949668734,3,4.0,4,0
0.9995352535042912,0.0014876806042090325,0.9997066259384155,1.0036226511001587,0.9913039803504944,0.012318670749664307,0.0014883723200290761,12,0.046875,0.008402645587921143,-3.114974550684799,13.130713904960391,26,10,9.910115449898266,0.000773473814422009,4,3.6666666666666665,4,0
0.9999767560511827,0.00015149476725048538,0.999994695186615,1.000445008277893,0.9995262026786804,0.0009188055992126465,0.0001514982886689531,8,0.03125,0.0004684925079345703,-0.3876674756353406,0.2455471562930036,37,7,4.385619746131462,0.00011957556593651866,12,1.9166666666666667,6,0
1.0004443554207683,0.0006661519815089669,1.0004885792732239,1.0023945569992065,0.9982688426971436,0.004125714302062988,0.0006658561047393743,5,0.01953125,0.0022197365760803223,-0.14150086567054698,0.046796723630889936,36,7,5.36609272734263,0.0004686313516953412,14,1.4285714285714286,4,2
1.0004497664049268,0.002855324386992839,1.0007069110870361,1.0055357217788696,0.9939019083976746,0.011633813381195068,0.0028540407353517855,12,0.046875,0.006805002689361572,-0.43117182398046927,-0.4724085821911652,3,115,13.796762028661346,0.0005646885610094257,4,8.75,31,1
1.0000313217751682,0.0006538453834687921,0.9999876618385315,1.0020755529403687,0.9982045292854309,0.003871023654937744,0.0006538249045121336,4,0.015625,0.001783132553100586,0.07455850859284606,-0.07401733237899855,28,7,4.181051191057611,0.0004791869836695054,9,1.2222222222222223,2,2
0.99998959293589,0.00012437607719550166,1.0000000894069672,1.000445008277893,0.9995312690734863,0.0009137392044067383,0.00012437737159878173,11,0.04296875,0.00046882033348083496,-0.6409155858363365,1.755321942490749,55,7,4.812818640016062,0.0001088869337942086,10,2.1,8,0
1.0000035121435655,7.065948829780917e-05,1.000008225820963,1.0001960470734714,0.9997033630845162,0.0004926839889551893,7.065924013241359e-05,12,0.046875,0.0003048627364468093,-0.9915130131111843,2.1331714404056017,32,6,5.889466185711484,5.8748480833883574e-05,8,2.2857142857142856,3,2
0.9997718527447432,0.001359732968655141,0.9999504089355469,1.0027501583099365,0.9908677339553833,0.011882424354553223,0.0013600432587916648,10,0.0390625,0.009082674980163574,-3.005381486376275,13.216272782938368,40,7,12.63127265355427,0.0007124068690281288,3,4.0,4,0
1.0000400606077164,0.0014049237182755655,1.0002620220184326,1.002079963684082,0.9917052984237671,0.010374665260314941,0.0014048674384322208,9,0.03515625,0.008556723594665527,-3.645003533951782,15.697827384964302,24,9,11.470112725265844,0.0007274256033055923,3,3.6666666666666665,4,0
0.9999499148011668,0.00013385540730061896,0.9999607809759361,1.0001797637941892,0.998585292209568,0.0015944715846211155,0.00013386211181110524,4,0.015625,0.0013754887663680604,-4.186335126986036,40.150628585680145,33,7,13.231557002329186,6.712079456419617e-05,5,1.8,3,2
0.999999098775751,7.70064414648166e-05,1.000002950443255,1.0002609237726767,0.9997218826381818,0.0005390411344948776,7.700651086495151e-05,9,0.03515625,0.0002810678050731985,-0.12598990513645328,1.5261655775046226,44,7,4.65930708963485,6.516003532874673e-05,10,2.0,4,2
1.0003690891899168,0.0004534391743535506,1.0003710985183716,1.0015475749969482,0.9988776445388794,0.0026699304580688477,0.00045327187660380283,6,0.0234375,0.0014934539794921875,-0.02449875452752492,-0.03580859839319617,59,10,3.4906507939275033,0.00046950181325276693,14,1.0714285714285714,2,2
1.0003772710915655,0.003480093104175342,1.0014822483062744,1.0058475732803345,0.9934826493263245,0.01236492395401001,0.0034787806607981257,14,0.0546875,0.007999598979949951,-0.5164991518452957,-1.0792436293821512,10,172,12.642415170914,0.0006091786365883023,5,12.6,56,1
0.9997280267998576,0.0013503591880328568,0.9999134838581085,1.0016924142837524,0.9922764301300049,0.009415984153747559,0.0013507265494550294,11,0.04296875,0.007637053728103638,-3.209192968957873,13.585501945335395,31,9,9.896844471551663,0.0007702425414440678,3,3.6666666666666665,4,0
1.0009106723591685,0.0005440132066750974,1.000940203666687,1.0023047924041748,0.9993211627006531,0.0029836297035217285,0.0005435182396375556,9,0.03515625,0.0016190409660339355,-0.24511307592489834,-0.212758647639415,36,7,4.157170531128373,0.0004413160623288622,12,1.75,7,2
1.000453295884654,0.005867786539326358,0.9988826215267181,1.0117628574371338,0.992178201675415,0.01958465576171875,0.005865127900985872,0,0.0,0.0,0.4726172467308076,-1.0933110546141263,4,201,0.0,0.0005744326348398246,0,0.0,0,1
0.9999930501287273,8.700944949109855e-05,1.000006646252571,1.0001807316460516,0.9995293900528558,0.0006513415931957978,8.701005419977467e-05,12,0.046875,0.0004772561997151703,-1.860660709762798,6.629609916512923,22,8,8.817876045713104,5.526196819502232e-05,7,3.2857142857142856,4,2
0.9999835381815518,8.121142497562785e-05,0.9999900115653709,1.0001924283068897,0.9997041825131114,0.0004882457937782636,8.121276188536969e-05,13,0.05078125,0.00028582905225948974,-0.7247998839000735,1.182965454870211,26,6,4.87424999141133,6.60190054579112e-05,11,1.9090909090909092,3,2
1.0000024210925265,9.56941257589007e-05,1.0000153211977485,1.0002280594146633,0.9997221053864215,0.0005059540282418284,9.569389407512892e-05,11,0.04296875,0.0002932158113270189,-0.28992697902938597,-0.264863604880337,25,8,5.942545743433137,5.636502063971461e-05,12,1.75,3,2
0.999968048883602,0.0009971952608431004,1.000083565711975,1.001106858253479,0.9904844164848328,0.01062244176864624,0.0009972271233629941,4,0.015625,0.009599149227142334,-6.987693766105145,56.74478687562918,50,7,18.225858407567273,0.000444180825177361,1,4.0,4,1
0.9998061375226825,0.0014262945505390005,0.999969094991684,1.0016528367996216,0.9915289282798767,0.010123908519744873,0.0014265711091482895,10,0.0390625,0.008440166711807251,-3.5746931804639,16.349303058773113,26,6,11.065758064273908,0.0007154256689782236,3,3.6666666666666665,4,0
0.999716259771958,0.004066830235264013,0.9999786913394928,1.0068342685699463,0.9925429224967957,0.014291346073150635,0.004067984486109772,0,0.0,0.0,-0.07740427756647181,-1.1334377167069027,3,177,0.0,0.0005159656206766765,10,2.7,8,1
0.9995608411263674,0.0010243287869164096,0.9994017481803894,1.0026286840438843,0.9974764585494995,0.005152225494384766,0.001024778827632075,0,0.0,0.0,0.2257973729008696,-0.8394064275787487,15,9,0.0,0.0004337871775907629,4,1.25,2,2
0.9999747551046312,0.0011520880909827783,1.0001059174537659,1.0023853778839111,0.9928640127182007,0.00952136516571045,0.0011521171760603406,7,0.02734375,0.0072419047355651855,-3.424476047816747,17.469378023809213,37,9,11.612889531957336,0.00060120844373516,2,4.0,5,0
1.0034839981235564,0.005252332112364492,1.0034185647964478,1.0114412307739258,0.9943471550941467,0.017094075679779053,0.005234096529875891,0,0.0,0.0,-0.1700897414193538,-1.298835353959625,4,222,0.0,0.0005496908636654124,6,3.5,14,1
0.9999293892178684,0.0014341184202090985,1.0001021027565002,1.0019079446792603,0.9918887615203857,0.010019183158874512,0.0014342196915832696,12,0.046875,0.008213341236114502,-3.2724155072956096,13.673946138549326,17,9,11.508066720500924,0.000672008477005304,3,4.0,4,0
1.0001154791098088,0.0004383332858397419,1.0000937581062317,1.0017178058624268,0.9989286661148071,0.002789139747619629,0.0004382826733467792,3,0.01171875,0.0011650919914245605,0.32212787538208293,0.49467774754380267,64,8,2.747590281716919,0.00047002189299639535,13,1.0769230769230769,2,2
1.0000150790438056,0.0015142288391254265,1.0002623796463013,1.0027577877044678,0.9919772148132324,0.010780572891235352,0.0015142060063467262,12,0.046875,0.008285164833068848,-3.0719153350980166,11.972239247885739,21,9,10.794601625670749,0.0007003382140514898,4,4.0,4,0
0.9998483832459897,0.0013325459935330944,1.000102698802948,1.001617193222046,0.9914174675941467,0.01019972562789917,0.0013327480604679361,9,0.03515625,0.00868523120880127,-4.15192776585218,19.844542976985895,26,8,12.876739765300139,0.0006000114422218473,3,3.3333333333333335,4,0
1.0000000854297215,6.651471355561253e-05,1.0000040524456018,1.0001768013078767,0.9997575579556383,0.0004192433522384187,6.651470787327956e-05,9,0.03515625,0.0002464944899635002,-0.42167231641419073,0.5211961240706198,42,16,4.886962038343414,5.5695152035360383e-05,8,2.25,4,2
0.9999846309407376,8.906842489670129e-05,1.0000015795548687,1.000164965656987,0.9996696254390224,0.0004953402179647126,8.906979381564093e-05,12,0.046875,0.0003319541158463002,-0.6923518308535175,0.5580317988006236,35,11,6.3572928044306485,5.859170841434809e-05,15,1.6,3,2
0.9982461782637984,0.0006716425377177216,0.9982933700084686,0.9997323751449585,0.9966441988945007,0.0030881762504577637,0.0006728225485279364,7,0.02734375,0.0016491711139678955,-0.16858124025729762,-0.5645207247846007,29,8,3.778346621670819,0.0004896603378595091,16,1.25,3,2
0.9997506244108081,0.0013966432926389666,0.9999283254146576,1.0026206970214844,0.9913403391838074,0.011280357837677002,0.001396991668259335,12,0.046875,0.00858798623085022,-3.2699408586919363,14.461697494988929,18,7,12.228429070690678,0.0006663766561769972,3,4.0,4,0
1.0000035572917594,7.652066112534489e-05,1.000007390250234,1.000169032203615,0.9997551611376531,0.0004138710659619127,7.652038891999596e-05,12,0.046875,0.0002522291125809373,-0.6966987962724404,0.734615061735747,39,10,4.984904917815,5.7174534886134e-05,13,1.8461538461538463,4,2
0.9998597714584321,0.0015990756537858507,1.0002214908599854,1.002542495727539,0.9911325573921204,0.011409938335418701,0.0015992999212813416,11,0.04296875,0.00908893346786499,-2.83245625702447,10.458459458735987,24,8,12.562165674527563,0.0006776625034855861,4,3.0,3,0
1.0000090310213754,6.787039487834019e-05,1.0000171069465258,1.00016009958361,0.9996723201365827,0.00048777944702727005,6.78697819448887e-05,13,0.05078125,0.0003447868099430984,-1.2024208385418318,3.3150948338731627,36,7,6.56405055295977,5.544231483643741e-05,10,2.3,4,2
0.9991631677839905,0.0025683378158783384,0.9987893402576447,1.0059916973114014,0.9878752827644348,0.018116414546966553,0.002570488883787186,2,0.0078125,0.010914057493209839,0.3218408794603051,1.683661229541026,6,184,16.23988379065144,0.0006062841882892683,1,2.0,2,1
0.9999915734066478,0.00011056601559288421,1.000003516515847,1.000205027635222,0.9990691695203352,0.0011358581148867009,0.00011056694729558727,8,0.03125,0.0009343469955117589,-3.4724304606148935,22.981952197940068,28,11,12.701802228587036,6.641441759280787e-05,9,2.111111111111111,3,2
0.9979980832431465,0.003472862312130382,0.9987935423851013,1.0051902532577515,0.9911814332008362,0.014008820056915283,0.0034798286393945646,3,0.01171875,0.007612109184265137,-0.15499981300502635,-0.8815494236559536,5,202,14.260930094049701,0.000599065013960296,4,11.0,35,1
0.9999971239233083,7.466013331335728e-05,1.0000065558808697,1.0001699676060336,0.9997766826666057,0.0003932849394279181,7.466034804224408e-05,18,0.0703125,0.0002298732142640425,-0.7752761150799984,0.6895362863110881,24,8,4.37157802655252,5.8909686044835335e-05,8,3.0,4,2
0.9994540957268327,0.004814995160640771,0.9997960329055786,1.0092166662216187,0.9828674793243408,0.026349186897277832,0.004817625122781816,3,0.01171875,0.016928553581237793,-0.1091411585749343,-0.12391511617896178,3,230,24.190518044936375,0.0006323019663492838,8,1.875,5,1
0.9997323318384588,0.0014787070492870524,0.9999371469020844,1.0029228925704956,0.9911501407623291,0.011772751808166504,0.0014791029580565657,12,0.046875,0.008787006139755249,-3.2518722678787184,14.557451137607682,29,6,10.87558815707413,0.0007626856074613684,3,4.0,4,0
0.9998943191021681,0.0011108775102986516,1.0000131726264954,1.0056968927383423,0.9902257323265076,0.015471160411834717,0.0011109949212394147,4,0.015625,0.009787440299987793,-5.454783106747438,48.14265992264291,50,10,14.734811244325414,0.000544280865613152,1,4.0,4,1
0.9998728467617184,0.0006849238823939465,0.9997819662094116,1.0018831491470337,0.9980394244194031,0.0038437247276306152,0.0006850109837587898,1,0.00390625,0.001742541790008545,0.12062199028028561,-0.6964630724314098,28,8,3.9024597234854537,0.0005020854519862754,7,1.0,1,2
1.0000093150883913,0.0005263967566493138,0.999955028295517,1.0016629695892334,0.9987745881080627,0.0028883814811706543,0.0005263918532626722,2,0.0078125,0.0011804401874542236,0.207894439199119,-0.21297967300727105,40,6,2.8281440650442815,0.0004752841650270948,12,1.1666666666666667,2,2
1.000427768100053,0.0007232326366526504,1.0004830360412598,1.0021440982818604,0.9982522130012512,0.003891885280609131,0.0007229233930863059,9,0.03515625,0.002230823040008545,-0.44054564829021975,0.008777823995921974,41,9,5.146015008802768,0.00047687315473369526,12,1.75,5,2
0.9991371708456427,0.0017323467170869448,0.9991920292377472,1.0025620460510254,0.9893733859062195,0.013188660144805908,0.0017338427271409924,2,0.0078125,0.00981864333152771,-1.0700894530461356,4.720984392248614,15,114,13.523881734344814,0.0006370495347415699,4,2.0,3,1
1.0003654325846583,0.0014405689557874812,1.0001060962677002,1.00401771068573,0.9973950982093811,0.006622612476348877,0.0014400427172552963,0,0.0,0.0,0.19478952899060623,-1.0668737567655,8,7,0.0,0.0004843015296786439,4,1.0,1,2
1.0010011328849941,0.0031071507481667607,1.0006430745124817,1.0072851181030273,0.9955954551696777,0.01168966293334961,0.003104043188454357,0,0.0,0.0,0.34455224044257055,-1.0636054362871126,13,171,0.0,0.0004746004646899653,1,1.0,1,1
1.0009406539611518,0.005544543285182789,1.0032369494438171,1.0083763599395752,0.9891139268875122,0.01926243305206299,0.005539332689945853,34,0.1328125,0.014123022556304932,-0.8358586934338749,-0.7143598688807606,4,203,28.396726647196157,0.0005610246284335267,2,24.5,48,1
1.000315478304401,0.002206630708243459,1.0004007816314697,1.0043787956237793,0.9945357441902161,0.009843051433563232,0.0022059347836782847,17,0.06640625,0.005865037441253662,-0.5781289246683592,-0.200286696149373,5,114,13.45243362455664,0.00048708237853704715,4,3.0,6,1
0.9999154349789023,0.002280941585035391,0.9993750751018524,1.00376558303833,0.9879489541053772,0.01581662893295288,0.0022811344892215988,3,0.01171875,0.01142612099647522,-0.5290156717251507,1.7280652651546289,3,6,16.070671401355394,0.0006407665271385044,1,3.0,3,1
0.9999905692383229,7.030481724491787e-05,0.9999995232133845,1.0001355331261674,0.9997465223860758,0.0003890107400916776,7.030548027914698e-05,16,0.0625,0.00025300082730872475,-1.0020407045138022,1.3539694346303497,29,9,5.1953824495710235,5.426032852969461e-05,9,2.4444444444444446,4,2
0.9999506815802306,0.0001350536680629942,0.9999521970748901,1.0003952980041504,0.9996461272239685,0.0007491707801818848,0.00013506032902499524,3,0.01171875,0.00030606985092163086,0.15049328381297156,-0.289532264179023,45,7,2.585182680203809,0.00012997014849793677,15,1.1333333333333333,2,0
0.9997158367186785,0.0016002124547681393,0.9999627470970154,1.0027977228164673,0.9911168217658997,0.011680901050567627,0.0016006673056420146,11,0.04296875,0.008845925331115723,-3.2080550434997694,13.485059576378635,21,11,11.489336341288917,0.0007215095501320035,4,3.25,4,0
0.999999762504941,0.00011525581678172157,1.0000020565882664,1.0002905842792527,0.9996910251477721,0.0005995591314805759,0.00011525584415441508,5,0.01953125,0.00031103144049426934,-0.012878956183035877,-0.09487135726018625,28,6,5.6303390197904015,5.90528532331673e-05,10,2.2,3,2
0.9999592145904899,0.001545278367646779,1.0002806186676025,1.0027759075164795,0.991044282913208,0.011731624603271484,0.0015453413950284082,9,0.03515625,0.009236335754394531,-3.374747171263773,14.210571953468108,35,9,11.972577063440829,0.0007247214223824295,3,4.0,4,0
1.00000414182432,0.0004427709256281068,1.0000256896018982,1.0012657642364502,0.9988723397254944,0.0023934245109558105,0.00044276909175631444,5,0.01953125,0.0011533498764038086,0.07554402759672255,-0.24049132687109553,38,7,3.09024770277052,0.0004134998602025649,16,1.125,2,2
0.9996657746378332,0.0013077880753017306,0.9998937845230103,1.0013370513916016,0.9915667772293091,0.00977027416229248,0.0013082253173822285,9,0.03515625,0.008327007293701172,-3.5004982113090968,15.680753036489886,27,6,10.967005202417411,0.0007701193585115321,4,3.0,4,0
1.000505144475028,0.0006710946047463644,1.0005515217781067,1.0020354986190796,0.9986473917961121,0.0033881068229675293,0.0006707557761719381,10,0.0390625,0.001904129981994629,-0.23678934802257418,-0.35937092902922974,40,6,4.364275601231966,0.00046987019333184934,15,1.7333333333333334,4,2
1.000006607112178,0.00010501925151715253,1.0000035165795067,1.0012076963564303,0.9997598745374964,0.001447821818933881,0.00010501855764776137,2,0.0078125,0.00024364204201032802,5.592405856344818,64.79758303921143,62,7,2.412221393180548,7.08829146806935e-05,7,1.7142857142857142,3,2
1.002315448364243,0.009990216230817998,1.0008697509765625,1.017995834350586,0.9868951439857483,0.031100690364837646,0.009967137837815245,0,0.0,0.0,0.09740967109393737,-1.3358909684394538,1,218,0.0,0.0005693356196085612,0,0.0,0,1
1.0006076756399125,0.0007542527285009347,1.0007116794586182,1.0024524927139282,0.9980833530426025,0.004369139671325684,0.0007537946658450047,14,0.0546875,0.002628326416015625,-0.495975272780571,0.16126438057687897,16,7,6.480068490194471,0.00045471542021807503,14,1.6923076923076923,5,2
1.0000096501769513,7.134732582451298e-05,1.0000159444969496,1.0002113572641096,0.9997897140987935,0.0004216431653161212,7.1346637316838e-05,11,0.04296875,0.00022623039815616863,-0.4891273274306237,0.2749917929040122,38,9,4.487167187861153,5.6548560667089715e-05,11,2.3,4,2
1.0000803105067462,0.0010487863133390315,1.0001762509346008,1.0017722845077515,0.9902673959732056,0.011504888534545898,0.001048702091542634,3,0.01171875,0.009908854961395264,-6.608453371396368,54.19294616820465,15,11,16.106322552997458,0.0004858804684059293,1,3.0,3,1
0.9996847424190491,0.0006411146582877142,0.9996342062950134,1.0013093948364258,0.9984637498855591,0.0028456449508666992,0.0006413168382827743,0,0.0,0.0,0.3271165008561046,-0.5575760354505883,38,10,0.0,0.0004885313557643516,11,1.0909090909090908,2,2
0.9997036282438785,0.001463189074830703,0.9999052286148071,1.0018532276153564,0.9913257956504822,0.010527431964874268,0.001463622851305444,12,0.046875,0.008579432964324951,-3.645183950822156,15.616743765999438,27,6,11.385904659887885,0.0007418513298034668,3,4.0,4,0
1.0003107923548669,0.001134784478694219,1.0004034638404846,1.001634120941162,0.9895634651184082,0.012070655822753906,0.0011344319059307388,4,0.015625,0.010839998722076416,-6.914305471237897,56.56756193882658,42,18,18.00262691528317,0.0005359897426530426,1,4.0,4,1
0.999926789663732,0.0001258963167539664,0.9999386072158813,1.000243067741394,0.9993903040885925,0.0008527636528015137,0.00012590553434047345,10,0.0390625,0.0005483031272888184,-0.8354299710050577,1.6301860484312192,33,9,5.428211291981568,0.00011362047756419462,13,1.4615384615384615,6,0
0.9995963526889682,0.0013473511893434575,0.9998140037059784,1.0014066696166992,0.9908759593963623,0.010530710220336914,0.0013478952636421793,10,0.0390625,0.008938044309616089,-3.346007139466348,14.951947425870443,34,7,11.676877299243532,0.0007393173142975452,4,3.0,4,0
0.9999872092894624,0.0001476182264636862,0.9999732976597839,1.0004205468396485,0.9996734577480375,0.0007470890916110307,0.00014762011462984197,2,0.0078125,0.00029983991174642455,0.1859180495703775,-0.5428564033836829,16,14,5.788564100042964,5.673150978755928e-05,6,2.0,4,2
1.0002601970918477,0.000621354661017631,1.0002875924110413,1.0028780698776245,0.9986756443977356,0.004202425479888916,0.0006211930283981658,5,0.01953125,0.001611948013305664,0.20468555529398522,0.4234823634938816,42,8,3.6859461678235825,0.0004835979611265893,16,1.1875,2,2
0.9984975189436227,0.002343034751045652,0.9985048174858093,1.004547119140625,0.9933133125305176,0.011233806610107422,0.002346560413614753,1,0.00390625,0.005191504955291748,0.34454994299548997,-0.507386243668948,9,14,7.792189258344329,0.0006094563241098441,4,1.25,2,1
0.9998366569634527,0.0017813384821952338,0.9998537003993988,1.0229346752166748,0.9900441765785217,0.032890498638153076,0.0017816294989675973,4,0.015625,0.009809523820877075,7.1577528979086855,114.13641464032963,49,8,6.398293757870088,0.0006946566058140175,1,4.0,4,1
1.0017932483460754,0.0048328950026714996,1.000507414340973,1.0117628574371338,0.9948291778564453,0.016933679580688477,0.004824243935213614,0,0.0,0.0,0.58856233975738,-0.863229773578011,2,250,0.0,0.0005902923789678835,0,0.0,0,1
0.9989989367313683,0.0018640471975757595,0.9992037117481232,1.003602147102356,0.9951245784759521,0.008477568626403809,0.0018659150966413927,5,0.01953125,0.0040791332721710205,0.010754122217495022,-0.4361548259908594,13,131,9.702620466198615,0.0004819643263723336,8,3.5,7,1
1.0000030952581218,8.035771415121476e-05,1.0000121589437467,1.0002661197171987,0.9997026503281617,0.0005634693890369524,8.035746542411726e-05,13,0.05078125,0.00030950861558498577,-0.7423461384785045,1.5985993863010046,25,10,5.883597337161496,5.847531768998683e-05,8,2.875,5,2
1.0000037812358105,0.0001285674356783799,1.0000035171639619,1.0003478159033619,0.999650274399294,0.0006975415040678667,0.00012856694953642628,8,0.03125,0.0003532427646678604,0.08908122550300128,0.11007366798230933,19,19,6.703117669477893,5.9441727880140854e-05,6,3.2,8,2
1.00033054407686,0.0005451390341067794,1.0004045963287354,1.0018020868301392,0.9986473917961121,0.0031546950340270996,0.0005449589011698656,13,0.05078125,0.001757204532623291,-0.4024449991640039,-0.09572460409755035,33,8,4.677201054901782,0.00042067766189575196,14,1.8571428571428572,4,2
1.0013873467687517,0.0038434788476827074,1.0020066499710083,1.0069851875305176,0.9912968873977661,0.015688300132751465,0.003838153997136808,24,0.09375,0.010709762573242188,-0.7290182960632279,-0.3887892820531449,3,169,15.97071782954616,0.0006316308881722245,4,9.75,32,1
0.9997114019934088,0.000496277352666437,0.9997057318687439,1.0013585090637207,0.9985143542289734,0.0028441548347473145,0.0004964206186674152,5,0.01953125,0.0011913776397705078,0.1347951729705118,0.1949705659269667,50,9,2.6310612750023656,0.0005092253871992522,19,1.105263157894737,2,2
0.9996514429803938,0.001374474100945686,0.9997914731502533,1.0015771389007568,0.9917542934417725,0.009822845458984375,0.0013749533505876643,12,0.046875,0.008037179708480835,-3.469422401124129,15.351756123482613,27,7,11.09074633778942,0.0006710279221628226,4,3.25,4,0
0.9997523766942322,0.0014481932145310032,0.9999299645423889,1.0020993947982788,0.9914153218269348,0.010684072971343994,0.00144855190974347,10,0.0390625,0.008514642715454102,-3.6146222975552273,16.488918900326762,16,7,11.325070380972555,0.0007018577818777047,3,4.0,4,0
0.9996402822434902,0.0007697911010251042,0.9994572997093201,1.0039961338043213,0.9981099963188171,0.00588613748550415,0.0007700681081973447,0,0.0,0.0,1.1240013440203636,2.98701707430597,29,7,0.0,0.0004537376703000536,4,1.0,1,2
1.00077267549932,0.0004998780604418994,1.000752329826355,1.002329707145691,0.9994907975196838,0.00283890962600708,0.0004994921151224407,1,0.00390625,0.0012615323066711426,0.3887926273111931,-0.10754667218708214,35,6,3.1747135601767917,0.0004474812862919826,11,1.0,1,2
1.0000078337749423,0.00011292745654649749,1.0000053634308412,1.0002656686076725,0.99969452281675,0.0005711457909225448,0.00011292657190514818,5,0.01953125,0.00031084061409125674,0.051189173355577315,-0.22996409374867,24,9,5.368951715067914,6.522352564263843e-05,10,1.5,4,2
1.001049849204719,0.0037958160660143607,0.9998688101768494,1.0082446336746216,0.9871730804443359,0.021071553230285645,0.003791835210833841,2,0.0078125,0.012695729732513428,0.20964897831641702,-0.4435193924674672,3,242,17.58490676336751,0.0006571421436235016,1,2.0,2,1
1.0011135758832097,0.0005456279031668073,1.0010969042778015,1.0047985315322876,0.9998754262924194,0.004923105239868164,0.0005450209809465819,5,0.01953125,0.00122147798538208,1.1855138464084987,7.206254155861847,64,7,2.3741367224542347,0.0005402588376811906,11,1.1,2,2
1.0000009251554234,7.36530887208734e-05,1.0000088795756983,1.0001699676060336,0.9997383160876336,0.00043165151839996696,7.365302058038197e-05,17,0.06640625,0.0002705634880646457,-0.8773660472252324,1.5199732272200226,27,8,5.291215315077994,5.765504788050939e-05,10,2.5,4,2
0.9999989692761596,7.212848895108265e-05,1.000009775100654,1.0001481667788148,0.9997662950075822,0.0003818717712326114,7.212856329571241e-05,12,0.046875,0.00024348009307184615,-0.7693573443069408,0.8087532582804609,43,9,4.674134104788482,5.727337341576014e-05,13,2.076923076923077,5,2
0.9997829284984618,0.0014506102091814876,1.0000027120113373,1.004472255706787,0.9911864399909973,0.013285815715789795,0.0014509251636853884,10,0.0390625,0.008816272020339966,-3.5023750438213352,16.420751954730505,25,9,10.728258417073091,0.0007708369516858868,3,4.0,4,0
0.9994022017344832,0.003217880821183957,0.9983179569244385,1.009068250656128,0.9871730804443359,0.021895170211791992,0.003219805615396142,2,0.0078125,0.011144876480102539,1.0734555480944479,1.8190419080181588,1,253,15.883026481165162,0.0006350365339540968,1,2.0,2,1
1.001683254726231,0.004837066779198706,1.000098466873169,1.0108219385147095,0.9952356219291687,0.015586316585540771,0.004828938445737239,0,0.0,0.0,0.41799459322157695,-1.3223124969688023,1,213,0.0,0.0005239213214201085,0,0.0,0,1
1.000185924116522,0.0004054175731784673,1.0002106428146362,1.0013792514801025,0.9990523457527161,0.0023269057273864746,0.00040534221028613074,6,0.0234375,0.001158297061920166,0.02780880375811999,-0.3181324931763192,40,7,3.222199547469371,0.0004097877764234356,15,1.0714285714285714,2,1
1.0000000553477735,6.542430058515978e-05,1.000013468180589,1.0001243307684797,0.9997434363739385,0.0003808943945412535,6.54242969640706e-05,14,0.0546875,0.00027003180665052806,-1.0262723905989612,1.5324438987069815,29,9,5.639207559441131,5.2490178780648916e-05,9,2.4444444444444446,4,2
0.9999464148492869,0.00013375501688919083,0.9999528489543217,1.0001878171575236,0.998585292209568,0.0016025249479555415,0.00013376218455600998,3,0.01171875,0.0013675567447536396,-4.107869568197758,39.84472436961705,30,7,12.868262504035172,7.108402859479747e-05,5,1.4,2,2
0.9999927257110279,7.223960687210904e-05,0.9999989568594023,1.0001709488723394,0.9997366205065444,0.0004343283657949337,7.224013236770726e-05,17,0.06640625,0.0002623363528578837,-0.8697881183490019,1.4279456026602642,28,8,4.886071618108364,5.777539170057676e-05,12,1.8333333333333333,4,2
0.9999975967828759,6.806602267307564e-05,1.0000075695428825,1.0001390049581613,0.9997530563445894,0.0003859486135718848,6.80661862509e-05,15,0.05859375,0.0002545131982930604,-1.1809702010648504,1.9333367961182253,37,9,5.179714744786777,5.4759018191826994e-05,10,2.1,3,2
1.0002015980426222,0.0021810022529888005,1.0005474090576172,1.0048221349716187,0.9957776665687561,0.009044468402862549,0.002180562655825571,12,0.046875,0.004769742488861084,-0.37018100321254965,-0.8078934261051214,4,213,9.955710462640303,0.0005354921023050945,3,13.333333333333334,35,1
0.9999214094132185,0.0032717475686077978,1.0001659989356995,1.006866216659546,0.9878752827644348,0.018990933895111084,0.0032720047173784884,4,0.015625,0.012290716171264648,-0.1656592635381228,-0.15556186950168893,6,197,18.565163128264075,0.0005820709116318647,5,1.5,3,1
0.9996597524732351,0.0014587619486086405,0.9999085962772369,1.0019643306732178,0.9901801943778992,0.011784136295318604,0.0014592584576897801,9,0.03515625,0.009728401899337769,-3.6889597766073075,16.987494267137055,28,7,13.441500023651416,0.0006546693689682905,3,3.0,3,0
0.9998894352465868,0.0011284224537477638,0.9999829232692719,1.0056968927383423,0.9893249869346619,0.01637190580368042,0.001128547231294107,3,0.01171875,0.010657936334609985,-5.797189480673644,52.95699154466868,61,6,15.41949535584145,0.0005691444172578699,1,4.0,4,1
0.9997383251320571,0.004103816596045633,0.9991745948791504,1.0099048614501953,0.9944008588790894,0.015504002571105957,0.0041048907427886725,0,0.0,0.0,0.8883771089980098,-0.09829992707063973,3,147,0.0,0.0005707240572162703,0,0.0,0,1
0.9987251774873585,0.0007157868657333709,0.9987238645553589,1.0007911920547485,0.9971082806587219,0.0036829113960266113,0.0007167005317060119,3,0.01171875,0.0016155838966369629,0.2294257732415564,-0.21474763675618425,36,8,3.428419911865927,0.0005085449592739928,10,1.6,5,2
1.0006680174265057,0.0006692630606676281,1.0006413459777832,1.006561279296875,0.9988450407981873,0.007716238498687744,0.0006688162797376326,5,0.01953125,0.0017963051795959473,2.4508203040100125,22.061287767808693,35,7,3.410898986546788,0.00047235675886565565,6,1.6666666666666667,5,2
0.9998082383535802,0.0014458278044609447,1.0000499486923218,1.0020133256912231,0.9912264347076416,0.010786890983581543,0.0014461051119581097,11,0.04296875,0.008823513984680176,-3.8062647736696675,17.10615522105828,24,7,11.986385018692058,0.0006808360417683919,3,4.0,4,0
1.0009734306950122,0.005413905121881291,1.0004697442054749,1.0092166662216187,0.9828674793243408,0.026349186897277832,0.005408640185506442,3,0.01171875,0.017602264881134033,-0.3434211271500367,-0.5119029264411674,2,203,27.13791898313124,0.0005746254733964509,7,1.7142857142857142,4,1
0.9995934336911887,0.0013754628560417373,0.9997686147689819,1.0013961791992188,0.9913444519042969,0.010051727294921875,0.0013760223003492324,10,0.0390625,0.008424162864685059,-3.621553438239323,15.798127669445279,26,13,11.560910880115962,0.0007118594412710153,3,4.0,4,0
0.9997631611768156,0.0013619882750401774,1.0000354647636414,1.0023411512374878,0.991969645023346,0.010371506214141846,0.0013623109231560289,11,0.04296875,0.00806581974029541,-3.5649211258980213,15.04261232431126,33,8,10.97739234280489,0.0007152931362974877,3,4.0,4,0
0.9955726168118417,0.00864075493199026,0.9960396885871887,1.0105808973312378,0.9823400974273682,0.02824079990386963,0.00867918099200123,0,0.0,0.0,-0.013015908494062006,-1.3611677632141008,1,248,0.0,0.0005811908665825339,8,1.25,2,1
0.9975751736201346,0.009341233510053129,0.9937231540679932,1.0118305683135986,0.9859657883644104,0.025864779949188232,0.009363939437420449,0,0.0,0.0,0.2924219756460422,-1.6036428526812085,0,0,0.0,0.0005820991946201699,0,0.0,0,1
1.0000157612055312,0.0002997216795720024,0.9999983906655247,1.0045497383881055,0.9996847645725575,0.004864973815547957,0.00029971695567146287,0,0.0,0.0,13.499011256882008,201.60588723909746,33,6,0.0,9.314861717508683e-05,0,0.0,0,2
0.9993785046972334,0.008561013006137897,0.9994536638259888,1.0123412609100342,0.9869725108146667,0.02536875009536743,0.008566336944310702,0,0.0,0.0,0.04607933765926601,-1.6078900355636745,0,0,0.0,0.00070189868702608,0,0.0,0,1
0.9948285131249577,0.008183798608849754,0.9905868768692017,1.0146914720535278,0.9869190454483032,0.02777242660522461,0.008226341023482315,0,0.0,0.0,1.1333379802725358,-0.012533822700317998,4,230,0.0,0.0005733246896781173,0,0.0,0,1
1.0040826264303178,0.006387648154497994,1.0008148550987244,1.0156553983688354,0.9944509863853455,0.02120441198348999,0.006361675808700282,0,0.0,0.0,0.3720930468524658,-1.4537532150361496,0,0,0.0,0.0004906953549852558,0,0.0,0,1
0.999815966701135,0.0014680702237122563,1.0000797510147095,1.0017025470733643,0.9905580878257751,0.011144459247589111,0.0014683404472486204,11,0.04296875,0.009521663188934326,-3.4756314158857724,15.31624732190723,31,10,12.395087529081774,0.0007473564615436629,3,4.0,4,0
1.0005634394474328,0.002351539474905431,1.000015914440155,1.0062543153762817,0.9961941838264465,0.010060131549835205,0.0023502152709118404,0,0.0,0.0,0.4922026043001313,-0.8383643137184338,26,127,0.0,0.0006554528778674555,1,1.0,1,1
1.000228297431022,0.0012953214869991067,1.0003002285957336,1.0157701969146729,0.9979227781295776,0.017847418785095215,0.0012950258359276574,0,0.0,0.0,6.60000049313003,78.46721135768705,26,7,0.0,0.0005937957296184465,3,1.3333333333333333,2,2
0.9998501918744296,0.0013593285130034272,1.0001027584075928,1.0017167329788208,0.9922479391098022,0.009468793869018555,0.001359532181971261,9,0.03515625,0.007854819297790527,-3.214363472764745,13.567731617960252,24,7,10.427784343901752,0.0007313450177510579,6,2.3333333333333335,4,0
0.9998876127694255,0.00022694296001567427,0.9998818169481317,1.0003749991209097,0.9992780252042354,0.0010969739166742931,0.00022696846837326248,3,0.01171875,0.0006037917438963536,-0.18599956840125678,-0.6927626996059089,9,38,10.881474912765585,6.229323097855652e-05,7,2.5714285714285716,8,2
0.9999739001505077,0.0002325238055076379,0.9999682903289795,1.002787470817566,0.9994436502456665,0.003343820571899414,0.0002325298745023649,1,0.00390625,0.0005246400833129883,7.17593951060282,82.89770250490832,43,6,2.419793151379116,0.00014872340595020966,2,1.5,2,0
0.9999392554163933,0.0008782286611964278,0.999999463558197,1.0012120008468628,0.9898152947425842,0.011396706104278564,0.0008782820120715404,3,0.01171875,0.010184168815612793,-7.655520511223057,77.04888083642169,44,6,17.545932109748033,0.0005091704574285769,1,3.0,3,1
0.9999487930908799,0.0010449979383275495,1.0000261664390564,1.0013893842697144,0.9902586340904236,0.011130750179290771,0.0010450514521822872,4,0.015625,0.009767532348632812,-7.09283759034369,57.805156516062965,45,7,17.334992682272823,0.0005042969011792949,1,4.0,4,1
1.0000002747363343,8.654056684514222e-05,1.000008375294707,1.0005095408263938,0.9996957937993384,0.0008137470270553893,8.654054306931064e-05,9,0.03515625,0.0003125814953687245,0.061679849825262846,4.830709944667477,34,8,4.949683515925771,6.592279606496118e-05,7,2.857142857142857,4,2
0.9996652228292078,0.0015809924673396353,0.9998238384723663,1.0120017528533936,0.9906193614006042,0.021382391452789307,0.0015815219247751575,9,0.03515625,0.009204477071762085,-0.8328522086526944,24.225313488801255,31,23,8.901195710823457,0.0007631147609037511,3,3.3333333333333335,4,0
0.9989472539164126,0.0004681673816146687,0.9989642202854156,1.0002267360687256,0.9975629448890686,0.0026637911796569824,0.00046866076239681303,11,0.04296875,0.001401275396347046,-0.17945415524427238,0.289610888022676,47,6,3.302611310089282,0.00047114433026781266,15,1.2,3,2
1.0000220583516943,0.00012818709822190634,1.0000259164743048,1.0002928111118063,0.9996586511436398,0.0006341599681665144,0.00012818427068818182,8,0.03125,0.0003672653306650009,-0.3948232365933128,-0.4023458691512083,20,6,6.37616943067975,6.404603504397247e-05,8,2.125,5,2
1.0000600637868047,0.00014453028908435845,1.0000637769699097,1.0005050897598267,0.9996505379676819,0.0008545517921447754,0.0001445216085692727,9,0.03515625,0.0004132390022277832,-0.11756396449366267,0.007468150804424756,35,7,3.8170104710247195,0.00012100444120519301,13,1.6153846153846154,4,0
0.9999542364384979,0.0005168103114925532,0.9999915063381195,1.0012288093566895,0.9982931017875671,0.0029357075691223145,0.0005168339636554354,11,0.04296875,0.0016984045505523682,-0.22345091637721237,0.1806228270457959,38,8,4.35229123463897,0.0004375775655110677,14,1.4285714285714286,5,2
0.9961340988520533,0.007167254479946407,0.9950312972068787,1.0113078355789185,0.9865174293518066,0.024790406227111816,0.00719506990896704,0,0.0,0.0,0.45796079261853845,-0.9511444065276784,4,226,0.0,0.0006400472977582146,0,0.0,0,1
1.00000607103008,7.899978335225582e-05,1.0000127556551828,1.0005347557402688,0.9997487027287925,0.0007860530114763842,7.899930374510648e-05,13,0.05078125,0.0002640529263903124,0.35299174692963864,8.104588054096212,51,6,4.033164473397218,6.743548335862372e-05,12,1.8333333333333333,4,2
0.9998725238256156,0.010913319703924862,0.997764527797699,1.017995834350586,0.9859796762466431,0.03201615810394287,0.010914711069536518,0,0.0,0.0,0.40948375919944174,-1.3073337660727313,2,232,0.0,0.0005580930148853976,0,0.0,0,1
0.9982223508413881,0.003020102886643973,0.9975190758705139,1.0065349340438843,0.9882431030273438,0.018291831016540527,0.003025481130630234,2,0.0078125,0.009275972843170166,0.25687264764396933,-0.1831264838389024,9,182,12.276526218517606,0.0006262402908474792,1,2.0,2,1
1.0001464164815843,0.009822338856304798,1.001970887184143,1.0133566856384277,0.9849306344985962,0.028426051139831543,0.009820900914546902,0,0.0,0.0,-0.2430674009254476,-1.5125411290693411,0,0,0.0,0.0005279078203089097,3,15.333333333333334,44,1
1.0000570791307837,0.00015308291731027634,1.0000578165054321,1.0009560585021973,0.9996787905693054,0.0012772679328918457,0.00015307417996913828,8,0.03125,0.000379025936126709,1.6136441816864804,9.572147518270066,48,8,2.8146934857528,0.0001305084602505553,7,1.7142857142857142,6,0
1.0001975672785193,0.00043317487896325936,1.0002202987670898,1.0013788938522339,0.9988254308700562,0.0025534629821777344,0.00043308931468600105,8,0.03125,0.0013948678970336914,-0.043682682867906025,0.32618793817001235,56,7,3.6850369905630305,0.00041402414733288334,18,1.0555555555555556,2,2
1.003909237217158,0.007196732086674541,1.0032495260238647,1.0157209634780884,0.990641176700592,0.025079786777496338,0.007168707906925851,0,0.0,0.0,0.1162919231504198,-1.4345202641467885,2,212,0.0,0.0006250718060661764,1,1.0,1,1
1.0001078774221241,0.00013592828890930317,1.000094473361969,1.0004914999008179,0.9997403025627136,0.000751197338104248,0.0001359136268976019,2,0.0078125,0.0003541707992553711,0.34260255982270865,-0.16045797643287418,30,8,3.655058051239142,0.00010937639311248181,7,1.3333333333333333,2,0
1.0009034785907716,0.00046809256596656585,1.0009149312973022,1.0028619766235352,0.9995428323745728,0.0033191442489624023,0.0004676700361014029,6,0.0234375,0.0013720989227294922,0.19655695168346735,0.8293967458545568,45,7,3.2301122565851363,0.00047714943979300703,15,1.1333333333333333,2,2
0.9959765614476055,0.003548531487410035,0.9969638288021088,1.0033122301101685,0.9890421032905579,0.014270126819610596,0.0035628664616890278,13,0.05078125,0.007921725511550903,-0.29070348913311095,-0.7265592788527244,1,243,12.470851428931905,0.0006308303159825942,4,12.0,45,1
0.99972027936019,0.0009747810498512817,0.9997433125972748,1.0021440982818604,0.9971181750297546,0.005025923252105713,0.000975053792521975,3,0.01171875,0.0026251375675201416,0.007178678705197135,-0.5981880380447984,13,13,6.714601656641824,0.0004399830219792385,14,1.3571428571428572,5,2
0.9999137467239052,0.0009078053367557821,1.0000560283660889,1.0024139881134033,0.9979973435401917,0.00441664457321167,0.0009078836446944499,7,0.02734375,0.002058684825897217,-0.21687767342877384,-0.8231093571662229,19,7,4.492395618533401,0.0005165803666208305,18,2.0555555555555554,5,2
0.9997442734893411,0.0014057879113231002,0.9999860227108002,1.0016673803329468,0.9914714097976685,0.01019597053527832,0.0014061475005168792,12,0.046875,0.008514612913131714,-3.819247661513641,16.902319036505524,25,7,11.512170631729118,0.0007252987693337833,3,4.0,4,0
0.9997747812885791,0.0013245393504532558,0.9999514818191528,1.0021445751190186,0.9920068979263306,0.010137677192687988,0.0013248377286993553,11,0.04296875,0.007944583892822266,-3.4413267204022424,15.696704098802027,30,8,10.767930447443327,0.0006825232038310929,3,3.6666666666666665,4,0
1.0000931401737034,0.0022035221923767515,1.0000178813934326,1.00376558303833,0.9879489541053772,0.01581662893295288,0.0022033169750509717,3,0.01171875,0.01206892728805542,-0.7366690029272537,2.5103822398775053,13,6,17.149375935246276,0.0006370556120779001,2,2.0,3,1
1.0003131492994726,0.0006193914507835628,1.000371277332306,1.0020111799240112,0.9978054761886597,0.0042057037353515625,0.0006191975495047002,15,0.05859375,0.0025658011436462402,-0.9496063313936398,1.5898481024932618,23,7,6.682799345109953,0.00040418026494044883,5,5.4,20,2
1.000113656744361,0.0004483235296701463,1.0000699758529663,1.0013813972473145,0.9987382888793945,0.002643108367919922,0.00044827258046806407,4,0.015625,0.0013316869735717773,0.1259426469303894,-0.2240881947510891,47,7,3.3595550106467433,0.00045580489962708716,13,1.0,1,2
0.9999967351457957,7.203558412110124e-05,1.0000052450036585,1.000128737515292,0.9996909616877331,0.0004377758275589949,7.203581930754878e-05,17,0.06640625,0.00031428331592542325,-1.1531799227183075,1.9568993217876018,29,8,6.12183476057841,5.611287915708144e-05,7,2.857142857142857,4,2
0.9985610833391547,0.0017994350822391327,0.9982236921787262,1.0033122301101685,0.9952054023742676,0.008106827735900879,0.0018020280504241987,0,0.0,0.0,0.7539559678250412,-0.0893233139284848,10,107,0.0,0.0006258606910705567,1,1.0,1,1
0.9996712321881205,0.0016030424571288379,0.9999068379402161,1.012228012084961,0.991661548614502,0.020566463470458984,0.001603569659216895,10,0.0390625,0.008245289325714111,-0.5071786147999762,22.183537983832114,32,9,7.954787787821813,0.0008462398659949209,3,3.6666666666666665,4,0
1.0019027751404792,0.0025247260846538314,1.0022873878479004,1.0065889358520508,0.9960799813270569,0.010508954524993896,0.0025199312221685717,7,0.02734375,0.006207406520843506,-0.18090632021241493,-1.1384171203177866,6,129,12.312104367645935,0.0005414813172583486,11,1.7,5,1
1.0000043858308345,0.0004893078183970059,1.0000131130218506,1.0012959241867065,0.9978789687156677,0.0034169554710388184,0.0004893056723851005,9,0.03515625,0.0021341443061828613,-0.4740287514764036,0.9834256486460373,38,10,6.005427538977374,0.00040118951423495424,18,1.3529411764705883,3,2
0.9998890499118716,0.0010376490926441348,1.0000205636024475,1.001106858253479,0.990386962890625,0.010719895362854004,0.001037764232677207,4,0.015625,0.00963360071182251,-7.036776940513325,57.19569771224312,38,7,16.946914232511965,0.0004908145642748066,1,4.0,4,1
0.9997138038743287,0.0015712758270636674,0.9998894035816193,1.0117213726043701,0.9913768172264099,0.020344555377960205,0.001571725648854988,9,0.03515625,0.00851258635520935,-0.818003886652704,22.087239539643985,28,9,8.436525322852185,0.0007900808371749579,3,3.6666666666666665,4,0
1.0000643187668175,0.0005330241301706579,1.0000250339508057,1.0016772747039795,0.9987820386886597,0.0028952360153198242,0.0005329898489208491,1,0.00390625,0.001242995262145996,0.49234754376684153,0.09594909562393061,33,9,2.908911718029345,0.00046741705314785827,7,1.1428571428571428,2,2
1.000030288239941,0.00018672292949978335,1.0000352263450623,1.001670241355896,0.9996302723884583,0.002039968967437744,0.0001867172741621824,2,0.0078125,0.0004049539566040039,2.6808195750752697,22.63606448272583,46,8,2.7119832016625534,0.00013183986439424403,11,1.7,4,0
0.9999473581556231,0.00015229798064360855,0.9999494552612305,1.00101637840271,0.9994556903839111,0.0015606880187988281,0.00015230599831226937,3,0.01171875,0.0004937648773193359,1.2005444093928987,8.652246373378766,56,7,3.801150996807981,0.00013417332780127432,11,1.1818181818181819,3,0
0.9987810729071498,0.003500532406483216,0.9981910586357117,1.005712866783142,0.9930214285850525,0.0126914381980896,0.0035048045076527374,0,0.0,0.0,0.38389878591987703,-1.010383684777022,3,184,0.0,0.0005246220850477031,0,0.0,0,1
0.9998599016107619,0.0014308852833578663,1.00002121925354,1.0021332502365112,0.9915233254432678,0.010609924793243408,0.0014310857761699694,11,0.04296875,0.008497893810272217,-3.3391381310267594,14.566329980718283,20,9,11.76180646773388,0.0006674013885797239,3,4.0,4,0
0.9998835460282862,0.001439167311448507,1.0000245571136475,1.002097725868225,0.9918887615203857,0.010208964347839355,0.001439334927717466,12,0.046875,0.008135795593261719,-3.1988298987461303,13.150435353125708,26,8,10.831668304090037,0.00072555144627889,3,4.0,4,0
0.999926557764411,0.0014199329590253592,1.0001046061515808,1.0020108222961426,0.9912948608398438,0.010715961456298828,0.0014200372497355995,8,0.03125,0.00880974531173706,-3.5145136122593184,16.597482259906425,25,6,10.709709486354507,0.0008023336821911381,3,3.3333333333333335,4,0
0.9970537077169865,0.00885632534464497,0.9974953830242157,1.0133377313613892,0.9832494854927063,0.03008824586868286,0.008882495773396027,0,0.0,0.0,0.017472206028606902,-1.2914845657909721,2,230,0.0,0.000565648546405867,6,1.8333333333333333,4,1
1.0000096602325783,8.469274263130902e-05,1.0000135319441559,1.0002657227950922,0.9997400065792672,0.0005257162158249784,8.469192448762097e-05,11,0.04296875,0.0002735253648886715,-0.47236283025548714,0.8345641971423721,35,6,5.041218184517744,5.965800172594696e-05,7,2.2857142857142856,4,2
1.0000020152319231,7.291136039120387e-05,1.0000095364845336,1.0001503282185975,0.9997026539780728,0.00044767424052472027,7.291121345819895e-05,12,0.046875,0.00030688250646082604,-1.1103526694449524,2.244126551022367,43,11,5.457223975997291,6.168501927466639e-05,10,2.2,4,2
1.0000230432488024,0.00012340299699734484,1.0000300407409668,1.000306248664856,0.9994489550590515,0.0008572936058044434,0.00012340015345690646,8,0.03125,0.0005810856819152832,-0.972006774192683,3.226812384060736,46,6,5.939465999326453,0.00011056053872201958,7,2.0,8,0
1.0000055251944047,7.894975941023762e-05,1.0000086414332352,1.0002047942354357,0.999708687727011,0.0004961065084246874,7.894932319987883e-05,8,0.03125,0.0002999537062241542,-0.5066468763307268,0.9984975486132615,33,7,5.856997864304703,5.555644996716175e-05,10,2.0,4,2
1.0001920657232404,0.0002731659574437493,1.0002722144126892,1.0007015466690063,0.9992795586585999,0.0014219880104064941,0.0002731135017015183,24,0.09375,0.0009926557540893555,-1.2899691631844563,1.4609928689944818,26,8,8.835291730686956,0.0001225120881024529,3,1.0,1,0
0.9996441598050296,0.0014575394032689717,0.9999102652072906,1.0017552375793457,0.9913437962532043,0.010411441326141357,0.0014580582389970146,11,0.04296875,0.008566468954086304,-3.5801971836083437,14.423706225885908,25,7,11.067110824667463,0.0007608621728186514,4,3.0,3,0
0.9990430001635104,0.008473780634380841,0.9975481927394867,1.012297511100769,0.9854647517204285,0.026832759380340576,0.008481897809197364,0,0.0,0.0,0.09533178549814199,-1.281540521817243,0,0,0.0,0.0005424298492132448,0,0.0,0,1
0.999772080918774,0.001407030887057131,0.9999810457229614,1.0015052556991577,0.9894816279411316,0.012023627758026123,0.0014073516493520132,7,0.02734375,0.010499417781829834,-5.489809193540231,31.99037010224699,20,23,14.82965267045906,0.0005211383688683603,2,4.0,4,1
0.999245188664645,0.0041049695723160045,0.9996386170387268,1.0050970315933228,0.9922431707382202,0.012853860855102539,0.004108070390413125,0,0.0,0.0,-0.24894990403628664,-1.4590649962196887,0,0,0.0,0.0005343769110885321,10,2.9,9,1
0.9999946877360839,6.985802691520433e-05,1.0000054230346334,1.0001843838005422,0.9997229339731009,0.00046144982744134033,6.985839802145138e-05,14,0.0546875,0.0002824890615324982,-0.8249135938372643,1.7679681586569416,28,12,5.3143676404456395,5.773382322375312e-05,12,1.8333333333333333,4,2
0.999712327728048,0.0015042021551669555,0.9998960494995117,1.004604697227478,0.9915915727615356,0.013013124465942383,0.0015046349969349824,9,0.03515625,0.008304476737976074,-2.5692983523445285,10.911827047234983,25,12,10.329410334661619,0.0007122993469238281,3,3.6666666666666665,4,0
0.9997122180648148,0.0014864796093633829,0.9999257028102875,1.004722237586975,0.9911985993385315,0.013523638248443604,0.0014869075144853428,11,0.04296875,0.008727103471755981,-3.189287805798219,13.818492738097646,22,7,10.809397694072388,0.0007718334011003083,4,3.6666666666666665,4,0
1.0011914297938347,0.0049117392949258746,1.0027788281440735,1.0073106288909912,0.9910559058189392,0.016254723072052002,0.0049058942663315645,35,0.13671875,0.011722922325134277,-0.7102164321573629,-0.8285535599966098,6,229,22.04704748085524,0.0005868074940700156,3,3.5,5,1
0.9995161842089146,0.003414357842467751,0.9999210834503174,1.0052525997161865,0.9929694533348083,0.012283146381378174,0.0034160105623203163,1,0.00390625,0.006951630115509033,-0.22131692147095045,-1.134505842799977,2,252,11.576222603270702,0.0006041811961753695,8,4.125,10,1
1.0018073176033795,0.010309200000857758,1.00444495677948,1.0150560140609741,0.9821332693099976,0.03292274475097656,0.010290601615408864,19,0.07421875,0.022311687469482422,-0.6104383177275438,-0.9790666898631781,2,240,41.42943866146392,0.000604393201715806,2,1.0,1,1
1.000473335152492,0.00044542339276572497,1.0004951357841492,1.0019183158874512,0.9993053078651428,0.0026130080223083496,0.0004452126579643761,8,0.03125,0.0011898279190063477,0.12569956775583593,0.46070933405399783,52,7,2.999260950348471,0.0004419230947307512,15,1.3333333333333333,2,2
0.9999809438012871,8.590743068014693e-05,0.9999861410146191,1.0002686249591888,0.9997142341588633,0.0005543908003254883,8.590906778041379e-05,9,0.03515625,0.0002719068557558435,-0.35841817565889067,0.7456705517762798,33,9,4.569395891095959,6.708443823972233e-05,9,2.2222222222222223,4,2
0.9996788974385709,0.005395381700926364,0.9988574683666229,1.0095351934432983,0.9912065267562866,0.01832866668701172,0.005397114728289945,0,0.0,0.0,0.4172878764042679,-0.9204516034436456,0,0,0.0,0.0004917460329392378,0,0.0,0,1
0.9982476767618209,0.0036563197151698104,0.9992347955703735,1.0046416521072388,0.9910231232643127,0.013618528842926025,0.0036627380161108032,19,0.07421875,0.008211672306060791,-0.4366194397392602,-0.9645557782500314,4,218,16.306751374073066,0.0005633891797533222,5,8.8,30,1
0.9999856644212048,8.134325120047821e-05,0.9999896887578374,1.0001423309033768,0.9997212388462757,0.0004210920571010579,8.134441731978225e-05,10,0.0390625,0.00026844991156171893,-0.45928277010895163,-0.015569457071717085,22,6,5.450950472479803,5.48773587191409e-05,10,1.8,4,2
0.9998699382413179,0.0015073852733375982,1.0001241564750671,1.0017421245574951,0.9912416338920593,0.010500490665435791,0.0015075813520195982,9,0.03515625,0.008882522583007812,-3.4155271548602593,14.618928424992642,21,14,11.435233833422167,0.0007341165168612611,3,4.0,4,0
1.0000022347487958,8.42937149921757e-05,1.000006109775195,1.000184364913539,0.9997105342580261,0.0004738306555127636,8.42935266173186e-05,13,0.05078125,0.0002955755171689667,-0.6511372896732649,0.6476304738484018,27,8,5.579611180971999,5.935079962893829e-05,6,3.1666666666666665,5,2
0.9994793860241771,0.002545725221584104,0.9996899664402008,1.0049793720245361,0.9943846464157104,0.010594725608825684,0.002547051252063065,1,0.00390625,0.0053053200244903564,-0.05105170577654752,-0.7861285586338189,10,151,10.113868073579901,0.0005602944130991019,8,3.625,10,1
0.9999641056638211,0.0004227922226727817,0.9999448955059052,1.0013134479522705,0.9988589286804199,0.002454519271850586,0.00042280739906370263,4,0.015625,0.0010859668254852295,0.2170423541698447,0.28841498606781846,73,6,2.7656814382727766,0.00044333327050302543,13,1.2307692307692308,3,2
1.0000933930277824,0.0015487536190664877,1.0003705620765686,1.0041532516479492,0.9911892414093018,0.012964010238647461,0.0015486089897840806,9,0.03515625,0.009181320667266846,-2.985685403207659,12.75849026735345,24,9,11.2524217935357,0.0007565124362122779,3,3.6666666666666665,4,0
0.9998604489956051,0.0012056440473737025,0.9999106824398041,1.0090420246124268,0.9900065660476685,0.0190354585647583,0.0012058123196940274,4,0.015625,0.00990411639213562,-2.8812875375341442,45.23823184860972,62,16,12.104115333241397,0.0005806815390493355,1,4.0,4,1
0.9988311945926398,0.0023728556248897806,0.9989940524101257,1.0053547620773315,0.9938795566558838,0.011475205421447754,0.002375632276740735,2,0.0078125,0.005114495754241943,-0.040985967523235696,-1.1496785508269742,5,220,8.180261152959538,0.0006317377090454101,5,3.0,9,1
0.99966617138125,0.001343092493289934,0.9999338388442993,1.0019789934158325,0.9920783638954163,0.00990062952041626,0.0013435410057281102,12,0.046875,0.007855474948883057,-3.339533235259287,14.057485661095008,30,14,10.946620760983945,0.0006913014486724256,3,4.0,4,0
0.9998490314465016,0.0005989007323612171,0.9998535811901093,1.0015536546707153,0.9977431893348694,0.0038104653358459473,0.0005989911611903804,10,0.0390625,0.002110391855239868,-0.3249714702663746,0.2662685562485878,30,6,5.017346608358886,0.0004752332088994045,10,2.0,8,2
1.0022302109282464,0.006092829368583241,1.0027921199798584,1.0108554363250732,0.9921793341636658,0.01867610216140747,0.0060792713112690746,0,0.0,0.0,-0.16712042171534788,-1.3937081630959143,3,239,0.0,0.00048025005003985235,2,1.0,1,1
1.000188447535038,0.00046129261273048877,1.0001679062843323,1.00175142288208,0.9984402656555176,0.0033111572265625,0.00046120569965324367,6,0.0234375,0.0017276406288146973,0.17576161730551648,1.0589118711104275,34,9,4.32519195506971,0.0004449047294317507,7,1.7142857142857142,5,2
0.9997639041393995,0.0009280435940260334,0.9997167587280273,1.0021100044250488,0.9977886080741882,0.004321396350860596,0.0009282627530195709,2,0.0078125,0.0019281506538391113,0.27680356041353266,-0.7882079873461776,18,7,5.103393215712276,0.0004434101721819709,6,1.0,1,2
1.0000009017098321,8.367254848252023e-05,1.0000087614793398,1.000182611499399,0.9996842287850864,0.000498382714312573,8.367247303422862e-05,14,0.0546875,0.0003245326942533655,-0.8387141876314703,1.1969512371256856,26,7,5.40030966493879,6.666546573180973e-05,10,2.0,3,2
0.9997987139504403,0.0028280028438327724,0.9999105036258698,1.0376410484313965,0.99163818359375,0.046002864837646484,0.0028285721959559907,8,0.03125,0.008272320032119751,8.788160165729138,123.69384372595393,46,6,3.302206997928447,0.0010067346049290077,4,2.0,2,0
1.0028746291063726,0.003609315436815665,1.0018367767333984,1.0099488496780396,0.9963628053665161,0.013586044311523438,0.0035989697336663135,0,0.0,0.0,0.45086569062417564,-1.0494726984671958,12,174,0.0,0.0005621592203776042,1,0.0,0,1
1.000056476565078,0.00044957534566024795,1.0000322461128235,1.0026785135269165,0.998948335647583,0.003730177879333496,0.00044954995662286696,1,0.00390625,0.0010839104652404785,1.3851668564218116,6.401842440800843,63,7,2.551929505676911,0.00046064316057691385,9,1.0,1,2
0.9999739567283541,0.0022483356994408856,0.999336451292038,1.0052906274795532,0.9967687129974365,0.0085219144821167,0.0022483942549832354,0,0.0,0.0,0.7885229511751636,-0.6104438975760211,7,119,0.0,0.0005834628553951488,0,0.0,0,1
0.9999969682434353,7.029715051624402e-05,1.0000057221064451,1.000149563930831,0.9997751590442782,0.000374404886552937,7.029736364073771e-05,18,0.0703125,0.0002305630621669552,-0.888974732696494,1.029514943358583,30,8,4.585653335843056,5.5778802485588445e-05,9,2.6666666666666665,4,2
1.0000318347010761,0.0034986148736412324,1.0015472173690796,1.0051229000091553,0.9933178424835205,0.011805057525634766,0.0034985034998281017,17,0.06640625,0.008229374885559082,-0.4306118072517309,-1.2995179527433398,8,192,15.282801857152998,0.0005661183712529201,3,19.333333333333332,46,1
1.0000171429675841,0.00011658063069216554,1.0000278366079023,1.0010702058894319,0.9996939709642906,0.001376234925141273,0.00011657863218845292,8,0.03125,0.00033386564361170823,2.481852473299168,24.742653921186594,35,9,4.059099944453237,6.624907535265454e-05,10,1.9,4,2
0.9999713344206473,0.00013021667733002936,0.9999958874956878,1.000147947440867,0.9993219192459503,0.0008260281949167281,0.0001302204101735305,13,0.05078125,0.0006739682497375332,-2.508027166740003,7.81970073919361,22,41,12.70794212597974,5.9228854340624886e-05,6,3.3333333333333335,14,2
1.0000056425319053,7.321061823067259e-05,1.0000146337247915,1.0001918146067121,0.9997616804402522,0.00043013416645998337,7.321020513975429e-05,15,0.05859375,0.00025295328453933674,-0.6417673512588612,0.899930997255018,35,15,4.788889472457667,6.0006218616547555e-05,9,2.5555555555555554,4,2
1.000032861949876,0.0015709193375225315,1.0002644062042236,1.0020416975021362,0.9912153482437134,0.010826349258422852,0.0015708677157463948,13,0.05078125,0.009049057960510254,-3.46690066083479,14.565556012889157,17,10,11.382993110506709,0.000756842716067445,4,3.25,4,0
1.0000232560560107,0.002222985419912675,1.0000991225242615,1.0048596858978271,0.9934927225112915,0.011366963386535645,0.0022229337232414995,13,0.05078125,0.006606400012969971,-0.6750048247977503,0.38173836003406025,18,175,12.03190605822197,0.0006156178081736845,3,2.5,4,1
0.9997918480075896,0.00043268077891362523,0.9997632205486298,1.0009757280349731,0.9984865188598633,0.0024892091751098633,0.00043277086103060594,5,0.01953125,0.0012767016887664795,0.0165836565142507,0.06814175225939145,68,8,3.088528548874657,0.0004611842772539924,12,1.0,1,2
1.000238863285631,0.0005647759340174133,1.0002228617668152,1.0018833875656128,0.9987820386886597,0.003101348876953125,0.0005646410619981424,2,0.0078125,0.0014408230781555176,0.2309536530651219,-0.2347537824662842,32,6,3.3031347094031993,0.0004797236592161889,10,1.2,2,2
1.0000000617737492,7.306909576212906e-05,1.0000115342532125,1.0001583203356867,0.9997227700222179,0.00043555031346886874,7.306909124837734e-05,16,0.0625,0.00028876423099466475,-1.1811032749939308,1.988051224930019,36,21,5.769005222500929,5.596236916079739e-05,12,2.0,4,2
0.9994821539148688,0.0008574460686208778,0.9993957877159119,1.0018056631088257,0.9977319836616516,0.004073679447174072,0.0008578903237665122,0,0.0,0.0,0.3505819855388963,-0.80382034289384,27,7,0.0,0.0004967631078233906,5,1.2,2,2
0.9999108598567545,0.0010796699057177403,0.9999986290931702,1.0014773607254028,0.989955484867096,0.011521875858306885,0.001079766156227578,4,0.015625,0.010043144226074219,-6.872894469748598,55.31185405797629,39,9,17.83152520306147,0.0004960335937200808,1,5.0,5,1
0.9998267239425331,0.0014830115423762793,1.0000300407409668,1.0025163888931274,0.9912341237068176,0.011282265186309814,0.0014832685573040534,9,0.03515625,0.00879591703414917,-3.0087438488738485,12.238187595028064,23,6,12.244928754420712,0.0006518125534057617,3,3.0,3,0
1.0007063134107739,0.003765042622375337,0.9996072351932526,1.0090872049331665,0.9955313801765442,0.013555824756622314,0.003762385199252608,0,0.0,0.0,0.8867988826758654,-0.3630189804163364,4,120,0.0,0.0005384517650978238,0,0.0,0,1
0.9998773417901248,0.0004568590970952739,0.9998611211776733,1.002170205116272,0.9983491897583008,0.0038210153579711914,0.00045691514148859375,4,0.015625,0.0015119314193725586,0.47830202212546835,2.597435596324284,62,7,3.511611597154215,0.00045919324837478937,13,1.0833333333333333,2,2
0.9997354135848582,0.001447306056192236,1.0000234842300415,1.001970887184143,0.9912111163139343,0.01075977087020874,0.0014476890950601378,11,0.04296875,0.008812367916107178,-3.287743971902491,14.24517723728766,17,11,11.722681271774794,0.0006964314217660941,3,4.0,4,0
0.9998424570076168,0.0010692437679984666,0.9999242126941681,1.001378059387207,0.9900258779525757,0.011352181434631348,0.0010694122464038564,4,0.015625,0.009898334741592407,-6.768778303535606,55.36191056121053,34,16,17.946562366460675,0.00048775369045781153,1,4.0,4,1
1.0000466592609882,0.0001449397798300547,1.0000376105308533,1.001222014427185,0.999707043170929,0.0015149712562561035,0.00014493301736257175,1,0.00390625,0.0003305673599243164,2.154589514611275,15.748261304287318,41,8,2.6352869527599414,0.0001259775722728056,9,1.0,1,0
0.9995987345464528,0.001136762730455202,0.9996145963668823,1.0027152299880981,0.9973759651184082,0.005339264869689941,0.0011372190571759622,0,0.0,0.0,0.094801636456158,-0.9504103551031657,11,6,0.0,0.0004081249237060547,11,1.3636363636363635,4,2
0.9996694431174546,0.0014926548048638524,0.9998077750205994,1.002478837966919,0.9912811517715454,0.011197686195373535,0.0014931483753359812,10,0.0390625,0.008526623249053955,-3.418515703267007,15.16807699554495,35,7,10.30785124940619,0.0007611676758410884,3,3.6666666666666665,4,0
1.0005622473545372,0.004751719095715768,1.0004323720932007,1.0088883638381958,0.9921051859855652,0.016783177852630615,0.004749048955503968,0,0.0,0.0,-0.1362568967153677,-1.1611360758193248,1,158,0.0,0.0005280069276398303,5,4.8,11,1
0.9995612991042435,0.0004958625879690866,0.9995363354682922,1.001029372215271,0.9984400272369385,0.0025893449783325195,0.0004960802188054437,2,0.0078125,0.0010963082313537598,0.3181246733010755,-0.11515131230108944,36,6,2.96512296133403,0.00041504654229856003,13,1.0,1,2
1.000229472760111,0.005102722281316579,0.9982759654521942,1.0095818042755127,0.99207603931427,0.017505764961242676,0.005101551614186822,0,0.0,0.0,0.39880336870667854,-1.1598980613475283,0,0,0.0,0.0005188261761384852,0,0.0,0,1
1.0073240764904767,0.004602807580990431,1.005391001701355,1.0170392990112305,0.9994358420372009,0.01760345697402954,0.004569341375247021,0,0.0,0.0,0.5897948626001506,-0.8092089993613705,0,0,0.0,0.0005644802953682694,0,0.0,0,1
0.9999993389750759,7.607552360163124e-05,1.0000109971982094,1.0001503282185975,0.9997026539780728,0.00044767424052472027,7.60755738894817e-05,15,0.05859375,0.00030834322013661986,-1.13570978420751,1.9474885579915533,33,11,5.516258349880478,6.151270411958611e-05,11,2.272727272727273,4,2
0.9997578498441726,0.001441569174256802,0.9999094009399414,1.0023146867752075,0.991689920425415,0.01062476634979248,0.0014419183350063143,10,0.0390625,0.008219480514526367,-3.440717054902439,15.39080781595348,32,8,10.36292597762633,0.0007437486274569642,3,3.6666666666666665,4,0
1.000941890757531,0.0004396051433441664,1.0009590983390808,1.0020835399627686,0.999526858329773,0.0025566816329956055,0.0004391914729550037,5,0.01953125,0.0014322400093078613,-0.027646414597320753,0.17847970531465762,59,7,3.4986954886290302,0.0004636484033921186,18,1.0,1,2
0.9966056335251778,0.008840492894413517,0.9937436282634735,1.0131239891052246,0.9859657883644104,0.02715820074081421,0.008870602971752291,0,0.0,0.0,0.5420511467173735,-1.191147361595087,0,0,0.0,0.0006420278081706926,0,0.0,0,1
0.9995766442734748,0.0012872162774989683,0.9996917545795441,1.002334713935852,0.9910311102867126,0.011303603649139404,0.001287761458686902,7,0.02734375,0.008660644292831421,-3.447280726841723,17.884098422018454,19,10,12.600905357883972,0.0006791058708639706,2,3.5,4,0
0.9999977259039887,6.574925497530957e-05,1.0000016093144029,1.0001584217427584,0.9997694408099185,0.00038898093283989965,6.574940449576808e-05,13,0.05078125,0.00023216850448437576,-0.7798072073819724,1.3550580686154987,41,7,4.453726404096836,5.953784711372593e-05,9,1.8888888888888888,3,2
0.9997054915875196,0.0013557967090806267,0.9998987019062042,1.001271367073059,0.9916021227836609,0.009669244289398193,0.0013561961202470127,9,0.03515625,0.008296579122543335,-3.9765815866259917,17.956382942628387,18,23,11.722773049997627,0.0006666905739728142,3,4.0,4,0
1.0009367852471769,0.0021296127236136034,1.0010939836502075,1.0049225091934204,0.9909802675247192,0.013942241668701172,0.00212761960095982,11,0.04296875,0.010113716125488281,-0.9386832996341778,1.7529500551847725,20,13,15.495744486195537,0.0005592460725821701,4,2.0,3,1
0.999706806614995,0.00434084642843159,0.9989920556545258,1.0070172548294067,0.9931253790855408,0.013891875743865967,0.004342119509148574,0,0.0,0.0,0.2313591105138286,-1.3622862640612194,3,241,0.0,0.0005636084313486137,0,0.0,0,1
1.002248429460451,0.005932917297319163,1.000424087047577,1.0128976106643677,0.9860262870788574,0.026871323585510254,0.005919607477472507,1,0.00390625,0.014397799968719482,0.2882979038373439,-1.218145286123913,2,239,22.178752065110995,0.0006086585568446739,1,3.0,3,1
0.9997411814983934,0.0013593084336155044,0.9998608529567719,1.0016093254089355,0.991185188293457,0.010424137115478516,0.001359660338867104,8,0.03125,0.00867566466331482,-3.5938277979437,16.771124157276642,21,10,11.913719236579123,0.000675194403704475,3,4.0,4,0
0.9995839854236692,0.0005228733324305636,0.9995661675930023,1.001451849937439,0.998250424861908,0.003201425075531006,0.0005230909458888,3,0.01171875,0.0013157427310943604,0.3812091095208627,0.2882898263912974,51,6,2.925900090613719,0.0005136251449584961,11,1.3636363636363635,5,2
0.9998646825551987,0.0015653831099367928,1.0001500844955444,1.0024234056472778,0.9913902282714844,0.011033177375793457,0.0015655949622466778,12,0.046875,0.008759856224060059,-3.146799570286663,11.621703205737457,18,6,10.800383145066382,0.000785986582438151,4,3.75,4,0
0.9996640696190298,0.001471385950051473,0.9998981058597565,1.0016673803329468,0.990170955657959,0.011496424674987793,0.0014718803993947842,11,0.04296875,0.009727150201797485,-4.034441482699111,18.948554007414163,20,9,11.892679420191847,0.0007451714253893085,3,3.6666666666666665,4,0
0.9995464277453721,0.0006108285522401201,0.9995534121990204,1.0020039081573486,0.99825519323349,0.0037487149238586426,0.0006111057328451827,5,0.01953125,0.0012982189655303955,0.3457236097990806,0.20787150312588443,31,6,3.466190255207898,0.0004166897605447208,12,1.3333333333333333,3,2
0.9998562608379871,0.0015455772089912204,1.0000082850456238,1.0025070905685425,0.9906480312347412,0.01185905933380127,0.001545799400901746,10,0.0390625,0.009360253810882568,-3.4141118626437925,15.171074851917815,25,9,11.832832475023045,0.0007524621252920113,3,3.3333333333333335,4,0
1.000002244990193,7.611352981234749e-05,1.0000113838826232,1.0001761982824362,0.999740999255824,0.00043519902661215415,7.61133589386031e-05,16,0.0625,0.0002703846267991805,-0.7465937340510779,0.7550955894692577,28,9,5.242556616728125,5.496628485672565e-05,13,1.9230769230769231,3,2
0.9997166818851976,0.00032324139518571785,0.9996777908749451,1.0003493437914779,0.9991489714745144,0.0012003723169634606,0.0003233330012820945,0,0.0,0.0,0.23454083124743766,-1.383680913269677,0,0,0.0,5.647096135707453e-05,1,2.0,2,2
0.9990633733104914,0.0006561450805977247,0.9990585446357727,1.0007423162460327,0.9970698952674866,0.0036724209785461426,0.0006567602197481483,8,0.03125,0.001988649368286133,-0.15196013816639836,-0.016264970326211436,39,7,4.653028038461829,0.00048166373196770163,13,1.3076923076923077,4,2
0.9990225220099092,0.00127232260258551,0.9989161789417267,1.0177720785140991,0.9978206157684326,0.019951462745666504,0.0012735674867727256,0,0.0,0.0,12.491378151962108,181.2882458127055,34,7,0.0,0.000593881279814477,0,0.0,0,2
0.9999966619070619,0.00106692481670764,1.0001184940338135,1.0012847185134888,0.99020916223526,0.01107555627822876,0.0010669283782137249,4,0.015625,0.009909331798553467,-7.009586821136152,56.61869788585353,40,9,17.166853457627283,0.0005038037019617417,1,4.0,4,1
1.0005365861579776,0.001136542037768777,1.0005309581756592,1.0157701969146729,0.9989112615585327,0.016858935356140137,0.001135932512106384,0,0.0,0.0,9.3493232948719,123.34560255031383,38,7,0.0,0.0005909246556899127,0,0.0,0,2
0.999862905126065,0.0010353048792539129,0.9999517202377319,1.0016237497329712,0.9904738068580627,0.011149942874908447,0.0010354468337070463,4,0.015625,0.00947791337966919,-6.851266393924951,55.49832964477625,51,8,16.13129903711402,0.0005190227545943915,1,4.0,4,1
1.0002231411635876,0.0027085816851514163,0.9993104636669159,1.0064038038253784,0.996915340423584,0.009488463401794434,0.0027079774239180746,0,0.0,0.0,1.031671372431927,-0.31600911060803405,0,0,0.0,0.0005169466430065678,0,0.0,0,1
0.9999644849449396,0.0021967495854212553,1.0000334978103638,1.0261423587799072,0.9900875091552734,0.03605484962463379,0.002196827605874636,7,0.02734375,0.009945988655090332,5.093050960266504,82.1037461168649,51,11,5.536388219776656,0.0008039301516962987,2,3.5,4,1
0.999836164759472,0.0006214687855946064,0.9998203814029694,1.001712441444397,0.9976546764373779,0.004057765007019043,0.0006215706207667649,2,0.0078125,0.0021657049655914307,0.17849040532413757,0.07837499758605704,28,7,4.553230427204153,0.000533908956191119,14,1.0,1,2
0.9997882556635886,0.001336751082820676,0.9999573528766632,1.00209641456604,0.9916645884513855,0.010431826114654541,0.001337034192238471,9,0.03515625,0.00829276442527771,-3.5975431502027897,16.053401333813675,34,8,11.382116757241182,0.0006852804445752911,3,3.3333333333333335,4,0
0.9998963458929211,0.0011743701212594848,0.9999437034130096,1.0090420246124268,0.9902160167694092,0.018826007843017578,0.0011744918621647289,4,0.015625,0.009727686643600464,-2.6552671639179932,45.37454933447676,50,11,12.104782291528291,0.0005339241495319441,1,4.0,4,1
0.9980423408560455,0.0051258211118956456,0.9972667694091797,1.0090264081954956,0.9818435907363892,0.027182817459106445,0.0051358754053451305,2,0.0078125,0.015423178672790527,0.3588797644413712,-0.539503405552427,2,222,22.91543752755301,0.0005847692489624023,1,3.0,3,1
0.9997888093348593,0.0014018897197134923,1.000008463859558,1.0019031763076782,0.9902436137199402,0.011659562587738037,0.0014021858482754406,8,0.03125,0.00976485013961792,-5.176026958094674,28.85220955128999,26,8,13.876402901230628,0.0005713374006981943,2,4.0,4,1
1.0003047047648579,0.0011567715451194043,1.000302016735077,1.013559341430664,0.9985484480857849,0.01501089334487915,0.0011564191786854858,0,0.0,0.0,5.829349052531488,64.81093485162523,29,6,0.0,0.0005566942925546684,1,1.0,1,2
0.999800763791427,0.0014772798636593484,1.0000280141830444,1.001653790473938,0.9907674789428711,0.010886311531066895,0.0014775742499507937,12,0.046875,0.00926053524017334,-3.7577355846856917,17.418626369622224,31,6,11.70152905857313,0.0007557946092942182,3,4.0,4,0
1.0008605886250734,0.0013663082571920475,1.000941276550293,1.0033499002456665,0.9969862699508667,0.006363630294799805,0.0013651334388828376,9,0.03515625,0.0039550065994262695,-0.234971600469924,-0.8277839380961955,13,35,8.645341029240472,0.0005185931336645986,4,5.25,17,1
0.9998957577627152,0.0010676941984613564,0.9999831914901733,1.001378059387207,0.9900258779525757,0.011352181434631348,0.0010678055088965887,4,0.015625,0.009957313537597656,-6.9310100523458305,57.08452618773181,41,16,18.60846344462827,0.00045603163102093865,1,4.0,4,1
1.0016957591287792,0.004126249622887996,1.0004262924194336,1.0096598863601685,0.9955028891563416,0.014156997203826904,0.004119264342774881,0,0.0,0.0,0.44384795676781635,-1.2957532946330128,1,200,0.0,0.0004985711153815774,0,0.0,0,1
0.9983113689813763,0.0035531755115929815,0.9984865188598633,1.0054346323013306,0.9923989176750183,0.013035714626312256,0.0035591856629044027,0,0.0,0.0,-0.008824678592495716,-1.3227080552640915,5,211,0.0,0.00047830413369571464,6,1.8333333333333333,6,1
0.9975961518939584,0.007124178142519564,0.9953766167163849,1.0128569602966309,0.9882959723472595,0.024560987949371338,0.007141344850813782,0,0.0,0.0,0.5920758064615157,-0.95443810888447,0,0,0.0,0.0005639349713045008,0,0.0,0,1
0.9997553247958422,0.0005147843899627542,0.9997633993625641,1.0014363527297974,0.9983533024787903,0.00308305025100708,0.0005149103757640673,6,0.0234375,0.0014100968837738037,0.1273225538528884,0.374030141778229,34,8,3.433363082387568,0.0004435866486792471,13,1.3846153846153846,3,2
1.0003365138545632,0.0004504067107445412,1.0003894567489624,1.001293659210205,0.9992854595184326,0.002008199691772461,0.0004502551936337944,8,0.03125,0.0011039972305297852,-0.14286181840822293,-0.7322047150754898,33,6,2.892779909318276,0.00043140486174938727,18,1.2777777777777777,2,2
0.9999961492968458,8.677954893789096e-05,1.0000100732524628,1.0001574765603114,0.9995006986173742,0.0006567779429371701,8.677988310146053e-05,16,0.0625,0.0005093746350885997,-2.0997589826888583,7.195344517102743,27,8,9.635365055989926,5.579723126448221e-05,8,2.75,4,2
1.0002125774044544,0.0004717457282104008,1.0001663565635681,1.003712773323059,0.9991071820259094,0.004605591297149658,0.00047164546704119454,1,0.00390625,0.0010591745376586914,1.831029770679258,11.19074877000791,69,6,2.4414039097135305,0.0004561456979489794,5,1.0,1,2
0.9998911840375513,0.0013753286252682095,1.0000675320625305,1.0016694068908691,0.9923051595687866,0.00936424732208252,0.0013754782992631712,11,0.04296875,0.0077623724937438965,-3.255417716169252,13.58000820580731,24,7,11.090474254924965,0.0006872873680264342,3,4.0,4,0
0.9995426908135414,0.0015789290438398729,0.9998119473457336,1.0015977621078491,0.9900774359703064,0.011520326137542725,0.0015796514329515642,12,0.046875,0.009734511375427246,-3.4252033573877525,13.967569905099772,24,6,11.3828378869031,0.0007701527838613473,4,3.75,4,0
0.998599961400032,0.0017487762714996186,0.9983515739440918,1.004882574081421,0.9954657554626465,0.009416818618774414,0.0017512280583786958,0,0.0,0.0,0.2814586448593456,-0.722476224972409,13,113,0.0,0.0005574389999988032,5,1.0,1,1
0.9988136207684875,0.002141988027723077,0.9987945258617401,1.0044605731964111,0.9943846464157104,0.010075926780700684,0.0021445322562532046,1,0.00390625,0.004409879446029663,0.012012804721264252,-0.6838310308708375,10,124,8.819777156396803,0.0005508268580717199,8,2.875,6,1
1.0006537099834532,0.0005164948706176906,1.000670075416565,1.0051774978637695,0.9994528889656067,0.005724608898162842,0.0005161574533374102,3,0.01171875,0.001217186450958252,2.5026380809683357,21.408778737209555,53,7,2.415099511266645,0.000462496981901281,12,1.1666666666666667,2,2
1.0005479699466377,0.0004668699175288699,1.0005087852478027,1.0024381875991821,0.9992625713348389,0.0031756162643432617,0.0004666142269558245,2,0.0078125,0.0012462139129638672,0.4500223268079149,0.5849536684197072,44,6,3.0339085095805762,0.0004396532096114813,9,1.125,2,2
1.0000017266068122,7.793398494849152e-05,1.0000126367029019,1.0005347557402688,0.999753888986469,0.000780866753799847,7.793385038737453e-05,15,0.05859375,0.0002587477164328611,0.384528908471166,8.591203967826583,40,6,4.057849925869415,6.53609936747742e-05,14,1.7692307692307692,4,2
1.000508134253323,0.0007145581811037659,1.000576913356781,1.0021024942398071,0.998275876045227,0.003826618194580078,0.0007141952740214742,13,0.05078125,0.002301037311553955,-0.5793130788465508,0.0012462647198137056,26,11,5.928128256822254,0.00042969806521546606,9,2.6666666666666665,7,2
0.9999935683942579,7.260401961996136e-05,0.9999986291067056,1.000177747894832,0.9997219585644512,0.000455789330380707,7.260448658339417e-05,12,0.046875,0.0002766705422543314,-0.662400447053373,1.4417406499297352,41,24,4.826432259003279,6.530646052552822e-05,10,1.7,3,2
0.9999731630086899,0.00013415895549732072,0.9999792873859406,1.0002726316452026,0.9995824694633484,0.000690162181854248,0.00013416255601667067,10,0.0390625,0.0003968179225921631,-0.25373970833472653,-0.08083901333360766,42,8,3.8446123092973203,0.00011844541512283625,10,1.8,5,0
0.9995255917310715,0.0009496538288072997,0.9998026490211487,1.001233696937561,0.9975747466087341,0.0036589503288269043,0.0009501045662698848,10,0.0390625,0.0022279024124145508,-0.3602637098160336,-1.0934222333503951,19,7,5.77001458594975,0.0004329707108291925,16,2.75,9,2
0.9997340524569154,0.0014083817009132677,0.99991774559021,1.0014790296554565,0.9893249869346619,0.012154042720794678,0.0014087563562050053,7,0.02734375,0.010592758655548096,-5.559000415023196,32.75918557812086,21,12,14.811548463214665,0.0005599704443239698,2,3.5,4,1
0.9998021668288857,0.0014854259187508279,0.9999068081378937,1.0059385299682617,0.9917057156562805,0.014232814311981201,0.0014857198434188388,8,0.03125,0.00820109248161316,-2.56142982617708,12.541355809319334,35,8,9.27656609942928,0.0008200262107101141,3,3.3333333333333335,4,0
0.9996558600105345,0.0006928281256491301,0.9995994865894318,1.0036308765411377,0.9982943534851074,0.0053365230560302734,0.0006930666375944908,0,0.0,0.0,0.9055481187126134,3.250760983347198,26,7,0.0,0.00045872061860327627,8,1.375,2,2
0.9998451597057283,0.0014264255314386587,1.0000967979431152,1.0024399757385254,0.9957317113876343,0.006708264350891113,0.001426646433792289,23,0.08984375,0.004365086555480957,-0.9355129530759623,0.21013392212204351,10,7,8.874240380502842,0.0005597425442115933,7,5.666666666666667,24,1
0.9997348440811038,0.0014215952746210686,0.9999949038028717,1.001543402671814,0.9915255308151245,0.010017871856689453,0.0014219723189979575,12,0.046875,0.008469372987747192,-3.4925257612640084,15.145351026702773,24,8,11.175964214865248,0.0007253686587015787,3,4.0,4,0
1.0000342517797318,0.0002933592125472799,1.0000175222272318,1.0045497383881055,0.9997393730285477,0.004810365359557811,0.0002933491648163021,0,0.0,0.0,14.223385749626619,216.2956194229033,51,6,0.0,9.212148836146861e-05,0,0.0,0,2
0.9999763616360724,0.00013784307222493956,0.9999723136425018,1.0003196001052856,0.9996505379676819,0.0006690621376037598,0.0001378463306866704,3,0.01171875,0.0003217756748199463,0.016746680313137273,-0.3438186710819733,44,8,3.0800098296260003,0.00011848772273344153,18,1.1666666666666667,2,0
1.000091312918812,0.00015121198312419487,1.0001086592674255,1.000468373298645,0.9996433258056641,0.000825047492980957,0.00015119817677735427,12,0.046875,0.0004653334617614746,-0.42293811539555337,-0.057253644129275916,36,7,4.182967671987417,0.00012379721099255132,18,1.5294117647058822,5,0
0.9993395935744047,0.0006214061678514179,0.9993472993373871,1.0015875101089478,0.9977700114250183,0.0038174986839294434,0.0006218168196746742,6,0.0234375,0.0015772879123687744,0.19761066935181024,0.42109943966608787,47,7,3.044998685158545,0.0005669864953732958,15,1.2666666666666666,3,2
1.0001997128129005,0.00043865022094054424,1.0002004504203796,1.001518964767456,0.9989205002784729,0.0025984644889831543,0.0004385626343632025,5,0.01953125,0.0012799501419067383,0.03659063143756018,-0.18069523946133348,55,8,3.504223411408751,0.0004102419404422536,15,1.0666666666666667,2,2
0.999858086463064,0.0014492442006770548,1.000072181224823,1.0025055408477783,0.9916366338729858,0.01086890697479248,0.0014494498972385836,11,0.04296875,0.008435547351837158,-3.31052936359423,14.225837959671477,22,7,10.900703248114255,0.0007416856055166207,3,4.0,4,0
1.0005853159818798,0.003340188919051591,0.9995959997177124,1.0069701671600342,0.9882540106773376,0.018716156482696533,0.0033382349967567186,2,0.0078125,0.011341989040374756,0.028424527884597244,-0.03743751758913483,4,239,17.37539283038531,0.000599819538640041,2,2.0,3,1
0.9999628157820553,0.00012316982298183593,0.9999566376209259,1.0004069805145264,0.9996862411499023,0.0007207393646240234,0.00012317440312568698,3,0.01171875,0.00027039647102355957,0.3543315747516014,0.26943925984584727,47,9,2.6083576452736796,0.0001142268087349686,13,1.1538461538461537,2,0
0.9999054968357086,0.001424204536175439,1.0000849962234497,1.0019184350967407,0.9923133254051208,0.009605109691619873,0.001424339140731262,11,0.04296875,0.007771670818328857,-3.195556017034559,13.294673803008425,31,10,10.231622197166613,0.0007337149451760685,3,4.0,4,0
0.9998426055535674,0.00015268791839668085,0.9998416006565094,1.000166654586792,0.9994149804115295,0.0007516741752624512,0.00015271195441020889,7,0.02734375,0.0004266202449798584,-0.19272148010088158,-0.42840663259375855,19,7,4.2448335633105705,0.00011631484125174728,12,1.4166666666666667,4,0
0.9999998690907542,7.649974283566055e-05,1.0000115933988387,1.0003737642190351,0.9997268819641356,0.0006468822548995057,7.64997528501855e-05,18,0.0703125,0.0002847114347030999,-0.3779626792064917,2.3269875340972304,35,13,4.917776344828801,6.201238662935965e-05,12,2.0833333333333335,4,2
0.9991499276366085,0.0014390297960794774,0.9990250468254089,1.001932144165039,0.9966281056404114,0.0053040385246276855,0.001440254116300005,0,0.0,0.0,0.09486031473624455,-1.2879360319352835,8,10,0.0,0.00046708163093118105,6,1.1666666666666667,2,2
0.9995269307401031,0.0009495682415940287,0.9996926486492157,1.001471996307373,0.997411847114563,0.004060149192810059,0.0009500176657480531,12,0.046875,0.00228080153465271,-0.3466416951932244,-0.8015627922763908,23,6,5.11434520767241,0.0004949382707184436,17,1.9411764705882353,8,2
0.999998357379809,0.00014891629733550197,1.0000039339065552,1.0005266666412354,0.9995777010917664,0.0009489655494689941,0.00014891654194882056,7,0.02734375,0.00042623281478881836,-0.0398425126372276,0.38710642814785956,45,9,4.39269774327598,0.00010839607201370538,16,1.4375,4,0
0.9999977205379686,7.349080386316926e-05,1.0000050370288034,1.0001922484816095,0.9997306260093484,0.00046162247226111397,7.349097138304817e-05,13,0.05078125,0.0002744110194550231,-0.9303737585987635,1.9213918980652167,33,20,5.015851666272951,6.203272222753234e-05,13,1.8461538461538463,4,2
1.000091226072982,0.000405825462035525,1.0001049041748047,1.0012158155441284,0.9990038871765137,0.002211928367614746,0.0004057884435493585,5,0.01953125,0.0011010169982910156,0.04526017999838905,-0.11331546442334295,38,7,2.9729513996537777,0.0004124145881802428,15,1.1333333333333333,2,2
0.9959643164183944,0.005593372991444294,0.9972117245197296,1.005796194076538,0.9861516952514648,0.019644498825073242,0.005616037541946006,0,0.0,0.0,-0.21614819335112354,-1.2362594048944147,3,217,0.0,0.0006420813354791379,3,16.0,42,1
0.9984469842165709,0.004746184493323274,0.9996685683727264,1.0049943923950195,0.9866138100624084,0.018380582332611084,0.0047535668576808385,2,0.0078125,0.013054758310317993,-0.40909978756000076,-1.3321916808326273,2,196,20.291391402347557,0.000586391430275113,5,9.4,38,1
0.9995969440788031,0.0016946334233274424,0.999955803155899,1.0021178722381592,0.9903522729873657,0.011765599250793457,0.0016953167307740852,12,0.046875,0.009603530168533325,-3.02368762790755,10.794068791322811,23,8,11.780874204406585,0.0007440688563328164,4,3.0,3,0
1.0026909711305052,0.006884484156774051,1.0028194785118103,1.0158239603042603,0.9918119311332703,0.02401202917098999,0.006866007927658901,0,0.0,0.0,0.2269270775006889,-0.862472839287209,0,0,0.0,0.0005838924763249416,4,1.25,2,1
0.9999996428348726,6.713606388906369e-05,1.0000036355360034,1.000166182821131,0.9997622426394724,0.0004039401816585686,6.713608786773307e-05,11,0.04296875,0.000241392896530912,-0.646408699411938,0.7499662130571059,43,8,5.005451237877257,5.485963054749082e-05,13,1.7692307692307692,4,2
0.9998617139644921,0.0014183938550688913,0.9999864101409912,1.0031347274780273,0.9917363524436951,0.011398375034332275,0.001418590026259634,11,0.04296875,0.008250057697296143,-3.3783528275257853,15.736095840581303,25,9,9.851543160622128,0.0008022317699357575,3,3.6666666666666665,4,0
0.9995036059990525,0.0026999151808422316,1.0004864931106567,1.0060670375823975,0.9948170781135559,0.011249959468841553,0.002701256068149484,4,0.015625,0.00566941499710083,-0.1517542767035949,-1.201627804144376,0,0,10.959237675116748,0.0005628218837812835,13,4.615384615384615,19,1
0.999974922939415,0.00011565142384637349,0.9999996423796558,1.0001964529279472,0.9995308960955664,0.000665556832380787,0.00011565432411686628,16,0.0625,0.0004687462840893275,-1.5872644050092888,2.9071994604351703,36,21,8.600875271405679,5.937853070186646e-05,6,4.5,14,2
0.9992113693151623,0.0005235620147307011,0.9992178678512573,1.0008119344711304,0.9979751110076904,0.0028368234634399414,0.0005239752376812317,7,0.02734375,0.0012427568435668945,0.12975796343497778,0.062330750010995306,52,6,2.7622613411507175,0.0005128781000773112,13,1.1538461538461537,2,2
1.0007978454232216,0.0004931311249640385,1.000804364681244,1.0022441148757935,0.9993618130683899,0.0028823018074035645,0.0004927379962089159,6,0.0234375,0.001442551612854004,-0.07211757677895866,-0.11992655181236467,39,6,3.5329565114788033,0.00046087293063893037,14,1.0714285714285714,2,2
0.9997989183757454,0.0004755617882083175,0.9997889399528503,1.001538634300232,0.9985910058021545,0.0029476284980773926,0.00047565743417777077,5,0.01953125,0.0011979341506958008,0.2661861813910165,0.15689616498643177,46,7,2.868943204770709,0.0004500725690056296,12,1.0833333333333333,2,2
1.0028613307513297,0.011175615665267596,1.0038731098175049,1.0189648866653442,0.986397385597229,0.032567501068115234,0.011143729768596204,0,0.0,0.0,-0.03088703746644046,-1.572847354082456,0,0,0.0,0.0005379700193218157,6,1.1666666666666667,2,1
0.9999417108483613,0.0016724337386695974,1.0003066062927246,1.0022674798965454,0.9918951988220215,0.010372281074523926,0.0016725312290960307,13,0.05078125,0.008411407470703125,-2.9443062584699304,10.194524951715758,27,7,10.274461429243798,0.0008014732716130276,4,3.75,4,0
0.9999955198727548,0.0007089836028275911,1.000067412853241,1.0027090311050415,0.9983983039855957,0.004310727119445801,0.0007089867791785769,6,0.0234375,0.0016691088676452637,0.0771260098569206,0.015428018095826168,38,7,3.3855977772382406,0.000541225134157667,14,1.7142857142857142,8,2
0.9991653200704604,0.002885774270438523,0.9998269975185394,1.004331350326538,0.993564248085022,0.010767102241516113,0.0028881849804745226,7,0.02734375,0.006262749433517456,-0.331946294759371,-1.1272020372278844,4,205,10.388687374481869,0.0006143464761621812,6,7.333333333333333,33,1
1.0010488161351532,0.011727382027333063,1.0045791864395142,1.0190479755401611,0.984019935131073,0.035028040409088135,0.011715095046623311,0,0.0,0.0,-0.01827751570729427,-1.5080567865516807,1,227,0.0,0.0006565986895093731,6,7.0,34,1
0.999419906642288,0.0005042772396336926,0.9993778765201569,1.0010720491409302,0.9979792237281799,0.003092825412750244,0.0005045699373028231,4,0.015625,0.0013986527919769287,0.28199679972443686,0.4076319217990485,40,9,3.328714076456344,0.00047902827169380937,11,1.1818181818181819,2,2
0.999502555700019,0.00046009270272847274,0.9994532465934753,1.0007638931274414,0.9983293414115906,0.00243455171585083,0.00046032168712789215,4,0.015625,0.0011239051818847656,0.17042646873460032,-0.3360192419975019,33,6,2.8865851348332714,0.00043663440966138655,10,1.0,1,2
1.0036976519040763,0.008077576744921863,1.004367470741272,1.0158387422561646,0.9913500547409058,0.02448868751525879,0.008047818712735057,0,0.0,0.0,-0.09652121079229264,-1.4411180731591617,2,233,0.0,0.0005602406520469516,10,1.2,3,1
0.9992521260865033,0.003152585859516664,0.9999656975269318,1.0042304992675781,0.9930214285850525,0.011209070682525635,0.0031549453608505514,6,0.0234375,0.0069442689418792725,-0.3678595316964086,-1.1050409541699115,18,197,14.093416317271927,0.0005408436644311045,9,4.666666666666667,26,1
0.9988447164651006,0.0006759509898426576,0.9987821877002716,1.0005708932876587,0.9971181750297546,0.0034527182579040527,0.0006767328081133973,2,0.0078125,0.0016640126705169678,0.15936850329982363,-0.6084820949480476,33,6,4.312636318424796,0.0004387689571754605,10,1.1,2,2
1.0003915417473763,0.010292744217727735,0.9995164275169373,1.0158387422561646,0.9858700633049011,0.029968678951263428,0.01028871575598238,0,0.0,0.0,0.08779665899538132,-1.5421752907235549,0,0,0.0,0.0005542575144300274,0,0.0,0,1
1.0000150847627802,7.68828660062706e-05,1.000021810367827,1.0003542653751247,0.9997460092054767,0.0006082561696479916,7.688170626396947e-05,15,0.05859375,0.0002758011623501533,-0.4455820205736543,2.0706903411663937,35,6,4.812071252246084,5.971166751865384e-05,11,2.0,3,2
0.9999994898255751,6.5483245355912e-05,1.0000037253230105,1.0001530060624853,0.9997484651158539,0.00040454094663133766,6.548327876380609e-05,15,0.05859375,0.0002552602071566046,-1.0668728561180956,2.6151241005799166,42,6,5.035568771050851,5.543124661308955e-05,8,2.25,3,2
1.0000063243570214,7.916979810331446e-05,1.0000123368927154,1.0005095408263938,0.9997531393665625,0.0007564014598312463,7.916929740841251e-05,12,0.046875,0.0002591975261528878,0.2842424876351401,6.451185474930096,44,10,4.209564062343938,6.277556591054227e-05,9,2.5,4,2
0.9998000278137624,0.000997997092332975,0.9998693466186523,1.0010476112365723,0.9907351732254028,0.010312438011169434,0.0009981967039101511,4,0.015625,0.009134173393249512,-6.778224927579597,54.007591249761134,43,7,16.689631457171842,0.00048193090102251836,1,4.0,4,1
0.9998776207212359,0.0010623692617127913,1.0,1.0011470317840576,0.9898248910903931,0.01132214069366455,0.0010624992896095412,3,0.01171875,0.010175108909606934,-7.292039072956891,60.5338243170265,43,6,17.38941892647185,0.00048203515071494905,1,4.0,4,1
0.9999575815163553,0.00013266171306403865,0.9999530911445618,1.0005266666412354,0.9995777010917664,0.0009489655494689941,0.00013266734061145657,5,0.01953125,0.00037539005279541016,0.2963590853497454,1.2251816811897074,36,7,3.7015688401746267,0.00011171172646915212,10,1.6,4,0
1.0002524377778172,0.0005969389679482338,1.0002287030220032,1.006561279296875,0.9988450407981873,0.007716238498687744,0.0005967883160319075,2,0.0078125,0.001383662223815918,4.519083964893167,46.93088651578397,53,7,2.5806943459281793,0.00048716161765304265,5,1.4,3,2
0.9995302536990494,0.0015379997404421752,0.9997665584087372,1.004604697227478,0.9915915727615356,0.013013124465942383,0.0015387225496680712,10,0.0390625,0.008174985647201538,-2.547633305971411,10.206332529200129,24,6,9.899299434549517,0.0007273690373289819,4,2.75,3,0
0.9999971663226186,7.755978947678056e-05,1.0000021755466086,1.000161997120528,0.9996422893718597,0.0005197077486682744,7.75600092568245e-05,11,0.04296875,0.0003598861747489135,-0.9604823370651702,2.3799258053018395,34,8,6.723546569721438,5.9685367520186785e-05,7,2.5714285714285716,4,2
0.9940820096526295,0.008161612713337327,0.9931585490703583,1.008737325668335,0.9821332693099976,0.026604056358337402,0.008210200601245473,0,0.0,0.0,0.2313620905795224,-1.2954719107352541,2,217,0.0,0.0006307232613657035,0,0.0,0,1
0.9978603674098849,0.001392328316423583,0.997431755065918,1.0012664794921875,0.9955575466156006,0.005708932876586914,0.0013953137752505456,0,0.0,0.0,0.4066843560833831,-1.0935009862999203,10,7,0.0,0.0004941337248858283,0,0.0,0,2
0.9997577844187617,0.0014192110208302616,0.9999480545520782,1.002110242843628,0.9909955859184265,0.011114656925201416,0.0014195548591355667,8,0.03125,0.008952468633651733,-3.5037327629619166,15.812549178167139,28,9,11.983225965322983,0.0006641724530388327,3,3.3333333333333335,4,0
1.0004717647098005,0.0030199378541530954,1.0013490319252014,1.0050641298294067,0.9929375648498535,0.012126564979553223,0.003018513825854013,34,0.1328125,0.0084114670753479,-0.9629319194698227,-0.2594038277448414,0,0,16.59738461453126,0.0005628183776257085,1,46.0,46,1
0.9996302872896194,0.0005957971066481929,0.999631404876709,1.0018179416656494,0.9980396032333374,0.0037783384323120117,0.0005960174618794585,5,0.01953125,0.001591801643371582,0.1708522262753614,0.3713850154018852,35,6,3.8686658897155004,0.0004551966985066732,15,1.3333333333333333,3,2
0.9998833958525211,0.001044261212288766,0.999986320734024,1.0016605854034424,0.9902436137199402,0.011416971683502197,0.001044382991677152,4,0.015625,0.009742707014083862,-6.719547787456652,53.9632117759409,52,6,17.095160390966587,0.0005203518213010302,1,5.0,5,1
0.9998867246322334,0.001532202348208436,1.0001184344291687,1.0051006078720093,0.9908868670463562,0.014213740825653076,0.001532375928655311,10,0.0390625,0.0092315673828125,-2.9919023223278933,13.388449309897776,22,7,11.935135090615844,0.0007128540207357967,3,3.6666666666666665,4,0
1.0019705218728632,0.0029789659937501344,1.0010817646980286,1.0081241130828857,0.9962075352668762,0.011916577816009521,0.0029731074205475733,0,0.0,0.0,0.5665086812977141,-0.678393247112338,7,183,0.0,0.0005788894260630889,3,1.3333333333333333,2,1
0.9998879048507661,0.0013514684834130379,1.0000669360160828,1.0016640424728394,0.9923519492149353,0.009312093257904053,0.0013516199934579122,11,0.04296875,0.007714986801147461,-3.4875795285456253,14.874258597009042,23,10,10.614796121559866,0.0006977060261894675,3,4.0,4,0
0.9997540421318263,0.000843464280946636,0.9997120499610901,1.0022069215774536,0.9977560043334961,0.0044509172439575195,0.0008436717886612134,3,0.01171875,0.001956045627593994,0.006359153056798952,-0.6212398588125736,9,10,4.552209120255905,0.0004786381534501618,8,1.875,7,2
0.9996864183340222,0.0015084467273899307,0.9998376965522766,1.0025031566619873,0.9905906915664673,0.01191246509552002,0.0015089198970050606,10,0.0390625,0.009247004985809326,-3.6146910978203195,16.222449827436396,27,8,10.992667062788886,0.0008226006638770009,3,3.6666666666666665,4,0
0.999991457676515,0.0014625009217774838,1.0002780556678772,1.002617359161377,0.9907853007316589,0.011832058429718018,0.0014625134150401762,10,0.0390625,0.009492754936218262,-3.3666363811634525,14.426174406555251,19,7,12.22243367326028,0.0007345704471363741,4,3.6666666666666665,4,0
0.9998709966894239,0.0014511514597435452,1.000037670135498,1.0051910877227783,0.9915751814842224,0.013615906238555908,0.0014513386872389662,11,0.04296875,0.008462488651275635,-3.1268289909226166,15.003778450953,20,8,10.140066699391602,0.0007638585333730661,3,3.6666666666666665,4,0
0.9999793912284076,0.0010356025787994281,1.0000609159469604,1.0019031763076782,0.9908914566040039,0.011011719703674316,0.0010356239217362867,4,0.015625,0.009169459342956543,-6.627460584782157,52.3774342254402,53,8,16.06555153890824,0.0004871328671773275,1,4.0,4,1
0.9999970633028826,6.578163424077712e-05,1.0000005662428288,1.000169868195393,0.9997668305766652,0.0004030376187278417,6.57818274220801e-05,12,0.046875,0.00023373566616369246,-0.46580482622570735,0.43436516610590026,41,6,4.420580298103686,5.8416315526310874e-05,12,1.5833333333333333,4,2
0.9998713943641633,0.0014307479761107135,1.0001263618469238,1.0016214847564697,0.9920554757118225,0.009566009044647217,0.0014309320020306738,11,0.04296875,0.008070886135101318,-3.4420090153029905,14.652909399038244,23,7,10.596958290600114,0.0007464352776022519,4,3.25,4,0
1.000069618690759,0.000611766045561405,1.000141203403473,1.0019818544387817,0.9981828927993774,0.003798961639404297,0.0006117234581751404,11,0.04296875,0.001958310604095459,-0.24107569687777108,0.2847729993163375,57,8,3.5483220842580145,0.0006193591099159391,17,1.5294117647058822,5,2
1.0002451636828482,0.0006499221105628817,1.000274121761322,1.0053867101669312,0.9985675811767578,0.00681912899017334,0.0006497628123188358,4,0.015625,0.001706540584564209,1.746864485235938,13.80370259142806,41,6,3.2739233155640455,0.0005038128179662368,11,1.1818181818181819,3,2
1.000673453323543,0.00042646381156116097,1.0006935596466064,1.001862645149231,0.9990599751472473,0.0028026700019836426,0.0004261768013778561,7,0.02734375,0.0016335844993591309,-0.3553855901564889,0.45043239103230315,54,6,4.147355508810489,0.00043929184184354894,18,1.1666666666666667,2,2
0.9999953990336508,0.0006278776293081988,0.9999117255210876,1.0020500421524048,0.9988152384757996,0.0032348036766052246,0.0006278805181653341,0,0.0,0.0,0.5815534854133506,0.02580233266371179,28,6,0.0,0.00047666559032365387,5,1.2,2,2
0.9999264222569764,0.0014093085918258778,1.0001826882362366,1.0020560026168823,0.9921046495437622,0.009951353073120117,0.0014094122932014014,11,0.04296875,0.008078038692474365,-3.2617113342697635,13.556916157215966,24,12,11.230725451694015,0.0006655975884082271,3,4.0,4,0
0.9999933586764285,7.561417064698625e-05,1.000000685539572,1.0002007562215056,0.9997400065792672,0.00046074964223841164,7.561467282849525e-05,11,0.04296875,0.0002606789603047943,-0.717186166414022,0.9906892414886217,31,7,4.823233313155955,6.065733295811502e-05,8,2.375,4,2
1.0000078766859066,7.640656416580308e-05,1.000018894714977,1.0001762523948599,0.9997566528793878,0.00041959951547210217,7.640596234003632e-05,16,0.0625,0.00026224183558931635,-0.8851807237645654,0.884151711290261,32,10,4.677139744753473,6.314671236555911e-05,12,2.272727272727273,4,2
0.9999600544106215,0.0013400730676810472,1.00014328956604,1.0030860900878906,0.9923892617225647,0.010696828365325928,0.0013401265998279192,12,0.046875,0.007754027843475342,-3.555690412551609,15.792087245291874,24,12,10.437614450427713,0.0007049883113187902,3,4.0,4,0
0.9995948993600905,0.007908336047847419,1.0036438703536987,1.0081990957260132,0.9769483804702759,0.031250715255737305,0.007911541018176553,14,0.0546875,0.02669548988342285,-0.5685988777828753,-1.2065295637898032,0,0,39.3197132328011,0.0005963376924103381,2,1.0,1,1
1.000008418830027,7.854077910126118e-05,1.0000157940248326,1.0002686249591888,0.9997516577549016,0.0005169672042871776,7.854011788535842e-05,15,0.05859375,0.0002641362699310479,-0.5745852106338526,0.7550171015476757,33,6,4.521729810310655,6.483923255084632e-05,15,1.6666666666666667,4,2
1.0005567350890487,0.00691310269521643,0.99815234541893,1.0130738019943237,0.9924653172492981,0.020608484745025635,0.006909256069923081,0,0.0,0.0,0.5740431835197543,-1.2158382644231154,1,216,0.0,0.0005923895274891573,0,0.0,0,1
0.999927079770714,0.0004792299701667387,0.999909520149231,1.0013848543167114,0.9986821413040161,0.0027027130126953125,0.000479264918274468,2,0.0078125,0.0012273788452148438,0.2586889136769002,-0.3041322111568374,28,6,3.591331386018332,0.0004034332200592639,12,1.0,1,2
0.9992142140399665,0.0020322129767972796,0.999443769454956,1.0037474632263184,0.9950017929077148,0.008745670318603516,0.0020338111170183928,6,0.0234375,0.004441976547241211,0.03357222160387019,-0.7065472238837254,7,137,9.812859831525756,0.0005005439122517904,10,2.5,8,1
0.9993387837894261,0.0008608243487629528,0.9992694854736328,1.0014525651931763,0.9976431131362915,0.0038094520568847656,0.0008613939163841557,0,0.0,0.0,0.20690477330918125,-0.8056618009479135,24,9,0.0,0.00046185465419993683,8,1.125,2,2
0.9996584043838084,0.0015065045107737274,0.999902755022049,1.0026341676712036,0.991266667842865,0.011367499828338623,0.0015070193019607935,12,0.046875,0.00863608717918396,-3.36146200145254,14.49725726816581,30,8,10.562837697601875,0.0007877557885413077,3,4.0,4,0
0.999939271248877,0.001512166313022557,1.000138521194458,1.0019021034240723,0.9910333156585693,0.01086878776550293,0.0015122581505714167,11,0.04296875,0.009105205535888672,-3.30019683590402,14.22325370414967,17,7,11.72086023074795,0.0007282212668774174,3,4.0,4,0
0.9998753543477505,0.006205280075259609,0.9990347921848297,1.0100525617599487,0.9904438257217407,0.019608736038208008,0.006206053632862572,0,0.0,0.0,0.13052407979391584,-1.365296892211364,2,220,0.0,0.0005410021426630955,0,0.0,0,1
1.0002788305282593,0.0007012810631133477,1.0003067255020142,1.003053903579712,0.9983859658241272,0.004667937755584717,0.0007010855790509859,7,0.02734375,0.0019207596778869629,-0.030965442027230602,0.5502619778427253,34,8,3.6035623527794765,0.0005468384892332788,12,1.9166666666666667,5,2
0.9999738051556051,0.0007737883547733477,0.9999839961528778,1.0042271614074707,0.9980452060699463,0.006181955337524414,0.0007738086245698598,4,0.015625,0.0019387900829315186,0.5367969238033196,2.3905080244212975,27,7,3.9809028436545892,0.0004632807245441512,10,1.0,1,2
0.997998301172629,0.006634713603621498,0.9946092665195465,1.0085830688476562,0.9837485551834106,0.024834513664245605,0.006648020939340113,0,0.0,0.0,0.3644589791385477,-1.5010679161189053,0,0,0.0,0.0005880065992766736,1,0.0,0,1
0.9996885913424194,0.001501808445277259,0.9999193847179413,1.001590609550476,0.9915860295295715,0.010004580020904541,0.0015022762671129159,12,0.046875,0.008333355188369751,-3.4409784269673853,14.273323390630974,30,10,10.678694759212469,0.0007369321935317096,3,4.0,4,0
0.9997090420220047,0.0010537079021221635,0.9998174905776978,1.0008490085601807,0.9897333979606628,0.011115610599517822,0.001054014576071995,4,0.015625,0.010084092617034912,-7.283704748354711,60.0516019161239,45,6,18.552817411303312,0.00044661316217160693,1,4.0,4,1
0.9999973376728136,8.650034863814845e-05,0.9999982715060286,1.0002109958395673,0.9996574427346175,0.0005535531049497555,8.650057893099138e-05,7,0.02734375,0.0003408287714110614,-0.5235568297838689,1.0788159945795028,24,8,6.116182201928287,6.0965266628529466e-05,9,1.8888888888888888,5,2
0.9998579148668796,0.00042416522558885906,0.9998859167098999,1.0016438961029053,0.9986674189567566,0.0029764771461486816,0.00042422550172574485,10,0.0390625,0.0012184977531433105,-0.0194726619452315,0.9943198673200828,49,9,3.3199860963628782,0.0004161689795699774,19,1.0526315789473684,2,2
1.0003775034565479,0.0006446250397191054,1.0004041194915771,1.0021004676818848,0.998745858669281,0.0033546090126037598,0.0006443817833685473,8,0.03125,0.0016582608222961426,-0.1344934335219144,-0.4289441696260239,25,7,4.189300705125776,0.00043162154216392365,12,1.8181818181818181,4,2
0.9997012764215469,0.0009279819209847709,0.9995392560958862,1.0019757747650146,0.9977314472198486,0.004244327545166016,0.0009282592138988788,0,0.0,0.0,0.29273024710969586,-0.7489775559634806,23,7,0.0,0.00048767678877886605,5,1.2,2,2
0.999993125508751,8.61367014330524e-05,1.0000004470981807,1.0002047942354357,0.999708687727011,0.0004961065084246874,8.613729358312335e-05,9,0.03515625,0.0002917593711696531,-0.3981896450022709,0.44832976315880435,26,7,5.6491739208203775,5.855905520266234e-05,9,2.111111111111111,4,2
0.9997230707667768,0.0013961240025509927,0.9999411106109619,1.001739501953125,0.9910827875137329,0.01065671443939209,0.0013965107371986332,10,0.0390625,0.008858323097229004,-3.7294521412153263,17.19698422917053,22,9,11.742054733235953,0.0007182467217538871,3,4.0,4,0
1.0000623643863946,0.0005395828396186194,1.0000573992729187,1.0016074180603027,0.9987592101097107,0.002848207950592041,0.0005395491909643952,5,0.01953125,0.0012981891632080078,0.06680212347260256,-0.26928153545620814,34,7,2.7518032502457923,0.0005323309524386537,18,1.0,1,2
1.0003009834326804,0.0006483613178755315,1.0002422332763672,1.0023945569992065,0.9988611936569214,0.0035333633422851562,0.0006481662305785045,2,0.0078125,0.0013810396194458008,0.27803711225726957,-0.2560185127759298,31,7,3.0814285364369223,0.0005022799267488367,12,1.0,1,2
1.001176398480311,0.0014257310276150326,1.0016131401062012,1.003644347190857,0.9970359802246094,0.006608366966247559,0.001424055770570655,24,0.09375,0.004577159881591797,-0.8505175833680483,-0.14863767919056814,12,7,10.09595729352762,0.0005253216799567728,9,4.222222222222222,27,1
0.9997852249071002,0.0013880255014617874,1.0000197887420654,1.0021759271621704,0.9920271635055542,0.010148763656616211,0.0013883236788088786,11,0.04296875,0.00799262523651123,-3.270159523160935,13.806317595148748,31,9,10.204612941709001,0.0007568707653120453,3,3.6666666666666665,4,0
0.9996878306847066,0.0014746341670629547,0.9997884929180145,1.0047051906585693,0.9907134771347046,0.013991713523864746,0.0014750946463486984,9,0.03515625,0.009075015783309937,-2.9246164347332724,14.071675735901845,31,6,11.082403746452805,0.000727080831340715,3,3.0,3,0
1.000159160932526,0.00045057028674306453,1.000128149986267,1.0023263692855835,0.9989831447601318,0.00334322452545166,0.00045049858496817933,5,0.01953125,0.001145005226135254,0.40100281322602854,1.2865075184713124,53,6,2.8057375279589887,0.0004677316721747903,13,1.0,1,2
1.000588439637795,0.0007026393681626841,1.0006942749023438,1.0020774602890015,0.9986146688461304,0.0034627914428710938,0.0007022261504610565,13,0.05078125,0.002079606056213379,-0.4359080153311356,-0.06898378513262182,32,7,4.169321081821168,0.0005440950393676758,19,1.4210526315789473,4,2
1.0003634642343968,0.0004225149148201206,1.0003584027290344,1.0017693042755127,0.9992713332176208,0.0024979710578918457,0.00042236140155666504,5,0.01953125,0.0010870695114135742,0.2247492561431182,0.23184174822731807,61,8,2.7588284116925124,0.00044846674975226907,10,1.2,2,2
0.999508140841499,0.000560999654658168,0.9994537234306335,1.0010149478912354,0.998271107673645,0.002743840217590332,0.0005612757232630992,1,0.00390625,0.0011826157569885254,0.5729805181092276,-0.08905398853998436,24,8,3.275244813448873,0.0004085629594092276,5,1.0,1,2
0.9999865682276897,7.280536987835766e-05,0.9999907000419215,1.0001524355074698,0.9996724664078374,0.00047996909963243795,7.2806347796644e-05,12,0.046875,0.00031823363408411964,-0.7542401741257521,1.4073196995082542,37,7,5.9237914680679005,5.884813388400129e-05,11,2.0,4,2
1.0003529579844326,0.0006155330799955512,1.0003144145011902,1.0022976398468018,0.9987327456474304,0.003564894199371338,0.0006153158993359323,5,0.01953125,0.0015816688537597656,0.15548879186390493,-0.18512877654089488,34,6,3.7125804668338054,0.00048093468535180187,9,1.1111111111111112,2,2
0.9993319858331233,0.01079285102908779,0.9959061145782471,1.0249296426773071,0.9858700633049011,0.039059579372406006,0.010800065625929108,0,0.0,0.0,0.5014265164010699,-1.27123080151849,0,0,0.0,0.0006432654810886757,0,0.0,0,1
1.004846181254834,0.008379582022764414,1.0049877762794495,1.0249296426773071,0.989568293094635,0.03536134958267212,0.008339168898766318,0,0.0,0.0,-0.11798861508082457,-1.2095587299062738,1,222,0.0,0.0006307419608621036,3,5.0,9,1
1.000042867846787,0.00014127476299421234,1.0000351071357727,1.0004335641860962,0.9996630549430847,0.0007705092430114746,0.0001412687071089202,4,0.015625,0.0003720521926879883,0.14343293855188066,0.08234460607861127,39,8,3.3448750443459043,0.0001288881488874847,12,1.3333333333333333,3,0
0.9999240185134113,0.0014172599166657012,1.0000889897346497,1.0022180080413818,0.9919999241828918,0.01021808385848999,0.0014173676103637794,12,0.046875,0.008089065551757812,-3.389294530162183,14.615021097204874,23,8,11.353734567062565,0.0006592853396546606,3,4.0,4,0
1.0020531241316348,0.0037291413063928907,1.0016061067581177,1.0080674886703491,0.9888152480125427,0.019252240657806396,0.0037215006036975455,2,0.0078125,0.012790858745574951,-0.09114910228712896,-0.6419780112424864,7,197,18.39052718055055,0.0006148925014570648,1,2.0,2,1
1.0005814540199935,0.00042926638122988455,1.0005676746368408,1.002068281173706,0.999525249004364,0.002543032169342041,0.0004290169276126789,3,0.01171875,0.0010424256324768066,0.3599677343164509,0.15450375728956622,57,9,2.693898057453963,0.00043583196752211627,12,1.0833333333333333,2,2
1.000037708785385,0.001384873552114651,1.0002403259277344,1.0020807981491089,0.9922136068344116,0.009867191314697266,0.0013848213321842394,9,0.03515625,0.008026719093322754,-3.256073844456295,13.763785148819021,20,11,10.926044364474851,0.0007042887164097207,3,3.6666666666666665,4,0
1.000379083212465,0.000938336476780349,1.000623881816864,1.0022449493408203,0.9977194666862488,0.004525482654571533,0.0009379809039660427,22,0.0859375,0.0029044151306152344,-0.7949764286762697,-0.07803492253388455,14,7,7.285841288530381,0.00044841649485569373,8,4.5,17,2
0.9998678893316537,0.0014117122326033837,1.0000884532928467,1.0030511617660522,0.9922249913215637,0.010826170444488525,0.0014118987594921376,12,0.046875,0.007863461971282959,-3.102311538764939,13.006204384939096,23,9,10.512565678391438,0.0007156217799467199,3,4.0,4,0
0.9998674539383501,0.0010608198305306308,0.9999684691429138,1.0015052556991577,0.9894816279411316,0.012023627758026123,0.0010609604566607274,4,0.015625,0.010486841201782227,-7.132574720825914,59.880242740194845,48,21,17.78860478719664,0.0005008328194711722,1,4.0,4,1
0.9999926097762762,7.896402282075452e-05,0.9999935034009327,1.0004264209346323,0.9997105342580261,0.0007158866766061589,7.896460638686197e-05,9,0.03515625,0.00028296914290659725,0.24623316603093828,3.584217760782546,41,20,4.408722623717288,6.480635306913563e-05,7,1.8571428571428572,3,2
0.9995139953680336,0.0010482953769488464,0.9991730451583862,1.0018762350082397,0.9976572394371033,0.004218995571136475,0.001048805101086004,0,0.0,0.0,0.5878656801722191,-0.8450259286381776,15,7,0.0,0.00045789246465645584,0,0.0,0,2
1.0001758388243616,0.0005487767525292754,1.0001968741416931,1.0016814470291138,0.9985988736152649,0.003082573413848877,0.0005486802732350794,5,0.01953125,0.0015980005264282227,-0.1177516336800779,-0.5143491962780562,24,7,3.9810188297057123,0.0004437147402295879,19,1.1578947368421053,3,2
0.9999499914702028,0.0005716574199483188,0.9999711215496063,1.001236915588379,0.9984990954399109,0.0027378201484680176,0.0005716860091251407,5,0.01953125,0.0014720261096954346,-0.1276330527898339,-0.49780543305094405,28,6,3.9590869549941092,0.0004195140857322543,13,1.5384615384615385,3,2
1.0000027676602432,6.647893373598848e-05,1.0000115038634938,1.00014090665685,0.9997227700222179,0.0004181366346321935,6.64787497453958e-05,17,0.06640625,0.0002887338412759233,-1.3175078281681594,2.6355139429322305,28,21,5.869487140703943,5.34121382313394e-05,11,2.0,4,2
0.9997354671359062,0.000465090152668793,0.9997296631336212,1.0017057657241821,0.9984572529792786,0.0032485127449035645,0.00046521321685346153,3,0.01171875,0.0012724101543426514,0.49350884123624367,1.55298327521698,34,7,3.1495896989056913,0.0004381373816845464,12,1.25,2,2
0.9999897333327681,0.00016247861531024443,0.9999839663505554,1.0003944635391235,0.9995248317718506,0.0008696317672729492,0.00016248028344124628,6,0.0234375,0.000459134578704834,-0.03490871772763973,-0.11613584284690992,38,11,3.933575464972657,0.00012746535095514036,10,1.5,3,0
1.0003167528193444,0.000617086156476093,1.000394582748413,1.0016562938690186,0.9981920719146729,0.003464221954345703,0.000616890754590349,16,0.0625,0.0022025108337402344,-0.9400561567033693,1.295939354846463,50,7,5.278814404897317,0.0004705342591977587,10,2.4,7,2
1.0007475023157895,0.003035817331337381,1.00035560131073,1.0073912143707275,0.9951204061508179,0.012270808219909668,0.003033549745877275,0,0.0,0.0,0.41833987707264464,-0.8188899621192345,7,153,0.0,0.0005553750430836397,3,1.0,1,1
1.0010813840199262,0.011550841398380004,1.0045204758644104,1.0164905786514282,0.9832494854927063,0.033241093158721924,0.011538363995938704,0,0.0,0.0,-0.25216487770333806,-1.5571075838981179,0,0,0.0,0.0006457207249660118,6,8.833333333333334,32,1
1.0004831943660975,0.0006639967221880501,1.000516951084137,1.0020147562026978,0.9986887574195862,0.0033259987831115723,0.0006636760376657361,8,0.03125,0.0018281936645507812,-0.14887813466581445,-0.38673796528184656,33,11,4.246121389584408,0.00048393829196107153,15,1.5,3,2
0.9999964432790875,0.00044723512390355553,0.999969094991684,1.0017178058624268,0.9987034201622009,0.00301438570022583,0.00044723671459973117,5,0.01953125,0.0012656748294830322,0.28681811060389134,0.7195063595937876,61,8,3.155522444761462,0.0004476135852290135,11,1.0909090909090908,2,2
0.9999965104704769,7.521321692630565e-05,1.0000046492429226,1.0001755387235742,0.9997489400000017,0.0004265987235725355,7.521347938596251e-05,12,0.046875,0.000255709242920954,-0.5144326192907357,0.4228007990753331,34,9,5.002116388126417,5.6161673655699955e-05,13,2.0,4,2
1.000132689718157,0.0006160873398370701,1.0001282691955566,1.0078356266021729,0.9992164969444275,0.008619129657745361,0.0006160056022273274,0,0.0,0.0,7.587492492408497,92.86408707208035,68,9,0.0,0.0004735105177935432,0,0.0,0,2
0.9998308182694018,0.0014510790434324634,0.9999878406524658,1.0024594068527222,0.991185188293457,0.011274218559265137,0.001451324581036743,10,0.0390625,0.008802652359008789,-3.659115115294736,16.96433345425848,20,10,11.77906815904717,0.0006738686094097063,3,4.0,4,0
1.0036505819298327,0.00613179701803764,1.0047454237937927,1.0127030611038208,0.9922832250595093,0.020419836044311523,0.006109493810333213,1,0.00390625,0.012462198734283447,-0.25753354726283073,-1.286416922246147,2,231,25.69933221886685,0.0005428522240881826,4,9.75,18,1
0.9998436742462218,0.00012208815608498206,0.9998621642589569,1.000123143196106,0.9993903040885925,0.0007328391075134277,0.00012210724459203468,11,0.04296875,0.0004718601703643799,-0.5202513065672351,0.5012417288778561,38,6,4.631648144231424,0.00011572066475363339,17,1.3529411764705883,5,0
0.999998015809466,7.057104593006651e-05,1.0000033378783604,1.000195950172398,0.9997298932804614,0.00046605689193668365,7.057118595674566e-05,12,0.046875,0.00027344459789901965,-0.9748076812599298,2.074318761149919,30,6,5.433850173431162,5.410534816974221e-05,10,1.8888888888888888,3,2
1.0000656978227198,0.0012826162798199848,1.0001823902130127,1.0036734342575073,0.9919151067733765,0.01175832748413086,0.0012825320202586854,8,0.03125,0.00826728343963623,-3.2801008548778507,16.50634277358501,33,7,11.36993112905627,0.0006812855309131099,3,3.0,4,0
0.9997568018734455,0.0014846403235644588,0.9999248683452606,1.0047051906585693,0.9914476871490479,0.013257503509521484,0.0014850014731406572,9,0.03515625,0.008477181196212769,-2.8218436414449926,12.380629463724949,27,7,10.471302154634984,0.0007372468125586416,3,3.0,3,0
0.99667186033912,0.009007327902292275,0.9932298362255096,1.018205165863037,0.9835501909255981,0.034654974937438965,0.00903740565046906,0,0.0,0.0,0.9507805142274065,-0.2159356079292234,1,234,0.0,0.0006463831546259861,0,0.0,0,1
0.9999977426669567,8.102181016552649e-05,1.0000094178957606,1.0002084843722547,0.9997470898528814,0.000461394519373326,8.102199305914865e-05,11,0.04296875,0.00026232804287917855,-0.6455071439194856,0.3264804946774782,30,7,5.325578953998518,5.352597930322633e-05,13,2.076923076923077,8,2
0.9995158822275698,0.0010441175390373185,0.9995293915271759,1.0019866228103638,0.9975747466087341,0.004411876201629639,0.0010446232597228443,0,0.0,0.0,0.09030876230767469,-0.9478018827202757,23,14,0.0,0.00045016092412612015,12,1.3333333333333333,2,2
0.9997541420161724,0.001606438599910853,1.000079870223999,1.002245306968689,0.9911715388298035,0.011073768138885498,0.001606833652793075,13,0.05078125,0.008908331394195557,-3.224217567837503,11.997696543022958,12,10,10.616153345897015,0.0007538486929500805,4,3.75,4,0
0.9992797176819295,0.002769255380923117,0.9998429119586945,1.0036083459854126,0.9910920858383179,0.012516260147094727,0.0027712514643518163,25,0.09765625,0.008750826120376587,-1.1558534550524988,0.9443159465466864,2,127,20.293153305687394,0.0004737222895902746,2,15.5,29,1
1.0004574675112963,0.004666818955873612,1.0000640153884888,1.0081532001495361,0.9880619049072266,0.02009129524230957,0.004664685014029263,2,0.0078125,0.012002110481262207,0.018245203807382527,-1.1957640356558223,1,154,17.55497043825281,0.0006317253206290451,3,1.6666666666666667,2,1
1.0011379898060113,0.003494847696999151,1.0015777349472046,1.0062185525894165,0.9929587841033936,0.01325976848602295,0.003490875116702285,16,0.0625,0.008618950843811035,-0.6071164071549415,-0.6565926902972374,1,234,20.442838945516556,0.0004786077667685116,1,34.0,34,1
0.9992861868813634,0.0010415039201047752,0.999373733997345,1.0014876127243042,0.9968892931938171,0.0045983195304870605,0.0010422478903217582,7,0.02734375,0.002484440803527832,-0.28419217305932026,-0.6022889513268126,26,7,5.13732592491425,0.000555111613928103,15,2.0,4,2
1.0010213770437986,0.005137688211795487,1.0003565549850464,1.0095351934432983,0.9914014339447021,0.01813375949859619,0.005132446049222277,0,0.0,0.0,0.030319443579672933,-0.9890258289701195,1,225,0.0,0.0005762743014915317,1,15.0,15,1
0.9999999656373029,8.27262327494599e-05,1.0000109984490142,1.000158333246894,0.9995742892607071,0.000584043986186833,8.272623559215648e-05,15,0.05859375,0.00043670918830707173,-1.445195981719429,4.339185068859347,35,20,8.021481401582662,6.050249595976233e-05,8,2.4285714285714284,3,2
1.0005096425302327,0.000686758010209881,1.0005595088005066,1.0022441148757935,0.9985573887825012,0.0036867260932922363,0.0006864081874044797,8,0.03125,0.002002120018005371,-0.20777713661959224,-0.4894478335773571,20,6,4.557342716912924,0.0005022186858981263,17,1.1764705882352942,3,2
1.0011472383048385,0.000614397305303944,1.001189410686493,1.0030183792114258,0.9990485906600952,0.003969788551330566,0.0006136932528967999,11,0.04296875,0.002140820026397705,-0.25413648794472915,0.48170977997971454,39,6,4.018330723811763,0.000559541290881587,18,1.2777777777777777,3,2
0.9997578507754952,0.0004459449801435147,0.999740719795227,1.0008240938186646,0.9986167550086975,0.002207338809967041,0.00044605299152950163,5,0.01953125,0.001123964786529541,0.05045824873357319,-0.3250413226016229,37,7,2.9590350122252813,0.00043413171581193515,13,1.1666666666666667,2,2
0.9997667348943651,0.001415354010257143,1.0000142455101013,1.0033364295959473,0.9912152886390686,0.012121140956878662,0.00141568423999093,11,0.04296875,0.008798956871032715,-3.5240543986347768,16.052289616018196,24,6,11.160563447225247,0.0007683669819551356,3,4.0,4,0
0.9994441822636873,0.001568383555445351,0.9996638894081116,1.0020865201950073,0.9909955859184265,0.01109093427658081,0.001569255775638262,12,0.046875,0.008668303489685059,-3.1094603288360863,12.031045442554248,25,8,10.509323548261728,0.0008022640265670477,4,3.0,3,0
0.9997823336161673,0.0013360494338804556,0.9999758899211884,1.0013489723205566,0.991374135017395,0.009974837303161621,0.001336340310243356,9,0.03515625,0.008601754903793335,-3.865885265977109,17.48518550879786,25,6,12.175531735895657,0.0006849036497228285,3,4.0,5,0
1.0013345426414162,0.0014283477007179873,1.0017958283424377,1.003976583480835,0.9990395903587341,0.00493699312210083,0.0014264440503072577,0,0.0,0.0,-0.16515844871432064,-1.5253104477264272,9,6,0.0,0.0004979933009428136,25,1.76,4,2
0.9997145794332027,0.0011480827073911183,0.9998316764831543,1.0017279386520386,0.9911586046218872,0.010569334030151367,0.0011484104873633375,7,0.02734375,0.00867307186126709,-4.4682906767945525,26.58709468412494,48,7,12.503867892479986,0.0006697215285955691,2,4.0,4,0
0.9999001724645495,0.0016512602588355757,1.0001956820487976,1.002124547958374,0.9910293221473694,0.011095225811004639,0.0016514251165349403,13,0.05078125,0.009166359901428223,-3.1964861588467963,11.857924058678583,16,7,11.292578947638226,0.0007635336296231139,4,3.3333333333333335,4,0
1.0000865464098752,0.0007445658695320512,1.0000836849212646,1.0026229619979858,0.9985265135765076,0.0040964484214782715,0.0007445014356056526,4,0.015625,0.00155717134475708,0.2685110413044211,0.11280843878264246,43,6,3.4048749988512497,0.0005061268806457519,15,1.2,2,2
0.9996017899829894,0.0021717774966051795,1.0001981258392334,1.0036667585372925,0.9945357441902161,0.009131014347076416,0.0021726426646776387,23,0.08984375,0.005662381649017334,-0.5583887305475871,-0.778175922772586,13,164,12.753724023367063,0.0005210530524160348,5,9.0,36,1
0.9999644488561898,0.00042943143348541356,0.9999749660491943,1.0018364191055298,0.9987562298774719,0.0030801892280578613,0.00042944670080683275,6,0.0234375,0.0012187361717224121,0.18324184762142492,1.007113608180613,56,6,3.149351714673531,0.00042499958300123026,11,1.2,2,2
1.0015097884461284,0.005950730759402882,1.0044749975204468,1.0081990957260132,0.9897245764732361,0.0184745192527771,0.005941759958867316,38,0.1484375,0.014750421047210693,-0.681088727559596,-1.0841572151903558,0,0,31.615070984141866,0.0005286359319499895,2,29.5,58,1
1.0004382233601063,0.0005411030838674089,1.0004112124443054,1.0021661520004272,0.9991381764411926,0.003027975559234619,0.0005408660637235965,4,0.015625,0.001273036003112793,0.33226997360568933,0.1276092183671098,65,7,2.4889444408512102,0.0005677167107077205,9,1.2222222222222223,3,2
0.9998560040257871,0.0007309811804775397,0.9998509287834167,1.0016393661499023,0.9979164004325867,0.003722965717315674,0.0007310864539837149,7,0.02734375,0.0019345283508300781,-0.21474060205761325,-0.5607971220411021,26,9,4.764434423607116,0.00045207388260785274,13,1.5384615384615385,4,2
1.0000792865175754,0.00043069554117906877,1.0001049041748047,1.0012959241867065,0.9984106421470642,0.002885282039642334,0.0004306613955367625,8,0.03125,0.0016942620277404785,-0.26213898088567,0.4034417976448137,48,7,4.50641613929932,0.00042465714847340306,18,1.1111111111111112,2,2
0.9998485681135207,0.000623203087756351,0.9998812079429626,1.0016098022460938,0.998002290725708,0.003607511520385742,0.0006232974748688082,12,0.046875,0.0018789172172546387,-0.2907245716447744,0.20225150053539842,23,8,4.167259395899839,0.0004971102172253179,13,1.4615384615384615,3,2
0.9997354128863662,0.0014158729699074786,0.9999137222766876,1.0033540725708008,0.9907298684120178,0.012624204158782959,0.0014162476907961768,7,0.02734375,0.0091838538646698,-5.050541408715829,28.358426809665314,25,9,12.268833662887626,0.0005847979994381175,2,3.5,4,1
1.0006385415326804,0.0005894689361938724,1.0006108283996582,1.0021401643753052,0.9992395043373108,0.0029006600379943848,0.000589092775989801,2,0.0078125,0.0013713240623474121,0.23208192946254044,-0.41458874275783897,26,6,3.1367341397276474,0.0004819187463498583,10,1.1,2,2
0.9994342883583158,0.0026011562235172506,0.9993645250797272,1.004547119140625,0.9933133125305176,0.011233806610107422,0.002602628560793071,2,0.0078125,0.006051212549209595,0.07998589123339685,-0.8509570180325019,6,9,9.242803874201725,0.0005961707994049671,9,1.6666666666666667,4,1
0.9994234018959105,0.001403233911643713,0.9996673762798309,1.001210331916809,0.9907278418540955,0.010482490062713623,0.0014040434804526013,11,0.04296875,0.008939534425735474,-3.8689813649331115,17.942739935378828,23,7,11.611500974453431,0.0007023049335853726,3,3.6666666666666665,4,0
0.9999098635744303,0.0011141685074115154,0.9998534619808197,1.0150036811828613,0.9984026551246643,0.01660102605819702,0.0011142689436312175,0,0.0,0.0,9.730709443681468,128.8762415181785,58,6,0.0,0.0006699662582547057,0,0.0,0,2
0.9993825049605221,0.0006235677090576235,0.999363124370575,1.0010257959365845,0.9977917075157166,0.00323408842086792,0.0006239529969381002,3,0.01171875,0.0015714168548583984,0.07001538887083471,-0.27571465993267763,34,8,3.3769640424769274,0.0005420348223517923,14,1.2142857142857142,3,2
0.9987155876588076,0.000633895255016335,0.9987485408782959,1.0004714727401733,0.9968859553337097,0.003585517406463623,0.0006347104849963484,8,0.03125,0.0018625855445861816,0.07019287026450707,0.23786138713865324,49,6,3.992666277811176,0.0005177067775352329,17,1.1176470588235294,2,2
0.9993644922506064,0.0011300610602808063,0.9993161857128143,1.002471685409546,0.9965428113937378,0.0059288740158081055,0.0011307796795300045,2,0.0078125,0.002773374319076538,0.23204172440356016,-0.5968447135155333,17,14,5.294939046296914,0.0005396342745014266,7,1.4285714285714286,3,2
0.9978485093452036,0.0020892711130940486,0.9972150325775146,1.0039030313491821,0.9948170781135559,0.00908595323562622,0.002093775852273453,0,0.0,0.0,1.041027135349899,0.27296519756802606,6,110,0.0,0.0005369195751115388,0,0.0,0,1
0.9997308666352183,0.0013447345922006266,0.9999056458473206,1.001987099647522,0.9920957684516907,0.009891331195831299,0.0013450966025752341,11,0.04296875,0.007809877395629883,-3.0680715602395776,12.742484623681706,19,7,10.610517855751567,0.0007447640101114909,3,3.6666666666666665,4,0
0.999936161795631,0.00010980172123561176,0.9999314546585083,1.0002467632293701,0.9996073246002197,0.0006394386291503906,0.00010980873122783738,7,0.02734375,0.0003241300582885742,-0.09118256086641706,0.023521656098925536,53,7,3.3441863759787203,0.00011016621309168198,14,1.0714285714285714,2,0
0.9985708508174866,0.003530870852962936,0.9976198971271515,1.0078842639923096,0.9942111968994141,0.013673067092895508,0.0035359242161658987,0,0.0,0.0,0.9039632961127498,-0.14359393852316726,2,218,0.0,0.0005809241650151271,0,0.0,0,1
1.0000038628488204,9.186714658905156e-05,1.0000047085413653,1.0008260194633858,0.9996553667247866,0.001170652738599176,9.186679172152352e-05,6,0.0234375,0.00034934181657864105,2.32594761132546,24.21493630120307,36,7,4.806743318715664,6.643853835739443e-05,7,2.0,4,2
0.9995178552344441,0.0005200193176763563,0.9995025992393494,1.0008366107940674,0.9982991218566895,0.0025374889373779297,0.000520270163212224,4,0.015625,0.0012034773826599121,0.0982090319960433,-0.3634045029015187,28,6,2.956809297488981,0.00046782703960643096,16,1.125,2,2
1.0001883588265628,0.000644586197243598,1.0002096891403198,1.0049328804016113,0.9978054761886597,0.00712740421295166,0.0006444648066088642,9,0.03515625,0.0024042129516601562,0.9607137419893547,11.598516706075728,44,7,5.051307483594421,0.0004266986659928864,7,2.857142857142857,8,2
1.0000336552038789,0.00022798269460830105,1.000047206878662,1.001698613166809,0.9995877742767334,0.0021108388900756836,0.00022797502206245424,1,0.00390625,0.00045943260192871094,1.4966602718404616,9.477740840926089,25,7,2.988196471065099,0.00014378533643834732,9,1.3333333333333333,3,0
0.999938823049888,0.0004094116635484689,0.9999112486839294,1.0016248226165771,0.9984402656555176,0.0031845569610595703,0.0004094367116377508,3,0.01171875,0.0014709830284118652,0.40934410951203914,1.4054713267912184,58,9,3.9627992478524927,0.00041753053665161133,10,1.2,3,2
1.0000042627957655,7.903798112017243e-05,1.0000046788857357,1.0003189342454055,0.9997143880080621,0.0006045462373434063,7.903764419883743e-05,10,0.0390625,0.0002902908776736268,-0.41658992813062584,1.3680257644705875,37,7,5.125105937492662,6.120943033461084e-05,10,1.9,4,2
0.9999647517688572,0.0007270964236738663,0.9999776780605316,1.0019469261169434,0.9981944561004639,0.003752470016479492,0.0007271220534400749,7,0.02734375,0.001783221960067749,-0.1900097573127632,-0.42967875033317027,33,13,4.092384314718495,0.0004891096376905254,16,1.4375,3,2
1.0014167791232467,0.00042697001437124024,1.0014068484306335,1.0032697916030884,1.0002537965774536,0.0030159950256347656,0.00042636594799725443,7,0.02734375,0.0011530518531799316,0.15510915664860808,0.6860455364929532,70,6,2.8280320361201663,0.00047830366620830463,14,1.1428571428571428,2,2
0.9993929129559547,0.0007916464460045539,0.9992983639240265,1.0097566843032837,0.9978916645050049,0.011865019798278809,0.000792127336247624,0,0.0,0.0,8.786485092993617,112.11552019358165,62,7,0.0,0.0005207332910275927,1,1.0,1,2
0.9998172628693283,0.0014379654991931697,1.0000805854797363,1.0020350217819214,0.9909461140632629,0.011088907718658447,0.0014382283169090525,11,0.04296875,0.009134471416473389,-3.8482050996734043,17.94013500400997,26,9,11.724584017555388,0.0007636995876536649,3,4.0,4,0
0.9999837644529168,7.920776977557931e-05,0.999996126132992,1.000184606797357,0.999662772466991,0.0005218343303660111,7.92090557779338e-05,15,0.05859375,0.0003333536660010683,-1.0912013775426614,2.388779087411856,34,10,6.138747536880048,6.069762192393128e-05,8,2.5,4,2
1.0008326892275363,0.0005301123615487574,1.0008713603019714,1.0021493434906006,0.9994028806686401,0.0027464628219604492,0.000529671309954823,8,0.03125,0.0014684796333312988,-0.19508089399969541,-0.08710836896308916,41,7,3.289394559789068,0.0005025167091220032,15,1.4,5,2
0.9999842208344489,0.0005104420340388544,0.9999602138996124,1.002341628074646,0.9985648989677429,0.003776729106903076,0.0005104500885153066,3,0.01171875,0.0013953149318695068,0.4661050751730677,1.3217502239993184,46,7,3.096848300216535,0.00048148187936521044,9,1.2222222222222223,3,2
0.9997536079026759,0.0014025624371785358,0.9999507665634155,1.001741647720337,0.9911586046218872,0.010583043098449707,0.0014029081026483003,11,0.04296875,0.00879216194152832,-3.802778487076763,17.251931698410957,31,6,11.292609543147547,0.0007479127715615665,3,4.0,4,0
0.9999959704944675,7.255250282012543e-05,0.9999994637293621,1.0002263512148408,0.9997387673348967,0.0004875838799440757,7.255279517201496e-05,11,0.04296875,0.000260696394465354,-0.4715472678923279,1.0325379732036524,45,11,4.214442301206729,6.818031792666564e-05,11,1.7272727272727273,3,2
0.9993757181800902,0.0020394154460671365,0.9993332922458649,1.004882574081421,0.9954657554626465,0.009416818618774414,0.0020406894113667354,0,0.0,0.0,0.3133754251547933,-0.2929209079469377,16,8,0.0,0.0006324022423987295,7,1.8571428571428572,4,1
1.0005816435441375,0.00045989423059697595,1.0005598068237305,1.0022742748260498,0.9995044469833374,0.0027698278427124023,0.0004596268915827749,4,0.015625,0.0010553598403930664,0.3209515913136347,0.6786471889253494,64,8,2.401668848085458,0.0004878560702006022,15,1.1333333333333333,3,2
0.9995868692640215,0.0031345103452192916,0.999630868434906,1.005420446395874,0.9874418377876282,0.01797860860824585,0.0031358058429950936,2,0.0078125,0.012189030647277832,-0.19866174640108267,-0.28286120641325185,5,181,17.354051390274115,0.0006070279607585833,3,1.6666666666666667,3,1
0.9992402985226363,0.0015259612085355718,0.9988245368003845,1.0039567947387695,0.9963544011116028,0.007602393627166748,0.0015271213648925944,0,0.0,0.0,1.0113632894888047,0.3844416403862603,10,12,0.0,0.0006128970314474666,1,1.0,1,1
0.999144411412999,0.0006980119378324147,0.9990452229976654,1.001314640045166,0.9976572394371033,0.003657400608062744,0.0006986096602845228,0,0.0,0.0,0.6227347678342932,0.1391598811273882,28,7,0.0,0.0004455264876870548,4,1.0,1,2
0.9999949349427795,0.00012769406630578205,1.0000049177274306,1.0002905842792527,0.9995211079841368,0.0007694762951158118,0.0001276947130868106,7,0.02734375,0.0004838097432937616,-0.3186403050114454,0.24565635018510568,29,6,8.259106390436,6.155415542037923e-05,12,1.4166666666666667,3,2
0.9997692622710019,0.0007158094011966311,0.9997456073760986,1.002060055732727,0.997546911239624,0.004513144493103027,0.0007159746035506747,5,0.01953125,0.0021986961364746094,0.0918418814015198,0.09054674143232955,27,11,4.761259709444389,0.0004987394108491786,10,1.3,3,2
1.000024733832106,0.0010703554032779252,1.0001285076141357,1.0039258003234863,0.9906885623931885,0.013237237930297852,0.0010703289299418739,4,0.015625,0.009439945220947266,-6.2070150046587065,50.19464339673773,55,8,15.71954257622724,0.0005253995166105383,1,4.0,4,1
0.9996473572682589,0.001556053778114341,0.9998936951160431,1.009184718132019,0.9912336468696594,0.01795107126235962,0.0015566027027436719,12,0.046875,0.008660048246383667,-2.1251282409120176,17.263410363914858,33,7,8.645695715842328,0.0008310565761491364,3,4.0,4,0
1.000544004375115,0.0006355221368882091,1.0006321668624878,1.0020135641098022,0.9988863468170166,0.0031272172927856445,0.0006351765980399047,11,0.04296875,0.0017458200454711914,-0.28891748387012933,-0.472260325720367,30,7,4.122180775693361,0.00046372366886512906,14,1.8571428571428572,5,2
1.0001722048036754,0.00016460629842224403,1.0001670122146606,1.000540852546692,0.9995647668838501,0.0009760856628417969,0.0001645779573074166,4,0.015625,0.0006022453308105469,-0.17672685042011393,-0.17381420812683723,39,7,6.300175826402796,0.0001075898899751551,6,1.8333333333333333,6,0
0.9999203605111688,0.00017654543313077716,0.9999172985553741,1.000887393951416,0.9993605613708496,0.0015268325805664062,0.0001765594942386466,7,0.02734375,0.0005567371845245361,0.41229260100348236,3.720719084277264,39,6,5.1939733928775755,0.00011650884852689856,4,3.0,8,0
1.0025495092850178,0.005290037671960352,1.003605306148529,1.0104790925979614,0.9880619049072266,0.022417187690734863,0.005276584969587204,5,0.01953125,0.01554340124130249,-0.38225370294284855,-1.0243744897077267,3,159,22.730724141175838,0.0006335520276836321,4,9.5,32,1
0.9998979733791202,0.0010506856793451216,1.000008225440979,1.0010998249053955,0.9902257323265076,0.01087409257888794,0.0010507928881927483,4,0.015625,0.009782493114471436,-7.096326351115539,57.38090354014252,57,10,17.72366039286211,0.00048305544198728073,1,4.0,4,1
0.9978804476559162,0.004164257133459696,0.9981266558170319,1.0047404766082764,0.9850051999092102,0.019735276699066162,0.0041731022420990384,2,0.0078125,0.013121455907821655,-0.3562420399954412,-0.929383084986501,7,233,18.504838714479234,0.0006187282356561399,7,3.857142857142857,18,1
1.0003322896081954,0.00040315775702238067,1.000312626361847,1.0017693042755127,0.9993391036987305,0.0024302005767822266,0.0004030238363896933,3,0.01171875,0.0009735226631164551,0.39628512446524106,0.5990874575160485,45,8,2.7707564679505507,0.0003963947296142578,10,1.3,3,2
1.000021727344817,0.00012033326859177193,1.0000491613640672,1.0002074414403894,0.9995500756767772,0.0006573657636121943,0.00012033065412615767,15,0.05859375,0.0004990856872899574,-1.7292964549805092,3.774806159913873,17,16,8.639169556508987,6.188921932609251e-05,7,3.5714285714285716,13,2
0.9978781035169959,0.00372755652279502,0.9984702169895172,1.0036911964416504,0.9909802675247192,0.012710928916931152,0.003735482830675753,1,0.00390625,0.007489949464797974,-0.21843617642685695,-1.4820677985754889,1,51,11.512457630755963,0.0005512251573450425,11,3.272727272727273,7,1
0.9996778371278197,0.001318499336719012,0.9998919665813446,1.0012602806091309,0.9919558763504028,0.009304404258728027,0.0013189242451420152,9,0.03515625,0.007936090230941772,-3.826026588283459,17.11966137646991,18,16,11.380128175293247,0.0006697914179633645,3,3.6666666666666665,4,0
0.9999035280197859,0.0014637136069671603,1.0001202821731567,1.0030511617660522,0.991848349571228,0.011202812194824219,0.0014638548279411578,12,0.046875,0.008271932601928711,-3.1826793532507667,13.27521640364455,24,7,11.100917139005535,0.0007154618992524989,3,4.0,4,0
0.9976556436158717,0.01101277934188528,0.9944088459014893,1.0168884992599487,0.9848954677581787,0.03199303150177002,0.011038657889981868,0,0.0,0.0,0.6009435689425754,-1.1629066590841837,1,246,0.0,0.000569158675623875,0,0.0,0,1
0.9993521813303232,0.0006635583584449214,0.9992629587650299,1.0020776987075806,0.9979453682899475,0.004132330417633057,0.000663988502593352,0,0.0,0.0,0.7488714671565518,0.9467890293837846,37,8,0.0,0.0004875461260477702,5,1.0,1,2
1.0008561369031668,0.0006054693289594748,1.000851333141327,1.0027071237564087,0.9995074272155762,0.0031996965408325195,0.0006049514077346904,4,0.015625,0.0013439059257507324,0.12682130999178556,-0.3738045243973027,31,7,2.766535423616043,0.0005568471609377393,15,1.2666666666666666,3,2
0.9999187723733485,0.0006582778336028334,0.9998947978019714,1.0078356266021729,0.9987649321556091,0.00907069444656372,0.0006583313082925565,0,0.0,0.0,6.800978322842499,79.33373634884673,45,9,0.0,0.0005160864661721622,3,1.0,1,2
1.0001138953957707,0.0005675858603444421,1.0000648498535156,1.0017237663269043,0.998729944229126,0.0029938220977783203,0.000567521222290221,5,0.01953125,0.0013349056243896484,0.18855299916871388,-0.15295291667275457,41,6,2.7853773717217707,0.0005312952340817919,12,1.0,1,2
0.9999993282955111,7.686518138484542e-05,1.000004649421343,1.0001755387235742,0.9997489400000017,0.0004265987235725355,7.686523301556748e-05,11,0.04296875,0.00025570942134134356,-0.44743902750561204,0.33803206918981576,32,9,4.967698349408525,5.689390808368985e-05,12,2.1666666666666665,4,2
0.9981548613868654,0.0037584613804550757,0.996360719203949,1.0104163885116577,0.9902869462966919,0.02012944221496582,0.0037654090821467924,0,0.0,0.0,0.8193519220110201,-0.3872647782365486,2,218,0.0,0.0006685817942899816,1,2.0,2,1
0.9995508363936096,0.0004869504739519141,0.9995348453521729,1.0013338327407837,0.9980173707008362,0.0033164620399475098,0.00048716929266833165,3,0.01171875,0.00151747465133667,0.20034050047046664,0.44893525401171086,45,6,3.4647168320407133,0.0004885084488812615,13,1.0,1,2
0.9999133725650609,0.0013671349735754727,1.0001376867294312,1.003031611442566,0.9924108386039734,0.01062077283859253,0.001367253415231746,12,0.046875,0.007726848125457764,-3.59748367345556,15.787195947830654,24,11,10.491686776348425,0.0006743788719177247,4,3.25,4,0
0.9998074821196496,0.0016962767532945385,1.000085175037384,1.00343918800354,0.9883769154548645,0.015062272548675537,0.0016966033797810092,3,0.01171875,0.011708259582519531,-1.9282894075739412,10.698053186965543,18,14,18.399876233236835,0.0005940593925176882,8,1.375,4,1
0.9997593848966062,0.001427263813370003,0.9999597072601318,1.0023424625396729,0.9918060898780823,0.010536372661590576,0.0014276073172522494,12,0.046875,0.00815361738204956,-3.1975101396371066,13.529255221324735,22,8,10.724336815843783,0.0006973977182425704,3,4.0,4,0
1.0005554899107665,0.0015666214450512387,1.0005258917808533,1.0042750835418701,0.9969861507415771,0.007288932800292969,0.0015657516857870185,1,0.00390625,0.003539741039276123,0.028514249986602087,-0.9039882930636454,21,7,7.002230558286895,0.0005693674087524414,10,1.5,4,1
1.0013451492413878,0.009770552488437759,1.0009796619415283,1.0163443088531494,0.9873621463775635,0.028982162475585938,0.009757427292517332,0,0.0,0.0,0.05320706326054593,-1.5498208603307335,2,208,0.0,0.0006286380337733849,0,0.0,0,1
0.9993855142965913,0.000661895056376111,0.9993368685245514,1.0011290311813354,0.9979751110076904,0.0031539201736450195,0.0006623020315058099,4,0.015625,0.001361757516860962,0.33582149504823056,-0.24897044766762466,39,6,2.879040981251108,0.0005400699727675494,10,1.2,2,2
0.9999227894004434,0.0014952785919070115,1.0001519918441772,1.0032213926315308,0.991127073764801,0.012094318866729736,0.0014953940521783536,11,0.04296875,0.00902491807937622,-3.6199983779367946,16.37299307110014,18,10,11.520877358006697,0.0007308441049912397,3,3.6666666666666665,4,0
0.9999425636701509,0.00011792180387849419,0.9999699269399515,1.0002343253982802,0.9994802448773146,0.0007540805209655943,0.00011792857726315652,18,0.0703125,0.000489682062636887,-1.6602906546245786,3.4348814771355034,31,32,8.076405667393663,6.181525000790864e-05,8,3.25,12,2
1.000012278428899,6.757156050582912e-05,1.000019965773777,1.0001668662307326,0.9997912897127641,0.00037557651796849,6.757073084341482e-05,9,0.03515625,0.00022867606101284466,-0.3817824649705804,-0.17756592663528448,38,13,4.500692438953657,5.76280586670222e-05,12,1.9166666666666667,4,2
0.9999695604201406,0.0013618000350514273,1.0001192688941956,1.0022644996643066,0.9901801943778992,0.01208430528640747,0.0013618414889341856,8,0.03125,0.009939074516296387,-3.8303766715209484,20.529464910436353,18,8,14.097721829608533,0.0006634391990362429,3,3.3333333333333335,5,0
0.9999771697912365,0.0014383885874986475,1.0002272129058838,1.0019088983535767,0.9914509057998657,0.010457992553710938,0.0014384214269601149,9,0.03515625,0.008776307106018066,-3.4543526962416555,14.860722755863073,16,9,12.228005876924456,0.0006875012435165106,3,3.6666666666666665,4,0
1.0000334808137268,0.00012880008853266128,1.0000371932983398,1.0003626346588135,0.999676525592804,0.0006861090660095215,0.00012879577634526468,5,0.01953125,0.00036066770553588867,-0.13207814646438173,-0.33518861765787467,49,7,3.4449394331150747,0.00012070057438869102,19,1.2105263157894737,3,0
0.9996470313053578,0.0008039131481141702,0.999568521976471,1.0053867101669312,0.9979909062385559,0.007395803928375244,0.0008041970044810771,0,0.0,0.0,1.497787788231596,8.71200343332663,30,9,0.0,0.0005203494838639802,9,1.2222222222222223,2,2
0.999911620747298,0.0010576514903171013,0.9999885559082031,1.002312183380127,0.9900019764900208,0.012310206890106201,0.0010577449730273668,4,0.015625,0.009986579418182373,-6.918488154992262,57.997027854087,47,12,17.43576942584655,0.0005113398327546961,1,4.0,4,1
0.9998578664381057,0.001349336493971976,1.0000187754631042,1.001663327217102,0.9921706318855286,0.009492695331573486,0.0013495283072371609,9,0.03515625,0.007848143577575684,-3.6871794082831144,16.71152452138652,29,7,11.039136779435989,0.0006544982685762293,3,4.0,4,0
0.9996877436060458,0.0015897915473862504,0.9999235272407532,1.0032341480255127,0.991254448890686,0.01197969913482666,0.0015902881250215177,13,0.05078125,0.008669078350067139,-3.2155877618802484,12.938815017228563,26,10,10.02990377597037,0.0008180431291168811,4,3.75,4,0
1.000099056167528,0.0001185360547366055,1.0000993013381958,1.0005638599395752,0.9998345971107483,0.0007292628288269043,0.0001185243141722847,3,0.01171875,0.00026470422744750977,0.2868270517237016,0.16471785746398293,62,6,2.2716131027466595,0.00012840500064924653,14,1.0,1,0
0.9994328564498574,0.0006058684822024061,0.9994170665740967,1.0014188289642334,0.998046338558197,0.003372490406036377,0.0006062122915936006,4,0.015625,0.0013707280158996582,0.24896312909327234,0.12395738280365975,29,6,3.04282673899481,0.0005039294560750325,14,1.2142857142857142,3,2
1.0002149452921003,0.0007989791094787039,1.0003629326820374,1.0019558668136597,0.997992753982544,0.003963112831115723,0.0007988074095867184,12,0.046875,0.002370178699493408,-0.5302328232671684,-0.28812429894943437,26,6,5.332859792060841,0.0004908243815104166,17,1.8823529411764706,5,2
1.0007856753654778,0.0035010927297115858,0.999952495098114,1.0074989795684814,0.9955687522888184,0.011930227279663086,0.0034983441668797054,0,0.0,0.0,0.40808982485963874,-1.20194246586748,0,0,0.0,0.000576175895391726,0,0.0,0,1
0.9980942755937576,0.0037679482938439124,0.9980573356151581,1.0054644346237183,0.9914310574531555,0.014033377170562744,0.0037751426753774263,0,0.0,0.0,-0.041518396663173036,-1.2675241822402772,0,0,0.0,0.000679316473942177,8,1.375,3,1
1.0005693340208381,0.007084516309508556,1.00129634141922,1.013337254524231,0.9898721575737,0.023465096950531006,0.007080485148429516,0,0.0,0.0,-0.1474393265028119,-1.6421684176716107,0,0,0.0,0.0005694957340464873,9,1.7777777777777777,3,1
0.9993996573612094,0.0010905566942340122,0.9993417859077454,1.0019783973693848,0.9968859553337097,0.005092442035675049,0.0010912117952026235,2,0.0078125,0.0024558305740356445,0.08569445367524886,-0.8899852006313371,25,6,5.249576811733875,0.0005250575495701211,9,1.1111111111111112,2,2
0.9999606194905937,0.003861666471518944,1.0019415616989136,1.0047836303710938,0.9905753135681152,0.014208316802978516,0.0038618185519007525,34,0.1328125,0.01136624813079834,-0.9992536937625102,-0.25788289734833203,2,226,21.46761625130923,0.0005466115240957222,4,3.3333333333333335,6,1
1.0000022624481346,0.0001279099239178276,0.9999977044711605,1.0003478159033619,0.999650274399294,0.0006975415040678667,0.00012790963452891357,9,0.03515625,0.00034743007186655017,0.08253579074816506,0.2010806705188095,17,18,6.933170556415661,5.551630632883366e-05,8,2.25,8,2
0.9999458882957697,0.0013852193055241115,1.0001755952835083,1.0015029907226562,0.9915463328361511,0.009956657886505127,0.0013852942661577137,9,0.03515625,0.008629262447357178,-3.8070538532735334,17.23398814170461,18,14,12.1225024132371,0.0006724287481868969,3,3.3333333333333335,4,0
0.9999745300043739,0.0001507421488849906,1.0000080459468172,1.00033902079256,0.9991927384607315,0.001146282331828452,0.0001507459883846554,15,0.05859375,0.0008153074860857146,-2.533765181396253,7.929976208050851,32,41,10.195291614501754,7.008759239557828e-05,6,3.1666666666666665,13,2
1.0000282351393253,0.00015118934045453913,1.0000388026237488,1.0004278421401978,0.9995647668838501,0.0008630752563476562,0.00015118507172297513,6,0.0234375,0.00047403573989868164,-0.07042168681007581,-0.2622700302400256,19,7,4.880444715735715,0.00011074472876156078,14,1.5714285714285714,4,0
1.0000117309277696,7.248238020680342e-05,1.0000140064886929,1.0003039793036586,0.9997464097539723,0.000557569549686221,7.248152993121116e-05,11,0.04296875,0.00026759673472054324,-0.38868123533734,1.9647820073925137,52,7,4.228466214013599,6.523282120564666e-05,9,2.0,3,2
0.9997058352455497,0.0004841461236206472,0.9996961355209351,1.0009821653366089,0.9985484480857849,0.0024337172508239746,0.0004842885842531171,2,0.0078125,0.0011476874351501465,0.20738695741029245,-0.34601083208573247,51,8,2.7532002257424617,0.0004913353452495501,13,1.0769230769230769,2,2
0.9997551846317947,0.001325256281390991,0.9999905526638031,1.0018810033798218,0.9915667772293091,0.010314226150512695,0.0013255808039435942,11,0.04296875,0.008423775434494019,-3.8494318744994755,18.11359493960897,23,15,10.96650734258815,0.0007550737437079935,4,2.6666666666666665,4,0
0.9961783466860652,0.006418981949176055,0.995912492275238,1.007197618484497,0.9769483804702759,0.03024923801422119,0.0064436071819165205,2,0.0078125,0.018964111804962158,-0.04885526720592715,-1.056596884665533,1,222,27.68333436797409,0.000587303498212029,1,4.0,4,1
1.0014536045491695,0.0031202013522023263,1.0009456276893616,1.0074989795684814,0.994735062122345,0.012763917446136475,0.003115672396632859,0,0.0,0.0,0.18976640077558016,-0.8890979555689236,1,229,0.0,0.0005850359505298091,2,3.5,6,1
0.9999033741187304,0.001514818295114677,1.0001788139343262,1.0017541646957397,0.9913201332092285,0.01043403148651123,0.0015149646799119659,11,0.04296875,0.008858680725097656,-3.1047721713240253,12.23636064131608,18,8,12.183011262501255,0.0007050093482522403,3,4.0,5,0
0.9998100604861975,0.001341052818904907,1.0000219345092773,1.0019811391830444,0.9917418956756592,0.010239243507385254,0.0013413075862156924,11,0.04296875,0.008280038833618164,-3.9523844030688675,17.986043164285505,31,12,11.004342055239084,0.0007168269624897078,3,3.6666666666666665,4,0
1.0001221894413042,0.00015593777450757475,1.000139544875276,1.0004663578091038,0.9995985387669347,0.0008678190421690379,0.00015591872288593647,13,0.05078125,0.0005410061083411799,-0.5040034619512183,0.4860759040634166,10,20,9.50859667836576,6.311018372220106e-05,4,5.75,16,2
1.0000405460596085,0.0013287945645161236,1.0002615451812744,1.0031450986862183,0.9925540089607239,0.010591089725494385,0.0013287406893169305,9,0.03515625,0.007707536220550537,-3.290048424334405,14.272318221594126,29,6,10.360954957642726,0.0007319076388489967,3,3.3333333333333335,4,0
0.9997666196431965,0.0013627641463507694,0.999930739402771,1.0026628971099854,0.9914582967758179,0.01120460033416748,0.0013630822629756552,10,0.0390625,0.008472442626953125,-3.422340263113218,15.342997757661408,24,8,11.144372852472129,0.0007066018441144158,3,3.6666666666666665,4,0
1.0000040962760344,7.645319054707566e-05,1.0000056327708842,1.000289769975231,0.9997366135374876,0.0005531564377433407,7.645287737498631e-05,11,0.04296875,0.0002690192333966168,-0.5402469256962933,1.9382276274286,39,10,5.101906264840152,5.649274781360138e-05,9,2.111111111111111,6,2
1.000001656445732,6.83192538089601e-05,1.0000078073045031,1.000195950172398,0.9997919033230036,0.0004040468493944349,6.831914064201117e-05,16,0.0625,0.00021590398149951007,-0.4677023928609387,0.5857111605657472,37,7,4.148773951684206,5.729362580928139e-05,12,2.0,3,2
0.9998652192298323,0.00040462582744482136,0.9998544454574585,1.0008903741836548,0.9984782934188843,0.002412080764770508,0.00040468037057683943,5,0.01953125,0.0013761520385742188,-0.0364280750964788,-0.04827112591580329,38,9,3.8452012155049164,0.0004097915163227156,16,1.0,1,2
0.9999631829559803,0.00013292160391761262,0.999962717294693,1.0003105401992798,0.9995033740997314,0.0008071660995483398,0.00013292649787833639,8,0.03125,0.00045934319496154785,-0.11866758918860422,0.24822369014315715,36,7,4.449358599296468,0.0001170805856293323,11,1.1818181818181819,2,0
0.9991547027602792,0.0015867120530289084,0.9991695582866669,1.0062543153762817,0.9884118437767029,0.017842471599578857,0.0015880544310560064,2,0.0078125,0.01075771450996399,-1.418208116388318,12.079301177209812,27,6,12.9810565120937,0.0007064978281656902,2,2.5,4,1
1.0001226211898029,0.0005804564135476205,1.0001251101493835,1.0016322135925293,0.9985515475273132,0.0030806660652160645,0.0005803852460182097,4,0.015625,0.0015735626220703125,0.16017234709367525,-0.14414828203367724,40,7,3.2782124174274623,0.0005427776598462871,15,1.0666666666666667,2,2
0.9988553815055639,0.0028458968186971492,0.9987568855285645,1.004331350326538,0.9943860769271851,0.009945273399353027,0.0028491580176577313,0,0.0,0.0,0.036973956394859696,-1.3650560353470396,4,238,0.0,0.0005528852051379634,3,1.0,1,1
0.9997565613593906,0.001449637327396019,0.9999597668647766,1.0034761428833008,0.9912658333778381,0.012210309505462646,0.0014499903110662417,9,0.03515625,0.008693933486938477,-3.3349743221332764,14.64789846325603,25,8,10.975190947197486,0.0007876342418147069,3,4.0,4,0
0.9989276060368866,0.0007622279806867638,0.9988218247890472,1.0031906366348267,0.9969714283943176,0.006219208240509033,0.0007630462668969603,2,0.0078125,0.0018503963947296143,0.7530042300081543,2.710438631523073,28,7,3.6763551283894707,0.0004930970715541466,4,1.5,3,2
1.0002222487237304,0.00045747825127694065,1.0002283453941345,1.0031644105911255,0.9989809989929199,0.004183411598205566,0.0004573765999113462,4,0.015625,0.0012473464012145996,1.1118495900780683,6.100964739453392,61,8,2.7975797534780513,0.00046620953316782037,8,1.25,2,2
0.9997512421105057,0.0013932497509445277,0.9999290406703949,1.0033396482467651,0.9907255172729492,0.012614130973815918,0.0013935964190485372,9,0.03515625,0.009203523397445679,-4.021077790299354,19.42446558922372,29,11,11.766877328308281,0.0007049093059464997,3,3.3333333333333335,4,0
0.9997951596514005,0.00023477017042812303,0.9998662467270178,1.0002928111118063,0.999158645792021,0.0011341653197853852,0.00023481827068454759,23,0.08984375,0.0007076009349968881,-0.824900281547471,-0.08841206880520325,3,39,12.879277875673077,6.0602256088235816e-05,6,7.0,34,2
0.9999913080340076,7.618644202502981e-05,0.9999979734468525,1.0001546794282261,0.9996792726253608,0.0004754068028652858,7.618710424074893e-05,13,0.05078125,0.00031870082149165757,-1.094951405901438,2.054098347717158,24,9,5.933282502221083,5.9888054965239865e-05,10,2.2222222222222223,4,2
1.0000754934735596,0.00013223361309040683,1.0000667572021484,1.0004496574401855,0.9997987151145935,0.000650942325592041,0.00013222363106921075,3,0.01171875,0.00026804208755493164,0.22231041094870957,-0.04113435581479097,42,7,2.388570090210296,0.00012989067563823624,14,1.0714285714285714,2,0
0.9997861674055457,0.0014580691197843764,0.9999423325061798,1.002943515777588,0.9904496669769287,0.01249384880065918,0.001458380969170717,10,0.0390625,0.009492665529251099,-3.4608847751655785,16.400735198385807,21,8,12.164710016817581,0.0007575904621797449,3,3.6666666666666665,4,0
0.9997126525267959,0.001433560892556303,0.9999081492424011,1.0028902292251587,0.9907742738723755,0.012115955352783203,0.0014339729410575589,12,0.046875,0.009133875370025635,-3.8530935292075865,18.275616358068056,26,8,11.489707998889244,0.0007454671111761354,3,4.0,4,0
0.99993717065081,0.0015748134654105029,1.0001827478408813,1.0021178722381592,0.9903522729873657,0.011765599250793457,0.0015749124161326398,9,0.03515625,0.009830474853515625,-3.325367456120967,14.029083691876927,21,8,12.884594515633918,0.0007018418873057646,3,3.3333333333333335,4,0
0.9999983107775509,7.740352220254835e-05,1.0000063184276504,1.0001738973880219,0.9997509214581912,0.000422975929830649,7.740365295453657e-05,14,0.0546875,0.00025539696945919843,-0.7011228043558871,0.7688589590335382,32,8,4.741976043766727,6.0049698132322684e-05,14,1.8571428571428572,4,2
1.0037243200931698,0.0043517264781631985,1.0036900639533997,1.0129631757736206,0.9942575693130493,0.01870560646057129,0.004335579392715376,1,0.00390625,0.009432494640350342,0.04552138892100419,-0.8594584765636415,0,0,11.797775674710923,0.0006112472683775659,6,2.3333333333333335,4,1
0.9989678538404405,0.0033647473758048082,0.999430775642395,1.0065900087356567,0.992250919342041,0.014339089393615723,0.0033682238751420726,2,0.0078125,0.007179856300354004,-0.05783934046543328,-1.2272724312067673,7,208,13.315231362601674,0.0006027675142475203,8,2.875,11,1
0.9998124793637544,0.0010204246814000226,0.9999131560325623,1.0019172430038452,0.9904293417930603,0.011487901210784912,0.0010206160679744516,4,0.015625,0.009483814239501953,-6.938339778328393,57.16088460303028,49,7,17.028655487452134,0.00045949407652312634,1,4.0,4,1
1.000830765813589,0.0019315035301713736,1.0009725093841553,1.0042304992675781,0.9944640398025513,0.009766459465026855,0.0019299002350324712,15,0.05859375,0.006508469581604004,-0.9425020540507254,1.2050909269702403,10,124,12.670037499092146,0.000561372672810274,3,7.0,18,1
0.9999659898374753,0.00012980823817807064,0.9999992251375858,1.0001610521725592,0.9994578452686379,0.0007032069039213384,0.00012981265312750126,17,0.06640625,0.0005413798689478666,-1.788262436560709,3.7604727430742964,21,15,9.058732800595733,6.427346385147932e-05,9,2.7777777777777777,14,2
1.0000922323670238,0.003051352645262679,1.0010002851486206,1.0052790641784668,0.9942067265510559,0.011072337627410889,0.003051071237740464,14,0.0546875,0.006793558597564697,-0.41197479475787524,-1.1036761850334202,7,183,15.377334756306364,0.0005047375080632229,3,16.0,46,1
0.9997686273418367,0.0013622930193574808,0.9999798536300659,1.0021135807037354,0.9925737380981445,0.00953984260559082,0.0013626082896594947,10,0.0390625,0.007406115531921387,-2.924619659711898,12.039099429549152,30,7,9.820194450414244,0.0007276228829926135,3,3.6666666666666665,4,0
0.9999973713385323,7.426045486027333e-05,1.0000061696487146,1.00015439016481,0.9996457366133088,0.0005086535515012036,7.426065006638273e-05,13,0.05078125,0.00036043303540578275,-1.3190892630432287,3.4326949010335666,41,8,5.990970827409886,6.0736468808456556e-05,12,1.6666666666666667,3,2
1.0001261907164007,0.0007524604629863223,0.9999765157699585,1.0029106140136719,0.9990395903587341,0.003871023654937744,0.0007523655214421763,0,0.0,0.0,1.6906754469917955,3.0257020876249294,15,6,0.0,0.00042183586195403453,0,0.0,0,2
0.9999937836546451,0.00013571668894094018,0.9999935328960419,1.0003210306167603,0.9996178150177002,0.0007032155990600586,0.00013571753260799359,8,0.03125,0.0003757178783416748,-0.10341496206735681,-0.2945188494328326,41,6,3.2946703717648242,0.00012961065067964442,18,1.1666666666666667,3,0
1.000357453711331,0.0014174743194378004,1.0005388855934143,1.001634120941162,0.9895634651184082,0.012070655822753906,0.0014169678190320508,7,0.02734375,0.010975420475006104,-5.631861789592059,34.18281960228982,23,6,14.836520094949096,0.0005600562282637054,2,3.0,3,1
0.9978211538400501,0.004522930480330263,0.9988265931606293,1.005892276763916,0.9894891977310181,0.01640307903289795,0.00453280676895259,2,0.0078125,0.009337395429611206,-0.2056421635954429,-1.123943928739043,3,195,20.834594736506745,0.0004983146985371908,5,9.0,37,1
1.001576435752213,0.0053412270026679965,1.0033578276634216,1.0085780620574951,0.9926081299781799,0.015969932079315186,0.00533282015431661,1,0.00390625,0.0107496976852417,-0.26089091900849537,-1.5694515263167137,0,0,22.7503411479507,0.0005353546610065535,3,17.333333333333332,43,1
0.9999980398002235,7.457181810985926e-05,1.0000076889618088,1.000153409993034,0.9997525377126857,0.0004008722803483522,7.4571964285807e-05,13,0.05078125,0.00025515124912312004,-0.9058701103249925,1.1872414269709974,34,6,4.86364498289837,6.016748496017297e-05,9,2.111111111111111,3,2
1.0001289842184633,0.0014270962450835493,1.0003822445869446,1.0015735626220703,0.9915463328361511,0.01002722978591919,0.0014269121959291416,10,0.0390625,0.008835911750793457,-3.989238807572417,17.824204855373385,14,13,12.527174387699764,0.0006572342386432723,3,3.6666666666666665,4,0
1.0012761536054313,0.006075861416259265,1.0020341277122498,1.009861707687378,0.9905617833137512,0.01929992437362671,0.006068117566149043,0,0.0,0.0,-0.2126473601123746,-1.401056706364184,1,213,0.0,0.0005709138571047315,4,8.25,27,1
1.0000143651850522,0.00018216139387282072,1.0000187754631042,1.0018218755722046,0.9996455907821655,0.0021762847900390625,0.0001821587771282784,1,0.00390625,0.0003731846809387207,3.7808222563094787,36.121441960360755,40,7,2.3970874484626896,0.00013393794789033777,8,1.0,1,0
0.9999978514388204,0.0010467316125856434,1.0001323819160461,1.0011061429977417,0.9903045296669006,0.010801613330841064,0.0010467338615573838,4,0.015625,0.009827852249145508,-7.11121719272129,57.99289441461818,52,8,17.69359386310242,0.000477291088478238,1,5.0,5,1
0.9998838708270341,0.0004654990096468081,0.9999178647994995,1.0012288093566895,0.9986674189567566,0.0025613903999328613,0.00046555307394025654,7,0.02734375,0.00125044584274292,0.10539606887795878,0.06562270976170925,36,8,3.1645573477639126,0.0004570491173688103,20,1.05,2,2
1.0003399106208235,0.00038440882444129175,1.000331699848175,1.0013881921768188,0.9995198845863342,0.0018683075904846191,0.00038427820419833375,4,0.015625,0.0008118152618408203,0.19199244058972068,-0.19487102638614395,53,13,2.289587456394424,0.0003935870002297794,12,1.1818181818181819,2,2
1.0005755401216447,0.0005805918993772341,1.000583529472351,1.0020835399627686,0.9991174340248108,0.0029661059379577637,0.0005802579376532118,2,0.0078125,0.0014660954475402832,0.06185432234677655,-0.5944807384718103,22,7,3.757530345133031,0.00044101827284869025,14,1.1428571428571428,2,2
0.9998931996524334,0.001060566727773852,0.9999928772449493,1.0012308359146118,0.9902749061584473,0.01095592975616455,0.0010606800087674454,4,0.015625,0.009717971086502075,-6.902491232433695,55.84459552752093,52,9,17.358910288490083,0.0004957713332830691,1,4.0,4,1
1.0000312416814268,0.0001439268621762056,1.0000322461128235,1.0004504919052124,0.9993386268615723,0.0011118650436401367,0.0001439223657995031,8,0.03125,0.0006936192512512207,-0.7491039689412007,2.91483193932587,43,7,6.5794976382440735,0.00011962278216492896,8,1.7142857142857142,6,0
0.9999756138906344,0.00011730202426822577,1.000000745078243,1.000124279736341,0.9994621246244575,0.0006621551118835001,0.00011730488487797753,16,0.0625,0.0005386204537856099,-2.2623277082347615,5.980710939122199,25,19,10.271362875872825,5.536762025883412e-05,5,4.4,14,2
0.9998983475379646,0.0018156928429888767,0.9999398291110992,1.0229346752166748,0.9894216060638428,0.03351306915283203,0.0018158774314005332,3,0.01171875,0.01051822304725647,6.335704050880945,106.8583490169537,65,8,6.776187087827512,0.0006907769277984021,1,3.0,3,1
0.9998178286477923,0.0014713937373257277,0.9999635517597198,1.0017541646957397,0.9916306734085083,0.010123491287231445,0.0014716618319516467,9,0.03515625,0.008332878351211548,-3.011777709547486,12.243864716763326,32,7,11.188704927433218,0.0006876001171037263,3,3.3333333333333335,4,0
1.0015834958758205,0.0026136153907981227,1.001230537891388,1.0064038038253784,0.9896033406257629,0.01680046319961548,0.002609483284778653,2,0.0078125,0.011627197265625,-0.3474820420512865,0.9250009841829026,9,149,16.895680603559754,0.0006103489913192449,2,2.0,3,1
0.9997532456181943,0.0013681975277277996,1.0000061988830566,1.0016640424728394,0.9916924238204956,0.00997161865234375,0.0013685352197899381,12,0.046875,0.008313775062561035,-3.706117731429645,16.05267913106763,29,8,12.03637921021213,0.0006647203482833563,3,4.0,4,0
0.9991237125359476,0.0006140337488487459,0.9990409016609192,1.0018211603164673,0.9978370666503906,0.00398409366607666,0.0006145722908429656,0,0.0,0.0,0.4363421436143036,0.43786918970121036,27,7,0.0,0.0004586460543613808,8,1.25,2,2
0.999979843152687,0.0006100222758949351,1.0000120401382446,1.0022395849227905,0.9984090924263,0.0038304924964904785,0.0006100345722686641,5,0.01953125,0.00160294771194458,0.22786935718549436,0.8278383863665093,22,8,3.685222395699665,0.0004711791580798579,12,1.5833333333333333,3,2
0.9977571011986583,0.007112428953473684,0.9987204074859619,1.0073106288909912,0.9868313670158386,0.020479261875152588,0.00712841727202858,0,0.0,0.0,-0.13997404560361487,-1.5803780912174377,0,0,0.0,0.0005496027422886269,7,3.2857142857142856,15,1
0.9997079288586974,0.0014138467796839433,0.9999026656150818,1.0021260976791382,0.9908677339553833,0.011258363723754883,0.0014142598441707287,10,0.0390625,0.009034931659698486,-3.2032273298412908,13.860818433407925,22,7,12.337034738505878,0.0006945317866755467,3,3.3333333333333335,4,0
0.9999898676496972,8.429462903796931e-05,0.9999907620675734,1.0003822709165484,0.9997471099791002,0.0006351609374481981,8.429548314933352e-05,11,0.04296875,0.00024365208847321185,0.012569056292230008,1.983329383026998,46,8,3.811720046369235,6.772102813155928e-05,10,1.8,3,2
0.9997201964724809,0.001338881717219686,0.9999590218067169,1.001626968383789,0.9909282922744751,0.010698676109313965,0.0013392564458975008,9,0.03515625,0.009030729532241821,-3.880946090360623,18.078085498199304,32,8,12.257767590269166,0.000720065949009914,3,3.3333333333333335,4,0
1.0001736683771014,0.0005376683237698758,1.0001304149627686,1.0040674209594727,0.9989749193191528,0.005092501640319824,0.0005375749639983078,2,0.0078125,0.0011554956436157227,1.7144877462310866,9.77419796745142,54,6,2.3204592676077254,0.0004957937726787492,5,1.2,2,2
1.0003985192161053,0.000960870515928393,1.000644862651825,1.0019642114639282,0.9980027675628662,0.003961443901062012,0.0009604877431059316,17,0.06640625,0.0026420950889587402,-0.6653441706949611,-0.4760104350938308,15,6,5.9611050630969595,0.00048778290842093675,13,2.8333333333333335,11,2
0.9999896313622205,7.640564515380345e-05,0.9999990463575146,1.0001581715700252,0.9996949751910127,0.0004631963790124871,7.640643738447671e-05,13,0.05078125,0.0003040711665018847,-0.8623755862909946,1.4459339203249266,42,6,5.761829325195842,5.917864726863568e-05,10,2.2,4,2
0.9999592639505863,0.0016715054754898799,0.9999951124191284,1.0036667585372925,0.9952788352966309,0.008387923240661621,0.001671573568793377,15,0.05859375,0.004716277122497559,-0.5454849697062749,0.26516115515993155,15,122,10.57585785088968,0.0005196816780987908,2,10.5,19,1
0.9998915123287588,0.0010776392286288876,0.9999852180480957,1.002640724182129,0.989932119846344,0.012708604335784912,0.0010777561518839714,4,0.015625,0.010053098201751709,-6.545777809084016,52.41755885622416,36,9,16.784604660385806,0.0005215291883431228,1,4.0,4,1
0.9998995745554566,0.001071834212189419,0.9999719560146332,1.002312183380127,0.9898248910903931,0.012487292289733887,0.001071941862427478,3,0.01171875,0.010147064924240112,-7.106787053081684,59.0053669427575,50,6,16.53725189596234,0.0005239432933283788,1,4.0,4,1
0.9999549437779933,0.0013808253571174877,1.0001353025436401,1.0023629665374756,0.9914296865463257,0.010933279991149902,0.0013808875746946195,9,0.03515625,0.008705615997314453,-3.6535627829561648,16.43534093006513,30,7,11.484460246103104,0.0007341618631400314,3,3.3333333333333335,4,0
0.9997945453505963,0.002948437522702528,0.9997798800468445,1.0407013893127441,0.991940975189209,0.048760414123535156,0.0029490434173839227,6,0.0234375,0.007838904857635498,10.045362331247263,142.71256080505614,41,8,2.919574662920305,0.0010967387872583725,3,2.3333333333333335,3,0
0.9997974070720375,0.0004836873145028798,0.9997819662094116,1.0011825561523438,0.9985571503639221,0.002625405788421631,0.00048378532598857715,7,0.02734375,0.001224815845489502,0.2612327129083081,0.1489083602894845,29,8,3.3976010498848805,0.0004069230135749368,9,1.7777777777777777,7,2
0.9996031722985208,0.0021656094268738997,0.9998921155929565,1.0045735836029053,0.994716465473175,0.009857118129730225,0.002166469141843783,7,0.02734375,0.005175650119781494,-0.2916562832151824,-0.6726831263229527,5,123,9.671158896502638,0.00056534444584566,7,4.0,10,1
0.9985443118494004,0.007091995406092546,1.0000808835029602,1.0106706619262695,0.977874219417572,0.03279644250869751,0.007102334189814257,3,0.01171875,0.022206664085388184,-0.2172641512280896,-0.9256243149207872,1,201,35.13529782045471,0.0005943770502127853,3,13.666666666666666,30,1
0.9999151893425733,0.0014407424886615971,1.0001413822174072,1.0021759271621704,0.9908704161643982,0.011305510997772217,0.0014408646893431633,10,0.0390625,0.009270966053009033,-3.558129913052705,16.05312989295194,23,7,10.965970321590232,0.000789495776681339,3,3.6666666666666665,4,0
0.9999971479133397,7.766622129062436e-05,1.000004023478488,1.000162078119269,0.9997115216166572,0.0004505565026118319,7.766644280204983e-05,14,0.0546875,0.00029250186183071847,-1.0552067227242206,1.6527183825809857,39,6,5.0053127025964566,6.230027150002996e-05,9,2.3333333333333335,4,2
1.0055588744580746,0.006740805949537531,1.0053460597991943,1.0158239603042603,0.9935460686683655,0.022277891635894775,0.006703541802234455,0,0.0,0.0,-0.19164738554328248,-1.0941929603327039,3,206,0.0,0.000653843786202225,2,29.0,29,1
1.0016375673003495,0.003037007266070453,1.0023199915885925,1.0063115358352661,0.9951093792915344,0.01120215654373169,0.0030320420930855328,13,0.05078125,0.0072106122970581055,-0.47733170028395266,-1.0529458749674612,7,204,12.159211661666033,0.0005217608283547794,3,1.5,2,1
0.9998377810698003,0.005084130659173671,1.0009855031967163,1.0065946578979492,0.989730179309845,0.016864478588104248,0.0050849555352207075,1,0.00390625,0.011255323886871338,-0.2723916480878739,-1.4417200183858483,0,0,16.594303487121486,0.0006224891718696145,4,10.75,38,1
0.9991629405412823,0.0011033667060554077,0.9994760453701019,1.0009679794311523,0.9956977963447571,0.005270183086395264,0.0011042910633351497,16,0.0625,0.0037782490253448486,-0.7865652730917657,-0.25910067629289735,18,14,7.640537906467352,0.0004904485216327742,14,3.0714285714285716,13,2
0.9997808223124593,0.0016833716534312665,1.0000931024551392,1.00213623046875,0.9907814860343933,0.01135474443435669,0.0016837406918225183,13,0.05078125,0.00931161642074585,-3.1365954054771015,11.663991247888866,21,10,11.174253396545788,0.0007631421089172363,4,3.5,4,0
1.0004640414845198,0.0008037933156230313,1.0005940794944763,1.0022919178009033,0.998455822467804,0.0038360953330993652,0.0008034204951837526,14,0.0546875,0.0021382570266723633,-0.5094324627633546,-0.4116602196891428,19,15,5.141617541118857,0.0004680811190137676,11,2.7,11,2
0.9997812197543681,0.0004386923842702625,0.9997344315052032,1.001366376876831,0.9984782934188843,0.0028880834579467773,0.00043878838250036636,2,0.0078125,0.0012561380863189697,0.32522427092186423,0.34746955904528853,42,7,3.3569315129762627,0.0004139093791737276,10,1.0,1,2
1.000092257745564,0.0006891641507597125,1.0000571608543396,1.0057963132858276,0.9983876943588257,0.007408618927001953,0.0006891005758941136,2,0.0078125,0.001669466495513916,2.247778227751154,17.026307140271587,53,7,2.8843530085388456,0.000577853473962522,6,1.3333333333333333,3,2
1.000564964255318,0.0008019300286043534,1.0006243586540222,1.0043981075286865,0.9985414743423462,0.005856633186340332,0.0008014772226221204,5,0.01953125,0.0020828843116760254,0.182969214464254,1.0329458290342526,21,8,4.9025419593418835,0.0004417692913728602,16,1.5625,7,2
0.9999023757409304,0.0014809549607754746,1.0001978874206543,1.0017106533050537,0.9907853007316589,0.010925352573394775,0.001481099552021849,10,0.0390625,0.009412586688995361,-3.3376465211466777,13.956499290120359,20,7,12.379087816469033,0.0007143144514046464,4,2.75,4,0
0.999977242667228,0.0001469281222349927,0.9999744594097137,1.0004504919052124,0.9993386268615723,0.0011118650436401367,0.0001469314660032592,8,0.03125,0.0006358325481414795,-0.2381050181129466,2.016268901156769,37,7,6.01188713002502,0.00011898092195099476,7,1.7142857142857142,6,0
0.9964189219754189,0.003831040995003147,0.9960010945796967,1.0057802200317383,0.9904438257217407,0.015336394309997559,0.0038448095580200722,0,0.0,0.0,0.36071865712365947,-0.8818378595272818,2,222,0.0,0.0005110665863635493,0,0.0,0,1
0.9999264532860843,0.00017120856913122127,0.9999352223923227,1.0002074414403894,0.9994606614342044,0.0007467800061849994,0.00017122116188503074,9,0.03515625,0.00047456095811826415,-0.4465657071330726,-0.7052405863204045,9,40,9.092367352504718,5.5306852858329554e-05,9,3.0,13,2
0.9996334491297603,0.0009269534160542717,0.9996659159660339,1.0021661520004272,0.9976043701171875,0.004561781883239746,0.0009272933162263019,7,0.02734375,0.0020615458488464355,0.021927996446877263,-0.6036194207691588,23,6,4.267278398851769,0.000531919096030441,10,1.3333333333333333,3,2
0.9997714681085199,0.0015207420756768,0.999534398317337,1.0034798383712769,0.9970693588256836,0.006410479545593262,0.0015210896931814935,0,0.0,0.0,0.4468812561430175,-0.6729864023054426,13,30,0.0,0.0006042139202940698,2,1.0,1,1
0.9998460044153035,0.0014914986487687566,1.0000941157341003,1.002252221107483,0.9912380576133728,0.011014163494110107,0.0014917283683510492,11,0.04296875,0.008856058120727539,-3.6571051208585383,15.99394076332057,24,6,10.837683777477634,0.0007796811122520297,3,4.0,4,0
0.9996719385962933,0.0013386269138357131,0.9998644590377808,1.0026110410690308,0.9915490746498108,0.01106196641921997,0.0013390662097761486,9,0.03515625,0.00831538438796997,-3.7221623753860866,16.79468529614264,26,11,11.15586891683093,0.0007025536368874942,3,3.6666666666666665,4,0
0.9999565391335636,0.0005651741251875356,0.9999552667140961,1.001863718032837,0.9982174038887024,0.0036463141441345215,0.0005651986892122775,4,0.015625,0.0017378628253936768,0.05572803454266766,0.3879066399869804,34,8,4.0618259656888815,0.0004772027333577474,10,1.5,4,2
0.9997059882152826,0.0013938309169552326,0.9999686479568481,1.0034761428833008,0.9916229844093323,0.011853158473968506,0.0013942408401929837,9,0.03515625,0.00834566354751587,-3.4141035784988016,14.6706461493451,27,8,11.234971869660287,0.0007169202262280034,3,4.333333333333333,5,0
1.000001105742518,7.379490847129908e-05,1.000012813067722,1.0001556592012228,0.9997225287864218,0.00043313041480108616,7.379482687322139e-05,14,0.0546875,0.00029028428130017936,-0.8001220971153977,0.8844242347936078,26,8,5.697060395922465,5.813061190864709e-05,12,2.0,4,2
1.000032627955079,0.0015299057114603733,1.0002597570419312,1.002943515777588,0.9915241599082947,0.011419355869293213,0.0015298557953942037,11,0.04296875,0.008735597133636475,-3.2542423186212606,13.839853829988623,17,12,11.238352447430797,0.000738214978984758,3,4.0,4,0
0.9964306592009962,0.009003047598550506,0.9966606795787811,1.0098066329956055,0.9796104431152344,0.030196189880371094,0.009035297655102005,0,0.0,0.0,-0.0854401370045382,-1.4858494498462869,3,212,0.0,0.000627744899076574,1,2.0,2,1
0.9996732459403574,0.002950381271229139,0.9996854066848755,1.0407013893127441,0.9917553067207336,0.0489460825920105,0.0029513456353969132,6,0.0234375,0.007930099964141846,10.08280029253006,144.1697210254309,47,7,2.943727216635137,0.0010784298765893075,3,2.3333333333333335,3,0
0.9999440433457494,0.00018239010768485625,0.9999340772628784,1.0015753507614136,0.9994961619377136,0.002079188823699951,0.00018240031419617292,3,0.01171875,0.0004379153251647949,2.966068337439044,24.555400812778444,55,6,2.7123396293373543,0.00013497389999090457,6,1.1666666666666667,2,0
0.9999966067326127,7.519730933580267e-05,1.000000029787948,1.0001768013078767,0.999709804563694,0.00046699674418271275,7.51975645012459e-05,16,0.0625,0.0002902252242541481,-0.6229916079358823,1.0003917504659636,32,9,5.518913619086238,5.678846976223259e-05,10,2.2,4,2
1.0000110557302833,0.0006137301711844823,1.000006079673767,1.0014785528182983,0.9985998272895813,0.002878725528717041,0.000613723386024258,8,0.03125,0.001406252384185791,-0.030094328936825968,-0.4061139381670076,25,8,2.998296638753173,0.0005349416358798157,14,1.2857142857142858,2,2
1.0014309412799776,0.006629711381953986,1.001694917678833,1.0108451843261719,0.977874219417572,0.032970964908599854,0.006620238209816275,12,0.046875,0.023820698261260986,-0.714187552572623,0.08608804632508127,3,207,36.06329853483709,0.0006311968261120366,1,0.0,0,1
1.0005352394655347,0.004253110388760043,1.002185344696045,1.0143837928771973,0.9866138100624084,0.02776998281478882,0.004250835174013428,37,0.14453125,0.015571534633636475,-1.1978740421546363,0.8115600698105894,0,0,16.44437287430244,0.000697173090542064,3,14.666666666666666,40,1
0.9999992899973912,7.356845894265979e-05,1.0000091496702774,1.000145142457471,0.9997590965483715,0.0003860459090995194,7.356851117649466e-05,15,0.05859375,0.00025005312190595763,-0.948975792075805,1.1775574534634972,35,7,4.739366259786115,5.7489986959626335e-05,9,2.3333333333333335,4,2
1.0000012624478183,6.970239683414553e-05,1.00000786672903,1.0001474472670404,0.9997129425783109,0.0004345046887295201,6.970230883861781e-05,15,0.05859375,0.00029492415071907807,-1.0430118370054209,1.6755662359224637,40,6,5.92455405191824,5.5775322935006577e-05,9,2.6666666666666665,5,2
1.0001535238698125,0.0006492363058958602,1.0002022981643677,1.0015318393707275,0.9984868764877319,0.0030449628829956055,0.0006491366479256335,8,0.03125,0.0017154216766357422,-0.16289326822765843,-0.5322698536637671,53,6,4.026972672043757,0.00047320057364071117,13,1.7692307692307692,7,2
0.999951379140839,0.00014666241174898117,0.9999480545520782,1.0008257627487183,0.9996302723884583,0.0011954903602600098,0.00014666954294817206,2,0.0078125,0.0003177821636199951,0.9167030314734673,3.9651560512952146,44,6,2.5793427396812296,0.00013080624973072725,6,1.5,4,0
0.9999564711470157,0.010971433837561776,0.9986278116703033,1.017230749130249,0.9848954677581787,0.03233528137207031,0.010971911432281468,0,0.0,0.0,0.1254591201865747,-1.4659936698336293,0,0,0.0,0.0005305645512599571,0,0.0,0,1
1.0021475760731846,0.0008218093344965541,1.0022373795509338,1.003976583480835,0.9997014403343201,0.004275143146514893,0.0008200482185635095,9,0.03515625,0.0025359392166137695,-0.319474712169015,-0.37354763880075526,36,6,5.326950033206567,0.0005260808795106177,11,2.090909090909091,10,2
1.000751256942749,0.009596555873935698,0.9980545341968536,1.0155726671218872,0.9882959723472595,0.027276694774627686,0.009589351806814365,0,0.0,0.0,0.19083638216436832,-1.6376690247438634,0,0,0.0,0.0006060193566715016,0,0.0,0,1
1.0007121602538973,0.0008651749330270186,1.0007256269454956,1.002827525138855,0.9985615611076355,0.004265964031219482,0.0008645592283074779,3,0.01171875,0.0021640658378601074,-0.06677671883814296,-0.7746426097257908,27,10,5.341779168841653,0.0004522456842310288,16,1.25,2,2
0.999497746117413,0.0006861476251316756,0.9994787871837616,1.0019558668136597,0.9975900053977966,0.004365861415863037,0.0006864924186142912,5,0.01953125,0.0018887817859649658,0.14097463405913865,0.11282415934627998,30,6,3.8682146582611305,0.0005437949124504538,12,1.1666666666666667,2,2
0.9998903649393469,0.001048944125392644,0.9999822080135345,1.0011767148971558,0.9902749061584473,0.010901808738708496,0.001049059139054983,4,0.015625,0.00970730185508728,-7.138874264234714,58.40223789276829,37,9,18.161361556929688,0.00044690931544584387,1,4.0,4,1
1.0000067227520049,0.0004327351144743528,0.9999905228614807,1.001603126525879,0.9988057613372803,0.002797365188598633,0.0004327322053230519,6,0.0234375,0.0011847615242004395,0.21577190268767363,0.36859998322468535,66,6,2.9789758830315507,0.0004470659237281949,9,1.125,2,2
0.999935652827844,0.0010443735002099819,1.0000376105308533,1.0011061429977417,0.9903045296669006,0.010801613330841064,0.001044440707015963,4,0.015625,0.009733080863952637,-6.999818416891028,56.851351049373946,40,8,17.61784385829326,0.0004796626521091835,1,5.0,5,1
0.998662537895143,0.003139019954576324,0.99807009100914,1.0077743530273438,0.9942141771316528,0.013560175895690918,0.0031432238974262124,0,0.0,0.0,1.0744227098640888,0.5016734805436989,8,137,0.0,0.0005266014267416561,0,0.0,0,1
1.0006036404520273,0.005010119959167671,1.0033287405967712,1.005892276763916,0.9894891977310181,0.01640307903289795,0.005007097472585974,43,0.16796875,0.013839542865753174,-1.090460324004468,-0.4128172815778437,1,252,31.4636190078909,0.0004927473909714643,1,0.0,0,1
0.9995052209123969,0.001493069802698793,0.9996757209300995,1.0029783248901367,0.990260660648346,0.012717664241790771,0.0014938089081073997,10,0.0390625,0.00941506028175354,-3.4739485727208335,16.517281676882682,19,7,11.426631976529492,0.0007940582200592639,3,3.6666666666666665,4,0
0.9999769993592054,0.0005710612667573596,0.9999249279499054,1.0016075372695923,0.9986233711242676,0.002984166145324707,0.0005710744018345432,2,0.0078125,0.0013015568256378174,0.24861356954431832,-0.4195347692127207,42,6,3.3137909562034977,0.00044316824744729434,9,1.4444444444444444,4,2
0.9992738731671125,0.0008145369400070807,0.9993513822555542,1.0012218952178955,0.9972833395004272,0.003938555717468262,0.0008151288269205679,7,0.02734375,0.002068042755126953,-0.08396070903759914,-0.6309036629069356,32,8,5.184228896420765,0.0004505636645298378,20,1.35,2,2
0.9999966453930824,0.00015013724923258897,0.9999900742103305,1.0004205468396485,0.9996734577480375,0.0007470890916110307,0.0001501377528857334,2,0.0078125,0.00031661646229297347,0.22403993354695853,-0.557412203100772,11,15,6.100243012318887,5.7352214323629925e-05,7,1.5714285714285714,4,2
1.0000940321478993,0.0014316642936397354,1.000362753868103,1.0017579793930054,0.9920386075973511,0.009719371795654297,0.0014315296838287835,12,0.046875,0.008324146270751953,-3.5931823586275695,15.23566388972911,21,6,11.468476509807017,0.0007085678624171837,3,4.0,4,0
1.0002396195195615,0.000678118608099117,1.0001968741416931,1.0019304752349854,0.9983023405075073,0.0036281347274780273,0.0006779561565705957,4,0.015625,0.001894533634185791,-0.02393524378551338,-0.378078872525919,39,6,4.0272641767876145,0.0005279435830957749,13,1.3076923076923077,2,2
0.9999964556459872,8.063160075699459e-05,1.0000052448301835,1.0001716586144074,0.9996192678374497,0.0005523907769576786,8.063188654494522e-05,12,0.046875,0.00038597699273379416,-1.042781830018328,2.5051944222754354,36,8,6.951488946572295,6.0249896590632696e-05,11,1.8181818181818181,3,2
1.0013843139167875,0.002285872673393226,1.0017623901367188,1.0059250593185425,0.996225118637085,0.00969994068145752,0.002282712682458871,14,0.0546875,0.005537271499633789,-0.39302438726237465,-0.7127186617216483,4,138,11.343933535073756,0.0005450026661741967,4,8.0,22,1
0.9985591487493366,0.0009080964741950582,0.9985886216163635,1.0008893013000488,0.9966441988945007,0.004245102405548096,0.0009094067941117158,5,0.01953125,0.001944422721862793,-0.08275551950454137,-0.9427127668500574,20,8,4.522592591217877,0.0004790091047099992,12,1.3333333333333333,3,2
0.9999385171104223,0.0010506827379723803,1.0000613927841187,1.0016870498657227,0.9903426766395569,0.011344373226165771,0.0010507473409551184,4,0.015625,0.009718716144561768,-7.310574117052089,60.08178619267766,49,12,17.15106611695061,0.000449829241808723,1,4.0,4,1
1.0000003147870302,0.0004093047981454858,0.9999705255031586,1.0013145208358765,0.9987851977348328,0.002529323101043701,0.0004093046693016845,2,0.0078125,0.0011853277683258057,0.43774445973518344,0.45777088607884675,68,7,2.9011300548311527,0.00046214893752453376,10,1.0,1,1
1.0002297344617546,0.0010632541943921263,1.00004243850708,1.0032061338424683,0.9981274604797363,0.005078673362731934,0.0010630099843655285,0,0.0,0.0,0.4518825198714439,-0.36987584803170925,31,6,0.0,0.0005659231952592439,3,1.3333333333333333,2,1
0.9999960183371569,0.00010605987922742692,1.0000015199910242,1.0012266030094592,0.9997129425783109,0.0015136604311483115,0.00010606030152378863,6,0.0234375,0.00028857741271326454,5.651857576961298,69.01043073336189,58,6,2.74996378501775,6.715163784263768e-05,8,1.875,4,2
0.9999852221709231,9.280549139264685e-05,0.9999889424163366,1.0002783172944723,0.9996400175323801,0.000638299762092176,9.28068628766036e-05,10,0.0390625,0.0003489248839565473,-0.5992296342828721,1.4349026560992373,29,9,6.269352632622357,6.044391628922663e-05,8,2.5,4,2
0.9995426833629608,0.0015273474959093683,0.9997408092021942,1.0020233392715454,0.9909318685531616,0.011091470718383789,0.0015280462969031084,11,0.04296875,0.008808940649032593,-3.529158748271318,15.692751666262556,27,7,11.195868652143949,0.0007323783986708698,3,4.0,4,0
1.0003921559546143,0.0006179194931094136,1.00039941072464,1.0057963132858276,0.9988757967948914,0.006920516490936279,0.0006176772672910156,3,0.01171875,0.0015236139297485352,2.517147005626408,21.339743746014065,50,7,2.74105907985945,0.0005462155622594497,10,1.1,2,2
1.0000857501290739,0.00012544572422577198,1.0000794529914856,1.001167893409729,0.9998246431350708,0.0013432502746582031,0.0001254349681610618,1,0.00390625,0.0002548098564147949,2.586292436705699,20.17411077255491,60,10,2.1629802470391217,0.00011945518792844287,6,1.0,1,0
0.9999902705655942,8.263905926650944e-05,0.9999957089534925,1.000169032203615,0.9997191556849304,0.00044987651868455547,8.263986330563877e-05,11,0.04296875,0.0002765532685621297,-0.5499894356729225,0.6565857983668741,36,10,5.016097465419162,6.305878872108075e-05,10,1.8,4,2
0.9996397648938,0.0004912214107527569,0.9996511340141296,1.001075267791748,0.9981958270072937,0.0028794407844543457,0.000491398429718273,8,0.03125,0.0014553070068359375,-0.10881519112814897,-0.024055827556512366,46,6,3.4429794450331848,0.00048035289727005304,17,1.2352941176470589,3,2
1.0000148899743406,9.19835199474957e-05,1.0000163265356257,1.0005686420008228,0.999662772466991,0.0009058695338318712,9.198215033563741e-05,10,0.0390625,0.0003535540686346872,0.2399424592062909,5.43970913059103,25,9,6.066308254792563,5.745374374530207e-05,7,2.2857142857142856,4,2
0.9996220772154629,0.0010332753341617228,0.9997085928916931,1.0010199546813965,0.9902622103691101,0.010757744312286377,0.0010336659800871985,4,0.015625,0.009446382522583008,-6.7703779385115785,54.50964534894227,37,7,16.376478456330716,0.000506431214949664,1,4.0,4,1
0.9998394246213138,0.0015435865142148276,1.000068485736847,1.0030603408813477,0.9911931753158569,0.011867165565490723,0.0015438344160108074,11,0.04296875,0.00887531042098999,-3.3252563342327366,14.31302763647978,18,8,11.702797424396843,0.0007076298489290126,3,4.0,4,0
0.9998514382168651,0.0035989132509569696,1.0003889203071594,1.0066487789154053,0.9864524602890015,0.02019631862640381,0.003599447991368869,2,0.0078125,0.013936460018157959,-0.2868994997233113,-0.32269566760618806,4,186,19.914144758147607,0.0006531614883273256,10,2.1,4,1
0.9996620640158653,0.001517977662302647,0.9998336732387543,1.0084775686264038,0.9924915432929993,0.01598602533340454,0.0015184908149906103,10,0.0390625,0.007342129945755005,-1.4122678955386205,12.047479282867222,32,6,7.551939075548191,0.000825049362930597,3,4.0,4,0
0.996672376524657,0.006698204397373124,0.9958175122737885,1.0108271837234497,0.986025869846344,0.024801313877105713,0.006720567916941174,0,0.0,0.0,0.33394561770213305,-1.004699472412506,1,226,0.0,0.000590205192565918,0,0.0,0,1
0.9999557670671493,0.0013024069805571271,1.0001662969589233,1.0027501583099365,0.9918953776359558,0.010854780673980713,0.0013024645923859826,10,0.0390625,0.00827091932296753,-3.362693416593852,15.337427028537771,25,6,11.280139127436009,0.000705414659836713,3,3.6666666666666665,4,0
0.9984471015632153,0.003304927867071556,0.9973016679286957,1.0077743530273438,0.9860262870788574,0.021748065948486328,0.003310068066597827,2,0.0078125,0.011275380849838257,0.8621129346832904,1.1295134213974123,1,233,14.972299844060146,0.0006312893886192173,1,3.0,3,1
1.000163460848853,0.0016341351518131672,1.0004001259803772,1.0032061338424683,0.9883769154548645,0.01482921838760376,0.0016338680783501663,4,0.015625,0.012023210525512695,-2.644220474328743,14.779241738236411,18,10,18.205425682956452,0.0006260165981217926,10,2.2222222222222223,6,1
0.9998494633473456,0.0014214513332252148,1.0000412464141846,1.004472255706787,0.9911864399909973,0.013285815715789795,0.0014216653459675915,10,0.0390625,0.008854806423187256,-3.4785044649080548,16.492066999174618,27,9,10.42570111502614,0.000791771739136939,3,3.6666666666666665,4,0
1.0002091359347105,0.0005353396215670944,1.0001709461212158,1.0034809112548828,0.9986757040023804,0.004805207252502441,0.0005352276862246528,3,0.01171875,0.0014952421188354492,1.2180238668372392,5.959868466211427,38,6,3.4044907873284864,0.000441283805697572,6,1.6666666666666667,4,2
0.9997567299287766,0.0014767164942880572,0.9999400973320007,1.0017108917236328,0.9907148480415344,0.010996043682098389,0.0014770758226286304,9,0.03515625,0.009225249290466309,-3.9157524900935528,17.82078388758344,18,10,11.803277479887885,0.000715023396061916,3,3.3333333333333335,4,0
1.0002788952551782,0.0008786039180256481,1.0004847645759583,1.0020135641098022,0.9976834058761597,0.004330158233642578,0.0008783589478827403,15,0.05859375,0.002801358699798584,-0.524259322196811,-0.4960244313314677,22,6,6.998013405746245,0.0004433028838213752,14,1.7692307692307692,6,2
1.0009282943792641,0.0007444954309456352,1.001103162765503,1.0025057792663574,0.9990648031234741,0.0034409761428833008,0.0007438049609810876,18,0.0703125,0.0020383596420288086,-0.5100287153580441,-0.4212291814236453,28,8,5.353919919568618,0.0004295861019807703,11,2.1,9,2
1.0003873631358147,0.0008696508974591206,1.0005148649215698,1.0022495985031128,0.9984637498855591,0.003785848617553711,0.0008693141572011791,7,0.02734375,0.002051115036010742,-0.2635175544482914,-0.8839580713936113,28,10,5.008359858301045,0.00046643766702390187,18,1.9411764705882353,5,2
0.9999984311849567,6.756849039900519e-05,1.0000079867648508,1.0001549668668919,0.999770709432288,0.0003842574346039074,6.756859640163568e-05,16,0.0625,0.00023727733256284633,-0.8689883624245068,1.1084445090794093,26,19,4.994359987586707,5.163280240431526e-05,12,2.0833333333333335,5,2
1.000202223425731,0.0007036547684193554,1.0003079175949097,1.0018595457077026,0.9979344606399536,0.0039250850677490234,0.0007035125017112148,9,0.03515625,0.0023734569549560547,-0.3031426649721806,-0.46451632428498835,24,7,5.815961360124503,0.0004488823460597618,13,1.7692307692307692,3,2
1.000238343141973,0.0005199668024723251,1.0002371668815613,1.0015535354614258,0.9988776445388794,0.0026758909225463867,0.0005198429014818535,5,0.01953125,0.0013595223426818848,0.004052290677591209,-0.3902336627863745,48,6,2.9006259826903067,0.0005260201061473174,16,1.125,2,2
1.0013662648852915,0.00942058012865207,1.002696931362152,1.0140764713287354,0.9867675304412842,0.027308940887451172,0.009407726682035985,0,0.0,0.0,-0.12208392343534,-1.598174327176684,0,0,0.0,0.000569155403212005,5,5.4,18,1
0.9997163633815944,0.0014708019370243052,0.999891847372055,1.00429368019104,0.9908379912376404,0.013455688953399658,0.0014712192286712588,10,0.0390625,0.009053856134414673,-3.326615711578955,14.78185599491632,24,9,12.283022568772077,0.0006574170262205834,3,4.0,5,0
0.9999598967842758,0.0013679611630930634,1.0001665353775024,1.001987099647522,0.9917066693305969,0.010280430316925049,0.0013680160249348256,10,0.0390625,0.008459866046905518,-3.3184721573747225,14.647086233932992,29,7,10.968124824096947,0.0007570680449990665,4,3.0,4,0
0.9998331409110535,0.0002334734791507135,0.9998683216788363,1.0001447401098331,0.9976993814520821,0.0024453586577509734,0.00023351244282418084,5,0.01953125,0.002168940226754179,-3.224347126537674,25.329849269880793,25,7,16.17852530997863,7.623440739115792e-05,9,1.6666666666666667,7,2
0.9990106776822358,0.0005426728747300875,0.998950719833374,1.0009207725524902,0.9977537393569946,0.0031670331954956055,0.0005432102847880674,2,0.0078125,0.0011969804763793945,0.634781173675856,0.6239046346588304,31,10,3.0690334924300675,0.0004326348211251053,6,1.1666666666666667,2,2
0.9990844854619354,0.000769128095238608,0.9990499317646027,1.001254677772522,0.9973695278167725,0.0038851499557495117,0.0007698328884398549,1,0.00390625,0.0016804039478302002,0.16971699717131067,-0.661544893753903,27,6,4.0393806294020385,0.0004571830525117762,9,1.3333333333333333,2,2
1.0004331725649536,0.0005975619313161346,1.0004233717918396,1.0022919178009033,0.9988700151443481,0.0034219026565551758,0.0005973031959586862,7,0.02734375,0.001553356647491455,0.05872131946365923,-0.11281103194852937,36,8,3.850326899553071,0.0004412580938900218,6,2.6666666666666665,9,2
1.0001501757651567,0.0005685306664114659,1.0001565217971802,1.001657485961914,0.9985284805297852,0.0031290054321289062,0.0005684452997036331,3,0.01171875,0.0016280412673950195,0.07718629410585058,-0.5228445569674594,29,6,4.1736171317971,0.0004458944002787272,12,1.2727272727272727,2,2
1.0000026376337348,7.19496544788463e-05,1.0000100733991522,1.0001931311591852,0.9996710993097307,0.0005220318494544296,7.194946470251101e-05,15,0.05859375,0.0003389740894214066,-0.9110369300652027,2.2657867433173893,44,6,5.757444585104847,6.293483458989795e-05,10,2.0,3,2
0.9998437666799873,0.0016052800037953824,1.0001341104507446,1.0021482706069946,0.9916359186172485,0.010512351989746094,0.0016055308412090872,12,0.046875,0.008498191833496094,-2.9947273611825023,10.750555740680577,15,9,10.849390006790378,0.0007327033024208218,4,3.25,4,0
0.9998795972205698,0.0014487819809839305,1.000059962272644,1.0029783248901367,0.9905844330787659,0.01239389181137085,0.0014489564393665034,11,0.04296875,0.009475529193878174,-3.6225067295993103,17.2956428770426,24,7,11.475595507413054,0.0007937047995773016,4,3.0,4,0
0.9999859409781005,6.882059799830091e-05,0.9999925493505587,1.000141024186065,0.9997186913551268,0.0004223328309382879,6.882156556219831e-05,10,0.0390625,0.00027385799543189204,-0.7192550041260398,0.8832490100057249,33,12,5.064445384725807,5.901695018607641e-05,8,3.0,4,2
0.9998174076899886,0.0013576178332211086,1.0000358819961548,1.0023075342178345,0.9912264347076416,0.011081099510192871,0.0013578657690685681,10,0.0390625,0.008809447288513184,-3.6291565642982597,16.974992565770204,23,7,11.744168220316828,0.0006977639946283079,3,4.0,4,0
1.0000037699151494,7.272655842070922e-05,1.0000108484180197,1.0001792381431167,0.9997186855200298,0.00046055262308686284,7.272628424878847e-05,14,0.0546875,0.00029216289798983386,-0.9107966401957375,1.7051450134116237,34,8,5.63170112173087,5.8397043030199456e-05,9,2.111111111111111,4,2
0.9998131913598627,0.00163782547027142,1.0001304149627686,1.0045381784439087,0.991270899772644,0.013267278671264648,0.001638131487386945,15,0.05859375,0.008859515190124512,-3.116351366686461,11.892729865899547,19,6,10.524342734137813,0.0007986611010981541,4,4.0,4,0
1.0011146466713399,0.005128834942822215,0.9998445212841034,1.0109466314315796,0.9927541613578796,0.01819247007369995,0.005123124469185777,0,0.0,0.0,0.24059186672438224,-1.2849556232748298,4,196,0.0,0.0005473048079247568,0,0.0,0,1
1.0001702008303255,0.0005096457802357285,1.0002007484436035,1.0015376806259155,0.9986777901649475,0.0028598904609680176,0.0005095590528618316,7,0.02734375,0.0015229582786560059,-0.1146917224397249,-0.13277108325511877,29,8,3.7835027044725082,0.00045402190264533547,15,1.2666666666666666,2,2
1.0008659639861435,0.0006877463280631844,1.0009352564811707,1.0026047229766846,0.9990929365158081,0.003511786460876465,0.0006871512798018436,8,0.03125,0.0018423199653625488,-0.21455858950013149,-0.5521474311356269,28,8,5.024522326755513,0.0004182140032450358,14,1.6153846153846154,4,2
0.9998145229183137,0.001475225275734885,0.9999507963657379,1.0020458698272705,0.9916306734085083,0.010415196418762207,0.0014754989469736007,9,0.03515625,0.008320122957229614,-3.0450211508873792,12.476350954943197,25,6,11.171966523996236,0.0006780862808227539,3,3.3333333333333335,4,0
1.0000115909948115,0.00010245689985040031,1.000018238634291,1.0001951414662384,0.9992253944730501,0.0009697469931883029,0.00010245571228677079,8,0.03125,0.0007928441612409243,-2.2023720545504,12.946380963028389,28,7,11.20965897128398,6.080619961916168e-05,7,1.7142857142857142,4,2
0.999456982826814,0.004004197935935679,0.9990514516830444,1.0090411901474,0.992820143699646,0.016221046447753906,0.004006373465529658,0,0.0,0.0,0.454583280586462,-0.7644487922871224,1,141,0.0,0.0005600316851746802,1,1.0,1,1
1.000242348993197,0.004971532389970078,0.9989315569400787,1.0099048614501953,0.992820143699646,0.017084717750549316,0.004970327836023158,0,0.0,0.0,0.4690789110201446,-1.2140422624421037,1,179,0.0,0.0005580336439843271,0,0.0,0,1
0.9998467259574682,0.0014340605853505343,1.0000779628753662,1.0030486583709717,0.9921202659606934,0.01092839241027832,0.0014342804233091393,12,0.046875,0.007957696914672852,-3.4881587666727505,14.686624429900764,18,6,10.68112634458453,0.0007440609090468463,3,4.0,4,0
1.000530787743628,0.0006840322097974005,1.000552237033844,1.002184271812439,0.998309850692749,0.0038744211196899414,0.0006836693264982008,9,0.03515625,0.0022423863410949707,-0.36023688432067397,-0.16699431428887035,22,6,4.611178918277009,0.0005549912359200272,16,1.4375,4,2
1.0008552549406886,0.0004807883218212162,1.0008507370948792,1.0019642114639282,0.9995842576026917,0.0023799538612365723,0.00048037747661094915,7,0.02734375,0.0012664794921875,-0.14734543969976752,-0.19091944410781725,41,6,3.310463388426561,0.0004163821538289388,17,1.1764705882352942,2,2
0.9995989974122494,0.0012867000978517816,0.9998154640197754,1.0014630556106567,0.9914759993553162,0.009987056255340576,0.0012872162749090147,9,0.03515625,0.008339464664459229,-3.975566454380863,18.44617291287188,19,11,12.24607443971145,0.0006741163777370079,3,3.6666666666666665,4,0
0.9997418615967035,0.0014833600176278824,0.9998866617679596,1.0063034296035767,0.9912495613098145,0.015053868293762207,0.0014837430286842091,11,0.04296875,0.008637100458145142,-2.714576261705888,14.691698596953707,33,6,9.477292143075282,0.0008230508542528339,3,4.0,4,0
0.9999679385218769,0.004327860228810756,1.0012455582618713,1.0059107542037964,0.9919252395629883,0.013985514640808105,0.004327998990855718,6,0.0234375,0.009320318698883057,-0.36918328732384376,-1.3467902603804813,1,204,19.93738518589651,0.0005182177412743662,3,16.666666666666668,48,1
0.999998555505931,7.768059159577336e-05,1.0000033373885757,1.0002614117413287,0.9997387673348967,0.0005226444064319047,7.768070380508928e-05,12,0.046875,0.0002645700536789697,-0.3232778727570919,1.1322027489676048,55,9,4.112780744464133,6.794362546796102e-05,10,2.1,3,2
1.0003319405950606,0.0005671739762426072,1.0003370642662048,1.0020713806152344,0.9989075064659119,0.0031638741493225098,0.0005669857706485072,7,0.02734375,0.0014295578002929688,-0.041194337958110165,0.05527306012589239,30,7,3.260892641371835,0.0005006163728003408,16,1.375,2,2
1.003515926655382,0.008414549947024078,1.0064347982406616,1.0133566856384277,0.9869236946105957,0.02643299102783203,0.00838506866061302,33,0.12890625,0.019511103630065918,-0.7859754539401784,-0.8504204529485246,3,246,38.32326709197746,0.0005753638697605508,1,0.0,0,1
0.9998478686902672,0.0014601698763882097,1.0000768303871155,1.0024571418762207,0.991116464138031,0.011340677738189697,0.0014603920477431562,12,0.046875,0.008960366249084473,-3.702620500005504,16.863747727342062,25,11,11.713665252399263,0.0006886610797807282,3,4.0,4,0
0.9999911061512456,0.00011859683732981176,0.9999910598425531,1.0003500924095388,0.9996425129042232,0.0007075795053155254,0.00011859789212152687,6,0.0234375,0.0003485469383298634,-0.15012590408195625,-0.20304240083289615,28,10,6.5377061810234816,5.8962016603601376e-05,8,1.875,3,2
0.999706854345277,0.0010589095405486584,0.9998047649860382,1.0008207559585571,0.9897333979606628,0.011087357997894287,0.0010592200463026276,4,0.015625,0.010071367025375366,-7.164444953228562,58.76981275706127,39,14,18.481354755423297,0.0004529910929062787,1,4.0,4,1
0.9999056849628687,0.0010056573265085965,1.000000923871994,1.0014039278030396,0.9906827807426453,0.010721147060394287,0.0010057521840631813,4,0.015625,0.009318143129348755,-6.7497288427312485,53.88388236930242,38,7,17.17771114788202,0.00047983842737534465,1,4.0,4,1
0.9980321577750146,0.002265011645385136,0.9976448118686676,1.0047131776809692,0.9942141771316528,0.010499000549316406,0.0022694776192730007,0,0.0,0.0,0.9807979780243992,0.7216749144246482,5,124,0.0,0.00044698107476327933,1,1.0,1,1
0.9999984093371184,7.733321823661277e-05,1.0000078678516646,1.0001505462396876,0.9996976636790813,0.0004528825606062714,7.733334124788821e-05,15,0.05859375,0.0003102041725833171,-1.2415566566608347,2.255187501261494,36,6,5.3596070300015874,5.8374309325538207e-05,9,2.3333333333333335,4,2
0.9998241390567273,0.0013958769663834827,1.0000717043876648,1.0019588470458984,0.9918561577796936,0.010102689266204834,0.0013961224898014634,10,0.0390625,0.008215546607971191,-3.4954071574095833,15.034440970568792,28,8,11.223585620043364,0.0006728160615060843,3,4.0,4,0
1.000002755561098,6.946217646585333e-05,1.0000067948426135,1.0001912052954807,0.9997916862364384,0.0003995190590422304,6.946198505910951e-05,10,0.0390625,0.00021510860617501848,-0.5052491577799778,0.5606364314929659,42,7,4.197651832183318,5.6956180999174634e-05,13,1.6923076923076923,4,2
0.9991290336474776,0.003056133503241658,0.9998331964015961,1.004550814628601,0.9922211170196533,0.012329697608947754,0.003058797613041793,18,0.0703125,0.007612079381942749,-0.6165082304830003,-0.6279409234143434,2,130,13.809573005045044,0.0006160626224443024,6,9.2,37,1
0.999825187958777,0.0014212022158716579,1.0000382661819458,1.003279685974121,0.9908704161643982,0.0124092698097229,0.0014214507025704722,10,0.0390625,0.009167850017547607,-3.0823870032974217,13.593346082675222,30,6,11.17087426647712,0.0007959090027154661,3,4.0,4,0
0.9997714459896088,0.0013021912629603684,0.9999573230743408,1.0028283596038818,0.9922121167182922,0.0106162428855896,0.001302488952033846,9,0.03515625,0.007745206356048584,-3.8395096115124137,17.563853251498298,24,16,11.009510411965115,0.0006638798059201708,3,3.6666666666666665,4,0
0.9999992939554629,7.346908043397571e-05,1.000005959732957,1.0001676993226234,0.9997383160876336,0.0004293832349897553,7.346913230645522e-05,15,0.05859375,0.0002676436453232789,-0.9267723302042573,1.6241282874381886,34,7,4.98636260605502,5.8441666513810084e-05,10,2.2,4,2
0.9999975862592729,7.241600433659615e-05,1.0000075701493318,1.000142461690323,0.9995982792072936,0.0005441824830293429,7.241617913047702e-05,12,0.046875,0.0004092909420382318,-1.3477316450709655,3.9596387495505008,23,7,7.739540910677237,5.496276149418406e-05,12,1.9166666666666667,4,2
0.9999531174544245,0.00014787065610151449,0.9999483823776245,1.0008858442306519,0.9994832873344421,0.0014025568962097168,0.0001478775889793194,2,0.0078125,0.00046509504318237305,1.0325253285026996,5.4883762948946675,51,6,3.621271198613691,0.0001327675931593951,11,1.0909090909090908,2,0
0.9997103565838188,0.0016110968025257867,0.9999246299266815,1.0120017528533936,0.9906193614006042,0.021382391452789307,0.0016115635813068697,9,0.03515625,0.00930526852607727,-1.0735565086217804,23.679203649557735,21,10,8.945429072921497,0.0007563055730333515,3,3.6666666666666665,4,0
0.9995039703790098,0.0005818601948281254,0.9995058178901672,1.0007085800170898,0.9975900053977966,0.003118574619293213,0.0005821489579550997,8,0.03125,0.0019158124923706055,-0.32186271201669353,-0.09399011863168116,49,6,4.046119152801504,0.000537266450769761,11,1.4545454545454546,6,2
0.9981733898166567,0.0006467956541574502,0.9980933964252472,0.9999978542327881,0.9964508414268494,0.0035470128059387207,0.000647979259671762,2,0.0078125,0.0016425549983978271,0.37438404665569314,0.001520542288536486,36,7,3.5570991736549673,0.000522164269989612,12,1.0909090909090908,2,2
0.9999978249022644,7.444261650528648e-05,1.0000064371466282,1.000152224673605,0.999686715782749,0.00046550889085594793,7.444277842560527e-05,15,0.05859375,0.00031972136387914407,-1.098409172218195,1.9865965214694885,29,7,5.818773808448408,5.9885032030758485e-05,8,2.4285714285714284,4,2
0.9995688262861222,0.0007429882806771244,0.9994699358940125,1.0016601085662842,0.9978570938110352,0.0038030147552490234,0.0007433087758825797,1,0.00390625,0.001612842082977295,0.34154278318064574,-0.46133513273242377,24,9,3.9897517476723223,0.0004434697768267463,5,1.4,3,2
0.9997662573587149,0.0013614323010996772,0.9999905526638031,1.0018845796585083,0.991096019744873,0.010788559913635254,0.0013617506002817587,10,0.0390625,0.008894532918930054,-4.138879122399997,20.1418742440527,17,15,12.564343449221468,0.0006561424217972101,3,4.0,4,0
0.9984772526659071,0.0008438609739517345,0.9984548389911652,1.000416874885559,0.9965468645095825,0.0038700103759765625,0.0008451479206948867,2,0.0078125,0.0019079744815826416,0.10938617592978532,-0.7845577906108891,29,7,4.282479439934013,0.00048152792687509576,9,1.2222222222222223,2,2
0.9997474732808769,0.001439307738422597,0.9999165534973145,1.002542495727539,0.9911325573921204,0.011409938335418701,0.001439671293891059,9,0.03515625,0.008783996105194092,-2.832939913126951,11.877143106565716,22,6,12.324937479907831,0.000672763235428754,3,3.3333333333333335,4,0
0.9996431639883667,0.0015078037654811844,0.9999193847179413,1.0018248558044434,0.9916181564331055,0.01020669937133789,0.0015083419962232955,12,0.046875,0.008301228284835815,-3.182309667050316,11.659901162634169,20,11,11.619579497824391,0.0006650193064820533,4,4.0,5,0
0.9999742843210697,0.00015230667844045318,0.9999820291996002,1.0006122589111328,0.999539315700531,0.0010729432106018066,0.0001523105952108173,7,0.02734375,0.00044271349906921387,0.2528946801890537,1.5038775433078984,28,7,3.640042300107811,0.0001280494764739392,14,1.4285714285714286,3,0
0.9982252540066838,0.00407088473848539,1.0000978112220764,1.003829836845398,0.9901348352432251,0.013695001602172852,0.004078122369821484,30,0.1171875,0.009962975978851318,-0.4831559352111789,-1.2901144811115106,2,200,15.052562258571013,0.0006584326426188151,3,20.0,56,1
1.0000334959477186,0.0013537151468626177,1.0002538561820984,1.0030486583709717,0.9921326637268066,0.010915994644165039,0.001353669804409621,11,0.04296875,0.008121192455291748,-3.7277356128282864,16.858420161580312,19,10,11.124575982223524,0.0006754639101963418,3,3.6666666666666665,4,0
1.0001039502676576,0.0007968238510844147,1.0001937747001648,1.0022069215774536,0.9977560043334961,0.0044509172439575195,0.0007967410296411297,13,0.05078125,0.002437770366668701,-0.6481028617628989,0.14071250756916642,42,9,5.588641896724228,0.00048661325492110907,11,2.3636363636363638,11,2
0.9999899345433794,8.293448157725357e-05,0.9999980330021547,1.0001677713000738,0.9996803164217828,0.0004874548782910493,8.29353163590827e-05,12,0.046875,0.0003177165803719406,-0.6747271020173012,0.7332813725729785,36,7,5.857499190153317,6.103595850030366e-05,14,1.6428571428571428,4,2
0.9995362234767526,0.0015276233403090879,0.9997394382953644,1.0017671585083008,0.9910944104194641,0.01067274808883667,0.0015283321448776063,12,0.046875,0.008645027875900269,-3.166672967201688,11.929286332600684,21,10,10.695494412755524,0.0007232925471137552,4,3.25,4,0
0.9999648907687515,0.0001499635319029036,0.9999571740627289,1.0004457235336304,0.9994386434555054,0.001007080078125,0.0001499687971920843,6,0.0234375,0.0005185306072235107,0.049882590455166756,0.2042413718415852,40,13,4.576748887381172,0.00012591820137173521,8,1.375,4,0
0.9998389282263815,0.0006071563358434643,0.9998406171798706,1.0016098022460938,0.998250424861908,0.003359377384185791,0.0006072541473460145,3,0.01171875,0.0015901923179626465,0.04237100397142626,-0.2768261833058081,29,6,3.2731672078445038,0.0005516659979726754,11,1.5454545454545454,5,2
0.9997025714255869,0.0014673643453357974,0.9998747706413269,1.0018008947372437,0.9916015863418579,0.010199308395385742,0.001467800911268358,10,0.0390625,0.008273184299468994,-3.3214627853106062,14.100921967711237,25,10,11.06488307095732,0.0007097676688549565,3,3.6666666666666665,4,0
1.0000753079075366,0.00038703546824427477,1.000097632408142,1.0016438961029053,0.9988036751747131,0.0028402209281921387,0.0003870063236078404,6,0.0234375,0.001293957233428955,0.2526076754669813,1.1684444239344511,55,8,3.6315862330710105,0.00040147561652987613,12,1.0,1,2
0.9995389610739597,0.00021161359614903615,0.9994709448382855,1.0,0.9991489714745144,0.0008510285254855754,0.00021171120325481546,0,0.0,0.0,0.5314940714321565,-0.8900688895843905,6,39,0.0,5.4751512422562056e-05,1,1.0,1,2
1.0011445425916463,0.005108896650096631,1.0006346106529236,1.0100409984588623,0.9914129972457886,0.01862800121307373,0.0051030559851740435,0,0.0,0.0,0.0345426627413173,-1.0269987454382197,3,236,0.0,0.0005352006239049575,4,1.6666666666666667,2,1
0.9998655808892877,0.00017576037522859327,0.9999108178373842,1.000136139929913,0.999397306597029,0.0007388333328839369,0.00017578400395808276,13,0.05078125,0.0005135112403552577,-0.5123327837732575,-0.9694181008104787,8,7,9.459819581732267,5.824227817902694e-05,13,3.3846153846153846,10,2
1.0000064069459604,7.486045688120393e-05,1.0000145137237797,1.0001741637131751,0.9997473018370152,0.000426861876159923,7.485997725737504e-05,15,0.05859375,0.0002672118867644846,-0.6357063019189048,0.7639696401842855,38,6,5.425000896178983,5.5428289932709716e-05,10,2.4444444444444446,6,2
0.9996360903605819,0.0014431579832389493,0.9998044073581696,1.0019899606704712,0.9913403391838074,0.010649621486663818,0.0014436833535275654,12,0.046875,0.008464068174362183,-3.448111422556648,15.146808697260283,24,12,11.92068101661406,0.0006743389017441694,3,4.0,4,0
0.9996826997958124,0.0015502063851003539,1.0000078678131104,1.002252459526062,0.9912911653518677,0.010961294174194336,0.0015506984220262962,12,0.046875,0.008716702461242676,-3.3381710871009194,12.393776567110445,14,45,11.037289648774095,0.0007601681877585019,4,3.5,4,0
0.9999833994079381,0.0014942230198489734,1.0001675486564636,1.0024646520614624,0.9913238883018494,0.011140763759613037,0.0014942478252475597,9,0.03515625,0.008843660354614258,-3.2279490443655696,14.07886491814358,27,7,10.354957150662793,0.0007738966567843568,3,3.6666666666666665,4,0
0.9986154325306416,0.004798187741470638,1.0011458992958069,1.0143837928771973,0.9906843900680542,0.023699402809143066,0.004804840367138438,23,0.08984375,0.010461509227752686,-0.33351363605712664,-1.1189695692799115,0,0,12.803404546430995,0.0005875356057110955,1,73.0,73,1
1.00026167021133,0.0006577916035257987,1.0002500414848328,1.0025291442871094,0.9986464977264404,0.0038826465606689453,0.0006576195240859563,5,0.01953125,0.001603543758392334,0.0689728279586474,-0.24410278051705303,21,6,3.7766641162660286,0.0004707899748110304,13,1.1538461538461537,2,2
1.0009259681683034,0.0005494015365654537,1.0009486079216003,1.0023186206817627,0.9993895888328552,0.0029290318489074707,0.0005488932788614323,7,0.02734375,0.0015590190887451172,-0.12988789388722008,-0.2029964985010042,32,6,3.5392038814094926,0.0004959978309332155,15,1.2142857142857142,2,2
1.0001702948939055,0.00015624780250449348,1.0001530051231384,1.000540852546692,0.999854564666748,0.0006862878799438477,0.00015622119883201258,0,0.0,0.0,0.1762249824916178,-0.8574714054249362,29,7,0.0,0.00010202632230870864,9,1.2222222222222223,3,0
0.9999461832921952,0.00013180764310674343,0.9999305903911591,1.0003331899642944,0.999601423740387,0.0007317662239074707,0.0001318147369419258,3,0.01171875,0.0003291666507720947,0.3403405810104472,-0.20701749815367254,48,10,3.6052812961183527,0.00010200925901824353,6,1.0,1,0
0.9997389193158597,0.007051192974572937,0.9981565773487091,1.013270378112793,0.9904817342758179,0.022788643836975098,0.007053034385615598,0,0.0,0.0,0.6310221978936941,-0.8729594848043902,3,230,0.0,0.0005907783321305817,0,0.0,0,1
0.9996925017330796,0.0015128419509309726,0.9999932646751404,1.0027071237564087,0.9918066263198853,0.010900497436523438,0.001513307290300058,12,0.046875,0.008186638355255127,-3.4437897676612548,13.563492850856395,21,11,10.663997770920236,0.0007303964857961618,4,4.0,4,0
0.999998813642247,7.527561089107319e-05,1.0000103414198767,1.0002039597273114,0.9997473018370152,0.00045665789029614157,7.527570019498373e-05,13,0.05078125,0.00026303958286144624,-0.5785670034435292,0.9420988063162086,31,6,5.0025824322264265,6.09394483325647e-05,10,2.3,5,2
1.0012156632728875,0.0009601204748397585,1.0013926029205322,1.0032297372817993,0.9988053441047668,0.004424393177032471,0.0009589547088198837,9,0.03515625,0.002587258815765381,-0.33568566559045543,-0.8223661371948845,23,7,5.8457876756058385,0.0005076740302291571,14,2.2857142857142856,9,2
0.9999616069253534,0.0014073257574289846,1.0001985430717468,1.0021462440490723,0.9919119477272034,0.010234296321868896,0.0014073797910663592,11,0.04296875,0.008286595344543457,-3.713615522032118,16.12886401381173,33,12,10.065836002784915,0.0007587769452263327,3,3.6666666666666665,4,0
0.9980108493473381,0.0037102743117996425,0.9989230334758759,1.004643440246582,0.987084686756134,0.017558753490447998,0.0037176693161462358,3,0.01171875,0.011838346719741821,-0.2273386014301103,-0.7828337529799034,6,178,18.850409393802163,0.0006184210964277679,5,8.8,31,1
0.9997851620428264,0.0014558672843271504,0.9999411106109619,1.0060240030288696,0.9910827875137329,0.014941215515136719,0.0014561801270909314,10,0.0390625,0.008858323097229004,-2.9220055086753858,14.806522850919514,34,9,10.062386474551628,0.0008359261587554334,3,3.6666666666666665,4,0
0.9999859020477717,7.509039419092231e-05,0.9999986585565646,1.000128577255101,0.9997041825131114,0.00042439474198952,7.509145282663702e-05,19,0.07421875,0.00029447604345311795,-1.0826998917850517,1.7355139136407791,38,6,5.192668590975823,6.31553742696555e-05,11,2.272727272727273,4,2
0.9991565658710897,0.0005724375397113407,0.9991509318351746,1.0010544061660767,0.9957071542739868,0.005347251892089844,0.0005729207606340207,3,0.01171875,0.003443777561187744,-0.6301301715646379,4.837502877242111,47,9,6.940723744689711,0.00052718952590344,8,1.25,2,2
0.9999974524318855,6.66591860039733e-05,1.0000071825004113,1.0001549668668919,0.9995982792072936,0.000556687659598265,6.665935582322273e-05,12,0.046875,0.0004089032931177128,-1.467760240059702,5.391193902913059,34,10,7.824102947997298,5.428172197929207e-05,13,1.5384615384615385,3,2
1.0000085013689946,7.618536597031547e-05,1.0000091791256178,1.000213141788641,0.9996614514494256,0.0005516903392154271,7.618471829591349e-05,11,0.04296875,0.0003477276761921777,-0.5196059673406427,1.7249403928341334,35,9,6.799413873480191,5.761288924755263e-05,8,2.125,4,2
0.9996047192253172,0.0014861544123377071,0.999772697687149,1.0056910514831543,0.9909141063690186,0.014776945114135742,0.0014867420929039438,10,0.0390625,0.008858591318130493,-2.9734878700898273,14.733566281687015,33,7,10.567833720006195,0.000768737465727563,3,3.3333333333333335,4,0
0.9999541654251516,0.0005948284897028061,0.9999592006206512,1.002203106880188,0.9986397624015808,0.0035633444786071777,0.0005948557546634173,3,0.01171875,0.0013194382190704346,0.30545626852605967,0.05251544840815514,27,8,3.0404260389568463,0.0004998092557869705,12,1.0833333333333333,2,2
1.0003533598501235,0.0028176440481193885,1.000040054321289,1.0056642293930054,0.9955313801765442,0.010132849216461182,0.002816648757536575,0,0.0,0.0,0.13592922820863756,-1.0935172664006498,0,0,0.0,0.0005675879179262648,4,1.25,2,1
0.9999910946869499,8.348734477963905e-05,0.9999985100138259,1.0002236268337654,0.9996842287850864,0.000539398048678974,8.348808826720103e-05,12,0.046875,0.00031428122873944364,-0.7256339048243751,1.088990698148658,38,6,5.399673096537417,6.50776103037192e-05,13,1.6923076923076923,3,2
0.9984986528288573,0.0010973659728746924,0.9982722699642181,1.0015804767608643,0.9965242743492126,0.005056202411651611,0.0010990159774034076,0,0.0,0.0,0.5213619729986745,-0.5113174753326062,21,11,0.0,0.0004944125811258952,1,1.0,1,2
0.9998633309733123,0.001012234820835749,0.9999507069587708,1.0014790296554565,0.9904693961143494,0.011009633541107178,0.0010123731808930265,4,0.015625,0.009481310844421387,-6.965512697241705,57.660357922515765,51,21,16.976412471177277,0.0004836671492632698,1,4.0,4,1
0.9996369108557701,0.001396744237941891,0.9997531175613403,1.0056264400482178,0.9917495250701904,0.013876914978027344,0.001397251564816834,11,0.04296875,0.008003592491149902,-3.090357765840629,15.22800089839139,31,9,10.227848637122742,0.0007155656814575196,3,3.6666666666666665,4,0
0.9995724291075021,0.000771533212837607,0.9996043741703033,1.0015535354614258,0.9973188042640686,0.004234731197357178,0.0007718632390916318,6,0.0234375,0.002285569906234741,-0.18901777309628892,-0.32783236401624416,29,7,4.514188009703267,0.0005590597788492839,16,1.3125,3,2
1.0003320937976241,0.0035253660975811596,0.999830961227417,1.0070010423660278,0.9914909601211548,0.015510082244873047,0.0035241957340362727,1,0.00390625,0.008340001106262207,0.29619637388585557,-1.0186473508627598,13,7,11.625819023683809,0.0006318005861020555,1,1.0,1,1
0.9999790030997247,0.0010423093011948023,1.0000613331794739,1.0013822317123413,0.9903250336647034,0.01105719804763794,0.001042331186918788,4,0.015625,0.009736299514770508,-7.14267103098647,59.13689307224104,46,22,18.243595975043224,0.0004437979529885685,1,4.0,4,1
0.9999163199681789,0.0013662801172879156,1.0001059174537659,1.0023853778839111,0.9920327067375183,0.010352671146392822,0.001366394457219576,10,0.0390625,0.008073210716247559,-3.2443281036001625,13.904156486361515,31,11,11.324278406453736,0.0006688375099032533,3,3.3333333333333335,4,0
0.9974393707234412,0.009518176791473808,0.9929957091808319,1.0163443088531494,0.9867725372314453,0.0295717716217041,0.009542611882835835,0,0.0,0.0,0.805021243159752,-0.8931365156549806,0,0,0.0,0.0006311231968449612,0,0.0,0,1
0.9996972505468875,0.0014255053748062536,0.9999052286148071,1.0016592741012573,0.9909312725067139,0.010728001594543457,0.0014259370764763296,10,0.0390625,0.008973956108093262,-3.221733902148202,13.534169469018998,30,8,12.40579781985927,0.000702204891279632,4,3.25,4,0
0.999941915506497,0.00013973721332182274,0.9999402165412903,1.0003025531768799,0.9994489550590515,0.0008535981178283691,0.00013974533035855603,8,0.03125,0.0004912614822387695,-0.3405064782178662,0.4145044992166702,33,7,4.883716721091704,0.00011454937504787071,11,1.4545454545454546,5,0
0.999878263566643,0.0013689654616615998,1.0001493096351624,1.0020509958267212,0.991969645023346,0.010081350803375244,0.0013691321349244999,11,0.04296875,0.008179664611816406,-3.7771147623902914,16.52015962248361,20,8,11.036418245788653,0.0007092471216239182,3,4.0,4,0
1.000006793370773,7.673938077044691e-05,1.0000130833175858,1.0003455690278604,0.9997813848613427,0.0005641841665177116,7.673885945492193e-05,13,0.05078125,0.00023169845624304575,-0.3146786260427616,1.7813315259780218,40,8,4.074718202663834,6.247233702520482e-05,12,1.8333333333333333,3,2
0.9999995658840987,6.651266679782476e-05,1.0000041430895243,1.0001710109548938,0.9996953294681733,0.0004756814867205028,6.651269567204359e-05,14,0.0546875,0.00030881362135104506,-1.13073594469261,2.6342305051157586,40,7,5.8797028203653205,5.876528377754792e-05,7,2.7142857142857144,4,2
0.9999976949454189,7.6556687928176e-05,1.000009119940265,1.0001999914996162,0.9996710993097307,0.0005288921898854992,7.655686439592699e-05,14,0.0546875,0.00033802063053423037,-0.8837011928436187,1.7355271995274721,43,8,6.048218660783897,5.923241986695049e-05,12,2.0,4,2
1.0005411764141172,0.004119592062912725,1.0012295246124268,1.0067898035049438,0.9854797124862671,0.021310091018676758,0.00411736384271271,2,0.0078125,0.015749812126159668,-0.4854085948241287,-0.6557346480564239,7,228,26.254303747167615,0.0005945794722613167,6,6.333333333333333,28,1
0.9998936101328582,0.0007232322249679368,0.9998739659786224,1.002087116241455,0.9978589415550232,0.004228174686431885,0.0007233091777352586,3,0.01171875,0.002015024423599243,0.24056415739581988,0.15876352685653838,26,6,4.630676487564507,0.0004983916002161363,13,1.1538461538461537,2,2
0.9996439712122083,0.0006861186744027214,0.9996597766876221,1.0018271207809448,0.9982593059539795,0.003567814826965332,0.0006863630394036253,1,0.00390625,0.0014004707336425781,0.14713062989643066,-0.5526204308900207,28,6,3.354480315191059,0.00045717627394433114,16,1.25,2,2
0.9996211768593639,0.00466762413384946,1.0003305673599243,1.0068857669830322,0.9910795092582703,0.015806257724761963,0.004669393007973604,0,0.0,0.0,-0.28467283380786246,-1.1344751755034217,0,0,0.0,0.0005056516796934839,4,10.25,35,1
0.9998719554860145,0.0005737988727424357,0.9998550713062286,1.0016262531280518,0.9976546764373779,0.003971576690673828,0.0005738723539490867,3,0.01171875,0.002200394868850708,0.027744254142774753,0.3884102368845186,31,6,4.655894384453884,0.0005376039766797833,12,1.0833333333333333,2,2
1.00129134953022,0.008730112276614792,1.0021350979804993,1.013168215751648,0.9850990176200867,0.02806919813156128,0.008718853189644287,0,0.0,0.0,-0.32234149258386663,-1.196135550144018,1,219,0.0,0.0006354764396069096,3,3.0,5,1
0.9998746197670698,0.0007330840014757151,0.9998764395713806,1.0017033815383911,0.9982314109802246,0.003471970558166504,0.0007331759272442518,7,0.02734375,0.0016450285911560059,-0.03386523765500953,-0.5834297827736719,26,7,3.732056564502723,0.0004978998034608131,14,1.3571428571428572,4,2
1.0044123551342636,0.007183856181278545,1.0055758953094482,1.0140764713287354,0.9876232147216797,0.026453256607055664,0.0071522977037834735,21,0.08203125,0.017952680587768555,-0.6250342776162731,-0.59211539838951,1,251,35.22131074679079,0.0005877910875806622,3,11.333333333333334,32,1
0.999846043298021,0.0013717488118519517,0.9999517798423767,1.0031107664108276,0.992035984992981,0.01107478141784668,0.0013719600342940786,8,0.03125,0.007915794849395752,-2.9759889213028115,14.16133173115427,37,6,9.322254209444681,0.0008059786815269321,3,3.6666666666666665,4,0
0.9978493072558194,0.003762010670686552,0.999076634645462,1.003881812095642,0.9908789992332458,0.01300281286239624,0.003770119038347022,6,0.0234375,0.008197635412216187,-0.339303652538687,-1.3513815522219375,8,190,16.585791238822065,0.0005643073250265683,5,11.2,47,1
0.9997442087624222,0.0013383640918672504,0.9999343156814575,1.0020265579223633,0.9923357963562012,0.00969076156616211,0.0013387065212650782,12,0.046875,0.007598519325256348,-3.0759645892274756,12.879998835684704,32,7,10.008444871703155,0.0007534293567433077,4,3.25,4,0
1.0012202041689306,0.00609977932998266,1.0047653913497925,1.0070337057113647,0.9875362515449524,0.019497454166412354,0.006092345424696879,42,0.1640625,0.017229139804840088,-1.1291044877460372,-0.2931535878355609,1,254,28.918836645312712,0.0005958395845749799,2,1.0,1,1
0.9996979648713022,0.00042635902496494224,0.9996512234210968,1.0015623569488525,0.9987309575080872,0.002831399440765381,0.0004264878392743655,2,0.0078125,0.0009202659130096436,0.6480164582586051,1.3509761386701458,63,7,2.2764932455586004,0.000439448683869605,10,1.0,1,2
0.999699047068134,0.0004950901381446423,0.9996339678764343,1.0011025667190552,0.9985981583595276,0.002504408359527588,0.0004952391818283886,1,0.00390625,0.0010358095169067383,0.3750204333276242,-0.1724894902348848,46,7,2.445180779855654,0.0004863138292350021,10,1.1,2,2
1.0000719132367522,0.00012778853748598906,1.000070571899414,1.0004463195800781,0.9997392892837524,0.0007070302963256836,0.00012777934845945125,6,0.0234375,0.0003312826156616211,-0.010188575994922032,-0.3329027790696628,50,6,3.0227619233919927,0.0001221951316384708,14,1.3571428571428572,3,0
0.9994638713030918,0.0001048739590506776,0.9994638052017909,0.9996964957083286,0.9991446473159681,0.0005518483923605544,0.00010493021515019238,7,0.02734375,0.00031915788582281834,-0.28945645916777873,-0.13772415178811848,23,6,6.003794877633175,5.972441041219507e-05,11,1.4545454545454546,3,2
0.9999920311787289,7.925803439220961e-05,0.9999979736516305,1.0002731485654492,0.9997020514234691,0.0005710971419801147,7.925866599035307e-05,12,0.046875,0.0002959222281613272,-0.6230523623196008,1.2563249402276746,32,6,5.939265429744377,5.370540124454366e-05,10,2.0,4,2
0.9999194643460214,0.0010529651536129278,1.0000039935112,1.0012096166610718,0.99020916223526,0.011000454425811768,0.0010530499616802638,4,0.015625,0.009794831275939941,-7.09328911242931,57.72091811516985,47,9,17.111421600737753,0.000488740322636623,1,4.0,4,1
1.0000012116434203,7.472157097987295e-05,1.0000110571725616,1.000156647673037,0.9997675892303269,0.0003890584427100885,7.472148044408282e-05,18,0.0703125,0.00024346794223462087,-0.8122971342021315,0.7889593231996028,21,10,5.055449776891888,5.3865906219606544e-05,10,2.5,4,2
1.000587820308283,0.0009495388439130806,1.0005751252174377,1.0027772188186646,0.9985265135765076,0.004250705242156982,0.0009489810136011109,2,0.0078125,0.0020486116409301758,-0.10791022610676583,-0.9348176587493016,36,6,4.388411460921487,0.0005083757288315717,13,1.3076923076923077,3,2
0.9998987168073654,0.0013569307481865786,1.0001108050346375,1.001837968826294,0.9922667741775513,0.009571194648742676,0.0013570681963861314,11,0.04296875,0.007844030857086182,-3.59100397193181,15.855783404759144,27,6,10.738396194394554,0.000712890251010072,3,4.0,4,0
0.9998438924085349,0.0010561074428939517,0.9999085366725922,1.001981496810913,0.990152895450592,0.011828601360321045,0.0010562723350241035,4,0.015625,0.009755641222000122,-6.41358750373008,50.22453463310911,32,21,16.41969960647963,0.0005084694600572773,1,4.0,4,1
1.00094603584148,0.001959151610325223,1.0009273886680603,1.0052790641784668,0.9965111613273621,0.008767902851104736,0.001957299934434722,6,0.0234375,0.004416227340698242,0.027906763426922408,-0.8035727623934847,11,144,9.057945885881031,0.0005401155527900247,5,2.4,8,1
0.9999978662257317,7.110997176528986e-05,1.0000069735204207,1.0001480576905242,0.9997186855200298,0.0004293721704943243,7.11101234982416e-05,13,0.05078125,0.0002882880003908239,-0.913117002356512,1.2088909151194107,37,8,5.555693877177618,5.770812826489489e-05,10,2.2,4,2
1.0000574667938054,0.0005243667189063869,1.0000352263450623,1.001603126525879,0.9985310435295105,0.003072082996368408,0.0005243365869638592,7,0.02734375,0.0015041828155517578,-0.14337119836717332,0.22134749688854072,56,8,3.5233902300328714,0.00048379968194400564,12,1.3333333333333333,3,2
0.9999995407446193,7.834772572553158e-05,1.0000042926505817,1.0001563803044997,0.9997495662386108,0.00040681406588893854,7.83477617071627e-05,15,0.05859375,0.00025472641197088475,-0.7279649740213963,0.37471423740078746,24,9,5.520784106399212,5.150201245058305e-05,11,2.5454545454545454,6,2
0.9995893547311425,0.0005393665914803481,0.9995400905609131,1.0012975931167603,0.9983898997306824,0.002907693386077881,0.0005395881708098226,1,0.00390625,0.0011501908302307129,0.28668683620300345,-0.23956341015929894,40,8,2.8958063887041408,0.0004482884033053529,14,1.0714285714285714,2,2
0.9998828370589763,0.001518167216254114,1.0001842379570007,1.0018404722213745,0.9913308024406433,0.010509669780731201,0.0015183451100326943,14,0.0546875,0.008853435516357422,-3.2821046119456168,12.542662092681486,22,9,10.953203959005211,0.0007781650505813898,4,3.5,4,0
1.0000631615985185,0.00014552525184912502,1.0000564455986023,1.001167893409729,0.9996811151504517,0.0014867782592773438,0.0001455160608221134,6,0.0234375,0.00037533044815063477,1.6407302075233812,12.647578964426387,62,7,2.949326978920615,0.00012758759891285615,7,1.7142857142857142,6,0
0.9999672176782042,0.00018077655753893706,0.9999564290046692,1.0021673440933228,0.9996073246002197,0.0025600194931030273,0.00018078248400850286,0,0.0,0.0,7.023339996132909,83.33214424287189,62,7,0.0,0.00013440520155663584,3,1.0,1,0
0.9998570256866515,0.0014135326528112772,1.0000854134559631,1.0012576580047607,0.9898068904876709,0.011450767517089844,0.0014137347805707862,8,0.03125,0.010278522968292236,-5.4309256876867815,31.142200641189525,22,8,14.993964434308465,0.0005006769124199362,2,4.0,4,1
1.0023946706205606,0.00995775672580416,1.002802312374115,1.0164905786514282,0.9859796762466431,0.030510902404785156,0.009933968144143794,0,0.0,0.0,-0.2212774538887741,-1.3759832457753867,0,0,0.0,0.0005723382912430109,4,7.75,26,1
0.9997915544081479,0.0013757744988015838,0.9999934732913971,1.004722237586975,0.9913437962532043,0.013378441333770752,0.0013760613327205074,9,0.03515625,0.008649677038192749,-3.2746195349396925,15.6004545739649,36,7,10.84637111982557,0.0007776662415149166,3,3.3333333333333335,4,0
1.0004677542019635,0.0006098677572068653,1.0004097819328308,1.002305269241333,0.9989795684814453,0.0033257007598876953,0.000609582622373806,2,0.0078125,0.001430213451385498,0.2738233191522002,-0.40726433498547543,26,6,4.179392579122551,0.00038956216737335805,11,1.0909090909090908,2,2
1.0005447107832879,0.0004017845043517861,1.000520944595337,1.001702070236206,0.9995078444480896,0.002194225788116455,0.0004015657671482212,3,0.01171875,0.0010131001472473145,0.2894324298547889,0.05218601731538541,67,8,2.714225363338241,0.00043187094669716033,17,1.0,1,2
0.9995884483214468,0.0005468921973787651,0.9995521008968353,1.0010273456573486,0.9978789687156677,0.003148376941680908,0.0005471173644484695,3,0.01171875,0.0016731321811676025,0.10382748960842567,-0.24524126978884553,29,10,4.266941149529153,0.000439305632722144,9,1.0,1,2
0.9997864412143826,0.0015406998026876988,1.0000678896903992,1.00213623046875,0.9907814860343933,0.01135474443435669,0.0015410289029488139,12,0.046875,0.00928640365600586,-3.275714969804217,13.750772727948387,20,10,12.47700525256502,0.0006995500302782245,3,4.0,4,0
0.9998775203712285,0.0010512879513209328,0.9999683499336243,1.0020849704742432,0.9897738099098206,0.012311160564422607,0.0010514167284515178,3,0.01171875,0.010194540023803711,-7.123115700986796,59.39195029343469,37,13,18.437149001533385,0.0004534361409206016,1,5.0,5,1
0.9993916426319629,0.0005008902277804602,0.9993893504142761,1.001215934753418,0.9979227781295776,0.003293156623840332,0.0005011951335327692,6,0.0234375,0.0014665722846984863,0.1022340392310388,0.21731794733043008,50,7,3.26794426665033,0.0005132880865358839,15,1.1333333333333333,3,2
1.0010600101668388,0.0010845964546071982,1.000862181186676,1.0039647817611694,0.9988487362861633,0.0051160454750061035,0.0010834479887239098,0,0.0,0.0,0.2535904113998636,-0.8385633615293795,32,6,0.0,0.0005661471217286353,4,1.25,2,2
1.0028972388245165,0.012249013759653544,1.004183292388916,1.0201711654663086,0.984019935131073,0.036151230335235596,0.012213627962532295,0,0.0,0.0,-0.15603826053395498,-1.4669824796078268,1,237,0.0,0.0005801542132508521,3,8.666666666666666,20,1
0.9999731627758592,0.0012630612519638617,1.0001763105392456,1.0030183792114258,0.9965271949768066,0.006491184234619141,0.0012630951499315115,13,0.05078125,0.003649115562438965,-0.40141430823153307,-0.47748187519111607,25,6,6.631898414307135,0.0005894618875840131,11,1.9,6,2
1.0009501290041953,0.003066300184174361,1.0001550316810608,1.0081241130828857,0.9963734745979309,0.011750638484954834,0.003063389568893806,0,0.0,0.0,1.0311387441429092,-5.564402571422988e-05,9,70,0.0,0.0005797115026735792,0,0.0,0,1
0.9997537627350539,0.0005938634506231262,0.9997137784957886,1.001446008682251,0.9981212615966797,0.003324747085571289,0.000594009717951426,2,0.0078125,0.0015925168991088867,0.2229378529447601,-0.23457222205072847,45,7,3.3269234817342177,0.0005371809005737304,10,1.2,2,2
0.99721335968934,0.005425300061769497,0.9959309995174408,1.009394645690918,0.9900283217430115,0.019366323947906494,0.005440460668777673,0,0.0,0.0,0.5105467526370779,-1.0194641150748522,2,225,0.0,0.0005739693548165116,0,0.0,0,1
0.9998233180958778,0.000453639674505672,0.9998162984848022,1.0009489059448242,0.9984106421470642,0.0025382637977600098,0.0004537198385906922,6,0.0234375,0.0014056563377380371,-0.03499353362138178,-0.16922062369393887,32,6,3.6751360847266326,0.00043360065011417167,15,1.0666666666666667,2,2
0.9999788403511047,0.0008831274102443688,0.9998906254768372,1.0021109580993652,0.998046338558197,0.004064619541168213,0.000883146097305711,3,0.01171875,0.0018442869186401367,0.07837214028249519,-0.8711561963158427,26,6,4.367852268647453,0.00048404721652760225,10,1.2,2,2
0.9999957169235967,7.415925776206413e-05,0.9999981222961433,1.0002080208798128,0.9997235749736719,0.00048444590614082905,7.415957539319157e-05,10,0.0390625,0.0002745473224713413,-0.47103409902626864,1.0317832289141098,46,8,4.8068445475966355,6.217400022614418e-05,13,1.5384615384615385,4,2
0.9999110058415681,0.0007922089945045095,0.9999838173389435,1.0018020868301392,0.9982215166091919,0.0035805702209472656,0.0007922795027520998,8,0.03125,0.001762300729751587,-0.19146705196037148,-0.8971880066516018,24,8,4.686779713392923,0.0004273900798722809,15,1.4666666666666666,3,2
0.9996932535432279,0.00048632472034586586,0.9996723532676697,1.001065731048584,0.9984831809997559,0.002582550048828125,0.0004864739445046546,3,0.01171875,0.0011891722679138184,0.26215123190834316,0.2044418805111472,47,9,2.8761204160062723,0.00047259868360033223,13,1.0769230769230769,2,2
1.0000002946182331,7.190841637113771e-05,1.0000059600578697,1.0002539328267726,0.999735495208029,0.0005184376187435946,7.190839518561338e-05,13,0.05078125,0.0002704648498407236,-0.56024441015371,1.34680039085847,38,7,4.916430735134898,6.15038864128083e-05,12,2.0,4,2
0.9999079874251038,0.0010134363468168018,1.0000415444374084,1.0008491277694702,0.9901390671730042,0.010710060596466064,0.0010135296042854257,4,0.015625,0.009902477264404297,-7.447470573727891,62.70959515118233,54,14,18.64576367292631,0.0004531406888774797,1,4.0,4,1
0.9999746179673821,0.00015435469322554264,0.999976396560669,1.0004335641860962,0.9995193481445312,0.0009142160415649414,0.00015435861116084597,5,0.01953125,0.0004570484161376953,0.1055591251686766,0.4064885634262021,35,8,4.2486667347084595,0.00012459123835844153,11,1.5454545454545454,5,0
0.9993881362024695,0.00048222345882011194,0.999393492937088,1.0009618997573853,0.9982991218566895,0.0026627779006958008,0.00048251869454093326,3,0.01171875,0.0010943710803985596,0.2071165460911931,-0.15549427185196274,44,9,2.5328574436025493,0.0004933862125172335,16,1.0,1,2
0.9999897234972515,7.622272791508357e-05,0.999998867324229,1.0001689386349781,0.999730301149397,0.00043863748558115034,7.622351122620619e-05,11,0.04296875,0.00026856617483206335,-0.7191559515111652,1.1041489516829381,31,9,5.042910179112831,5.991365205184661e-05,13,1.6153846153846154,4,2
0.9986374063882977,0.004865320449884528,0.9975807964801788,1.0109466314315796,0.99207603931427,0.01887059211730957,0.00487195895002631,0,0.0,0.0,0.9163650784658955,-0.19042194056305028,0,0,0.0,0.0005288357828177658,0,0.0,0,1
0.9993290978018194,0.007017885626308322,1.0007145404815674,1.0089749097824097,0.9875362515449524,0.021438658237457275,0.007022597102141085,0,0.0,0.0,-0.2756140064271715,-1.4359305404224458,1,205,0.0,0.0005067161485260609,2,22.0,38,1
1.0034272954799235,0.00904294167626166,1.0028841495513916,1.0168884992599487,0.986444354057312,0.03044414520263672,0.009012054701916957,0,0.0,0.0,-0.06119571771411464,-1.3082830695688696,1,216,0.0,0.0006296218610277363,1,0.0,0,1
1.0000091142576863,7.730915562430043e-05,1.0000185971788418,1.0003189342454055,0.9997421640546557,0.0005767701907498646,7.730845101515655e-05,13,0.05078125,0.0002764331241861262,-0.6228568303438345,1.816151429800895,37,7,4.760269902044353,6.323300178380209e-05,10,2.0,4,2
0.9998852256685495,0.0004762697707097973,0.9998465478420258,1.0011807680130005,0.9984181523323059,0.00276261568069458,0.0004763244405290125,6,0.0234375,0.0014283955097198486,0.03179332700407054,0.3247297519266712,75,7,3.0331490543586948,0.0005339491601083793,9,1.0,1,2
0.9999122223816812,0.001217157918278582,1.000000149011612,1.002065658569336,0.9914091229438782,0.010656535625457764,0.0012172647668806822,8,0.03125,0.008591026067733765,-3.9724455993841596,21.566467492544795,29,6,12.36482219883643,0.0006421189682156432,2,4.0,4,0
1.0002133625093848,0.0006360089424233454,1.000181257724762,1.0015345811843872,0.9988296031951904,0.0027049779891967773,0.0006358732709066141,1,0.00390625,0.0013516545295715332,0.12402263059425679,-0.7870336719424063,23,9,3.4802451667280465,0.00043149648928174784,11,1.1818181818181819,2,2
0.999879943439737,0.0015802057305936766,1.0002710223197937,1.0018548965454102,0.9908434152603149,0.011011481285095215,0.0015803954674373523,11,0.04296875,0.00942760705947876,-3.3580202892009154,13.29417424978779,29,6,11.747245741639246,0.0007675731883329504,5,3.0,4,0
1.000006339974254,6.674245324813011e-05,1.0000142992581886,1.0001310979152451,0.999789535931496,0.00034156198374912794,6.674203010537759e-05,15,0.05859375,0.0002247633266926341,-0.8927024230603033,0.7760083235557365,30,8,4.430968206436066,5.620169003466204e-05,13,1.9230769230769231,4,2
1.0022309133782983,0.007348523905487814,1.0021658539772034,1.0139495134353638,0.9876024127006531,0.026347100734710693,0.0073321664772019145,0,0.0,0.0,-0.19785976598490915,-1.1084808365365424,2,218,0.0,0.0006235064244737812,2,8.0,8,1
1.0023367947433144,0.006834863512306181,1.0028347373008728,1.0114412307739258,0.9870621562004089,0.024379074573516846,0.006818929074689413,18,0.0703125,0.015772581100463867,-0.6655760946958383,-0.5578563195007211,0,0,31.658140923777736,0.0005292492754319135,2,18.0,34,1
1.0000907257199287,0.00018935302210969392,1.000079095363617,1.0018218755722046,0.9997152090072632,0.0021066665649414062,0.00018933584447889526,0,0.0,0.0,5.1065833880691525,43.824892511870615,60,7,0.0,0.0001362118066525927,5,1.0,1,0
0.9996855570934713,0.0014901464894199643,0.9999658763408661,1.002188801765442,0.9912739992141724,0.010914802551269531,0.0014906152027968477,13,0.05078125,0.008691877126693726,-3.239857871527005,12.92664538321729,26,6,11.075893298791488,0.0007118391055686801,4,4.0,4,0
1.001848938409239,0.00746280178723302,0.9983593225479126,1.0157209634780884,0.990641176700592,0.025079786777496338,0.0074490289914192495,0,0.0,0.0,0.6194984096569709,-1.1315745654506988,0,0,0.0,0.0006236022593928319,0,0.0,0,1
0.9996210432145745,0.0037363340360298467,0.9988663792610168,1.0093189477920532,0.9932810664176941,0.01603788137435913,0.0037377504819372043,0,0.0,0.0,0.1327990662868707,-1.1114063421198868,2,239,0.0,0.0006379038679833506,0,0.0,0,1
0.9997495007701218,0.0014691858576684255,0.9999609291553497,1.002333641052246,0.9915779232978821,0.010755717754364014,0.001469553979808632,9,0.03515625,0.008383005857467651,-2.9641793256149094,11.79118289586278,20,11,11.641622754254017,0.000666058297250785,3,3.6666666666666665,4,0
1.0000194255262613,0.00011010320875027443,1.0000206232070923,1.0003609657287598,0.9997839331626892,0.0005770325660705566,0.00011010106997904816,4,0.015625,0.00023669004440307617,0.13979551545782185,-0.010378248070054052,59,6,2.3729141761891426,0.00011037144006467333,18,1.3333333333333333,3,0
1.006012009922415,0.002902730826021631,1.0059466361999512,1.0249053239822388,1.0001980066299438,0.024707317352294922,0.002885383869567813,0,0.0,0.0,1.3255830980319074,5.927935485548609,16,112,0.0,0.0007653030694699755,3,2.6666666666666665,4,1
0.9999563072384203,0.00014859354282328015,0.9999874238904483,1.00033902079256,0.9991927384607315,0.001146282331828452,0.000148600035569205,15,0.05859375,0.0007946854297167238,-2.357722783458581,7.344151120638868,23,41,10.182626372131724,6.631986086154989e-05,5,3.4,13,2
1.0010549153666943,0.0005740463825559758,1.0010795593261719,1.0027071237564087,0.9992656111717224,0.0034415125846862793,0.0005734414503580935,9,0.03515625,0.0018139481544494629,-0.2895158494187612,0.12378700015043798,46,7,3.7899417493588943,0.0005510185279098211,12,1.75,8,2
0.9997796006500721,0.0015140370787934073,1.000064730644226,1.0017445087432861,0.9911659955978394,0.010578513145446777,0.0015143708451432266,9,0.03515625,0.008898735046386719,-3.2257409875814202,13.120799461381761,23,7,12.193127030311134,0.0006952580283669864,3,3.6666666666666665,4,0
0.9996020360849798,0.0005563767846667752,0.9996175169944763,1.0014104843139648,0.9982276558876038,0.003182828426361084,0.0005565982907016363,8,0.03125,0.0013898611068725586,-0.055667073721038206,-0.16494538925870783,34,10,3.2090561827398867,0.0004883787211249856,16,1.2,2,2
0.999997093579139,7.115001902677016e-05,0.9999998211956715,1.000218740128383,0.9997651085674042,0.00045363156097888435,7.115022581927075e-05,11,0.04296875,0.00023471262826735284,-0.4220254448683539,1.0883188470927907,44,9,4.442990612569964,5.717428905839936e-05,10,1.9,4,2
0.9996089457999915,0.0005426997923484769,0.9996063709259033,1.0014818906784058,0.9981871247291565,0.0032947659492492676,0.0005429121004055759,6,0.0234375,0.0014192461967468262,0.1698800382404561,0.23694904385237026,29,8,3.5837479867072664,0.0004402085846545649,12,1.0,1,2
0.999919292749837,0.0005609382534744434,0.9999326765537262,1.001098394393921,0.9982547760009766,0.002843618392944336,0.0005609835289124487,7,0.02734375,0.0016779005527496338,-0.22517146970801113,-0.34801232067379306,31,8,4.260653904479292,0.0004287100305744246,18,1.2777777777777777,3,2
1.0000255296339804,0.00015977219711518878,1.000011206603694,1.0003801303816808,0.9996990907689,0.000681039612780876,0.000159768118293607,0,0.0,0.0,0.04004111182309903,-0.8536060442001725,9,11,0.0,6.144968470259324e-05,10,1.6,3,2
0.999713103286922,0.0015345237920815942,1.0000468492507935,1.001796007156372,0.9909282922744751,0.010867714881896973,0.0015349641682561594,12,0.046875,0.00911855697631836,-3.4335085683198505,13.317606486274592,18,18,11.253497357632565,0.0008034752864463657,4,3.5,4,0
1.0000215026084334,0.0001490164377641852,1.0000455975532532,1.0003851652145386,0.9995262026786804,0.0008589625358581543,0.0001490132335909719,12,0.046875,0.0005193948745727539,-0.5672361636916939,0.18917362468004306,25,11,4.956585548783581,0.00011682229883530561,14,1.7857142857142858,4,0
0.9998547760769725,0.0005552941168902638,0.9998643696308136,1.003053903579712,0.9983859658241272,0.004667937755584717,0.0005553747705931998,6,0.0234375,0.0014784038066864014,0.8374873575003866,4.687549361516729,52,8,2.906461436263402,0.000511936580433565,10,1.3,2,2
0.9999966631856905,7.138527049351938e-05,1.0000014603245777,1.0002080208798128,0.9997235749736719,0.00048444590614082905,7.138550869370628e-05,11,0.04296875,0.00027788535090578215,-0.3409629518272539,1.0213528457492886,41,6,4.862048946562363,6.227628316456815e-05,13,1.6923076923076923,4,2
1.00010095955804,0.005165558634796555,0.9999468624591827,1.079310417175293,0.9914536476135254,0.08785676956176758,0.005165037174926115,0,0.0,0.0,14.000536967123415,213.0918324866903,50,6,0.0,0.0013763813411488252,1,1.0,1,0
0.9999839337329532,0.00010074555722873613,0.9999980923766141,1.00019136467215,0.999647081405738,0.0005442832664120933,0.00010074717585976771,11,0.04296875,0.0003510109708760867,-0.545579596504612,-0.1798996293892441,21,22,7.233060722364905,5.51121754202392e-05,17,1.8235294117647058,4,2
0.9997485163621604,0.001440741931719432,1.0000427961349487,1.0024551153182983,0.9912152886390686,0.011239826679229736,0.001441104345882841,12,0.046875,0.008827507495880127,-3.6779979618316263,16.479467175386308,21,6,11.466482865759712,0.0007563137540630265,3,4.0,4,0
0.999995166603834,0.00012519253063205947,0.9999799434503969,1.0010702058894319,0.9996871834831295,0.0013830224063023921,0.00012519313574008175,2,0.0078125,0.0002927599672674086,2.400913063187899,19.70451999529623,32,6,3.812785957120218,6.227561494171637e-05,6,1.6666666666666667,3,2
0.9999596788547933,0.0001215342472825547,0.999960869550705,1.0002855062484741,0.999642550945282,0.0006429553031921387,0.00012153914788018466,8,0.03125,0.00031831860542297363,0.0566320309484142,-0.038862312688516365,55,7,3.0534822709751936,0.00012005216935101678,15,1.2666666666666666,2,0
0.9999976035961717,6.95719651057119e-05,1.0000041430895243,1.0001710109548938,0.9996953294681733,0.0004756814867205028,6.957213182863495e-05,15,0.05859375,0.00030881362135104506,-1.1738441333832028,2.5857344360126993,30,9,5.915492206868974,5.712113091786942e-05,7,2.7142857142857144,4,2
1.0000133393332362,0.0010493955738728165,1.0001190304756165,1.0018234252929688,0.9907663464546204,0.011057078838348389,0.0010493815758222847,4,0.015625,0.009352684020996094,-6.505662508211854,51.191001114247,45,9,16.09123437577373,0.0005095000360526291,1,4.0,4,1
0.9997950466349721,0.0005097919313425751,0.9997986555099487,1.001146912574768,0.9982056021690369,0.002941310405731201,0.0005098964363330173,6,0.0234375,0.0015930533409118652,0.021789948579028585,0.17725853065512487,52,7,3.4576207191622395,0.0005187041619244744,13,1.2307692307692308,3,2
0.9999878066591918,0.00040368685232400586,0.9999693334102631,1.0012242794036865,0.9987841844558716,0.0024400949478149414,0.0004036917746753959,6,0.0234375,0.0011851489543914795,0.11167723182484973,0.17436300717212738,65,7,3.111055449462801,0.0004192457479589126,11,1.3636363636363635,3,2
0.9999920921972808,6.878366076838693e-05,1.0000001490173143,1.0001090827286991,0.9996614514494256,0.0004476312792734971,6.878420470030789e-05,16,0.0625,0.00033869756788862393,-1.2223451526032274,2.518931865984751,37,7,6.608580679225321,5.853688456986865e-05,11,1.9090909090909092,4,2
1.0004014854785055,0.005819273247186234,1.0001604557037354,1.0100409984588623,0.9828802943229675,0.027160704135894775,0.005816937831117671,2,0.0078125,0.017280161380767822,-0.07244781211488077,-0.9034889001817596,6,234,25.404503492133095,0.0006154142174066282,2,2.5,4,1
1.0003437446430326,0.0022153562189237397,1.001384675502777,1.003644347190857,0.9952054023742676,0.008438944816589355,0.0022145949637684573,32,0.125,0.0061792731285095215,-0.667260100110095,-0.9714827411957425,6,236,12.245351371885626,0.0005725935393688725,5,11.6,52,1
0.9998056518379599,0.0014826113015763164,1.0000567436218262,1.0021445751190186,0.9920068979263306,0.010137677192687988,0.0014828995003687033,15,0.05859375,0.008049845695495605,-3.1702675212970486,11.952836450384085,22,23,10.201521473237834,0.000737305715972302,4,3.75,4,0
1.0000243841739591,0.00010908219647836287,1.0000457142902124,1.0002408398749831,0.999612344903283,0.0006284949717001442,0.00010907953666396548,11,0.04296875,0.0004333693869293942,-0.6254232625670763,0.08078031234371386,28,9,7.0506067492524656,6.328397880909851e-05,13,2.4615384615384617,8,2
1.000227344688028,0.0006400959392659858,1.0002123713493347,1.001641035079956,0.9985901117324829,0.0030509233474731445,0.0006399504499305928,2,0.0078125,0.0016222596168518066,0.0164093991040573,-0.7362963008139376,39,9,3.580343660427543,0.0005213653340059169,15,1.1333333333333333,2,2
1.0002701429184526,0.004657730957665072,0.9988204538822174,1.0080674886703491,0.9888152480125427,0.019252240657806396,0.004656473044447149,1,0.00390625,0.010005205869674683,0.2781206651636387,-1.2492731906133818,0,0,14.473403778349494,0.0006113711525412167,1,2.0,2,1
0.9999742058861893,0.0001240443949919744,1.0000033373757726,1.0001843838005422,0.9994417421290562,0.0007426416714859663,0.00012404759468974977,16,0.0625,0.0005615952467163954,-2.4488226605432324,6.654801006012143,25,40,10.554193189806963,5.5719078593096345e-05,6,3.5,14,2
0.9998142325785011,0.0004370583340330444,0.9998456239700317,1.001261591911316,0.9983262419700623,0.002935349941253662,0.00043713954031828454,7,0.02734375,0.0015193819999694824,0.0869757911210922,0.8648742429448024,44,7,4.161610834018302,0.0004115747470481723,14,1.1428571428571428,2,2
1.0002516040112823,0.0005631306174332795,1.0002851486206055,1.0044454336166382,0.9987987279891968,0.005646705627441406,0.0005629889671508367,3,0.01171875,0.0014864206314086914,1.5227625040854174,10.7009339039603,27,8,3.462009283098214,0.0004564046859741211,10,1.4,2,2
0.9979313807561994,0.007788870393070212,0.9968262016773224,1.0102732181549072,0.9868313670158386,0.023441851139068604,0.007805015999364669,0,0.0,0.0,0.14982929764169775,-1.4771378407905105,1,249,0.0,0.0005266128801832013,0,0.0,0,1
1.0000926016364247,0.0012928692205812933,1.000271737575531,1.0022644996643066,0.9911466240882874,0.011117875576019287,0.001292749509861193,8,0.03125,0.009125113487243652,-3.526565652649641,17.269239581207053,34,9,13.690109711843343,0.0006461931209938199,3,3.0,4,0
1.0009087636135519,0.0018419735025338565,1.0010467171669006,1.0060670375823975,0.99455326795578,0.011513769626617432,0.0018403011038526959,15,0.05859375,0.0064934492111206055,-0.8933481739605776,1.5713038611127983,10,194,11.144497794841763,0.0005810877856086283,1,22.0,22,1
0.9996892309281975,0.0015990776812073219,0.9999870359897614,1.0029228925704956,0.9911501407623291,0.011772751808166504,0.0015995747795768496,13,0.05078125,0.008836895227432251,-3.1633870349120583,12.605724664357217,30,6,10.092374299303824,0.0008297478451448328,4,3.5,4,0
0.9999731441494077,0.0014075761766214041,1.0002144575119019,1.0018086433410645,0.9915934801101685,0.010215163230895996,0.0014076139792921236,10,0.0390625,0.008620977401733398,-3.814251113774486,17.137638580075844,25,9,11.419692244070502,0.0007331343258128447,3,4.0,4,0
1.0001909933052957,0.0036294686334002926,0.9995149672031403,1.0068023204803467,0.9941704273223877,0.012631893157958984,0.0036287755615616135,0,0.0,0.0,0.24672746439095247,-1.1878638780855462,9,196,0.0,0.0005250760153228161,0,0.0,0,1
1.0001138974912465,0.002631227840384519,1.0006608366966248,1.0054644346237183,0.9948539733886719,0.010610461235046387,0.0026309281842646815,4,0.015625,0.005806863307952881,-0.2661911368826656,-1.273295889080461,3,146,9.792308512245679,0.0006183014196508071,10,3.6,15,1
1.00177167262882,0.004652425322270551,1.0019369721412659,1.0104790925979614,0.9938896298408508,0.016589462757110596,0.004644197324987033,0,0.0,0.0,0.20129563046058974,-0.9991906492547553,5,168,0.0,0.0005700889755697812,4,2.5,4,1
1.00000861505294,9.574380638757684e-05,1.0000209101539408,1.000234899011657,0.9996803164217828,0.0005545825898741752,9.57429815567221e-05,10,0.0390625,0.00034059373215800104,-0.46163705771856317,0.0015062291024463548,33,8,5.910794492115971,6.510677378589828e-05,14,1.8571428571428572,4,2
0.9999694195576012,0.001082896123375325,1.00005042552948,1.0016732215881348,0.989608108997345,0.012065112590789795,0.0010829292398305656,4,0.015625,0.01044231653213501,-7.113727648400279,59.26931482837273,41,20,17.873090961358553,0.0004993850109623928,1,4.0,4,1
0.9999989254741575,6.944524297714892e-05,1.0000075706069405,1.0001922484816095,0.999735894476789,0.0004563540048204695,6.944531759793733e-05,14,0.0546875,0.00027167613015144365,-0.7657970596687609,1.3221375372378033,33,20,5.403247187010068,5.606900326845543e-05,14,1.7857142857142858,4,2
1.0001006626989692,0.0007583586426381847,1.00005704164505,1.00181245803833,0.9979685544967651,0.0038439035415649414,0.0007582823118940889,2,0.0078125,0.002088487148284912,0.05601818888715565,-0.7315610542614088,24,7,4.753092462768928,0.0004947538469351974,13,1.1538461538461537,2,2
0.9997940645553172,0.0014612118417175698,0.9999981224536896,1.0034351348876953,0.9916782975196838,0.011756837368011475,0.0014615128190098622,11,0.04296875,0.008319824934005737,-3.3731423166026855,15.345431296369789,27,7,9.661692987110936,0.0007859447423149557,3,3.6666666666666665,4,0
0.9992721141315997,0.0026520238196213546,0.9992990791797638,1.0043758153915405,0.9942067265510559,0.01016908884048462,0.002653955596395333,0,0.0,0.0,-0.10763470548254807,-0.9708694172788568,2,135,0.0,0.0004842379513908835,7,4.142857142857143,15,1
1.0030240300111473,0.007033613485918129,0.9999655485153198,1.0150560140609741,0.9942322969436646,0.02082371711730957,0.007012407754418366,0,0.0,0.0,0.3990878255724327,-1.5099659566732686,0,0,0.0,0.0005699545729394052,0,0.0,0,1
0.999874257016927,0.0014316964076562392,1.0001134872436523,1.002245306968689,0.9911715388298035,0.011073768138885498,0.0014318764560732177,12,0.046875,0.008941948413848877,-3.624901753473173,16.103673888150144,26,9,11.667236002175073,0.0007505557116340188,3,4.0,4,0
0.9997187587432563,0.0035717041720147937,0.9995102882385254,1.0065966844558716,0.9937838315963745,0.01281285285949707,0.0035727089651741385,0,0.0,0.0,0.08780690281028611,-1.3300739276596723,0,0,0.0,0.0005327757667092716,5,1.0,1,1
0.9999960638047082,7.706474847453735e-05,1.0000025035781888,1.0004932741038846,0.9997398291132275,0.0007534449906571039,7.706505181763148e-05,14,0.0546875,0.00026267446496130997,0.37295626649375085,6.958313993392263,32,9,4.518960060024542,5.968114021127646e-05,10,1.8,3,2
0.9999869363382459,0.0023381283260268696,0.9996611773967743,1.005792498588562,0.995244026184082,0.01054847240447998,0.002338158870943487,0,0.0,0.0,0.2114057108298721,-0.8265671157247407,6,200,0.0,0.0006189561357685164,4,1.25,2,1
0.9999941628777318,0.00010290070569831739,1.0000088521424768,1.0006915113233297,0.9995211079841368,0.001170403339192827,0.00010290130634582408,11,0.04296875,0.00048774415833996443,0.09659222526824217,9.602140991803834,34,9,7.031506288449912,6.590869251367835e-05,12,2.272727272727273,6,2
0.9998977116774768,0.0015035859365201598,1.00008225440979,1.0025070905685425,0.9910628795623779,0.01144421100616455,0.001503739751536856,9,0.03515625,0.00901937484741211,-3.3060226936871793,14.515667853509033,18,10,11.526588410291293,0.0007285321460050695,3,3.6666666666666665,4,0
1.0012203585356474,0.004959490583192598,0.999937504529953,1.0099488496780396,0.9935871362686157,0.016361713409423828,0.0049534456035694166,0,0.0,0.0,0.29233940770119093,-1.3053179021637702,0,0,0.0,0.0005356035980523801,0,0.0,0,1
0.9998277390841395,0.0013835877030553916,0.9999721646308899,1.0017015933990479,0.9911261200904846,0.010575473308563232,0.0013838260822037038,9,0.03515625,0.008846044540405273,-3.6250607117960922,16.935032844446475,16,13,12.094078031426532,0.0006548213023765414,4,3.0,4,0
1.000000788030202,7.379435810772338e-05,1.000009417089764,1.0001714154181136,0.9997427004131025,0.00042871500501107107,7.379429995558628e-05,15,0.05859375,0.00026671667666144927,-0.8576319702514728,0.9951035767594258,34,6,4.760272662026264,6.193591797180238e-05,11,2.1818181818181817,4,2
0.9998777252621949,0.004302101142602225,0.9990714192390442,1.0096598863601685,0.9935871362686157,0.016072750091552734,0.004302627245220508,0,0.0,0.0,0.8285379656619362,-0.4073343105899738,1,122,0.0,0.00048003266839420096,0,0.0,0,1
0.9997045185882598,0.001466981354658118,0.999962568283081,1.0014435052871704,0.9913453459739685,0.010098159313201904,0.001467414948498709,11,0.04296875,0.008617222309112549,-3.736505679639382,16.46477877907993,21,7,11.142621590691183,0.0007557558078391879,3,4.0,4,0
0.999998775764166,7.239735214226308e-05,1.0000050664210962,1.000237407748195,0.9997780320911713,0.0004593756570236973,7.239744077380437e-05,14,0.0546875,0.00022703432992488004,-0.31618500056256715,0.7966760993190536,51,7,4.194109761160277,5.862915449060268e-05,12,2.1666666666666665,4,2
0.9965557411778718,0.007843243161453694,0.9963279962539673,1.0132557153701782,0.984602153301239,0.02865356206893921,0.007870350686238013,0,0.0,0.0,0.2470896123841549,-1.1130807725575018,3,219,0.0,0.0006106989056456323,0,0.0,0,1
0.9999457611702383,0.0013753866292870393,1.0001790523529053,1.0027071237564087,0.9918066263198853,0.010900497436523438,0.0013754612326946833,11,0.04296875,0.00837242603302002,-3.774198313744785,16.889266231033783,27,13,11.382479408272433,0.000715791010389141,3,4.0,4,0
0.999911543680355,0.0015145643854146305,1.0000944137573242,1.0084775686264038,0.9924915432929993,0.01598602533340454,0.0015146983700578182,11,0.04296875,0.007602870464324951,-1.7126126678684566,12.751922711208918,39,6,7.747879618388696,0.0008432886179755716,3,4.0,4,0
0.9999200745951384,0.0014122334222478761,1.0001361966133118,1.0020930767059326,0.9910992383956909,0.0109938383102417,0.0014123463045980758,10,0.0390625,0.00903695821762085,-3.846788357977379,17.178835069639742,22,15,11.870398939295054,0.0006819379095937692,4,2.5,3,0
0.9999995327064397,7.200515577182201e-05,1.0000073908570208,1.000178555635099,0.9997186913551268,0.0004598642799722441,7.200518941938334e-05,13,0.05078125,0.0002886995018940297,-0.7400252754254543,0.9074978748784948,32,7,5.829532556967658,5.2938388190640826e-05,12,2.3636363636363638,5,2
0.9998116297647357,0.0014348327301897839,1.000009000301361,1.001924753189087,0.991530179977417,0.010394573211669922,0.0014351030608909924,11,0.04296875,0.008478820323944092,-3.5440571779435817,15.706816380906503,25,11,11.499130079407921,0.0006932938800138585,3,4.0,4,0
1.0000076101347288,0.00015896310063751127,0.9999970795490789,1.000480773350331,0.9994906563466323,0.000990117003698665,0.00015896189091610464,6,0.0234375,0.0005064232024466486,0.23668022976365874,1.1877029828530832,26,16,7.243280677376016,6.88601730215485e-05,6,2.0,7,2
0.9999940805126547,7.248777477184546e-05,1.00000190726377,1.0001708171376913,0.9997167772743188,0.0004540398633724463,7.248820386485092e-05,14,0.0546875,0.00028512998945118273,-0.9373687038117552,1.8158748483425216,36,11,5.20708838359593,6.24093645726212e-05,8,2.5,4,2
0.9997330864425749,0.001406818676607897,1.0000327825546265,1.0019789934158325,0.9910117387771606,0.010967254638671875,0.0014071942758380493,12,0.046875,0.00902104377746582,-3.6606460989546843,16.34800079873679,32,6,12.358234443164443,0.0006885198985829073,3,4.0,4,0
1.0019134741742164,0.00326651609056228,1.0009797811508179,1.0078915357589722,0.9899764060974121,0.01791512966156006,0.003260277633509784,2,0.0078125,0.011003375053405762,-0.017606307184913787,-0.31031547971729934,7,190,16.1915525299663,0.0006322898116766238,3,1.6666666666666667,2,1
0.999815261689946,0.0006792341081742388,0.9997603297233582,1.0015333890914917,0.9977431893348694,0.0037901997566223145,0.000679359611920864,3,0.01171875,0.0020171403884887695,-0.016602804400045117,-0.38882620066569196,38,12,4.737008132371143,0.0004803821152331782,9,1.7777777777777777,4,2
1.0000000927291044,7.724392670168869e-05,1.0000054238655567,1.0002701889981915,0.9997177740598522,0.0005524149383393517,7.72439195389292e-05,15,0.05859375,0.00028764980570450405,-0.8157250635364751,2.150804646980193,43,7,5.201756820228796,5.892189182033024e-05,6,3.1666666666666665,4,2
0.9998532868921757,0.0013995275682535007,1.0000941157341003,1.0018810033798218,0.9916847348213196,0.010196268558502197,0.0013997329274214067,12,0.046875,0.008409380912780762,-3.636144750116533,15.81723283601653,22,9,10.975436239054527,0.0007307122735416188,4,3.0,4,0
1.0002198205329478,0.002106925506096304,1.0004433393478394,1.0047404766082764,0.9940038323402405,0.010736644268035889,0.002106462462395186,15,0.05859375,0.006439507007598877,-0.507859401272801,-0.029767907928531567,7,50,12.567783575766912,0.0005692201502182904,5,5.5,17,1
1.0007198087405413,0.0007252665896372742,1.000834345817566,1.0022495985031128,0.9987452626228333,0.003504335880279541,0.000724744911915015,19,0.07421875,0.002089083194732666,-0.7338620061092428,0.13756215679391826,23,7,5.361319975725941,0.0004407345079908184,6,5.5,15,2
0.9998936024494469,0.0013475000368232753,1.0000826716423035,1.0026628971099854,0.99248868227005,0.010174214839935303,0.0013476434227824782,12,0.046875,0.007593989372253418,-3.194496268677961,12.957549540003136,17,10,10.585881815682262,0.0007133109896790748,3,4.0,4,0
1.0000796511303633,0.0010956454726596626,1.0001908540725708,1.002640724182129,0.989932119846344,0.012708604335784912,0.0010955582102098406,4,0.015625,0.010258734226226807,-6.6649329941951585,53.317465177039374,36,9,17.076359584623408,0.0005275525298773073,1,4.0,4,1
0.9996947571635246,0.00044919507706826176,0.9997156262397766,1.0009030103683472,0.9983440041542053,0.0025590062141418457,0.00044933223251343395,10,0.0390625,0.001371622085571289,-0.24458785703325733,0.2386777437519516,50,6,3.1302915097365815,0.00048574629951925836,17,1.2352941176470589,3,2
1.0000069390516728,0.0015680127275099218,1.0002895593643188,1.0026341676712036,0.991266667842865,0.011367499828338623,0.001568001847064082,12,0.046875,0.009022891521453857,-3.38817639852176,14.193217435199035,22,7,11.189211569364394,0.0007380221404281317,3,4.0,4,0
1.0000071121027578,6.787408592991217e-05,1.0000149586214513,1.0001922499778906,0.9997604265965309,0.0004318233813597194,6.787360320587162e-05,13,0.05078125,0.0002545320249204286,-0.8799204380271344,1.361922180619075,34,7,5.386441590873379,5.360188209185236e-05,12,1.9166666666666667,4,2
0.9998029014095664,0.0010863680639424712,0.9999233782291412,1.001128077507019,0.9892963171005249,0.01183176040649414,0.0010865822277679545,4,0.015625,0.010627061128616333,-7.237829526687628,60.29033896805905,37,9,18.477448033048724,0.0004689211938895431,1,5.0,5,1
0.9998020953498781,0.000535020589456365,0.9997750818729401,1.0015474557876587,0.9984443783760071,0.0031030774116516113,0.0005351264934778277,4,0.015625,0.0013307034969329834,0.20192222116188072,0.20998957191770318,40,6,2.865627990651048,0.0005359659007951325,12,1.0833333333333333,2,2
0.9982044762000442,0.0007468470298200497,0.9980840086936951,1.0001920461654663,0.9964508414268494,0.0037412047386169434,0.0007481904235324011,1,0.00390625,0.0016331672668457031,0.49853667414265207,-0.20138269990289714,19,7,3.6089288184843933,0.0005172390563815247,5,1.0,1,2
0.9999923557043076,0.0007762589629211344,1.0000939965248108,1.002272367477417,0.9975156188011169,0.004756748676300049,0.000776264896919542,14,0.0546875,0.0025783777236938477,-0.4561270896352585,0.18441753333086242,29,8,6.30370352735294,0.0004604512569951076,8,3.625,11,2
0.9994872342795134,0.0018592081086319522,0.9992033541202545,1.0040342807769775,0.9884118437767029,0.015622437000274658,0.0018601619359072394,2,0.0078125,0.010791510343551636,-0.910672345246678,5.902671853697058,23,6,15.236347242083548,0.0006176069671032476,1,3.0,3,1
0.9995669673662633,0.0012743499761352095,0.9994185268878937,1.0177720785140991,0.9978206157684326,0.019951462745666504,0.0012749020503278192,0,0.0,0.0,11.371217381720106,159.8099593483052,50,7,0.0,0.0005658308664957683,0,0.0,0,2
1.0005520426202565,0.000451655591407037,1.000512182712555,1.0036563873291016,0.99949049949646,0.0041658878326416016,0.0004514063958374783,1,0.00390625,0.0010216832160949707,1.4121700884372743,7.654691516805061,69,7,2.335970188422393,0.0004563009037691004,7,1.1428571428571428,2,2
1.0019674797076732,0.008765001368580385,0.9977694749832153,1.0169074535369873,0.9911577701568604,0.025749683380126953,0.008747790268739659,0,0.0,0.0,0.45605921276161887,-1.4462002671709084,0,0,0.0,0.0005913217862447103,0,0.0,0,1
0.9999610558152199,0.0014521369071142645,1.0002140402793884,1.0024853944778442,0.9916901588439941,0.010795235633850098,0.0014521934616047697,10,0.0390625,0.008523881435394287,-3.53638590040829,16.5733845965539,23,6,10.478096854170133,0.0007338776307947495,3,3.6666666666666665,4,0
0.9999958646949381,0.0013530370912800693,1.0002551078796387,1.0015836954116821,0.9914582371711731,0.010125458240509033,0.0013530426865243398,9,0.03515625,0.008796870708465576,-4.184757914127304,19.551383103112613,23,8,12.818573551549628,0.0006317325666839001,3,3.6666666666666665,4,0
0.999825781211257,0.0014084500552772126,1.0000298023223877,1.0015093088150024,0.9909693002700806,0.010540008544921875,0.0014086954764968357,11,0.04296875,0.009060502052307129,-3.885571761386699,18.215960665428888,31,6,11.983813951830266,0.0006860920027190563,3,4.0,4,0
0.9991316481027752,0.0006033173705463943,0.9990745186805725,1.0042271614074707,0.9980307221412659,0.006196439266204834,0.000603841717647537,0,0.0,0.0,2.4615733410329184,18.37736924642336,35,7,0.0,0.00048053708730959424,4,1.25,2,2
0.9999202552717179,0.00104750709387764,1.0000367760658264,1.0009729862213135,0.990152895450592,0.010820090770721436,0.001047590633708076,4,0.015625,0.009883880615234375,-6.802882630931968,53.877921477727085,46,11,17.07040416605545,0.0004866758982340495,1,4.0,4,1
0.9999917641536159,7.620757365212112e-05,0.9999938009610585,1.0001423399471339,0.9996939709642906,0.0004483689828432835,7.620820129116017e-05,13,0.05078125,0.00029982999676791966,-0.8422536051228253,1.6058572760657714,46,9,5.263034980864034,5.820595718907534e-05,10,2.0,3,2
0.998979211319238,0.006617008296681495,0.9953165650367737,1.01194167137146,0.9922317862510681,0.019709885120391846,0.006623769765882481,0,0.0,0.0,0.8434104353581754,-0.9055870851217156,0,0,0.0,0.0005579043837154613,0,0.0,0,1
0.9999681147746742,0.0006560662018238664,0.9999818205833435,1.0019055604934692,0.9982703328132629,0.003635227680206299,0.0006560871213095627,4,0.015625,0.0017114877700805664,0.022383733030237756,-0.15377354708697322,32,7,3.9685544992239308,0.00047507823682298845,13,1.3846153846153846,3,2
1.0002506480086595,0.0006208093374898164,1.0002842545509338,1.0022742748260498,0.9985809922218323,0.0036932826042175293,0.0006206537718578333,8,0.03125,0.0017032623291015625,0.0673457516808764,0.14805573430688623,23,12,4.128833909253593,0.0004582386390835631,8,2.0,5,2
1.0000007167164537,0.00010188295407180729,0.9999998211836356,1.0012076963564303,0.9997598745374964,0.001447821818933881,0.00010188288105067008,2,0.0078125,0.0002399466461392441,6.270882361518267,74.7974630216734,63,7,2.3553529932127404,7.16922595068895e-05,6,1.6666666666666667,2,2
0.9999844031408429,0.00013838995207589118,0.9999842345714569,1.0003330707550049,0.9995824694633484,0.0007506012916564941,0.00013839211055814802,9,0.03515625,0.0004017651081085205,-0.248178958187544,0.07498743806408648,27,10,3.8342412159475283,0.0001181167714736041,11,1.7272727272727273,5,0
0.9995337186846882,0.008249720715256181,0.9994328916072845,1.0108554363250732,0.9880384802818298,0.022816956043243408,0.008253569200358942,0,0.0,0.0,0.027774438742514652,-1.6892785182638215,0,0,0.0,0.0004706695968029546,0,0.0,0,1
0.998492109356448,0.0012069530473541611,0.9985823631286621,1.0017975568771362,0.9956751465797424,0.006122410297393799,0.001208775748996225,4,0.015625,0.0029072165489196777,-0.10998618909137169,-0.7818078653572806,19,9,5.831945000284922,0.0005542383474462173,8,2.875,6,2
1.0000012994402967,8.658571284317499e-05,1.0000068522484777,1.0003822709165484,0.9996468801598994,0.0007353907566489681,8.658560033035681e-05,13,0.05078125,0.00035997208857829754,-0.25005200610327794,2.517021904044367,33,6,5.651552326426285,6.573264725638536e-05,7,2.4285714285714284,3,2
0.9997598759364337,0.0013822161839497197,0.9999347627162933,1.0033540725708008,0.9907298684120178,0.012624204158782959,0.001382548167033664,7,0.02734375,0.009204894304275513,-5.076898371380248,28.760770845881687,28,10,12.706197120635391,0.0005812689369800045,2,3.5,4,1
1.0004378305748105,0.0006210189270035013,1.0003953576087952,1.003096342086792,0.9989426136016846,0.004153728485107422,0.0006207471449242272,2,0.0078125,0.0014527440071105957,0.43507241998609475,0.6994383830724642,40,8,2.8815716647381957,0.0005797002829757391,13,1.0,1,2
0.9999531087204006,0.00012935816869381024,0.9999781250379981,1.0002746676003458,0.9994457127515032,0.0008289548488426002,0.000129364234748312,13,0.05078125,0.000532412286494921,-1.9816850677036129,4.96112438968799,28,67,8.916835251578375,6.270032240892816e-05,5,4.0,14,2
0.9990406204015017,0.0005845278076263926,0.9990016520023346,1.0005511045455933,0.9973950982093811,0.003156006336212158,0.0005850891302012107,5,0.01953125,0.0016065537929534912,0.05433816947373922,-0.07689177136487224,34,7,3.7786980575492297,0.000465088498358633,12,1.0833333333333333,2,2
0.9997133337892592,0.001271275973794084,0.999958336353302,1.0026110410690308,0.9918785095214844,0.010732531547546387,0.0012716405101605563,10,0.0390625,0.008079826831817627,-3.7500373644769023,16.425739701403174,29,6,11.99968555804394,0.0006453745505389045,3,4.333333333333333,5,0
1.0000085792095128,7.113661738830922e-05,1.0000156145826815,1.000178555635099,0.9997962812567909,0.00038227437830817834,7.113600709760043e-05,16,0.0625,0.00021933332589063603,-0.7790477744455255,0.6987304241594154,35,8,4.286217686333025,5.718254889864817e-05,9,2.4444444444444446,5,2
1.0001259371638298,0.0006295238014904137,1.0001686811447144,1.0015902519226074,0.9985470175743103,0.003043234348297119,0.0006294445310313874,8,0.03125,0.0016216635704040527,-0.16500393527006582,-0.4659380079648816,38,6,3.845560998222774,0.00047827842188816444,17,1.411764705882353,3,2
0.9989547289442271,0.0012240486043886593,0.9987986981868744,1.0017329454421997,0.9969693422317505,0.004763603210449219,0.0012253294057502774,0,0.0,0.0,0.156568928676184,-1.3025277075667343,3,13,0.0,0.00040352718502867455,0,0.0,0,2
1.0002695086877793,0.0010530707727681892,1.0002604126930237,1.0088105201721191,0.9981849789619446,0.01062554121017456,0.0010527870375151975,0,0.0,0.0,2.0090780552172873,15.129167852636765,26,8,0.0,0.0005072635762831744,9,1.1111111111111112,2,2
1.0000054768815705,7.14022217959091e-05,1.0000089710077564,1.0002089356875685,0.999743286495541,0.0004656491920275174,7.140183073653824e-05,12,0.046875,0.000265684512215425,-0.7205193601321264,1.3941722037250024,32,12,5.150576230706133,5.567633938688911e-05,8,2.375,5,2
0.9999494997318834,0.000495632472060256,0.9999498426914215,1.0014930963516235,0.9987165331840515,0.0027765631675720215,0.0004956575028970463,7,0.02734375,0.0012333095073699951,-0.014277115478442173,-0.0499094699079774,43,7,3.0404756705805633,0.0004479354503108006,13,1.25,2,2
0.9992929883301258,0.0008413069033432385,0.9991922676563263,1.0016363859176636,0.9974764585494995,0.0041599273681640625,0.0008419021379796822,1,0.00390625,0.0017158091068267822,0.3934889096019294,-0.4714705082117696,18,9,4.504617286452529,0.000434260976080801,6,1.3333333333333333,2,2
0.9994591437280178,0.0006624522354759545,0.9994282424449921,1.0025129318237305,0.9980449080467224,0.004468023777008057,0.0006628107208114424,3,0.01171875,0.0013833343982696533,0.8683705505050354,2.0569154196394166,36,6,2.696609246681503,0.0005601829173518163,6,1.1666666666666667,2,2
0.9997069083619863,0.0005837017385729147,0.9997175633907318,1.0010513067245483,0.99837327003479,0.0026780366897583008,0.000583872866827845,3,0.01171875,0.0013442933559417725,0.0693265901139789,-0.5706772091038963,28,6,2.786023085732883,0.000535438341252944,17,1.2352941176470589,3,2
0.9996375518385321,0.0015028280832159041,0.9998634159564972,1.0019021034240723,0.9909318685531616,0.010970234870910645,0.0015033729779877763,11,0.04296875,0.008931547403335571,-3.2625595765189233,14.16735482705312,26,7,11.414535809052195,0.0007337313072354186,3,4.0,4,0
0.9996086452156305,0.0014264755540764752,0.9998955130577087,1.0013961791992188,0.9913444519042969,0.010051727294921875,0.0014270340306718366,11,0.04296875,0.008551061153411865,-3.5853488986893076,15.211764687312314,21,8,11.293158939332285,0.0007728473812926049,3,4.0,4,0
1.0046718551311642,0.006702312082306985,1.006096363067627,1.014771580696106,0.9900164604187012,0.024755120277404785,0.006671145457172152,16,0.0625,0.01607990264892578,-0.4450849368143815,-1.0029276281097423,2,226,23.09089600650183,0.0006526823137320725,2,15.0,15,1
0.9999993418705824,7.74364648241542e-05,1.0000081662633225,1.0001955219279035,0.9996590895171835,0.0005364324107199892,7.743651578740325e-05,13,0.05078125,0.00034907674613893214,-1.0604338497396029,2.531031191400671,39,6,5.685335620496068,6.549620509866416e-05,12,1.9166666666666667,3,2
1.0004597227089107,0.0006685760940908506,1.0003939270973206,1.0023380517959595,0.9987758994102478,0.00356215238571167,0.0006682688757130271,3,0.01171875,0.001618027687072754,0.320055419083808,-0.4454770276656017,18,8,3.5184453999869256,0.0005089154430464203,9,1.1111111111111112,2,2
1.000831104349345,0.003002184964281757,0.9999437928199768,1.0068023204803467,0.9954444169998169,0.011357903480529785,0.0029996919072909126,0,0.0,0.0,0.4943429835665494,-1.019997079209739,0,0,0.0,0.000541987372379677,0,0.0,0,1
0.999930655118078,0.001056227484764107,1.000022053718567,1.0016870498657227,0.9903426766395569,0.011344373226165771,0.0010563007338137674,4,0.015625,0.00967937707901001,-7.167738573783996,58.56846392547677,48,13,16.53106112948057,0.00047248157800412646,1,4.0,4,1
0.999686879105866,0.0007823126087873664,0.999597042798996,1.0017930269241333,0.9981369972229004,0.00365602970123291,0.0007825576439365472,0,0.0,0.0,0.43762677177310244,-0.359496018185014,25,11,0.0,0.0005367103744955624,8,1.0,1,2
0.9999808394350111,0.0007678334479245392,0.9999802112579346,1.0022540092468262,0.9983632564544678,0.0038907527923583984,0.0007678481603291169,3,0.01171875,0.0016169548034667969,0.3170538461386801,-0.3156040512060545,38,14,3.783449970843548,0.0004718930113549326,9,1.4444444444444444,4,2
1.0000337010715157,0.00012046530307485591,1.0000394582748413,1.0003330707550049,0.9996178150177002,0.0007152557373046875,0.00012046124340187716,5,0.01953125,0.0004216432571411133,-0.08424006705269449,-0.04760239093831187,70,6,3.6710743386885407,0.0001301702331094181,16,1.0,1,0
0.9999083110596985,0.000967626255612237,1.000000387430191,1.0014772415161133,0.9909215569496155,0.010555684566497803,0.0009677149843736681,4,0.015625,0.009078830480575562,-6.7777653171751275,54.48690338896373,46,11,17.227254756895114,0.00047116770463831285,1,4.0,4,1
0.9997341311536729,0.0013668580645892659,1.0000151991844177,1.0013185739517212,0.9909693002700806,0.010349273681640625,0.0013672215662097476,12,0.046875,0.009045898914337158,-3.902123088031657,18.331290598608355,17,6,12.14019032893638,0.0006957893278084549,3,4.0,4,0
0.9998406087979674,0.0014222370271506106,1.000076413154602,1.0016789436340332,0.9900774359703064,0.011601507663726807,0.0014224637553584248,10,0.0390625,0.009998977184295654,-3.912029306258946,18.729707659089417,24,7,13.025359338020845,0.000720068052703259,3,3.6666666666666665,4,0
0.999998827006413,7.264057736543889e-05,1.0000088207336488,1.0001668662307326,0.9997912897127641,0.00037557651796849,7.264066257247025e-05,10,0.0390625,0.00021753102088473142,-0.27513141514909356,-0.3812811194092576,31,7,4.238797170993401,5.703064994378024e-05,13,1.9166666666666667,6,2
1.0008464339189231,0.00047552803554245414,1.0008345246315002,1.002329707145691,0.9993084669113159,0.003021240234375,0.0004751258728878839,3,0.01171875,0.0015260577201843262,0.10968476261703379,0.12471836958163296,48,6,3.7311030835159786,0.00045814280416451247,11,1.1818181818181819,2,2
0.9999732429994481,0.00012014451542943037,1.0000022649362712,1.0001363164482335,0.9994878258363851,0.0006484906118484624,0.00012014773022231424,18,0.0703125,0.0005144390998861326,-2.4246457393756184,6.022034729262568,29,41,10.311519380862068,5.2410393024947346e-05,6,4.0,14,2
0.9997176765464246,0.0014174615864725945,0.9999262988567352,1.0021259784698486,0.991254448890686,0.010871529579162598,0.001417861882135852,11,0.04296875,0.008671849966049194,-3.7639265908892745,17.742920899892884,26,15,11.398210889954575,0.000714863515367695,3,4.0,4,0
1.0000007728858058,6.840976522935655e-05,1.0000072122817856,1.0002377541346388,0.9997836807545196,0.00045407338011915765,6.840971235646089e-05,10,0.0390625,0.00022353152726595216,-0.5016555134943359,0.9395549193819237,39,7,4.321729228632751,5.461301662847537e-05,11,2.1818181818181817,4,2
0.9982221010141075,0.0009242760363516881,0.998033195734024,1.001244068145752,0.9961920380592346,0.005052030086517334,0.0009259222325499539,0,0.0,0.0,0.7707861203070251,0.39024012332599955,28,6,0.0,0.0005049478773977242,3,1.0,1,2
0.9988662390969694,0.0007599217847808957,0.9987298250198364,1.0031906366348267,0.9969714283943176,0.006219208240509033,0.0007607843323125099,2,0.0078125,0.0017583966255187988,0.8599351930842578,2.940599532795339,22,6,3.5511434736947276,0.00047765175501505536,3,1.6666666666666667,3,2
1.0000310486648232,0.0009328253457081235,1.0003319382667542,1.001631736755371,0.9973783493041992,0.004253387451171875,0.00093279638362586,21,0.08203125,0.0029535889625549316,-0.7912383357216936,-0.1557419167464773,15,11,7.1994019488936924,0.000462193348828484,13,1.9166666666666667,3,2
0.9997824989259243,0.0006417410513977183,0.9997564852237701,1.0020039081573486,0.9981944561004639,0.0038094520568847656,0.0006418806611309427,6,0.0234375,0.0015620291233062744,0.049710318634464616,0.2501500239882408,42,9,3.718800610018337,0.0004725365077748018,15,1.3571428571428572,3,2
0.9999525137245655,0.0003769895552552106,0.9998994767665863,1.0008490085601807,0.9990523457527161,0.0017966628074645996,0.000377007457935199,3,0.01171875,0.0008471310138702393,0.14643629249543566,-0.3099955810363504,43,9,2.4380680424359524,0.00038906592948763976,12,1.0833333333333333,2,1
0.9997997013852,0.001450878002528573,0.9998789727687836,1.0041532516479492,0.9919443130493164,0.012208938598632812,0.0014511686696029355,9,0.03515625,0.007934659719467163,-2.5257244937819388,10.884554799818146,30,7,10.36974601344043,0.0007371322781431909,4,2.75,4,0
0.9998578135855496,0.001480622112090297,1.0000665187835693,1.0060240030288696,0.9913419485092163,0.01468205451965332,0.0014808326663775303,11,0.04296875,0.008724570274353027,-3.0302657227100607,14.691121676477898,26,29,10.07436456403839,0.0008266512085409725,3,3.6666666666666665,4,0
0.9999918984620799,8.336506711307589e-05,1.0000034872688977,1.0001738973880219,0.9996959279418973,0.0004779694461245487,8.336574250380002e-05,14,0.0546875,0.0003075593270003285,-0.8357263332832116,1.1270623163009086,26,8,6.399143894146821,5.403261320995595e-05,9,2.888888888888889,7,2
0.9996138305868953,0.0014857282631838577,0.9998670816421509,1.0017192363739014,0.9912380576133728,0.010481178760528564,0.0014863022276428027,12,0.046875,0.008629024028778076,-3.5351612824302854,15.26910942973301,27,6,10.576084904052193,0.0008128252683901319,3,4.0,4,0
0.9969102602917701,0.002966497748286006,0.9966839253902435,1.003158450126648,0.9882431030273438,0.0149153470993042,0.002975691861590218,2,0.0078125,0.00844082236289978,0.3360337655778802,-0.4451984263686204,4,68,12.34269261903972,0.0005991080228020163,1,2.0,2,1
0.9999952198178897,7.123697748720151e-05,1.000004738749961,1.0001569448202159,0.9996943377073597,0.0004626071128561726,7.123731801455467e-05,15,0.05859375,0.00031040104260138257,-0.9970305029381785,1.7206635625597828,47,6,5.7979186117273755,5.949943947884341e-05,12,1.9166666666666667,4,2
1.0024299393408,0.007911616879773965,1.001192331314087,1.0151015520095825,0.9925734400749207,0.022528111934661865,0.007892438732403244,0,0.0,0.0,0.20976875649460516,-1.6028056885231012,0,0,0.0,0.0005207466144187778,0,0.0,0,1
0.9999102607835084,0.00012003301224540918,0.9999158680438995,1.000252604484558,0.9996224641799927,0.0006301403045654297,0.00012004378488060905,8,0.03125,0.00029340386390686035,-0.02673431222835238,-0.132834272268203,60,8,2.876716844292975,0.00011491962507659314,19,1.105263157894737,2,0
0.9996532557997853,0.0005767069177478975,0.9996587634086609,1.0012156963348389,0.99837327003479,0.002842426300048828,0.0005769069568892623,4,0.015625,0.0012854933738708496,0.16909568801453087,-0.310770777204902,38,8,2.7591219515990693,0.0005085082615123075,16,1.1875,3,2
1.000045310240239,0.00013612326381582418,1.0000404119491577,1.0009560585021973,0.9996882677078247,0.0012677907943725586,0.0001361170963174894,6,0.0234375,0.0003521442413330078,1.6035859811691546,10.272320799610199,52,8,2.789866165028796,0.00012661055022594975,10,1.2,3,0
1.0006215875037014,0.0004099452189213812,1.0006111860275269,1.0019183158874512,0.9997313022613525,0.002187013626098633,0.00040969056038865913,1,0.00390625,0.0008798837661743164,0.3649723828302245,0.21369447592906488,61,6,2.2434726729827723,0.0004418522703881357,17,1.0,1,2
1.0005363784730434,0.0005834786943565056,1.0006064772605896,1.0019057989120483,0.9987323880195618,0.0031734108924865723,0.0005831658967232901,10,0.0390625,0.001874089241027832,-0.45329917857182406,0.3273007579861935,46,8,3.9150311271120115,0.0005463847927018707,15,1.5,3,2
1.001709618140012,0.00202215541677742,1.0015082359313965,1.0065966844558716,0.997287929058075,0.00930875539779663,0.0020187042034518804,1,0.00390625,0.004220306873321533,0.17098793108496144,-0.9676251740351618,4,215,8.172566398217075,0.000572810219783409,4,2.5,5,1
1.0027511306107044,0.008401203091350559,1.0028908252716064,1.0155726671218872,0.9874903559684753,0.028082311153411865,0.008378153696255603,0,0.0,0.0,-0.14728266234566575,-1.203371875576568,2,243,0.0,0.0006185454480788287,4,1.3333333333333333,2,1
0.9994000315200537,0.0005751461040935488,0.9993550181388855,1.0012156963348389,0.9976103901863098,0.0036053061485290527,0.0005754913807824991,2,0.0078125,0.0017446279525756836,0.10904037593552968,-0.015452290331627427,36,7,4.409419128698509,0.0004385653664084042,11,1.1818181818181819,2,2
1.000850718235597,0.007942320515442886,0.9982081055641174,1.017900824546814,0.9911577701568604,0.026743054389953613,0.007935569581689892,0,0.0,0.0,0.7991808569430795,-0.6668440145438908,0,0,0.0,0.0005238521332834281,0,0.0,0,1
0.9997761938720942,0.001546811078166972,1.0000733733177185,1.003448724746704,0.9911879301071167,0.012260794639587402,0.0015471573414608255,12,0.046875,0.008885443210601807,-3.4839587008652555,13.666235005467069,13,7,11.428814068540564,0.000732875337787703,4,3.0,3,0
1.000672810478136,0.0018427442810385046,1.0010282397270203,1.0041619539260864,0.99455326795578,0.009608685970306396,0.0018415052969791542,15,0.05859375,0.006474971771240234,-0.9102294340949033,0.6369729533140758,11,6,11.193110859995988,0.00059586108899584,3,8.333333333333334,22,1
1.0000055287382668,0.00013464327797604623,1.0000229364029052,1.0003493437914779,0.9995875515279844,0.0007617922634934882,0.00013464253357271854,12,0.046875,0.0004353848749207856,-0.4483943531671859,0.2544998894688293,25,8,8.42286265227924,5.753119692437854e-05,8,3.0,8,2
0.9999734981155151,0.00013354903044061526,1.000000596059309,1.0002304394407415,0.9994457127515032,0.0007847266892383464,0.0001335525698353937,13,0.05078125,0.0005548833078058424,-2.1272921440827255,5.210781547976691,23,25,9.835392320848888,6.0168782885558875e-05,5,4.0,14,2
1.0000098501590435,7.900180475308071e-05,1.000021815357201,1.0001610521725592,0.9997072808218215,0.00045377135073776387,7.90010265804043e-05,13,0.05078125,0.00031453453537944043,-1.0101573768613479,1.576476127650837,30,6,5.655549769283527,6.248476483753656e-05,12,1.75,3,2
0.9998058339115232,0.00019264060892284062,0.9998319447040558,1.000233769416809,0.9993574619293213,0.000876307487487793,0.00019267802046040887,8,0.03125,0.00047448277473449707,-0.19964060736218983,-0.6079281189142867,15,6,4.73973392016366,0.00011504841785804898,19,1.5263157894736843,3,0
1.0001375412102789,0.009339176468385845,1.0060645937919617,1.008738398551941,0.9796104431152344,0.029127955436706543,0.009337892123401739,53,0.20703125,0.026454150676727295,-0.8617215302184588,-0.986987879057291,0,0,40.95871965279965,0.0005964760686836991,1,65.0,65,1
0.9999084561131895,0.0004214583440989036,0.9998866617679596,1.0012844800949097,0.9986146688461304,0.002669811248779297,0.0004214969295661148,6,0.0234375,0.0012719929218292236,-0.055986369875642525,0.18964171351735937,55,12,3.391728403767806,0.0004337616995269177,16,1.1333333333333333,2,2
1.0002223197370768,0.0006495023941805529,1.0002664923667908,1.0021793842315674,0.9986805319786072,0.003498852252960205,0.0006493580290742604,5,0.01953125,0.0015859603881835938,-0.051936272741901594,-0.4137987467510973,23,7,3.776536885720993,0.0004729020829294242,12,1.9166666666666667,5,2
0.9999973080605262,8.090775664298437e-05,1.0000050659222963,1.0002001351478442,0.9997679113271073,0.0004322238207369322,8.090797444235451e-05,13,0.05078125,0.00023715459518902637,-0.5068076636471958,0.1613044494016842,42,9,4.2818321623785485,6.233323292263569e-05,13,1.7692307692307692,4,2
0.9999521747231483,0.0005082456828047661,0.9999490976333618,1.0015474557876587,0.9985515475273132,0.002995908260345459,0.0005082699909577991,4,0.015625,0.001397550106048584,0.1428597054361522,0.2186756837439483,46,7,2.9708815538726685,0.0005403724371218214,19,1.0555555555555556,2,2
0.9999712787102908,0.00016429335012169054,0.9999745786190033,1.0009336471557617,0.9996224641799927,0.001311182975769043,0.00016429806897412823,4,0.015625,0.0003521144390106201,0.6192989278576593,3.3552909884572335,26,8,3.184922977669322,0.0001170034502066818,16,1.3125,4,0
0.9994055381976068,0.0016240961314397024,0.9996373355388641,1.0017832517623901,0.9906633496284485,0.01111990213394165,0.0016250621688255835,13,0.05078125,0.00897398591041565,-3.0659041528998476,11.241439677560644,19,40,10.691340908596397,0.0007959094702028761,4,3.5,4,0
0.9999578127171844,0.001400159692136808,1.0001952648162842,1.0022013187408447,0.9914509057998657,0.010750412940979004,0.00140021876356179,9,0.03515625,0.008744359016418457,-3.400761498494082,14.573078453243468,22,7,12.220567655742055,0.0006660169246149998,3,3.6666666666666665,4,0
1.00164720765315,0.002777976787828523,1.0015172958374023,1.0072851181030273,0.9916717410087585,0.015613377094268799,0.002773408408273105,2,0.0078125,0.009845554828643799,-0.05485659352506979,-0.0374143067958399,1,7,15.011624784316867,0.0005886419146668677,5,1.2,2,1
1.0000508050434291,0.00013503225409546964,1.0000523924827576,1.0005638599395752,0.9996581673622131,0.0009056925773620605,0.00013502539412445713,6,0.0234375,0.0003942251205444336,-0.05595798088460014,0.3291413200230626,35,7,3.544849913492611,0.00012452508888992608,16,1.375,4,0
0.999288227641955,0.0010751724770419995,0.9993230700492859,1.0023877620697021,0.9966780543327332,0.005709707736968994,0.0010759383001830317,8,0.03125,0.0026450157165527344,0.17192397142355728,0.08443806114128138,28,11,5.566489699665356,0.0005230574046864229,10,2.1,5,1
1.0005789301358163,0.004507013601123841,1.00153249502182,1.0075242519378662,0.9926043152809143,0.014919936656951904,0.004504405864824746,0,0.0,0.0,-0.2802975997657736,-1.3668586311876811,4,239,0.0,0.0005702766717648974,6,7.166666666666667,33,1
0.9999803958643472,0.00012202721063822565,1.000009595987874,1.0002661197171987,0.999512452797713,0.0007536669194857515,0.00012202960292311502,14,0.0546875,0.0004971431901611423,-1.941331857804035,4.581727051460158,24,41,9.042687757138106,5.96092653996625e-05,7,3.4285714285714284,14,2
0.9999975289510503,7.731185912569206e-05,1.0000047683400695,1.0001999914996162,0.9997219440122392,0.0004780474873770091,7.731205016755243e-05,15,0.05859375,0.00028282432783022227,-0.8629654506843548,1.544040431541295,25,8,5.805334021856183,5.345117435587353e-05,8,2.5,4,2
0.9974293780978769,0.004383644375151147,0.9968595504760742,1.006273627281189,0.9910559058189392,0.015217721462249756,0.004394942109596639,0,0.0,0.0,0.3239694196829564,-1.1512274977710604,2,222,0.0,0.0005163038478178136,0,0.0,0,1
1.000452745705843,0.0006457557267433312,1.0004932284355164,1.0021088123321533,0.9987667202949524,0.0033420920372009277,0.0006454634959172763,7,0.02734375,0.0017265081405639648,-0.21034220938376363,-0.2260756339761012,31,7,3.8304132325205655,0.0005116151828391879,15,1.5714285714285714,5,2
1.002171392319724,0.0051356323120710515,1.0013893246650696,1.011021375656128,0.991278350353241,0.019743025302886963,0.005124505001268909,0,0.0,0.0,-0.04810103201174351,-1.052259106216203,1,233,0.0,0.0005274784331228218,1,12.0,12,1
0.9994616510812193,0.0009574106171427169,0.9994542300701141,1.0017210245132446,0.9969861507415771,0.0047348737716674805,0.0009579263157390666,2,0.0078125,0.0024680793285369873,0.04848746741583701,-0.7771912055073638,25,6,5.186783825797499,0.0005219613804536708,10,1.6,4,1
1.000074181938544,0.0007179762453964232,1.0002135038375854,1.0016268491744995,0.9980139136314392,0.0036129355430603027,0.0007179229884774127,15,0.05859375,0.0021995902061462402,-0.6354160044751044,0.14152218894005042,29,8,4.925760882797251,0.0005114480560901118,15,2.0,5,2
0.9997106133960187,0.0006332998936156374,0.9996335506439209,1.0036308765411377,0.9981487393379211,0.005482137203216553,0.0006334832151719551,4,0.015625,0.0014848113059997559,1.0751526188255864,5.1229718538858044,34,7,3.5518359108829696,0.0004310462989059149,8,1.25,2,2
0.99992202129215,0.00014807767273139553,0.9999391138553619,1.000242829322815,0.9993605613708496,0.000882267951965332,0.00014808922053745956,10,0.0390625,0.0005785524845123291,-1.007817587305536,1.5752532899858007,31,6,6.056221424777289,0.00010619467380000096,11,2.090909090909091,10,0
0.9999829548519762,8.266514691385861e-05,0.9999841748018277,1.0001917563372429,0.9997470898528814,0.0004446664843614778,8.266655597754186e-05,10,0.0390625,0.00023708494894625343,-0.241615932424215,0.07934253654050893,29,7,5.310468238546412,5.04209451722022e-05,4,3.75,6,2
0.9999422999098897,0.0006014734672409234,0.9998860955238342,1.0019423961639404,0.9980697631835938,0.0038726329803466797,0.0006015081743167836,3,0.01171875,0.0018163323402404785,0.2386094004454623,0.6087844417644708,43,7,4.1131849963096485,0.0004959232666913201,7,1.4285714285714286,4,2
1.0004893487785012,0.0006687936334887378,1.000518023967743,1.0020147562026978,0.9987327456474304,0.003282010555267334,0.0006684665202136024,7,0.02734375,0.0017852783203125,-0.09421126459765247,-0.5855298174801726,25,10,4.241373578335648,0.0004839345520617915,14,1.2857142857142858,2,2
0.9999983036479433,7.959436603605989e-05,1.0000025632320715,1.0001716586144074,0.9996192678374497,0.0005523907769576786,7.959450105635546e-05,12,0.046875,0.0003832953946217854,-1.2044091354442716,3.183708434885564,29,7,7.257803300756688,5.763911503144446e-05,10,2.0,3,2
1.0001100529916584,0.0006767266068095678,1.000061571598053,1.0032755136489868,0.9983868598937988,0.004888653755187988,0.0006766521392173348,3,0.01171875,0.0016747117042541504,0.6152443206069639,1.402546220469242,34,6,3.3215350369935193,0.0005310820598228305,7,1.1428571428571428,2,2
0.9998670723289251,0.0013978158884275754,1.0000364780426025,1.0036226511001587,0.9921284317970276,0.011494219303131104,0.0013980017215405784,11,0.04296875,0.007908046245574951,-2.9101843377345085,13.000983132559305,32,10,10.436487955682074,0.0007177544575111539,3,4.0,4,0
1.0002245418727398,0.001791272298612269,1.0004844665527344,1.0033509731292725,0.9968669414520264,0.006484031677246094,0.0017908701732697293,1,0.00390625,0.003617525100708008,-0.16488218808471158,-1.384012994520204,0,0,8.668325930738591,0.00048646833382400814,10,2.5555555555555554,6,2
0.9999953569926657,7.679919096583017e-05,0.9999991057916728,1.0001729405042339,0.9997097772575483,0.00046316324668560505,7.67995475466927e-05,11,0.04296875,0.0002893285341245555,-0.6282648410651329,0.8601929853530419,40,8,5.358531140031377,6.007229010575283e-05,9,2.4444444444444446,4,2
0.9997853620443493,0.0014515577923370757,1.0000013411045074,1.0034351348876953,0.9916782975196838,0.011756837368011475,0.0014518694186209603,11,0.04296875,0.008323043584823608,-3.4244390513711367,15.391133218520885,21,7,10.182601902700949,0.000760647362353755,3,3.6666666666666665,4,0
0.9997465037740767,0.0015992663362479104,1.0000166296958923,1.001943588256836,0.9913768172264099,0.010566771030426025,0.0015996718470238467,12,0.046875,0.008639812469482422,-3.202066767708689,11.781968319201429,17,6,10.62992990939854,0.0007781830488466749,4,3.25,4,0
1.00008676154539,0.0009320723044967549,1.0001797676086426,1.0017809867858887,0.9966297149658203,0.005151271820068359,0.0009319914434788285,7,0.02734375,0.0035500526428222656,-0.5319705270582445,0.10321585998055349,23,15,7.647514332437474,0.0004994011392780379,10,2.0,9,2
0.9993228807579726,0.0008174022471970833,0.9992591738700867,1.0088105201721191,0.9978570938110352,0.010953426361083984,0.0008179561010122124,0,0.0,0.0,6.135662957049896,68.57875378260765,28,8,0.0,0.0005048616259705787,2,2.0,2,2
1.0000337422825396,0.0010667242747499155,1.0000991821289062,1.0051426887512207,0.9905900359153748,0.014552652835845947,0.001066688282252514,4,0.015625,0.009509146213531494,-5.816070269004183,50.95014801886091,46,16,15.562300092533864,0.0004996699445387896,1,4.0,4,1
1.000296465586871,0.000758026923077199,1.000157117843628,1.0026745796203613,0.9988321661949158,0.0038424134254455566,0.0007578022607852232,0,0.0,0.0,1.1434295692020733,1.0770088856355882,25,15,0.0,0.00044945314818737556,2,1.0,1,2
1.00002925526597,8.986476482048732e-05,1.0000268123364224,1.0005686420008228,0.9996468801598994,0.0009217618409234074,8.986213587980153e-05,7,0.02734375,0.00037993217652299016,0.2574969551286525,5.45530420716632,35,6,6.433926447205407,5.875058887914567e-05,6,2.0,3,2
0.9999978884326585,6.931060992066288e-05,1.0000051857674297,1.0001714154181136,0.9997427004131025,0.00042871500501107107,6.931075627499226e-05,16,0.0625,0.0002624853543271577,-1.0131857942543923,1.8434127877757502,46,13,4.827834653398527,5.9190772820298635e-05,6,3.0,4,2
1.0011863424442708,0.005050286229395687,1.0008636713027954,1.0249053239822388,0.9929694533348083,0.03193587064743042,0.005044301959878964,0,0.0,0.0,0.2574444165511458,0.15598995656873793,2,6,0.0,0.0008106184940712125,2,1.0,1,1
0.9997568433173001,0.001343978343206648,1.0000115036964417,1.002379059791565,0.9920732378959656,0.010305821895599365,0.0013443052200044804,11,0.04296875,0.007938265800476074,-3.0391854808938334,13.208103616430876,31,9,10.391002950453014,0.0007687049753525677,3,4.0,4,0
1.0005074569489807,0.0005834831238962945,1.0005252361297607,1.0028780698776245,0.9988679885864258,0.0040100812911987305,0.0005831871815084815,7,0.02734375,0.001657247543334961,0.1468207636509616,1.2871469781889342,48,7,3.2512573681912222,0.0005547112109614353,14,1.1538461538461537,2,2
0.9999880811665207,0.00010722034283002758,0.9999788105487823,1.0003013610839844,0.9996959567070007,0.0006054043769836426,0.00010722162078667111,3,0.01171875,0.0002828538417816162,0.1933217126329604,-0.09453775148263377,53,8,2.952535786830928,0.00010689123004090552,12,1.0909090909090908,2,0
1.0001300319563597,0.0010223582948454056,1.000063955783844,1.0023164749145508,0.9977117776870728,0.004604697227478027,0.0010222253728803293,2,0.0078125,0.0023521780967712402,-0.05098008562508007,-0.8312419758752689,19,16,5.766319110353348,0.0004606345120598288,11,1.8181818181818181,5,2
0.9984456754755229,0.004747110547459427,0.9976883828639984,1.006158709526062,0.9902707934379578,0.015887916088104248,0.004754500584319275,0,0.0,0.0,-0.012987189995035092,-1.3344146165006208,0,0,0.0,0.0005704113081389783,2,1.5,2,1
0.9997148911934346,0.0014522614902533514,0.9999440908432007,1.002634882926941,0.9914080500602722,0.011226832866668701,0.0014526756608773507,9,0.03515625,0.008536040782928467,-3.241631635399441,14.241057461107253,27,10,11.861004999732456,0.0006554222574421004,3,3.3333333333333335,4,0
0.9995512755122036,0.0008162340640837557,0.9994901716709137,1.0097566843032837,0.9978916645050049,0.011865019798278809,0.0008166004927215864,0,0.0,0.0,7.632845286379868,92.8967966837866,39,10,0.0,0.0005029026199789608,1,1.0,1,2
0.9990896575618535,0.0007758833505862149,0.9990781843662262,1.0017975568771362,0.9973965287208557,0.004401028156280518,0.0007765903137058348,2,0.0078125,0.0016816556453704834,0.21869139471292773,-0.29333325318516934,29,13,3.2764292400008954,0.0005621704400754443,13,1.1538461538461537,2,2
0.9997283869888633,0.001860439132735206,0.9997932612895966,1.0040342807769775,0.9963322877883911,0.007701992988586426,0.0018609445894987183,0,0.0,0.0,-0.0032016170783461216,-1.2201424857580971,4,135,0.0,0.0005281932213727165,9,2.2222222222222223,5,1
1.0000213908497244,0.0015872488126531343,1.000230312347412,1.0027977228164673,0.9910333156585693,0.01176440715789795,0.0015872148607785671,11,0.04296875,0.009196996688842773,-3.531700914784333,15.722498454805933,21,9,11.659859972674838,0.000726632510914522,3,4.0,4,0
0.9997264796402305,0.0014274219427328936,0.9999595880508423,1.002252459526062,0.9907148480415344,0.011537611484527588,0.0014278124785157005,10,0.0390625,0.009244740009307861,-3.8324898100947276,17.27921288262966,20,10,12.468482591452888,0.0007077186715369131,3,4.0,4,0
0.9982200067024678,0.0007219309718542658,0.998089075088501,1.0003656148910522,0.9964805245399475,0.0038850903511047363,0.0007232182955730385,1,0.00390625,0.0016085505485534668,0.4052901532386341,-0.4323486431287922,25,8,4.4297112723827325,0.0004020440812204398,4,1.5,3,2
0.9998830752447248,0.0010176315616043782,0.9999874830245972,1.001744270324707,0.990121603012085,0.01162266731262207,0.0010177505618397527,5,0.01953125,0.009865880012512207,-7.286697503168087,60.44561589836986,31,15,18.893189209595867,0.0004473071472317565,1,5.0,5,1
0.9995756223797798,0.0013312758292087217,0.9997578859329224,1.001192331314087,0.9922204613685608,0.008971869945526123,0.001331841032736706,9,0.03515625,0.007537424564361572,-3.646173448266996,15.574853812471922,24,12,11.003657529929205,0.0006483788583792892,3,3.6666666666666665,4,0
1.0006363533902913,0.0007672622643625693,1.0005723237991333,1.0026047229766846,0.999251663684845,0.0033530592918395996,0.0007667743249213172,0,0.0,0.0,0.16326589607549152,-1.0259528509670175,24,6,0.0,0.0004162117546679927,7,1.1428571428571428,2,2
1.0002939936239272,0.00045159063564765726,1.0002920627593994,1.0016814470291138,0.9990189671516418,0.002662479877471924,0.00045145790990067493,5,0.01953125,0.0012730956077575684,-0.027875386077694145,-0.30327340747520104,33,7,3.2551447024300417,0.000435325678657083,16,1.1875,3,2
0.9999637682922184,0.0010226891012213761,1.0000420808792114,1.0014039278030396,0.9906827807426453,0.010721147060394287,0.001022726156336613,4,0.015625,0.009359300136566162,-6.544260441592451,51.69783346094089,49,7,16.37471167399775,0.0005156895693610696,1,4.0,4,1
0.9998647419270128,0.0009620896279672738,0.9996612966060638,1.0027726888656616,0.9979227781295776,0.004849910736083984,0.0009622197759599604,0,0.0,0.0,0.7829649538765006,0.15352901638303518,22,8,0.0,0.0005031464146632775,2,1.0,1,2
1.0032765201758593,0.005504660113492424,1.0018960237503052,1.01358962059021,0.9936529994010925,0.01993662118911743,0.005486682886316865,0,0.0,0.0,0.24198063328257235,-1.3456976052926748,3,198,0.0,0.0005661410443923053,0,0.0,0,1
0.9984370146412402,0.0072452960670687395,0.998930811882019,1.0123854875564575,0.9869236946105957,0.025461792945861816,0.007256638086151212,0,0.0,0.0,0.023473746678734374,-1.2021549700934937,2,210,0.0,0.0005782501370299097,6,3.1666666666666665,7,1
0.9997125102672726,0.0014271810698147352,0.999974399805069,1.001600980758667,0.9916344881057739,0.009966492652893066,0.0014275914877099809,9,0.03515625,0.008339911699295044,-3.129683023639131,12.759992628885673,30,9,12.162519091538135,0.0006258747156928568,3,3.3333333333333335,4,0
0.9999876348301768,0.0004878090206624762,0.999976247549057,1.0018694400787354,0.998563289642334,0.003306150436401367,0.0004878150525784436,3,0.01171875,0.0014129579067230225,0.2698444740404891,0.6802102670172645,31,8,3.5495244851054517,0.00045668751585717295,16,1.0,1,2
1.000077550765127,0.00019409339158929232,1.0000715851783752,1.001698613166809,0.9995701909065247,0.002128422260284424,0.00019407834066547915,2,0.0078125,0.0005013942718505859,2.2231121250064523,17.567058164724756,27,7,3.5349178296812713,0.0001439057144464231,8,1.0,1,0
0.9999448023736477,0.0007748755242252714,0.9999752938747406,1.002599835395813,0.998155415058136,0.004444420337677002,0.0007749182978759312,3,0.01171875,0.0018198788166046143,0.1263560412166957,-0.4247742080130559,28,8,3.3260434166469657,0.0006124321152182186,13,1.1538461538461537,2,2
0.9999582720920444,0.001395197256901162,1.0001981854438782,1.0024853944778442,0.9916901588439941,0.010795235633850098,0.0013952554779933222,10,0.0390625,0.008508026599884033,-3.5154017650022475,16.32466613305449,28,6,10.665848758694327,0.0007261280919991287,3,3.6666666666666665,4,0
1.0000088952098898,0.00010071367338591111,1.0000118597815426,1.0002291967862391,0.9996019098308845,0.0006272869553546334,0.00010071277752461645,10,0.0390625,0.00040994995065812834,-0.6569108977164718,0.9845171650529236,22,8,7.8008860927181995,5.988036476823257e-05,8,1.7142857142857142,3,2
1.000610162038356,0.0008726556400097098,1.0007606148719788,1.0043981075286865,0.9982479214668274,0.006150186061859131,0.0008721235033552043,10,0.0390625,0.002512693405151367,-0.14667235932570247,0.781560614040393,17,8,6.034072115973418,0.0004232287406921387,12,2.1818181818181817,5,2
0.9997523734346032,0.0013746157168239045,0.999900758266449,1.0026365518569946,0.9923300743103027,0.010306477546691895,0.0013749561925034252,12,0.046875,0.00757068395614624,-2.997033487721755,12.42460855546597,36,8,9.665903315112203,0.0007742390913121841,3,4.0,4,0
0.9995128803420812,0.0011526666777902568,0.9994950294494629,1.0028473138809204,0.9965428113937378,0.006304502487182617,0.0011532284380324934,2,0.0078125,0.0029522180557250977,0.13937353187670098,-0.4079452474498648,16,14,5.8368534236936,0.0005049876138275745,9,1.7777777777777777,6,2
1.0000084790643378,7.744536238248172e-05,1.0000187195036176,1.0002402597340219,0.9997719736476651,0.0004682860863567395,7.744470572383927e-05,11,0.04296875,0.00024674585595252374,-0.43665207667959544,0.48293644689040516,38,8,4.583051986424979,5.902390481368268e-05,14,1.7142857142857142,3,2
0.9997482439503074,0.0005765122872099725,0.9997219443321228,1.0014482736587524,0.9984957575798035,0.0029525160789489746,0.0005766574642151891,2,0.0078125,0.001226186752319336,0.2932493252226027,0.08707001526236668,49,6,2.4912669249225146,0.0005688634573244581,17,1.0588235294117647,2,2
1.0055186953395605,0.005618159982351755,1.0068873167037964,1.0140328407287598,0.9928483963012695,0.021184444427490234,0.005587325236607878,16,0.0625,0.014038920402526855,-0.49026026040743786,-0.8542309297142094,1,225,20.403076406266194,0.0006895799262850893,2,18.0,18,1
0.9998946888372302,0.0005698486186585771,0.999812126159668,1.0017372369766235,0.9987378716468811,0.0029993653297424316,0.0005699086363997489,0,0.0,0.0,0.5674257709339303,0.10279009932054839,21,7,0.0,0.00043451879538741766,7,1.0,1,2
0.9999467544257641,0.001536593673868972,1.0001581907272339,1.0023146867752075,0.991689920425415,0.01062476634979248,0.0015366754950381196,14,0.0546875,0.008468270301818848,-3.146811625048947,12.26618763623094,16,8,11.314476148234908,0.0007058192701900706,4,4.0,4,0
0.9996646966319531,0.0013583884756803632,0.9997929632663727,1.0016758441925049,0.9917057156562805,0.009970128536224365,0.0013588441006839732,9,0.03515625,0.008087247610092163,-3.215881939903118,14.256821694910396,30,9,10.143790906535578,0.0007831066262488272,3,3.3333333333333335,4,0
0.9996699346229434,0.0014574427873598062,0.9998467564582825,1.0021203756332397,0.9917362928390503,0.010384082794189453,0.001457923997593792,11,0.04296875,0.008110463619232178,-3.214021309719286,13.811606010906225,23,9,10.128333554921225,0.000755914286071179,3,4.0,4,0
0.9999169651418924,0.00044017957605613326,0.9999389350414276,1.0011121034622192,0.998563289642334,0.002548813819885254,0.00044021612933996967,5,0.01953125,0.001375645399093628,-0.08286471005967672,-0.022055904312119345,49,7,3.403517431911746,0.0004567244473625632,22,1.0,1,2
1.0000067365300296,8.708266595492044e-05,1.0000163010252754,1.0006915113233297,0.9996976636790813,0.000993847644248369,8.708207932387804e-05,12,0.046875,0.0003186373461940839,1.0707732491536288,14.958423445956,39,8,4.6685817422805655,6.153180315727562e-05,9,2.111111111111111,4,2
0.9996184955816716,0.0014286731458125574,0.9998586773872375,1.0017083883285522,0.9901532530784607,0.011555135250091553,0.0014292183989465118,11,0.04296875,0.009705424308776855,-3.8541238421250035,18.2195492752777,33,7,12.2989098140118,0.0007662646910723518,3,4.0,4,0
1.0016602545510978,0.000586834608522715,1.0016832947731018,1.0032297372817993,0.9998485445976257,0.003381192684173584,0.0005858619285894595,7,0.02734375,0.0018347501754760742,-0.19687273180726392,-0.08289619827337402,38,7,4.121005086658428,0.0005029164108575559,11,1.6363636363636365,4,2
1.0002327479887754,0.0034286790619288336,1.0003359913825989,1.0073912143707275,0.994716465473175,0.01267474889755249,0.0034278812294669145,0,0.0,0.0,0.3252639096202369,-1.0109757804419455,9,198,0.0,0.0005306795531628179,3,1.0,1,1
1.000605935929343,0.004579298223172529,1.0011017322540283,1.0078915357589722,0.9922211170196533,0.015670418739318848,0.004576525142157354,0,0.0,0.0,-0.13906569271509217,-1.252711578027229,5,202,0.0,0.0006030919505100624,7,4.571428571428571,18,1
0.9999793273938637,8.903805057074977e-05,0.9999855744719125,1.0004178466136615,0.9996847645725575,0.0007330820411040051,8.903989125735215e-05,11,0.04296875,0.00030080989935499236,-0.25783277319039877,2.499323614066653,24,7,5.2262648165665135,5.988387094000379e-05,10,2.3,5,2
0.9999984762005587,6.838541051735557e-05,1.0000046490749792,1.0003039793036586,0.9997464097539723,0.000557569549686221,6.83855147231647e-05,12,0.046875,0.0002582393210068812,-0.2415563026166285,2.4912162566096336,51,6,4.187230808668825,6.350371818517347e-05,9,1.6666666666666667,3,2
0.9998368935193866,0.00047337113989554506,0.9998828172683716,1.0011637210845947,0.9981958270072937,0.0029678940773010254,0.00047344836239168693,9,0.03515625,0.0016869902610778809,-0.20283534665923308,0.22994293372858587,19,6,4.171393005928322,0.00046011817221548046,16,1.1875,3,2
1.0019304112065583,0.003588584194372517,1.0027916431427002,1.0075982809066772,0.9955669045448303,0.012031376361846924,0.003581670098276609,1,0.00390625,0.007224738597869873,-0.32567438011434147,-1.2105386130744757,8,213,15.791931632922914,0.0005226453145345052,6,8.666666666666666,37,1
1.0001158451195806,0.0010556827583046548,1.0004165768623352,1.0019540786743164,0.9970873594284058,0.0048667192459106445,0.0010555604767749983,17,0.06640625,0.0033292174339294434,-0.5376374399772883,-0.6436419536368541,14,7,7.644578204468986,0.00048728409935446345,11,3.5454545454545454,25,2
0.9999797283748701,0.00011401490078639058,1.0000074508116767,1.0001452049810315,0.9994621246244575,0.0006830803565740506,0.00011401721210057264,15,0.05859375,0.0005453261872192527,-2.4921797421385077,7.200410816689844,37,21,10.397635391796152,5.535680396212049e-05,5,3.6,14,2
0.9992336998693645,0.0029221685502440592,0.999815434217453,1.004184603691101,0.993564248085022,0.010620355606079102,0.0029244095256455932,6,0.0234375,0.00625118613243103,-0.34291523159607834,-1.1344016839023876,0,0,11.382332898688368,0.0005832127496307972,6,6.833333333333333,33,1
0.9969889265485108,0.005842098010217676,0.9946316480636597,1.00838303565979,0.9837485551834106,0.024634480476379395,0.005859742124160308,0,0.0,0.0,0.573672605434231,-1.0967006692069952,0,0,0.0,0.0006623102169410855,1,1.0,1,1
1.0000143102370203,0.0001795296399590214,1.0000180006027222,1.0021673440933228,0.999656081199646,0.002511262893676758,0.00017952707088408548,1,0.00390625,0.0003619194030761719,6.646322173543352,78.44325594431409,77,7,2.0404224221440925,0.00014045986474729052,2,1.0,1,0
0.999641585862264,0.0016367067332776536,0.9998424351215363,1.0066794157028198,0.9903045892715454,0.016374826431274414,0.0016372935624380555,9,0.03515625,0.009537845849990845,-2.9140619307847384,14.43094957773885,20,8,11.059173986782325,0.0007454839407228956,3,4.0,4,0
1.0001749003334446,0.00011320546108656883,1.0001731620151275,1.0004663578091038,0.9999201440363209,0.0005462137727828553,0.00011318566487604086,4,0.015625,0.00025301797880661336,0.15451970308998184,-0.11647801818693493,27,29,4.234814236120537,6.6347653586585e-05,16,1.5,6,2
0.9991889027878642,0.003035187140020366,0.9979521632194519,1.0071735382080078,0.9955669045448303,0.01160663366317749,0.0030376509702537803,0,0.0,0.0,1.2076820764250382,0.40139223772823573,7,213,0.0,0.0005503140243829465,0,0.0,0,1
0.999998898728072,6.825526041632388e-05,1.0000082558255947,1.0001743136548875,0.9997822254083274,0.0003920882465601183,6.82553355840089e-05,14,0.0546875,0.00022603041726731998,-0.6859394114977608,0.9897228872777135,39,6,4.289739317566449,5.9299606680332574e-05,8,2.625,4,2
0.9991279505193233,0.0008573706538500331,0.9992494881153107,1.0010257959365845,0.9971082806587219,0.003917515277862549,0.0008581189760574628,10,0.0390625,0.002141207456588745,-0.26726042839069114,-0.5738039485773836,30,7,4.531315669479907,0.0005319845442678414,14,2.2142857142857144,9,2
1.0000028536735122,7.438154484746834e-05,1.0000071532305523,1.000193611488505,0.9996724664078374,0.0005211450806676954,7.438133258742973e-05,12,0.046875,0.0003346868227149802,-1.0277288399427522,2.3536956017875506,39,7,6.177775541967875,6.0007362673509134e-05,10,1.9,4,2
0.9999851691065639,8.502554705708538e-05,0.9999975558338621,1.000176478964625,0.9996762623004806,0.0005002166641444594,8.502680808061523e-05,12,0.046875,0.0003212935333815059,-0.7937266774837142,1.1805459890774381,24,11,6.050325557308209,5.767783043127254e-05,12,2.1818181818181817,5,2
0.9997903362382203,0.0013456369951439266,1.0000313520431519,1.0018845796585083,0.991096019744873,0.010788559913635254,0.0013459191856234358,11,0.04296875,0.008935332298278809,-3.957377780794934,18.010328545884583,21,8,13.116744284845334,0.0006493315977208755,3,4.0,5,0
1.0003948647063226,0.0009989654186697695,1.000485360622406,1.002764105796814,0.9980717897415161,0.0046923160552978516,0.000998571118178448,5,0.01953125,0.0024135708808898926,-0.10985483038590581,-0.750232102630759,26,11,4.56207918551262,0.0005846273665334664,15,1.7857142857142858,5,2
1.0000218723434955,0.00014291796864664589,1.0000423192977905,1.0003851652145386,0.999549925327301,0.0008352398872375488,0.00014291484276411433,12,0.046875,0.000492393970489502,-0.40248099386864594,-0.15641328014063394,30,9,4.864115086583946,0.00011527912289488549,16,1.4375,3,0
0.999897000612691,0.0014584351171231535,1.0001025795936584,1.0034539699554443,0.9909980893135071,0.012455880641937256,0.001458585350520595,11,0.04296875,0.009104490280151367,-3.340248345808849,15.085931087737624,23,11,11.825825424744885,0.0007201035817464193,3,4.0,4,0
1.0000277673825622,0.0013961638348013465,1.000199019908905,1.0026206970214844,0.9924046993255615,0.010215997695922852,0.001396125068062477,12,0.046875,0.007794320583343506,-3.2846242046818652,13.81293151206907,25,6,11.094999352265946,0.0006719369514315736,3,4.0,4,0
0.9988675524946302,0.004445143134922507,0.9997056722640991,1.0055357217788696,0.9908789992332458,0.01465672254562378,0.004450182733257224,0,0.0,0.0,-0.3308073411493291,-1.3044276049392596,0,0,0.0,0.0005566683470034132,5,8.8,36,1
0.9997262223623693,0.0015069735318545866,0.9999241232872009,1.0018008947372437,0.9916015863418579,0.010199308395385742,0.0015073862204930302,10,0.0390625,0.008322536945343018,-3.2707564744216593,13.569811546207443,27,10,10.919274915373403,0.000738825050054812,3,4.0,4,0
1.0000702580437064,0.0002099509882057505,1.0000476837158203,1.000644326210022,0.9994832873344421,0.001161038875579834,0.00020993623849633065,1,0.00390625,0.0005643963813781738,0.29150321920296385,-0.3729674260640179,23,8,5.0150785966833125,0.0001242684383018344,7,1.1428571428571428,2,0
1.0000032185427203,7.849908324206107e-05,1.0000063179640712,1.0004135257942006,0.9997459796164363,0.0006675461777643221,7.849883059022131e-05,12,0.046875,0.00026033834763494745,-0.2627376334945722,3.483907652275194,50,7,4.036956762729466,6.270967985144922e-05,9,1.8888888888888888,3,2
1.0000000358955152,7.304482657494944e-05,1.0000094471353118,1.0001523472382177,0.9997604696763565,0.00039187756186120914,7.304482395296785e-05,16,0.0625,0.0002489774589553573,-0.8001104921051476,0.5531783813642095,36,6,4.596070193497668,5.933244790533217e-05,13,2.0,4,2
0.9984714274760336,0.008324760474172247,0.9977072179317474,1.017389178276062,0.9865174293518066,0.03087174892425537,0.008337504955165146,0,0.0,0.0,0.06749026743281655,-1.533737834896925,1,228,0.0,0.0007768490735222312,0,0.0,0,1
1.0000520697794855,0.0002247687269677692,1.0000237226486206,1.000680923461914,0.9995996356010437,0.0010812878608703613,0.00022475702391909594,0,0.0,0.0,0.43355528415719496,-0.5557411582042802,13,6,0.0,0.00012120172089221431,3,1.0,1,0
0.999989301908099,8.406455355905774e-05,0.99999940393466,1.0002402597340219,0.9997174198012858,0.0005228399327360522,8.406545289899855e-05,11,0.04296875,0.00028198413337421346,-0.35188253890441795,0.347636894173867,40,8,5.18894176765155,6.163919806121322e-05,12,1.6666666666666667,4,2
0.9997688983567059,0.0014635005427515162,1.0000447630882263,1.002172827720642,0.9916359186172485,0.010536909103393555,0.0014638388383125679,9,0.03515625,0.008408844470977783,-3.032292461516085,12.367082828255171,26,7,11.50941037274616,0.0006971017987120386,4,3.0,4,0
0.9998710008803755,0.0010322410155215592,0.9999475479125977,1.0012030601501465,0.9906429052352905,0.010560154914855957,0.0010323741908833063,4,0.015625,0.009304642677307129,-6.7896485462560126,53.910690324426504,45,9,16.861293626209886,0.0004741332110236673,1,5.0,5,1
1.000002339846939,7.217394128084876e-05,1.0000081957822993,1.0002701889981915,0.9997566397066929,0.0005135492914986051,7.217377240526831e-05,15,0.05859375,0.00025155607560634063,-0.5884695855508418,1.666046346766631,43,7,4.375662694302318,6.190128704747374e-05,8,2.0,3,2
0.9994705906137824,0.001363186285797249,0.9997126162052155,1.001572608947754,0.9912336468696594,0.010338962078094482,0.0013639083516805693,12,0.046875,0.00847896933555603,-3.756606856633712,17.401518047080426,27,7,11.285984189597407,0.0007085638887741986,3,4.0,4,0
0.9999384635593742,0.0026774245838359478,0.999888002872467,1.004842758178711,0.9951245784759521,0.009718179702758789,0.0026775893531541983,0,0.0,0.0,0.10684058156195382,-1.0585378513659671,7,182,0.0,0.00046103725246354646,8,1.5,3,1
1.00138508528471,0.003427006399330991,1.0015804171562195,1.0070172548294067,0.994787871837616,0.012229382991790771,0.0034222662686818803,0,0.0,0.0,-0.17000052194361873,-1.1511732467385754,2,222,0.0,0.0005603467716890223,8,3.4285714285714284,11,1
1.000778382178396,0.0010136273984694705,1.0006320476531982,1.0038354396820068,0.9986034035682678,0.005232036113739014,0.0010128390226246755,1,0.00390625,0.00202864408493042,0.3795111584328507,-0.6842660554062645,22,6,4.896178010907382,0.00046770315544278015,2,1.0,1,2
0.9991468642838299,0.0021408810236146453,0.9989694356918335,1.0320324897766113,0.9974806308746338,0.03455185890197754,0.002142709045230492,0,0.0,0.0,14.146347606502118,214.49370095809107,31,7,0.0,0.0006407709682688993,0,0.0,0,2
1.0000068405422642,0.00010942150564437107,0.9999987781442945,1.0004365673692492,0.9997211959594015,0.000715371409847787,0.00010942075714705723,6,0.0234375,0.00027758218489304376,0.23455101989753124,0.4327929513278801,14,6,5.151812473300065,5.5340894591107744e-05,5,1.8,3,2
0.9999730719793731,0.0001244835727521562,0.9999767519670414,1.000265446937789,0.9995692268963543,0.0006962200414346587,0.00012448692493863871,9,0.03515625,0.000407525070687087,-0.26713549137152426,0.03905659152017282,27,17,7.04420837425266,6.266423074246965e-05,7,3.0,12,2
0.9997382394503802,0.001304572405617586,0.9999216794967651,1.003355622291565,0.991971492767334,0.011384129524230957,0.001304913980618359,8,0.03125,0.007950186729431152,-3.2358202293800606,14.58720379574876,18,8,10.841829374771127,0.0006942968742520201,3,3.3333333333333335,4,0
1.0015782522968948,0.011944963732755637,0.9970970749855042,1.0201711654663086,0.9867725372314453,0.03339862823486328,0.011926141272898592,0,0.0,0.0,0.29525048274239857,-1.59473213641236,0,0,0.0,0.0005237995409498028,0,0.0,0,1
0.9986561238765717,0.002447539843539736,0.9979009330272675,1.0042965412139893,0.9951997995376587,0.009096741676330566,0.002450833460109276,0,0.0,0.0,0.5320515341887931,-0.9638958368091108,0,0,0.0,0.0005117000318041034,0,0.0,0,1
0.9997695458587259,0.0016045345273168748,1.0000491738319397,1.0018404722213745,0.9913308024406433,0.010509669780731201,0.0016049043841785576,13,0.05078125,0.008718371391296387,-3.2660544523165087,12.259460728579379,25,10,10.46918223592367,0.0007944971907372568,4,3.5,4,0
1.0000377229880542,0.00012738312531747974,1.0000367164611816,1.0003862380981445,0.9996606111526489,0.0007256269454956055,0.00012737832022662748,7,0.02734375,0.00037610530853271484,-0.09807367634019544,-0.12219872177784152,41,8,3.7315843420093278,0.00011187394460042318,13,1.3846153846153846,5,0
0.9999629859812558,0.0001378890990219748,0.9999746084213257,1.0003114938735962,0.9995193481445312,0.0007921457290649414,0.00013789420304059086,10,0.0390625,0.0004552602767944336,-0.37298380377643187,0.09198080318346769,36,8,4.193569942107492,0.00012093408434998756,14,1.5714285714285714,5,0
0.9998201201669872,0.0014344349900386876,1.0000666975975037,1.0022392272949219,0.991466760635376,0.010772466659545898,0.0014346930623871745,10,0.0390625,0.008599936962127686,-3.496032789715392,15.153156209213204,32,7,10.872425586005289,0.0007872548757814894,3,4.0,4,0
1.0000019738098145,8.415742190257466e-05,1.0000091494698666,1.0002167186906759,0.9996643133396789,0.0005524053509969873,8.415725579215722e-05,9,0.03515625,0.0003448361301877645,-0.5380856156306579,0.9353929601231097,28,10,6.397832496486829,6.004319942892548e-05,9,1.875,3,2
0.9996704440563917,0.0006760916717507575,0.9996980428695679,1.0031644105911255,0.99825519323349,0.004909217357635498,0.0006763145552321831,5,0.01953125,0.0014428496360778809,0.456480301685721,1.6347561664308925,21,8,3.496064246743841,0.0004201896050397088,12,1.3333333333333333,3,2
0.9998180794063956,0.0016677980448812648,1.0000643730163574,1.0063034296035767,0.9912495613098145,0.015053868293762207,0.001668101506897592,14,0.0546875,0.008814811706542969,-2.7275941047611174,11.346735963277943,23,6,8.903304285577113,0.0008979547257516898,4,4.0,4,0
1.005203012144193,0.006274207666909841,1.006982684135437,1.017389178276062,0.990209698677063,0.027179479598999023,0.0062417318602402145,26,0.1015625,0.016772985458374023,-0.8576295593668442,-0.17704122636710506,4,176,15.508349837704097,0.0008653421027987611,2,20.0,39,1
1.0000018804362878,7.248657724281081e-05,1.0000044111223907,1.0002377541346388,0.9996700969440341,0.0005676571906046979,7.24864409366769e-05,11,0.04296875,0.0003343141783566095,-0.6597757048328018,2.1185434120701823,43,7,5.864714386522454,6.000911537690158e-05,10,1.9,4,2
1.0017009135335684,0.005166063226799939,0.9999719560146332,1.0117424726486206,0.9898161292076111,0.02192634344100952,0.005157291120536467,0,0.0,0.0,0.4348295123227629,-1.0126395814685152,1,184,0.0,0.0006003267624798943,1,2.0,2,1
0.9997631751466542,0.001544247643703354,0.9999484717845917,1.00270676612854,0.9904969334602356,0.012209832668304443,0.0015446134465563106,11,0.04296875,0.009451538324356079,-3.0328070821972775,12.658647171529656,20,9,11.61932380170652,0.0007917518709220138,3,4.0,4,0
1.000018830261065,0.00012278665248828397,1.0000157662471634,1.0003322789404494,0.9995893035771485,0.000742975363300924,0.00012278434042709902,10,0.0390625,0.00042646267001489324,-0.38763066575437394,1.4018562098338743,25,76,7.095028866814585,6.616843994333187e-05,7,2.2857142857142856,7,2
0.9999431821051985,0.00014564036145687853,0.999937117099762,1.0002974271774292,0.9995626211166382,0.0007348060607910156,0.00014564863690580822,5,0.01953125,0.0003744959831237793,-0.030320224617502306,-0.44509792354830946,28,9,3.691418565347946,0.00011456223095164579,12,1.25,3,0
0.9998252473305911,0.00038794789773702803,0.9998247921466827,1.0012609958648682,0.9988348484039307,0.0024261474609375,0.000388015704517165,3,0.01171875,0.0009899437427520752,0.409453328668224,0.450028112987797,75,7,2.523475169496218,0.00044112345751594096,16,1.0,1,2
0.9998342178296298,0.0004636599768250289,0.999803751707077,1.00127112865448,0.9987309575080872,0.0025401711463928223,0.0004637368561275184,4,0.015625,0.0010727941989898682,0.4358282340769872,0.2717212061557377,44,7,2.658047810762751,0.0004422573482289034,11,1.0,1,2
1.0006088684313,0.003253418757726915,1.0009307265281677,1.0058475732803345,0.9934826493263245,0.01236492395401001,0.0032514390591275168,9,0.03515625,0.007448077201843262,-0.5025845241985725,-0.8283891132441257,3,217,13.542254343261787,0.0005891956535040163,7,1.5,4,1
0.9999688813371002,0.0001571131175511302,0.9999957681943275,1.001303824165503,0.9993360444031273,0.001967779762375721,0.00015711800685342097,13,0.05078125,0.0006597237912001619,0.8615324422841851,22.606212404625484,33,40,6.799757122546354,6.571622412210451e-05,3,5.0,13,2
0.9996980866417289,0.0013956302794568688,0.999902218580246,1.0022013187408447,0.9914894700050354,0.010711848735809326,0.0013960517661339026,9,0.03515625,0.008412748575210571,-3.363986106344892,14.416042055351273,30,7,11.720363721462753,0.0006760489706899605,3,3.3333333333333335,4,0
1.0013080334756523,0.00046942058804435894,1.0013474225997925,1.0025914907455444,0.999707043170929,0.0028844475746154785,0.0004688073723077478,7,0.02734375,0.0016403794288635254,-0.3298267188740859,0.690069445734673,59,7,3.5818002936235156,0.0005015943564620673,19,1.1578947368421053,2,2
1.0003089357633144,0.004018054518606744,1.000392496585846,1.0104163885116577,0.9934807419776917,0.016935646533966064,0.004016813581236934,0,0.0,0.0,0.04170198971129758,-1.2536067901514154,4,204,0.0,0.0006705917564092898,6,1.6666666666666667,4,1
1.0019826309289783,0.0047993427838361165,1.0016342997550964,1.0108219385147095,0.9925429224967957,0.01827901601791382,0.004789846286443562,0,0.0,0.0,0.10273588932435453,-0.9490028161873649,1,126,0.0,0.0005197976149764716,4,2.6666666666666665,6,1
0.9983257844578475,0.005496451290692719,0.998422771692276,1.0082833766937256,0.9897245764732361,0.018558800220489502,0.005505668967247632,0,0.0,0.0,0.038789768280954345,-1.3806046958203664,3,213,0.0,0.0005423578561521044,4,1.25,2,1
1.0000567184761167,0.00014000242687168548,1.0000511407852173,1.0004496574401855,0.9997203350067139,0.0007293224334716797,0.00013999448659774092,4,0.015625,0.00033080577850341797,0.27182481188649465,-0.026184737686720805,43,7,2.8503243866301933,0.0001318644074832692,14,1.2142857142857142,3,0
1.0000740259420127,0.0002207142936497544,1.0000564455986023,1.000680923461914,0.9995248317718506,0.0011560916900634766,0.00022069795627564082,3,0.01171875,0.000531613826751709,0.1952020785708518,-0.35090809187390803,21,11,4.896231477616235,0.00011679518456552543,9,1.4444444444444444,3,0
0.9995599064097517,0.0002030074643006084,0.9994947859587104,1.0,0.9991446473159681,0.0008553526840319181,0.00020309684592069777,0,0.0,0.0,0.3772510532845053,-0.9600000230534174,5,8,0.0,6.063297629470946e-05,2,1.0,1,2
0.9996562548913062,0.001410211958937413,0.9998240768909454,1.0056264400482178,0.9917495250701904,0.013876914978027344,0.0014106968790894496,10,0.0390625,0.008074551820755005,-3.212762106793558,15.77297211580061,23,8,10.256280911825911,0.0007036370389601764,3,3.3333333333333335,4,0
0.9997264684643596,0.0013906532973696408,0.9998550415039062,1.0021480321884155,0.991422712802887,0.010725319385528564,0.0013910337889780676,9,0.03515625,0.008432328701019287,-3.3595001631337627,14.66037354495813,32,10,11.958008822217487,0.000649409668118346,3,3.3333333333333335,4,0
1.0002968127373606,0.0005751676346370165,1.0003074407577515,1.0020740032196045,0.9988479614257812,0.003226041793823242,0.0005749969682129071,11,0.04296875,0.0014594793319702148,0.02338476450506157,-0.03558237149821952,51,6,3.025298884518785,0.0005411070935866412,14,1.2307692307692308,3,2
0.9994148395489901,0.001794459758550356,0.9994544088840485,1.0037474632263184,0.9960982799530029,0.00764918327331543,0.0017955104202376552,0,0.0,0.0,0.28572575213746415,-0.6336782229902593,11,148,0.0,0.000515884511611041,9,1.375,3,1
0.9994330613408238,0.00047986260240394444,0.999433845281601,1.0008455514907837,0.9982547760009766,0.002590775489807129,0.00048013480938900326,4,0.015625,0.0011790692806243896,0.29080692082597037,-0.024670309287528003,26,8,3.0442792573977604,0.000433811720679788,11,1.0,1,2
0.9998861888889223,0.0015630089770899773,0.9999915063381195,1.012228012084961,0.9919593930244446,0.020268619060516357,0.0015631868851261957,9,0.03515625,0.008032113313674927,-0.4621320976790873,23.031219493966255,31,9,7.816169695041081,0.0008054686527626187,3,3.3333333333333335,4,0
0.999893905594945,0.0010827268650080624,0.999980241060257,1.0014773607254028,0.989955484867096,0.011521875858306885,0.0010828417484591338,4,0.015625,0.01002475619316101,-6.767639558501675,54.23471438152565,39,10,17.78603190363282,0.0004845135352190803,1,5.0,5,1
0.9997445980552584,0.001338894923828019,0.99997478723526,1.002000093460083,0.9905968904495239,0.011403203010559082,0.0013392369675540021,9,0.03515625,0.009377896785736084,-4.132104541009216,20.756667297384826,26,10,12.776912613464587,0.0006544234705906289,3,3.6666666666666665,4,0
0.9995797902811319,0.0035108438998602194,0.9985157549381256,1.0066487789154053,0.9864524602890015,0.02019631862640381,0.0035123198107804825,2,0.0078125,0.012063294649124146,0.11895186799546875,-0.3218665654387287,6,190,17.772022674351057,0.0006211262123257506,1,2.0,2,1
1.0005281399935484,0.0005808859750057561,1.000545620918274,1.0026286840438843,0.9989635348320007,0.003665149211883545,0.0005805793478327373,8,0.03125,0.0015820860862731934,-0.02876548589836139,0.5499565140647205,41,8,4.087756224847809,0.0004262804985046387,19,1.2777777777777777,3,2
0.9996930856723338,0.001373644382289107,0.9999273121356964,1.001950979232788,0.9912111163139343,0.01073986291885376,0.0013740661028632363,11,0.04296875,0.008716195821762085,-3.407684897938469,15.668598262984261,24,9,11.84001406820914,0.000692910540337656,3,3.6666666666666665,4,0
0.9999480741098523,0.0005104023071714334,0.9999685883522034,1.0026785135269165,0.9986165165901184,0.004061996936798096,0.000510428811641835,3,0.01171875,0.001352071762084961,0.9065904482572841,4.419926796715577,49,7,3.077595850333037,0.00047539729698031557,15,1.2666666666666666,3,2
1.0000017468457867,7.710605629742362e-05,1.0000128138474804,1.0001491218973169,0.9997459796164363,0.00040314228088056403,7.710592160526934e-05,16,0.0625,0.00026683423104412185,-0.9068583835913658,1.007850854120071,25,9,5.082428748468732,5.626071453274204e-05,12,2.0,3,2
1.000523654744029,0.008782213487736045,1.0029483437538147,1.0123412609100342,0.9823858737945557,0.029955387115478516,0.00877761704692815,20,0.078125,0.020562469959259033,-0.5124396616774978,-1.0756477295246434,1,250,28.89550677050922,0.0006770680932437673,4,11.0,41,1
1.0021067147608846,0.010212257768703647,1.0044647455215454,1.0170392990112305,0.9867048859596252,0.030334413051605225,0.010190788683758516,0,0.0,0.0,-0.22906724562664002,-1.4427367990410291,0,0,0.0,0.0005817359569025974,6,8.0,27,1
0.999810365960002,0.001364450484639062,0.9999556541442871,1.0017153024673462,0.9910944104194641,0.01062089204788208,0.0013647092799732462,9,0.03515625,0.008861243724822998,-3.4691405553968915,15.389734694155205,21,10,12.729836787863501,0.0006204829496495864,3,3.0,3,0
0.9995921801310033,0.0014220316962149176,0.9998618364334106,1.0020350217819214,0.9909461140632629,0.011088907718658447,0.0014226118655995795,12,0.046875,0.008915722370147705,-3.711242326935381,16.83187889750833,30,8,11.522662585288783,0.0007738440644507314,3,4.0,4,0
0.9997417987324297,0.0013198161600109612,0.9996491372585297,1.007696509361267,0.9969608187675476,0.010735690593719482,0.0013201570262285252,1,0.00390625,0.0026883184909820557,0.9381732801977118,3.708659002214083,36,6,3.5711565093128215,0.0005914945228427064,5,1.2,2,1
0.9997741964180022,0.0005839154607164292,0.9997710287570953,1.0025776624679565,0.9981212615966797,0.0044564008712768555,0.000584047340698015,4,0.015625,0.0016497671604156494,0.4336868059961685,1.4571344992435318,37,11,3.1569148690327076,0.0005733321694766773,10,1.2,2,2
0.9957208037376404,0.0065588065683419815,0.9962485730648041,1.0060274600982666,0.9847698211669922,0.021257638931274414,0.006586993606764234,0,0.0,0.0,-0.11740563386905402,-1.4370082383124327,2,232,0.0,0.0006007669018764122,6,4.0,10,1
1.000014149470573,8.868996878241944e-05,1.0000186546233976,1.0003482191927107,0.9996565769662938,0.000691642226416822,8.868871388407218e-05,8,0.03125,0.000362077657103721,-0.3368761535509161,1.3481192208804336,38,7,6.6268335323933325,5.9808255329466914e-05,7,2.2857142857142856,6,2
0.99781598104164,0.007877926564362316,1.0011852979660034,1.0068299770355225,0.9847698211669922,0.022060155868530273,0.007895169764808127,3,0.01171875,0.01641547679901123,-0.3530281392721146,-1.6081433787024264,0,0,23.273347659990762,0.0006653778693255256,5,13.0,34,1
0.9981395795475692,0.003990272224242192,0.9974534511566162,1.0096228122711182,0.9898161292076111,0.01980668306350708,0.003997709645028684,0,0.0,0.0,0.9556081702275382,0.9022836346130179,7,103,0.0,0.0006328811832502777,1,2.0,2,1
1.0009170416742563,0.0022818302679870808,1.000860571861267,1.007696509361267,0.9961941838264465,0.011502325534820557,0.002279739651719999,1,0.00390625,0.004666388034820557,0.2634933784967505,-0.8158862986252133,22,164,5.863394915540611,0.0006578534257178213,6,1.0,1,1
0.9978296887129545,0.004536210010558155,0.9968547821044922,1.0102252960205078,0.9902707934379578,0.01995450258255005,0.004546076411505817,0,0.0,0.0,0.32311107014052187,-0.9035651802316758,0,0,0.0,0.0006378386534896551,0,0.0,0,1
0.9999753378797323,0.001976999459878799,0.9997214376926422,1.0048221349716187,0.9960982799530029,0.008723855018615723,0.0019770482180797282,0,0.0,0.0,0.17039369295427034,-0.833793171261445,4,10,0.0,0.0005634043730941474,7,1.4285714285714286,3,1
0.999630689388141,0.0013250147881623121,0.9998340010643005,1.0023549795150757,0.99198979139328,0.010365188121795654,0.0013255043109704184,11,0.04296875,0.007844209671020508,-3.318193240133432,14.423771060953218,22,8,11.088561724848379,0.0006807437130049163,3,4.0,4,0
1.0018431341741234,0.005480203980803579,1.0023652911186218,1.009277582168579,0.9921051859855652,0.017172396183013916,0.00547012181235461,0,0.0,0.0,-0.3034247191185304,-1.306714583179955,1,138,0.0,0.0005310720088435154,2,16.5,32,1
0.9999949974712504,7.008812721953613e-05,1.0000022057235882,1.0001743136548875,0.9997298932804614,0.00044442037442615767,7.008847783916153e-05,13,0.05078125,0.0002723124431268653,-1.023596354756242,2.3363127715436374,45,7,5.187169600702172,5.7536842626318905e-05,7,2.2857142857142856,3,2
0.9978607303928584,0.006375304361429501,0.9992756545543671,1.0102393627166748,0.9853362441062927,0.02490311861038208,0.006388972095253753,9,0.03515625,0.01393941044807434,-0.2824374665558341,-0.9817656424481167,1,158,11.959043042595539,0.0006736989114798751,3,13.666666666666666,30,1
0.9999971859865189,6.783355561649023e-05,1.0000024140040953,1.0001530060624853,0.9997371733250149,0.0004158327374703674,6.783374650156736e-05,14,0.0546875,0.00026524067908040294,-1.1257421716604838,2.4875681683118227,38,6,5.214502746398362,5.528423832456063e-05,8,2.125,3,2
1.0020936524961144,0.005547318830937043,1.003251552581787,1.0102732181549072,0.9897144436836243,0.02055877447128296,0.00553572893822771,15,0.05859375,0.013537108898162842,-0.5314780128377827,-0.8487037401582458,1,226,29.128940794258018,0.0005117949317483341,4,10.666666666666666,30,1
0.999997295502124,7.639999032463466e-05,1.0000056621627063,1.0003737642190351,0.9997303631642761,0.0006434010547590185,7.640019694880503e-05,12,0.046875,0.00027529899843015126,-0.11096520107382211,1.9794168023691334,38,6,4.882591246356135,6.187508391062954e-05,15,1.5333333333333334,3,2
0.9999005477875471,0.0014652906781152553,1.0002753734588623,1.001665711402893,0.9913817048072815,0.010284006595611572,0.001465436419009335,9,0.03515625,0.00889366865158081,-3.243369340399415,13.401487190125273,31,8,12.272791103654132,0.00070953462638107,3,3.6666666666666665,4,0
0.9999978578308926,6.907208865852436e-05,1.000009775226419,1.0002064716463288,0.9997728995217479,0.00043357212458094985,6.907223662293584e-05,15,0.05859375,0.0002368757046711245,-0.6809804333514967,1.0828935882230137,35,10,4.614005723596328,5.7861342387372056e-05,12,1.8333333333333333,5,2
0.9999911836348474,0.0014397512229854697,1.0002461075782776,1.002186894416809,0.9914447665214539,0.010742127895355225,0.0014397639164698908,9,0.03515625,0.00880134105682373,-3.2360025923030014,13.746974314684863,23,6,12.373581338364643,0.0006980229826534496,3,3.6666666666666665,4,0
1.0001787494402379,0.0006756341804578759,1.0002458095550537,1.002068281173706,0.9986406564712524,0.0034276247024536133,0.000675513432809888,6,0.0234375,0.0016051530838012695,-0.08567197180875621,-0.5577705549434282,26,6,3.702581784375223,0.00047877021864348765,17,1.5294117647058822,3,2
1.000215774634853,0.000473304848341101,1.000195026397705,1.0025639533996582,0.9990639090538025,0.003500044345855713,0.0004732027431919773,3,0.01171875,0.0011311173439025879,0.6496229734627698,2.195969541742506,54,6,2.5776191047407226,0.0004723015953512753,15,1.0,1,2
0.9999445554517352,0.0001210265075137294,0.9999639705874172,1.000212260199174,0.9994980830902527,0.00071417710892141,0.00012103321814583453,16,0.0625,0.0004658874971644744,-1.6203330394646023,3.1950092900650766,20,41,8.175472328576948,6.043558500397845e-05,8,3.125,13,2
0.9997850239742547,0.0005384505025902475,0.9997502267360687,1.001146912574768,0.9982056021690369,0.002941310405731201,0.0005385662814290296,6,0.0234375,0.0015446245670318604,0.08812675818953054,-0.08280725638462227,52,9,3.6371357870593273,0.0004828492800394694,9,1.25,2,2
0.9997334214858711,0.0013311666191464274,0.9999845623970032,1.0023826360702515,0.9919269680976868,0.010455667972564697,0.0013315215741892053,9,0.03515625,0.008057594299316406,-3.6041387740232373,15.437073763669918,29,6,11.439068784780709,0.0006674549158881693,4,3.25,5,0
1.0000004060307437,7.289111897009008e-05,1.000002473763606,1.000225539512687,0.9997366205065444,0.000488919006142452,7.289108937406685e-05,14,0.0546875,0.0002658532570615213,-0.645878584736417,1.5044329814222008,43,6,4.7798840066045996,5.9536966019762996e-05,12,1.6666666666666667,4,2
1.000430674990639,0.0008250132667030675,1.0005157589912415,1.0024524927139282,0.9983358979225159,0.0041165947914123535,0.0008246581070805202,10,0.0390625,0.002179861068725586,-0.30359339423796017,-0.38026116910509034,19,10,5.595931389495316,0.00044386784235636394,13,2.0,7,2
0.9996764662209898,0.0014202087158689358,0.9998080730438232,1.0020138025283813,0.9910915493965149,0.010922253131866455,0.0014206683500689538,10,0.0390625,0.00871652364730835,-3.4375433606180006,15.78218702964595,22,7,11.09610975108666,0.0007392572421653598,3,3.6666666666666665,4,0
1.0009380003903061,0.000621468719505367,1.0009615421295166,1.003096342086792,0.999247670173645,0.0038486719131469727,0.0006208863278874728,7,0.02734375,0.001713871955871582,-0.009080842013294455,-0.12019930294144299,25,10,3.4823206513140756,0.0005592175558501599,15,1.4666666666666666,3,2
0.9997075058054179,0.0013973119349915105,0.9999590516090393,1.001654028892517,0.9905968904495239,0.011057138442993164,0.0013977207601995156,9,0.03515625,0.00936216115951538,-4.418719746400668,22.298316853066186,24,13,12.035614037396622,0.0006693346827637915,3,3.3333333333333335,4,0
0.9989580768160522,0.0009817136222676928,0.9989479780197144,1.0008896589279175,0.9966281652450562,0.004261493682861328,0.0009827375593144789,4,0.015625,0.002319812774658203,-0.16255645757048867,-0.8419174711159103,22,8,5.442954114532134,0.0004720458797380036,12,1.5,4,2
0.9999502205755562,0.005172220855655523,0.9998275637626648,1.079310417175293,0.9914536476135254,0.08785676956176758,0.005172478338650169,0,0.0,0.0,14.027566074444332,213.6195728085907,34,7,0.0,0.0013416612849516027,2,1.0,1,0
0.9994492796249688,0.0006781336093556574,0.9994369149208069,1.0012141466140747,0.9977886080741882,0.0034255385398864746,0.0006785072771377841,2,0.0078125,0.0016483068466186523,0.15951235439311073,-0.6690004620899219,26,9,4.315449023599426,0.00043413311827416516,10,1.1,2,2
1.0042544507887214,0.007296435227356149,1.0049485564231873,1.0145293474197388,0.9904374480247498,0.024091899394989014,0.007265524411294045,0,0.0,0.0,-0.2363258638591196,-1.3409153782706515,2,239,0.0,0.0006249116916282505,3,10.0,24,1
0.9999372838065028,0.00013221062467045535,0.9999358057975769,1.0003598928451538,0.9995996356010437,0.0007602572441101074,0.000132218916937634,2,0.0078125,0.0003361701965332031,0.31690414868570094,0.03461393408088176,46,10,3.009322290192382,0.0001271993506188486,12,1.1666666666666667,2,0
1.0008678147569299,0.006472099307921673,1.0033718943595886,1.0085780620574951,0.9828589558601379,0.025719106197357178,0.006466487594561608,10,0.0390625,0.020512938499450684,-0.5299665408954485,-1.1985816823629092,0,0,29.67535841735296,0.0006580130726683373,2,4.0,4,1
0.9996462161652744,0.0013884719299582064,0.9999039769172668,1.001862645149231,0.9911985993385315,0.010664045810699463,0.0013889633227288146,10,0.0390625,0.008705377578735352,-3.7906703369854746,16.634438001832166,33,7,12.336501243115784,0.0006862077058530321,3,3.6666666666666665,4,0
1.0002496463712305,0.0007449874773133953,1.0002577304840088,1.002737045288086,0.9983023405075073,0.004434704780578613,0.0007448015403115697,3,0.01171875,0.001955389976501465,0.12463474481430831,-0.2070004280597777,34,9,4.115908557812781,0.000525525971954944,14,1.1428571428571428,2,2
0.9977382337674499,0.007617467685653266,0.9958921372890472,1.0121532678604126,0.9866708517074585,0.0254824161529541,0.007634735672992887,0,0.0,0.0,0.48410048637038,-1.1114938058678154,1,245,0.0,0.0006696415882484585,0,0.0,0,1
1.000323993852362,0.0005083185925993206,1.0002865195274353,1.0024139881134033,0.9987758994102478,0.0036380887031555176,0.0005081539538422223,3,0.01171875,0.0015106201171875,0.32689625623361923,0.8990340296232122,45,6,3.2747442656791534,0.0005097148465175254,9,1.125,2,2
0.9999970793528461,7.725434251059797e-05,1.0000063773755878,1.0003455690278604,0.9997749415002867,0.0005706275275737527,7.725456814393255e-05,15,0.05859375,0.00023143587530116694,-0.4413808550435298,1.9060875704054494,30,7,4.261374356416347,5.816007563790609e-05,9,2.5555555555555554,4,2
1.000953953480348,0.0006632453106584163,1.0009862780570984,1.002764105796814,0.999272346496582,0.0034917593002319336,0.0006626132084820603,9,0.03515625,0.0017139315605163574,-0.25567665142808293,-0.08034499432167186,34,11,3.6664396070817413,0.0005244816050809973,14,1.7142857142857142,4,2
0.9997775799129158,0.0013713372176859214,1.0000047385692596,1.0019631385803223,0.9922249913215637,0.009738147258758545,0.001371642298485399,12,0.046875,0.007779747247695923,-3.38189744656841,14.705976256885801,25,8,10.57678354437502,0.0006921242265140309,3,4.0,4,0
0.9999511409550905,0.0008633278422573885,0.9999935030937195,1.0011767148971558,0.9898152947425842,0.011361420154571533,0.0008633700256922473,3,0.01171875,0.010178208351135254,-8.102385770826153,83.13062753410155,58,11,18.36290103986929,0.00045909951714908373,1,3.0,3,1
1.0003440380096436,0.0005146156480441247,1.0003575682640076,1.0016402006149292,0.9988576173782349,0.002782583236694336,0.0005144386615909073,13,0.05078125,0.001499950885772705,-0.2644650584418491,0.30314066624350655,36,11,4.295075431592004,0.0003975697592193005,9,1.8888888888888888,4,2
0.9999259579926729,0.0005903334238769942,0.9999382495880127,1.0013588666915894,0.998494565486908,0.0028643012046813965,0.000590377136585267,4,0.015625,0.0014436841011047363,-0.07008472222546998,-0.47409154306916346,30,6,3.2962387548340835,0.0004918939927045036,19,1.3333333333333333,3,2
1.0037337662652135,0.006085959946029369,1.00616455078125,1.010580062866211,0.9878406524658203,0.022739410400390625,0.006063320922912236,29,0.11328125,0.018323898315429688,-1.103616332706862,0.042183533151482155,2,232,37.980141499166464,0.0005049436700110342,1,41.0,41,1
1.0009508116636425,0.007007854170318188,0.9979113340377808,1.0128976106643677,0.9917204976081848,0.02117711305618286,0.007001197350218138,0,0.0,0.0,0.29587183219001045,-1.5213004716854845,0,0,0.0,0.0005079126825519636,0,0.0,0,1
0.9993153794202954,0.0006489212504350777,0.9992892146110535,1.0012240409851074,0.9976667165756226,0.0035573244094848633,0.0006493658196389593,5,0.01953125,0.0016224980354309082,0.11804779486368128,-0.19773122897989914,20,9,4.038207710248618,0.0004423361198574889,10,1.4,3,2
1.0003049825318158,0.0005108217563940032,1.0002978444099426,1.0036563873291016,0.9984602928161621,0.005196094512939453,0.000510666012180696,3,0.01171875,0.0018375515937805176,0.931487933640473,6.810284006931525,41,7,4.044076800964078,0.0004693954598669912,11,1.3636363636363635,3,2
1.0003681164234877,0.0004341421255842403,1.000336229801178,1.0020111799240112,0.99917072057724,0.0028404593467712402,0.00043398236954650615,3,0.01171875,0.0011655092239379883,0.26058202113622086,0.3053911025438687,37,7,3.0903774356314937,0.0004203515894272748,12,1.0833333333333333,2,2
0.9998541823588312,0.0013373479962363029,0.9999561309814453,1.0037816762924194,0.9909980893135071,0.012783586978912354,0.0013375430336064252,8,0.03125,0.008958041667938232,-3.4377265001438513,19.504657948622086,35,7,12.071630655584931,0.0007048202495948941,2,4.0,4,0
1.000529871787876,0.004886216754418823,1.0020580291748047,1.0072917938232422,0.9911814332008362,0.016110360622406006,0.004883629057158984,10,0.0390625,0.010876595973968506,-0.5651876510874217,-1.229392612903293,0,0,18.908952312768662,0.0006029774160946117,3,19.666666666666668,53,1
0.999991862211991,7.4953549700378e-05,0.9999979731534262,1.0001646689968344,0.999764624211345,0.00040004478548938405,7.495415966143972e-05,10,0.0390625,0.00023334894208115742,-0.38311763578678554,-0.04290799903538911,37,7,4.596375795516227,5.6542993770552945e-05,11,1.8181818181818181,4,2
1.0013691780623049,0.0004600976177158127,1.0013844966888428,1.0032697916030884,0.999707043170929,0.003562748432159424,0.00045946852349312633,7,0.02734375,0.0016774535179138184,-0.2809717868527744,1.6431607493836387,59,7,3.6806064027476944,0.0005167133667889764,14,1.0714285714285714,2,2
0.9997114278376102,0.0004420328789515434,0.9997110366821289,1.0010557174682617,0.9983533024787903,0.0027024149894714355,0.0004421604741556938,7,0.02734375,0.001357734203338623,-0.0782552969962338,0.5794835993845542,39,9,3.456197009243309,0.00042795223348280964,14,1.4285714285714286,3,2
0.9996038388926536,0.0005803490658139199,0.9996234178543091,1.0013370513916016,0.9982314109802246,0.003105640411376953,0.0005805790686606627,7,0.02734375,0.0013920068740844727,0.1334472512783603,0.18808324656960052,41,9,3.200457168695685,0.00048433378630993414,16,1.3125,4,2
0.9997163275256753,0.0014640283324469118,0.9999231994152069,1.001543402671814,0.9915255308151245,0.010017871856689453,0.001464443754830354,11,0.04296875,0.008397668600082397,-3.7007943584306924,16.028818676084494,14,7,11.458559524147251,0.000665598289639342,3,4.0,4,0
0.9985638312064111,0.00117729260689298,0.9982860684394836,1.001631736755371,0.9965242743492126,0.005107462406158447,0.0011789858295494626,0,0.0,0.0,0.5494949779568016,-0.6173532706133456,18,6,0.0,0.0004823471985611261,0,0.0,0,2
0.9999001116957515,0.0013949813195537953,1.0001359581947327,1.001796007156372,0.991474449634552,0.010321557521820068,0.0013951206757923222,10,0.0390625,0.008661508560180664,-3.6810392003846513,16.056780307014385,31,13,11.500341015901087,0.0007507478489595301,3,3.6666666666666665,4,0
0.9970982046797872,0.00791271479382808,0.9959013760089874,1.016720175743103,0.9871631264686584,0.02955704927444458,0.007935742694842386,0,0.0,0.0,0.739622850687667,-0.37885604518390226,2,222,0.0,0.0006095755333993949,0,0.0,0,1
1.0011817377526313,0.0012120101039375115,1.0007598996162415,1.0039963722229004,0.9988517165184021,0.005144655704498291,0.0012105795164203954,0,0.0,0.0,0.5982042302614146,-0.8067969819004923,17,7,0.0,0.0005580460324006922,2,1.0,1,2
1.0010903070215136,0.005121847093586313,1.0033618807792664,1.0089576244354248,0.9911622405052185,0.0177953839302063,0.005116268789800842,28,0.109375,0.012199640274047852,-0.5238407421027251,-1.237266945757463,0,0,24.324926112164817,0.000503994904312433,4,13.75,50,1
1.0018279051873833,0.005840452293881184,1.005678653717041,1.008738398551941,0.9922006130218506,0.016537785530090332,0.005829795979568743,36,0.140625,0.01347804069519043,-0.3383384767511745,-1.6713327673875027,0,0,23.393779555558435,0.0005502245005439309,8,10.25,67,1
0.9998725629411638,0.0007145701588525023,0.9998874068260193,1.0018179416656494,0.9980396032333374,0.0037783384323120117,0.0007146612331781228,5,0.01953125,0.0018478035926818848,-0.07299290770035476,-0.45911862879871945,30,6,4.023722491045424,0.0005136789060106464,14,1.4285714285714286,3,2
0.999834371265024,0.0014137764445531329,0.9999680817127228,1.002747654914856,0.9916331171989441,0.011114537715911865,0.0014140106453475645,12,0.046875,0.008334964513778687,-3.4054229095124477,14.805342386569265,33,10,10.14602824343192,0.000780186699885948,3,4.0,4,0
0.9996951317880303,0.0014207562738239243,0.9998977184295654,1.0026090145111084,0.9925641417503357,0.010044872760772705,0.0014211895493407018,10,0.0390625,0.007333576679229736,-2.855799452151742,11.421201286267149,22,7,9.907767384127128,0.0006979184992173139,4,3.25,4,0
0.9997055304702371,0.0014193396499906819,0.9999494254589081,1.0017588138580322,0.9914187788963318,0.01034003496170044,0.001419757725380452,9,0.03515625,0.008530646562576294,-3.86989808782569,17.5280257437597,23,9,11.268195796179127,0.0006931169360291724,3,3.6666666666666665,4,0
0.9979059223551303,0.004750303145057896,0.9966877698898315,1.0094366073608398,0.9917204976081848,0.01771610975265503,0.004760271523238219,0,0.0,0.0,1.0756102999293922,0.12756086096740438,0,0,0.0,0.000505835402245615,0,0.0,0,1
0.9999958676320624,7.618542932887984e-05,1.0000022351246702,1.0001572280562558,0.9997469918402634,0.0004102362159924544,7.61857441564063e-05,15,0.05859375,0.0002552432844068475,-0.8048602201856024,1.3075835288741322,32,6,4.9092709412684865,5.684637092142271e-05,8,2.875,4,2
0.9999677292071283,0.0014953530779835036,1.0002517700195312,1.0030603408813477,0.9914785623550415,0.011581778526306152,0.0014954013357702702,11,0.04296875,0.008773207664489746,-3.2606381985603496,13.706835228556017,18,6,11.561136680529351,0.0007310759787466012,3,4.0,4,0
0.9998228752519935,0.0013430797983632102,1.0000334978103638,1.0023629665374756,0.9914296865463257,0.010933279991149902,0.0013433177331781921,9,0.03515625,0.008603811264038086,-3.644534667363429,16.569453711215345,18,7,11.760908044306438,0.0007143385270062615,3,3.6666666666666665,4,0
1.0003255002666265,0.000885051951303662,1.0003932118415833,1.002097487449646,0.9979453682899475,0.004152119159698486,0.0008847639603986508,6,0.0234375,0.002447843551635742,-0.2542969286098781,-0.759459665131319,25,8,5.613004244687617,0.00047760150011848,15,1.4285714285714286,4,2
1.0004733444657177,0.00040780068175123835,1.0005042552947998,1.0016393661499023,0.9993806481361389,0.0022587180137634277,0.0004076077428819615,6,0.0234375,0.0011236071586608887,-0.2207462049436515,-0.24634107196491284,47,6,3.0268236800651884,0.0004271236120485792,20,1.3,5,2
0.9989585084840655,0.006116672268930122,0.9958972930908203,1.0100525617599487,0.9922317862510681,0.017820775508880615,0.006123049372903649,0,0.0,0.0,0.6351011989001449,-1.258476270993432,0,0,0.0,0.0005670989260954016,0,0.0,0,1
0.9993938505649567,0.0005286666290487197,0.9994155764579773,1.0008606910705566,0.9980556964874268,0.002804994583129883,0.0005289872743862341,9,0.03515625,0.0013598799705505371,-0.037859558748184106,-0.23499037081598306,51,7,3.327979787697167,0.0004559596379597982,19,1.105263157894737,3,2
0.9999631347774678,0.0001111801496184271,0.9999754446939026,1.000195588449483,0.9995500756767772,0.0006455127727058585,0.0001111842484504883,16,0.0625,0.00042536901712542097,-1.3193484906382285,2.6973730595681538,26,53,7.573286082251082,6.255755257829893e-05,6,3.3333333333333335,12,2
0.999884975142777,0.0014714925815071949,1.0001285076141357,1.0018819570541382,0.9907674789428711,0.01111447811126709,0.00147166185920243,12,0.046875,0.009361028671264648,-3.7754099998975885,17.380410233497436,16,6,12.23251181069206,0.0007462181297003054,3,4.0,4,0
1.0021826471202075,0.004239746532701328,1.0015867948532104,1.009277582168579,0.9951280951499939,0.014149487018585205,0.004230512816086296,0,0.0,0.0,0.09200036323916339,-1.3156046010800202,4,139,0.0,0.0005446555567722695,2,1.0,1,1
0.9996112135704607,0.000979845690892594,0.9994102716445923,1.0022540092468262,0.9975537657737732,0.0047002434730529785,0.000980226789766326,0,0.0,0.0,0.3804027971820432,-0.6736407827650583,28,8,0.0,0.0005170148961684283,4,1.0,1,2
1.0000383337028325,0.0002339252610502936,1.0000303387641907,1.002787470817566,0.9994436502456665,0.003343820571899414,0.00023391629417258514,3,0.01171875,0.0005866885185241699,6.5426851106410595,73.62560119178268,43,6,2.7103706902506817,0.0001454633824965533,2,1.5,2,0
0.99991036625579,0.000398584607450111,0.9999301135540009,1.0010762214660645,0.9989894032478333,0.002086818218231201,0.00039862033728346,8,0.03125,0.0009407103061676025,0.06292788260174846,-0.1791583090204516,50,7,2.6361568876378816,0.0003886267250659419,15,1.3333333333333333,3,1
1.000554322032258,0.0005994818906980803,1.0006384253501892,1.0024356842041016,0.9988914132118225,0.0035442709922790527,0.0005991497687806229,12,0.046875,0.0017470121383666992,-0.33488586137100934,0.11738957435603359,37,6,3.8616963919322154,0.0005037361500309963,17,1.588235294117647,5,2
0.9999342588707805,0.001493304587055182,1.0001280903816223,1.002294659614563,0.9917168021202087,0.010577857494354248,0.0014934027650393353,12,0.046875,0.008411288261413574,-3.158587468705797,13.319442761061861,22,6,11.614725065760561,0.0006908746326670927,3,4.0,4,0
1.0038829885888845,0.005974031214113747,1.0044711828231812,1.0130443572998047,0.986552357673645,0.026491999626159668,0.005950923844731335,17,0.06640625,0.017918825149536133,-0.8776872520114879,0.36340430088153486,1,208,16.197205381769024,0.0006483078002929687,2,13.5,25,1
1.0000051294919103,0.00015698769277848996,1.0000134110450745,1.000422716140747,0.9995801448822021,0.0008425712585449219,0.00015698688751552043,8,0.03125,0.00043326616287231445,-0.14330547199122848,-0.1244927880668163,29,9,4.404852760592704,0.00011088497498456169,13,1.6923076923076923,6,0
0.9998910650610924,0.0014237949317981483,1.0000685453414917,1.0045381784439087,0.991270899772644,0.013267278671264648,0.001423950049709821,12,0.046875,0.008797645568847656,-3.4741082298828645,16.403591403913392,23,7,11.575384039695123,0.0007111341345543955,3,4.0,4,0
1.0000875941477716,0.0005235783878647472,1.0000774264335632,1.0019865036010742,0.9987745881080627,0.0032119154930114746,0.0005235325294789967,5,0.01953125,0.0013028383255004883,0.3890180109795605,0.7704286211699531,46,6,3.1482733910736553,0.00047387375551111556,15,1.2142857142857142,2,2
0.9999775275876586,0.00012689745235754866,1.0000004768071467,1.000177491460384,0.9994514011936847,0.0007260902666993418,0.00012690030411350895,14,0.0546875,0.0005490756134619579,-2.0422171515925958,5.188138456729584,20,17,9.295305485261116,6.328060512632397e-05,6,3.1666666666666665,13,2
0.9996606304775923,0.0005741455572761984,0.9996309578418732,1.0014880895614624,0.9980394244194031,0.003448665142059326,0.0005743404709275164,1,0.00390625,0.0015915334224700928,0.27330315980534026,-0.23735446677547278,22,8,3.7496779620961878,0.000478206896314434,9,1.0,1,2
0.9999507972530338,0.00013063472009264873,0.999975325000733,1.000142685865326,0.9993872597378421,0.0007554261274838048,0.00013064114799599694,16,0.0625,0.0005880652628909022,-1.9388777473288024,4.680143926329706,20,17,11.545112551523413,5.356444109426292e-05,5,4.4,15,2
0.9998831509146839,0.0010312119168039771,0.9999665021896362,1.0010998249053955,0.9904738068580627,0.010626018047332764,0.0010313324270547351,4,0.015625,0.009492695331573486,-7.006149962318635,56.94253914240023,45,6,16.293693333420133,0.0005131997314153933,1,4.0,4,1
0.9998852340504527,0.0015949769096349539,1.0001420974731445,1.0033591985702515,0.9912811517715454,0.012078046798706055,0.0015951599796847021,13,0.05078125,0.008860945701599121,-3.247567901092348,12.696341470081757,18,7,11.1945216057734,0.0007367283690209482,4,3.5,4,0
0.9997041001915932,0.0005660748211243733,0.9996906816959381,1.0019782781600952,0.9979685544967651,0.004009723663330078,0.0005662423721337996,3,0.01171875,0.0017221271991729736,0.445222156888511,0.9558566004711659,42,7,3.752589512907892,0.0005104551128312653,11,1.2727272727272727,3,2
0.9997667884454131,0.0013130837770934402,0.9999654293060303,1.0018622875213623,0.9916922450065613,0.010170042514801025,0.0013133900748345713,9,0.03515625,0.008273184299468994,-3.9442582946420197,18.089096975415295,20,7,11.907252141022054,0.0006630158891864852,3,4.0,5,0
0.9998401280026883,0.0003996218368949067,0.9998368322849274,1.0012609958648682,0.9988192915916443,0.002441704273223877,0.0003996857354517304,3,0.01171875,0.001017540693283081,0.3731498230510512,0.48917931585281504,57,8,2.728369253833668,0.0004161241007786171,12,1.0909090909090908,2,2
0.9999264080543071,0.0019389956355664686,0.9999215006828308,1.0261423587799072,0.9905496835708618,0.03559267520904541,0.0019391383405299159,3,0.01171875,0.009371817111968994,8.545090530329315,132.61685020519923,69,11,5.457649278128266,0.0006607691446940104,1,4.0,4,1
0.9996641136240214,0.0015456574923177803,0.9998270869255066,1.002334713935852,0.9910311102867126,0.011303603649139404,0.0015461768320505199,10,0.0390625,0.008795976638793945,-3.1751266602245556,13.33223548486258,28,8,11.230473413282082,0.0007299939791361491,3,3.6666666666666665,4,0
1.0001542973332107,0.001106899911411677,1.0002292394638062,1.0045815706253052,0.9904686808586121,0.014112889766693115,0.001106729146055854,4,0.015625,0.009760558605194092,-6.082900690062231,50.18737050485609,53,13,14.90378191917884,0.0005207131890689625,1,4.0,4,1
1.0000007664194057,0.00011589881454751922,0.9999966612544707,1.0004365673692492,0.9997234609322943,0.0007131064369549911,0.00011589872572048672,6,0.0234375,0.00027320032217648116,0.20178685576818525,0.05489187109869054,21,6,5.122007929888136,5.704923252537834e-05,6,1.6666666666666667,4,2
1.000019327737391,0.00048366016091873533,0.9999909698963165,1.0016510486602783,0.9988503456115723,0.0028007030487060547,0.0004836508130428319,3,0.01171875,0.0011406242847442627,0.30108918165732973,0.06281379993126635,53,7,2.564430600746138,0.0004918079750210632,11,1.2727272727272727,2,2
0.9986574994400144,0.0034426757741807075,0.9984499514102936,1.008047103881836,0.9926043152809143,0.01544278860092163,0.0034473037814377284,0,0.0,0.0,0.3475105739940956,-0.5178617132358414,2,229,0.0,0.0005696983898387236,5,2.2,4,1
0.9999986696472158,7.105081415318686e-05,1.0000064375605804,1.0001718430895563,0.9997033630845162,0.0004684800050400728,7.105090867596103e-05,14,0.0546875,0.00030307447606414684,-0.8018370096738466,1.2062981592785933,37,7,5.871057192780273,5.728618776575215e-05,10,2.5,4,2
0.9997619288042188,0.0014222908320120414,0.9999018311500549,1.0021449327468872,0.991422712802887,0.010722219944000244,0.0014226295191228126,9,0.03515625,0.008479118347167969,-3.283273886209301,14.057775910881965,33,12,11.865579740965044,0.0006899805629954619,3,3.3333333333333335,4,0
0.9995714568067342,0.0014750667822874689,0.9997386336326599,1.002465844154358,0.9913490414619446,0.01111680269241333,0.0014756991831277062,11,0.04296875,0.008389592170715332,-3.2002790708447,13.895786774971192,32,8,10.326982078608511,0.0007941376929189645,3,4.0,4,0
1.000126904109493,0.0014652872013721974,1.0003536343574524,1.0036734342575073,0.9924241900444031,0.011249244213104248,0.0014651012739997035,12,0.046875,0.007929444313049316,-2.9749992806249868,12.378668861743014,17,9,10.471070372190031,0.0007205346051384421,3,4.0,4,0
1.0000038420954032,9.067353800044011e-05,1.000006854692757,1.0008260194633858,0.9996553667247866,0.001170652738599176,9.067318962539506e-05,7,0.02734375,0.0003514879679703542,2.3163645064288776,25.76331442066335,47,9,4.897676348751489,6.61828690272835e-05,8,1.625,3,2
1.0000321178231388,0.00013872018650047213,1.0000360608100891,1.0004162788391113,0.9995093941688538,0.0009068846702575684,0.00013871573125314915,7,0.02734375,0.0005266666412353516,-0.13595998261812264,0.5467160557827819,46,8,5.054749362946378,0.00011315696379717659,11,1.5454545454545454,3,0
