kepoi_name,kepler_name,kepid,ra,dec,dist_pc,dist_err_pc,disposition,probability,koi_prad,koi_period
K00752.01,Kepler-227 b,10797460,291.93423,48.141651,1014.04,107.395,CONFIRMED,1.0,2.26,9.48803557
K00752.02,Kepler-227 c,10797460,291.93423,48.141651,1014.04,107.395,CONFIRMED,1.0,2.83,54.4183827
K00753.01,,10811496,297.00482,48.134129,1090.2,208.32000000000002,CANDIDATE,0.008086253369272238,14.6,19.89913995
K00754.01,,10848459,285.53461,48.28521,1031.94,207.805,FALSE POSITIVE,0.008086253369272238,33.46,1.736952453
K00755.01,Kepler-664 b,10854555,288.75488,48.2262,1459.17,360.41499999999996,CONFIRMED,0.847457627118644,2.75,2.525591777
K00756.01,Kepler-228 d,10872983,296.28613,48.22467,1435.0,350.55,CONFIRMED,0.9642857142857143,3.9,11.09432054
K00756.02,Kepler-228 c,10872983,296.28613,48.22467,1435.0,350.55,CONFIRMED,0.9629629629629629,2.77,4.13443512
K00756.03,Kepler-228 b,10872983,296.28613,48.22467,1435.0,350.55,CONFIRMED,0.847457627118644,1.59,2.56658897
K00114.01,,6721123,298.86435,42.151569,791.44,160.805,FALSE POSITIVE,0.008086253369272238,39.21,7.36178958
K00757.01,Kepler-229 c,10910878,286.99948,48.37579,963.24,71.2,CONFIRMED,1.0,5.76,16.06864674
K00001.01,Kepler-1 b,11446443,286.80847,49.316399,198.51,9.76,CONFIRMED,0.6666666666666666,13.04,2.470613377
K00002.01,Kepler-2 b,10666592,292.24728,47.969521,324.82,18.935000000000002,CONFIRMED,0.4883720930232558,16.1,2.204735417
K00010.01,Kepler-8 b,6922244,281.28812,42.45108,918.89,77.54,CONFIRMED,0.625,14.59,3.522498429
K00112.02,Kepler-466 c,10984090,295.64871,48.49556,407.34,52.959999999999994,CONFIRMED,1.0,1.16,3.709214104
K00742.01,,10419211,297.07993,47.597401,1049.62,203.54,FALSE POSITIVE,0.008086253369272238,150.51,11.521446064
K00743.01,,10464078,289.25821,47.635319,632.17,79.875,FALSE POSITIVE,0.008086253369272238,7.18,19.40393776
K00744.01,,10480982,295.81454,47.69035,1213.78,276.58,FALSE POSITIVE,0.008086253369272238,49.29,19.221388942
K00745.01,,10485250,297.15442,47.668701,826.38,109.47999999999999,FALSE POSITIVE,0.018867924528301886,7.94,16.46983774
K00746.01,Kepler-660 b,10526549,288.13824,47.724449,546.32,64.21000000000001,CONFIRMED,0.9629629629629629,2.47,9.27358173
K00747.01,Kepler-661 b,10583066,283.71088,47.86327,566.45,56.44,CONFIRMED,0.847457627118644,2.85,6.02930329
K00748.01,,10583180,283.76547,47.804298,691.48,83.72999999999999,FALSE POSITIVE,0.018867924528301886,1.58,2.696370652
K00749.01,Kepler-226 c,10601284,292.37613,47.880989,949.93,87.315,CONFIRMED,1.0,2.55,5.349553819
K00749.02,Kepler-226 b,10601284,292.37613,47.880989,949.93,87.315,CONFIRMED,0.9642857142857143,1.7,3.94105221
K00749.03,Kepler-226 d,10601284,292.37613,47.880989,949.93,87.315,CONFIRMED,0.9912303163755753,1.3,8.10904807
K00113.01,,2306756,292.27374,37.671558,460.03,22.785,FALSE POSITIVE,0.008086253369272238,41.5,386.6030528
K00750.01,Kepler-662 b,10662202,290.46512,47.92918,714.13,49.795,CONFIRMED,1.0,2.95,21.67699193
K00751.01,Kepler-663 b,10682541,297.80826,47.946671,1055.29,183.495,CONFIRMED,0.9629629629629629,2.78,4.99677968
K00769.01,Kepler-671 b,11460018,294.26581,49.314091,953.19,191.15,CONFIRMED,0.875,2.3,4.280963604
K00770.01,,11463211,295.66522,49.351009,1028.29,180.745,FALSE POSITIVE,0.043478260869565216,4.53,1.50635409
K00771.01,,11465813,296.69861,49.316479,906.34,100.805,FALSE POSITIVE,0.008086253369272238,14.14,670.645531
K00772.01,,11493732,283.72592,49.479519,1449.11,358.99,FALSE POSITIVE,0.008086253369272238,39.87,61.2563628
K00773.01,Kepler-672 b,11507101,291.72202,49.480869,1079.54,151.16500000000002,CONFIRMED,0.9642857142857143,2.82,38.3775486
K00757.02,Kepler-229 d,10910878,286.99948,48.37579,963.24,71.2,CONFIRMED,0.9642857142857143,3.86,41.19725502
K00757.03,Kepler-229 b,10910878,286.99948,48.37579,963.24,71.2,CONFIRMED,1.0,2.65,6.252962249
K00758.01,Kepler-665 b,10987985,297.02563,48.478588,731.91,99.24,CONFIRMED,0.9629629629629629,3.1,16.01308419
K00759.01,Kepler-230 b,11018648,285.71854,48.505859,796.32,150.46,CONFIRMED,1.0,3.36,32.62876672
K00759.02,Kepler-230 c,11018648,285.71854,48.505859,796.32,150.46,CONFIRMED,0.9629629629629629,2.12,91.7732862
K00760.01,Kepler-1976 b,11138155,292.16705,48.727589,1267.15,178.51,CONFIRMED,0.7333333333333333,12.21,4.959319244
K00761.01,,11152159,297.92365,48.777321,1003.68,218.01,FALSE POSITIVE,0.018867924528301886,6.54,2.701287801
K00762.01,Kepler-666 b,11153539,298.45685,48.791592,1229.57,270.065,CONFIRMED,0.7333333333333333,2.1,4.49876511
K00763.01,,11242721,291.0939,48.933842,1452.01,355.47,FALSE POSITIVE,0.4883720930232558,12.42,19.651209505
K00115.01,Kepler-105 b,9579641,287.88733,46.276241,450.99,64.64,CONFIRMED,1.0,2.94,5.412203927
K00764.01,Kepler-667 b,11304958,295.55505,49.017342,1073.89,258.905,CONFIRMED,0.4883720930232558,5.5,41.43958662
K00765.01,Kepler-668 b,11391957,285.49924,49.277351,852.33,147.47,CONFIRMED,0.9629629629629629,2.52,8.35389523
K00766.01,Kepler-669 b,11403044,291.93616,49.253979,1584.67,396.23,CONFIRMED,0.7333333333333333,4.43,4.125543472
K00767.01,Kepler-670 b,11414511,297.01547,49.225288,897.49,94.295,CONFIRMED,0.9629629629629629,12.21,2.816504904
K00768.01,,11442465,284.17233,49.360722,755.98,91.975,FALSE POSITIVE,0.018867924528301886,7.34,33.93373447
K00786.01,Kepler-680 b,12110942,291.62241,50.61824,1054.66,221.23000000000002,CONFIRMED,0.7333333333333333,1.89,3.689920099
K00787.01,Kepler-232 b,12366084,295.81616,51.121738,1219.47,142.06,CONFIRMED,1.0,3.25,4.431238488
K00787.02,Kepler-232 c,12366084,295.81616,51.121738,1219.47,142.06,CONFIRMED,1.0,3.95,11.37936986
K00788.01,Kepler-681 b,12404086,289.39972,51.25032,671.45,87.87,CONFIRMED,0.9629629629629629,3.07,26.39432897
K00116.01,Kepler-106 c,8395660,300.86398,44.337551,413.1,53.775000000000006,CONFIRMED,1.0,2.64,13.57078281
K00115.02,Kepler-105 c,9579641,287.88733,46.276241,450.99,64.64,CONFIRMED,1.0,1.79,7.12594387
K00774.01,,11656840,288.98682,49.733742,1209.69,287.865,FALSE POSITIVE,0.043478260869565216,15.03,7.442652004
K00775.01,Kepler-52 c,11754553,286.73804,49.97575,307.84,21.375,CONFIRMED,1.0,2.0,16.38489988
K00775.02,Kepler-52 b,11754553,286.73804,49.97575,307.84,21.375,CONFIRMED,1.0,2.16,7.8774163
K00775.03,Kepler-52 d,11754553,286.73804,49.97575,307.84,21.375,CONFIRMED,1.0,1.99,36.4454001
K00776.01,Kepler-673 b,11812062,290.78574,50.054119,932.23,162.055,CONFIRMED,0.847457627118644,6.02,3.728732147
K00777.01,,11818800,294.31686,50.080231,819.57,129.26999999999998,CANDIDATE,0.25,7.51,40.4195037
K00778.01,Kepler-674 b,11853255,285.17621,50.149818,289.27,22.5,CONFIRMED,0.9629629629629629,1.99,2.243380573
K00779.01,,11909839,289.23553,50.241001,1174.19,269.205,FALSE POSITIVE,0.25,11.23,10.405998015
K00780.01,Kepler-675 b,11918099,293.83331,50.23035,666.42,44.86,CONFIRMED,0.9642857142857143,2.34,2.337437946
K00780.02,,11918099,293.83331,50.23035,666.42,44.86,CANDIDATE,0.4883720930232558,19.45,7.2406612
K00115.03,,9579641,287.88733,46.276241,450.99,64.64,CANDIDATE,0.4883720930232558,0.55,3.43591631
K00781.01,Kepler-676 b,11923270,296.22195,50.28722,234.73,28.490000000000002,CONFIRMED,0.9629629629629629,2.65,11.59822233
K00782.01,Kepler-677 b,11960862,290.09805,50.321609,1184.98,270.19,CONFIRMED,0.847457627118644,5.31,6.575315881
K00783.01,Kepler-678 b,12020329,295.45529,50.49456,813.29,141.115,CONFIRMED,0.25,4.86,7.275040844
K00784.01,Kepler-231 c,12066335,293.97336,50.53191,306.01,24.55,CONFIRMED,1.0,1.93,19.27153892
K00784.02,Kepler-231 b,12066335,293.97336,50.53191,306.01,24.55,CONFIRMED,0.9642857142857143,1.91,10.06524317
K00785.01,Kepler-679 b,12070811,296.02133,50.56778,870.0,148.045,CONFIRMED,0.847457627118644,2.66,12.3935651
K00116.02,Kepler-106 e,8395660,300.86398,44.337551,413.1,53.775000000000006,CONFIRMED,1.0,2.87,43.84439721
K00798.01,,3120431,292.31595,38.27029,864.74,132.09,FALSE POSITIVE,0.008086253369272238,21.55,3.341913228
K00799.01,,3246984,294.36819,38.31028,1010.4,226.95,FALSE POSITIVE,0.008086253369272238,32.43,1.626630225
K00800.01,Kepler-234 b,3342970,291.65353,38.494659,1526.66,357.30999999999995,CONFIRMED,0.9629629629629629,3.12,2.711504086
K00800.02,Kepler-234 c,3342970,291.65353,38.494659,1526.66,357.30999999999995,CONFIRMED,1.0,3.32,7.21203748
K00789.01,,12459725,291.0448,51.321671,1225.92,250.615,FALSE POSITIVE,0.018867924528301886,1.88,14.1798187
K00790.01,Kepler-233 b,12470844,296.36652,51.319519,808.43,113.755,CONFIRMED,1.0,2.59,8.47237911
K00790.02,Kepler-233 c,12470844,296.36652,51.319519,808.43,113.755,CONFIRMED,1.0,2.36,60.4189369
K00791.01,Kepler-682 b,12644822,289.11221,51.737381,1012.82,232.045,CONFIRMED,0.6478732343091373,7.4,12.611904345
K00792.01,,2440757,290.84369,37.728828,1520.78,263.8,FALSE POSITIVE,0.008086253369272238,46.58,1.433769925
K00793.01,,2445129,291.84891,37.713501,1100.73,253.16500000000002,FALSE POSITIVE,0.008086253369272238,28.59,10.31872301
K00794.01,Kepler-683 b,2713049,291.43997,37.905659,1022.0,142.85500000000002,CONFIRMED,0.847457627118644,2.06,2.539183147
K00795.01,Kepler-684 b,3114167,290.87051,38.273628,835.54,110.4,CONFIRMED,0.847457627118644,2.77,6.770300385
K00796.01,,3114661,290.99689,38.28492,728.39,85.94999999999999,FALSE POSITIVE,0.008086253369272238,27.51,0.444291966
K00797.01,,3115833,291.28195,38.241669,1137.65,234.395,CANDIDATE,0.018867924528301886,7.73,10.181584004
K00812.02,Kepler-235 d,4139816,286.07913,39.27832,327.3,31.284999999999997,CONFIRMED,1.0,1.96,20.06036336
K00812.03,Kepler-235 e,4139816,286.07913,39.27832,327.3,31.284999999999997,CONFIRMED,1.0,1.83,46.1842039
K00116.04,Kepler-106 d,8395660,300.86398,44.337551,413.1,53.775000000000006,CONFIRMED,1.0,1.31,23.9800854
K00812.04,Kepler-235 c,4139816,286.07913,39.27832,327.3,31.284999999999997,CONFIRMED,1.0,1.2,7.82502168
K00813.01,Kepler-688 b,4275191,294.65524,39.308361,953.17,160.875,CONFIRMED,0.847457627118644,7.34,3.895936525
K00814.01,Kepler-689 b,4476123,294.71063,39.52174,827.66,116.28,CONFIRMED,0.875,2.32,22.36646466
K00801.01,Kepler-685 b,3351888,293.87192,38.422939,990.35,149.41,CONFIRMED,0.847457627118644,9.73,1.625522174
K00802.01,,3453214,293.81619,38.563568,1149.35,116.815,CANDIDATE,0.25,13.6,19.620346923
K00803.01,,3554600,293.94116,38.601101,998.75,174.055,FALSE POSITIVE,0.018867924528301886,17.47,7.544039
K00804.01,Kepler-1727 b,3641726,290.33362,38.72823,807.66,127.53,CONFIRMED,0.9642857142857143,2.57,9.02930689
K00805.01,,3734868,287.69675,38.886452,1285.98,311.075,FALSE POSITIVE,0.008086253369272238,13.28,10.328035714
K00806.01,Kepler-30 d,3832474,285.28363,38.947281,920.47,76.31,CONFIRMED,0.9629629629629629,8.9,143.2063047
K00116.03,Kepler-106 b,8395660,300.86398,44.337551,413.1,53.775000000000006,CONFIRMED,0.9642857142857143,0.79,6.164876
K00806.02,Kepler-30 c,3832474,285.28363,38.947281,920.47,76.31,CONFIRMED,0.9629629629629629,12.19,60.32494216
K00806.03,Kepler-30 b,3832474,285.28363,38.947281,920.47,76.31,CONFIRMED,0.847457627118644,1.91,29.1598615
K00807.01,,3836375,286.92639,38.921631,1340.39,282.97,FALSE POSITIVE,0.008086253369272238,25.69,1.540397253
K00808.01,,3838486,287.74881,38.92955,638.81,65.665,FALSE POSITIVE,0.008086253369272238,1.7,2.99025443
K00809.01,Kepler-686 b,3935914,285.21381,39.027481,1197.1,264.46,CONFIRMED,0.7333333333333333,11.3,1.594745374
K00810.01,Kepler-1728 b,3940418,287.09399,39.060719,679.69,90.845,CONFIRMED,0.9629629629629629,2.5,4.783002698
K00811.01,Kepler-687 b,4049131,289.31543,39.153278,651.27,75.29,CONFIRMED,0.9642857142857143,3.41,20.50588921
K00812.01,Kepler-235 b,4139816,286.07913,39.27832,327.3,31.284999999999997,CONFIRMED,1.0,2.03,3.340218842
K00828.01,,5287983,295.37805,40.493401,1205.11,269.98,FALSE POSITIVE,0.008086253369272238,30.26,2.507089906
K00829.01,Kepler-53 b,5358241,290.46176,40.562462,1313.94,161.2,CONFIRMED,1.0,3.12,18.64932728
K00117.02,Kepler-107 c,10875245,297.02826,48.208611,486.58,22.455,CONFIRMED,1.0,1.7,4.90144976
K00829.02,Kepler-53 d,5358241,290.46176,40.562462,1313.94,161.2,CONFIRMED,0.9642857142857143,2.76,9.75192101
K00829.03,Kepler-53 c,5358241,290.46176,40.562462,1313.94,161.2,CONFIRMED,1.0,4.02,38.5576546
K00830.01,Kepler-428 b,5358624,290.58173,40.5774,698.28,47.175,CONFIRMED,0.847457627118644,11.58,3.525632539
K00815.01,,4544670,285.92001,39.624828,1088.39,211.255,CANDIDATE,0.2916666666666667,7.61,34.84398644
K00816.01,Kepler-690 b,4664847,294.4899,39.771439,1488.76,337.255,CONFIRMED,0.7333333333333333,5.52,7.748094239
K00817.01,Kepler-236 c,4725681,283.86639,39.898079,238.39,24.365000000000002,CONFIRMED,0.9629629629629629,1.8,23.96793669
K00817.02,Kepler-236 b,4725681,283.86639,39.898079,238.39,24.365000000000002,CONFIRMED,1.0,1.82,8.29561738
K00818.01,Kepler-691 b,4913852,288.81201,40.033401,252.34,25.07,CONFIRMED,0.9629629629629629,2.1,8.11437482
K00819.01,,4932348,294.14789,40.055538,1097.19,182.18,FALSE POSITIVE,0.008086253369272238,27.5,38.036729482
K00820.01,,4936180,295.11371,40.071171,1084.61,179.36,CANDIDATE,0.008086253369272238,30.09,4.64090031
K00011.01,,11913073,291.06152,50.265129,397.21,70.795,FALSE POSITIVE,0.018867924528301886,13.65,3.747838198
K00117.01,Kepler-107 e,10875245,297.02826,48.208611,486.58,22.455,CONFIRMED,1.0,2.89,14.74914825
K00821.01,Kepler-692 b,5021899,294.77686,40.15374,1159.34,257.54,CONFIRMED,0.9629629629629629,3.38,21.81295996
K00822.01,,5077629,283.53845,40.217999,1062.16,206.39,FALSE POSITIVE,0.2916666666666667,10.34,7.91936937
K00823.01,,5115978,296.00699,40.295429,1531.22,212.35500000000002,CANDIDATE,0.0,72.77,1.028436523
K00824.01,Kepler-693 b,5164255,283.25354,40.358189,1183.7,84.75,CONFIRMED,0.4883720930232558,11.01,15.37562369
K00825.01,Kepler-237 c,5252423,283.22141,40.421829,598.11,67.2,CONFIRMED,1.0,2.11,8.10363271
K00825.02,Kepler-237 b,5252423,283.22141,40.421829,598.11,67.2,CONFIRMED,1.0,1.46,4.71510843
K00826.01,Kepler-694 b,5272878,291.14951,40.420521,889.28,172.765,CONFIRMED,0.9629629629629629,2.44,6.365839713
K00827.01,,5283542,294.22397,40.417858,1338.89,323.07,FALSE POSITIVE,0.4883720930232558,3.86,5.97581754
K00839.01,,5649215,298.96112,40.862808,853.98,159.41,FALSE POSITIVE,0.008086253369272238,26.25,2.446737317
K00840.01,Kepler-695 b,5651104,299.3161,40.82238,599.28,73.7,CONFIRMED,0.847457627118644,8.99,3.04033046
K00841.01,Kepler-27 b,5792202,292.23676,41.08588,1015.92,84.34,CONFIRMED,0.9629629629629629,5.0,15.33528675
K00117.04,Kepler-107 d,10875245,297.02826,48.208611,486.58,22.455,CONFIRMED,1.0,1.06,7.95825328
K00841.02,Kepler-27 c,5792202,292.23676,41.08588,1015.92,84.34,CONFIRMED,0.9629629629629629,6.5,31.33046135
K00831.01,,5370302,294.05676,40.549679,915.3,188.175,FALSE POSITIVE,0.043478260869565216,12.28,3.9043425
K00832.01,,5372966,294.74396,40.53392,890.24,168.995,FALSE POSITIVE,0.018867924528301886,17.61,9.286358079
K00833.01,,5376067,295.50439,40.505489,1085.18,218.275,FALSE POSITIVE,0.008086253369272238,31.44,3.951405455
K00834.01,Kepler-238 e,5436502,287.89713,40.637821,1468.35,265.1,CONFIRMED,1.0,7.89,23.65369415
K00834.02,Kepler-238 d,5436502,287.89713,40.637821,1468.35,265.1,CONFIRMED,1.0,3.06,13.23352214
K00834.03,Kepler-238 c,5436502,287.89713,40.637821,1468.35,265.1,CONFIRMED,1.0,2.32,6.15560285
K00834.04,Kepler-238 b,5436502,287.89713,40.637821,1468.35,265.1,CONFIRMED,0.9642857142857143,1.62,2.090811305
K00117.03,Kepler-107 b,10875245,297.02826,48.208611,486.58,22.455,CONFIRMED,1.0,1.53,3.180027898
K00834.05,Kepler-238 f,5436502,287.89713,40.637821,1468.35,265.1,CONFIRMED,1.0,2.67,50.4467417
K00835.01,Kepler-239 b,5456651,294.20215,40.66341,615.35,44.635000000000005,CONFIRMED,0.9642857142857143,2.35,11.76307164
K00835.02,Kepler-239 c,5456651,294.20215,40.66341,615.35,44.635000000000005,CONFIRMED,1.0,2.37,56.2279271
K00836.01,,5481416,299.64285,40.691238,683.49,75.61,FALSE POSITIVE,0.008086253369272238,17.06,2.384052875
K00837.01,Kepler-240 c,5531576,291.15878,40.750271,726.79,44.75,CONFIRMED,0.9642857142857143,2.25,7.953547
K00837.02,Kepler-240 b,5531576,291.15878,40.750271,726.79,44.75,CONFIRMED,0.9629629629629629,1.48,4.14451656
K00838.01,,5534814,292.21436,40.759762,1238.49,296.59,FALSE POSITIVE,0.008086253369272238,38.33,4.859386384
K00850.01,Kepler-702 b,6291653,293.87811,41.66177,797.63,122.53,CONFIRMED,0.875,8.24,10.526294577
K00851.01,Kepler-703 b,6392727,299.18686,41.74268,951.16,199.81,CONFIRMED,0.847457627118644,5.39,4.583520948
K00852.01,Kepler-704 b,6422070,283.31638,41.83712,1026.49,230.06,CONFIRMED,0.847457627118644,2.66,3.76181843
K00853.01,Kepler-242 b,6428700,286.5657,41.808399,725.71,86.555,CONFIRMED,1.0,3.01,8.20396958
K00853.02,Kepler-242 c,6428700,286.5657,41.808399,725.71,86.555,CONFIRMED,0.9629629629629629,3.01,14.49645186
K00841.03,Kepler-27 d,5792202,292.23676,41.08588,1015.92,84.34,CONFIRMED,1.0,2.19,6.54626149
K00842.01,Kepler-241 b,5794379,292.91312,41.060921,499.07,52.42,CONFIRMED,1.0,2.31,12.71809866
K00842.02,Kepler-241 c,5794379,292.91312,41.060921,499.07,52.42,CONFIRMED,1.0,2.64,36.06588163
K00843.01,Kepler-696 b,5881688,293.49661,41.137589,1361.78,337.08,CONFIRMED,0.847457627118644,6.21,4.190425659
K00844.01,Kepler-697 b,6022556,283.86441,41.346458,1260.35,145.035,CONFIRMED,0.847457627118644,4.35,3.709870784
K00845.01,Kepler-698 b,6032497,288.51001,41.301769,1258.86,285.52,CONFIRMED,0.847457627118644,3.75,16.3297527
K00846.01,Kepler-699 b,6061119,296.88821,41.396091,960.94,183.23999999999998,CONFIRMED,0.25,13.84,27.807566216
K00847.01,Kepler-700 b,6191521,287.1543,41.565788,1279.17,221.285,CONFIRMED,0.9629629629629629,7.59,80.8723469
K00848.01,,6267425,284.86929,41.679192,795.58,99.55,FALSE POSITIVE,0.008086253369272238,26.82,3.166465862
K00118.01,Kepler-467 b,3531558,287.36279,38.649601,422.07,21.335,CONFIRMED,0.9642857142857143,2.29,24.99324319
K00849.01,Kepler-701 b,6276477,288.9942,41.633282,830.69,169.10000000000002,CONFIRMED,0.9642857142857143,2.47,10.35533116
K00867.01,Kepler-709 b,6863998,292.10519,42.380322,735.65,104.33500000000001,CONFIRMED,0.847457627118644,3.68,16.08518937
K00868.01,,6867155,293.00797,42.307201,357.58,22.39,CANDIDATE,0.2916666666666667,10.59,235.9986399
K00869.01,Kepler-245 b,6948054,291.63898,42.436321,802.87,59.8,CONFIRMED,1.0,2.56,7.49018305
K00869.02,Kepler-245 d,6948054,291.63898,42.436321,802.87,59.8,CONFIRMED,1.0,3.03,36.2761238
K00869.03,Kepler-245 c,6948054,291.63898,42.436321,802.87,59.8,CONFIRMED,1.0,2.32,17.46087931
K00854.01,Kepler-705 b,6435936,289.50848,41.812119,234.91,28.25,CONFIRMED,0.9629629629629629,1.94,56.0560754
K00855.01,Kepler-706 b,6522242,291.76041,41.944069,718.37,113.33500000000001,CONFIRMED,0.847457627118644,11.38,41.408316686
K00856.01,,6526710,293.17929,41.969238,1193.8,281.175,CANDIDATE,0.008086253369272238,14.21,39.74893077
K00857.01,Kepler-243 b,6587280,285.11047,42.033958,703.46,102.59,CONFIRMED,1.0,2.47,5.715425977
K00119.01,Kepler-108 b,9471974,294.55917,46.062328,689.95,48.74,CONFIRMED,1.0,8.2,49.18394185
K00857.02,Kepler-243 c,6587280,285.11047,42.033958,703.46,102.59,CONFIRMED,0.875,2.28,20.0261412
K00858.01,,6599919,289.89777,42.009151,860.01,184.89000000000001,CANDIDATE,0.008086253369272238,19.02,13.61014819
K00859.01,,6675056,286.24356,42.148811,767.81,90.515,FALSE POSITIVE,0.4883720930232558,2.66,10.44331991
K00861.01,Kepler-707 b,6685526,290.00757,42.116459,683.56,49.12,CONFIRMED,0.847457627118644,1.41,2.237489571
K00862.01,,6756669,284.08731,42.233231,876.96,154.54500000000002,FALSE POSITIVE,0.25,14.62,5.851520671
K00863.01,Kepler-708 b,6784235,293.81647,42.212502,1223.65,270.625,CONFIRMED,0.9629629629629629,2.62,3.167893418
K00864.01,Kepler-244 b,6849310,287.24268,42.301369,1142.11,116.605,CONFIRMED,0.9708401623798794,3.11,4.311780262
K00864.02,Kepler-244 d,6849310,287.24268,42.301369,1142.11,116.605,CONFIRMED,1.0,2.69,20.0504494
K00864.03,Kepler-244 c,6849310,287.24268,42.301369,1142.11,116.605,CONFIRMED,1.0,2.67,9.76734503
K00865.01,,6862328,291.58377,42.36816,1038.71,148.76,CANDIDATE,0.9642857142857143,8.98,119.0207044
K00119.02,Kepler-108 c,9471974,294.55917,46.062328,689.95,48.74,CONFIRMED,0.9642857142857143,7.78,190.3200468
K00866.01,,6862603,291.67172,42.343109,1469.07,345.635,FALSE POSITIVE,0.018867924528301886,4.37,2.861159894
K00880.01,Kepler-82 b,7366258,292.87338,42.966141,912.46,96.07,CONFIRMED,1.0,3.91,26.44439337
K00880.02,Kepler-82 c,7366258,292.87338,42.966141,912.46,96.07,CONFIRMED,1.0,5.51,51.53997972
K00880.03,Kepler-82 e,7366258,292.87338,42.966141,912.46,96.07,CONFIRMED,1.0,2.43,5.902245782
K00880.04,Kepler-82 d,7366258,292.87338,42.966141,912.46,96.07,CONFIRMED,0.9642857142857143,1.86,2.382951591
K00881.01,Kepler-712 b,7373451,294.90973,42.935261,854.05,60.265,CONFIRMED,1.0,3.07,21.02250608
K00869.04,Kepler-245 e,6948054,291.63898,42.436321,802.87,59.8,CONFIRMED,0.9642857142857143,1.69,3.219814777
K00870.01,Kepler-28 b,6949607,292.13702,42.42942,302.18,22.97,CONFIRMED,1.0,1.73,5.912273234
K00870.02,Kepler-28 c,6949607,292.13702,42.42942,302.18,22.97,CONFIRMED,1.0,1.65,8.98581901
K00871.01,,7031517,291.11969,42.507069,941.82,159.68,CANDIDATE,0.008086253369272238,22.94,12.940668656
K00120.01,,11869052,294.40192,50.172089,374.51,90.97,FALSE POSITIVE,0.9642857142857143,2.41,20.5452375
K00872.01,Kepler-46 b,7109675,289.26874,42.604172,843.01,56.43000000000001,CONFIRMED,0.9642857142857143,8.46,33.60123371
K00872.02,Kepler-46 d,7109675,289.26874,42.604172,843.01,56.43000000000001,CONFIRMED,1.0,1.97,6.76652928
K00873.01,Kepler-710 b,7118364,291.96417,42.69614,1135.89,162.04500000000002,CONFIRMED,0.9629629629629629,2.36,4.347288783
K00874.01,Kepler-246 b,7134976,296.48343,42.663429,647.48,44.745000000000005,CONFIRMED,1.0,2.35,4.601811819
K00874.02,Kepler-246 c,7134976,296.48343,42.663429,647.48,44.745000000000005,CONFIRMED,1.0,1.55,11.18719905
K00875.01,Kepler-1729 b,7135852,296.69394,42.62611,319.77,114.07000000000001,CONFIRMED,0.625,2.62,4.220965778
K00876.01,,7270230,287.88412,42.832439,1178.19,216.72000000000003,FALSE POSITIVE,0.008086253369272238,588.66,6.998099523
K00877.01,Kepler-81 b,7287995,293.63696,42.82497,332.12,21.685000000000002,CONFIRMED,1.0,2.33,5.95489993
K00877.02,Kepler-81 c,7287995,293.63696,42.82497,332.12,21.685000000000002,CONFIRMED,1.0,2.18,12.03987488
K00877.03,Kepler-81 d,7287995,293.63696,42.82497,332.12,21.685000000000002,CONFIRMED,1.0,1.42,20.83762895
K00121.01,,3247396,294.46088,38.383461,986.19,198.10500000000002,FALSE POSITIVE,0.008086253369272238,63.66,8.8111022
K00878.01,Kepler-711 b,7303253,297.46002,42.83992,576.32,69.08500000000001,CONFIRMED,0.847457627118644,3.16,23.58917143
K00123.01,Kepler-109 b,5094751,290.39273,40.28487,441.48,22.63,CONFIRMED,1.0,2.54,6.481633073
K00892.01,Kepler-716 b,7678434,290.39322,43.363899,745.15,61.84,CONFIRMED,1.0,3.2,10.37168928
K00892.02,Kepler-716 c,7678434,290.39322,43.363899,745.15,61.84,CONFIRMED,0.9642857142857143,1.78,3.96996298
K00893.01,Kepler-717 b,7685981,292.96555,43.34639,1340.92,307.64,CONFIRMED,0.4883720930232558,2.66,4.40841331
K00894.01,,7708215,299.00143,43.399632,1029.8,215.6,FALSE POSITIVE,0.018867924528301886,4.68,7.9426176
K00881.02,Kepler-712 c,7373451,294.90973,42.935261,854.05,60.265,CONFIRMED,0.8748833852131418,4.53,226.8904775
K00882.01,,7377033,295.83536,42.943062,618.65,53.38,FALSE POSITIVE,0.008086253369272238,21.58,1.956811408
K00883.01,,7380537,296.68307,42.967869,615.88,64.64,CANDIDATE,0.7333333333333333,12.04,2.688899233
K00884.01,Kepler-247 c,7434875,288.64252,43.039291,631.96,75.565,CONFIRMED,1.0,4.16,9.439459486
K00122.01,Kepler-95 b,8349582,284.48245,44.398041,436.91,28.125,CONFIRMED,0.9654191951744246,3.13,11.523067458
K00884.02,Kepler-247 d,7434875,288.64252,43.039291,631.96,75.565,CONFIRMED,1.0,2.92,20.47748843
K00884.03,Kepler-247 b,7434875,288.64252,43.039291,631.96,75.565,CONFIRMED,1.0,1.74,3.336123113
K00886.01,Kepler-54 b,7455287,294.77393,43.056301,237.6,29.96,CONFIRMED,1.0,1.72,8.01078456
K00886.02,Kepler-54 c,7455287,294.77393,43.056301,237.6,29.96,CONFIRMED,0.9629629629629629,1.29,12.07134205
K00886.03,Kepler-54 d,7455287,294.77393,43.056301,237.6,29.96,CONFIRMED,1.0,1.3,20.99587872
K00887.01,Kepler-713 b,7458762,295.65149,43.029831,937.49,206.685,CONFIRMED,0.9629629629629629,2.45,7.41113177
K00888.01,,7552344,297.97513,43.164909,815.9,146.91500000000002,FALSE POSITIVE,0.25,4.14,1.000747038
K00889.01,Kepler-75 b,757450,291.1376,36.577381,731.73,47.5,CONFIRMED,0.875,10.51,8.884922995
K00890.01,Kepler-714 b,7585481,282.69952,43.272739,1422.15,350.595,CONFIRMED,0.9629629629629629,8.95,8.09888906
K00891.01,Kepler-715 b,7663691,283.63077,43.379398,1179.2,261.83500000000004,CONFIRMED,0.847457627118644,3.52,10.00653012
K00012.01,Kepler-448 b,5812701,297.45374,41.01099,363.38,44.084999999999994,CONFIRMED,0.847457627118644,13.16,17.855221681
K00901.01,,8013419,285.16748,43.876339,355.9,130.20499999999998,CANDIDATE,0.847457627118644,4.87,12.732624065
K00902.01,,8018547,287.85239,43.897991,347.59,43.695,CANDIDATE,0.4883720930232558,4.78,83.92494032
K00903.01,Kepler-719 b,8039892,295.53613,43.884449,1191.66,228.91500000000002,CONFIRMED,0.7333333333333333,6.96,5.007316661
K00904.01,Kepler-55 d,8150320,285.16833,44.026459,525.83,34.425,CONFIRMED,0.9642857142857143,1.85,2.211116989
K00904.02,Kepler-55 b,8150320,285.16833,44.026459,525.83,34.425,CONFIRMED,1.0,1.9,27.9541337
K00124.01,Kepler-110 b,11086270,292.92914,48.60281,709.35,143.3,CONFIRMED,1.0,2.57,12.69104387
K00895.01,,7767559,296.41019,43.455391,1062.51,241.96,FALSE POSITIVE,0.25,10.95,4.409409243
K00896.01,Kepler-248 c,7825899,293.0614,43.58136,797.62,64.245,CONFIRMED,1.0,4.14,16.23947096
K00896.02,Kepler-248 b,7825899,293.0614,43.58136,797.62,64.245,CONFIRMED,1.0,2.96,6.308201629
K00897.01,Kepler-718 b,7849854,299.56189,43.503559,1191.63,151.385,CONFIRMED,0.847457627118644,13.12,2.052349884
K00898.01,Kepler-83 b,7870390,282.23251,43.66563,303.62,28.96,CONFIRMED,1.0,2.23,9.7704486
K00898.02,Kepler-83 d,7870390,282.23251,43.66563,303.62,28.96,CONFIRMED,1.0,1.66,5.169804269
K00123.02,Kepler-109 c,5094751,290.39273,40.28487,441.48,22.63,CONFIRMED,1.0,2.48,21.22261195
K00898.03,Kepler-83 c,7870390,282.23251,43.66563,303.62,28.96,CONFIRMED,0.9642857142857143,2.25,20.09017037
K00899.01,Kepler-249 c,7907423,296.98505,43.65852,145.74,22.175,CONFIRMED,1.0,1.16,7.11373257
K00899.02,Kepler-249 b,7907423,296.98505,43.65852,145.74,22.175,CONFIRMED,0.9819840998324942,0.91,3.306551643
K00899.03,Kepler-249 d,7907423,296.98505,43.65852,145.74,22.175,CONFIRMED,1.0,1.11,15.36845737
K00900.01,Kepler-1730 b,7938496,281.96063,43.70311,1456.54,379.365,CONFIRMED,0.875,4.56,13.81020318
K00911.01,Kepler-722 b,8490993,290.26328,44.55645,1324.57,281.455,CONFIRMED,0.847457627118644,2.85,4.093578461
K00911.02,Kepler-722 c,8490993,290.26328,44.55645,1324.57,281.455,CONFIRMED,0.847457627118644,3.43,105.145959
K00912.01,Kepler-252 c,8505670,295.57935,44.545959,313.8,112.27000000000001,CONFIRMED,1.0,2.34,10.8484518
K00912.02,Kepler-252 b,8505670,295.57935,44.545959,313.8,112.27000000000001,CONFIRMED,0.9642857142857143,1.18,6.66833241
K00913.01,Kepler-723 b,8544996,284.83047,44.658138,848.16,159.035,CONFIRMED,0.847457627118644,10.55,4.082274889
K00914.01,,8552202,288.72665,44.60751,858.99,127.975,CANDIDATE,0.4883720930232558,1.87,3.886655224
K00904.03,Kepler-55 c,8150320,285.16833,44.026459,525.83,34.425,CONFIRMED,1.0,1.85,42.1406089
K00904.04,Kepler-55 e,8150320,285.16833,44.026459,525.83,34.425,CONFIRMED,1.0,1.62,4.617490562
K00904.05,Kepler-55 f,8150320,285.16833,44.026459,525.83,34.425,CONFIRMED,1.0,1.75,10.19849255
K00905.01,,8180063,296.50754,44.036072,985.24,172.06,FALSE POSITIVE,0.043478260869565216,4.33,5.795063956
K00906.01,Kepler-250 c,8226994,289.59476,44.141949,800.34,57.05,CONFIRMED,1.0,2.47,7.15681552
K00906.02,Kepler-250 d,8226994,289.59476,44.141949,800.34,57.05,CONFIRMED,1.0,2.43,17.64830851
K00906.03,Kepler-250 b,8226994,289.59476,44.141949,800.34,57.05,CONFIRMED,0.9642857142857143,1.08,4.14810719
K00907.01,Kepler-251 c,8247638,296.56622,44.105862,889.63,91.12,CONFIRMED,1.0,2.72,16.51410989
K00907.02,Kepler-251 d,8247638,296.56622,44.105862,889.63,91.12,CONFIRMED,1.0,3.14,30.1329298
K00907.03,Kepler-251 b,8247638,296.56622,44.105862,889.63,91.12,CONFIRMED,1.0,1.36,4.79090809
K00124.02,Kepler-110 c,11086270,292.92914,48.60281,709.35,143.3,CONFIRMED,1.0,3.09,31.71981013
K00907.04,Kepler-251 e,8247638,296.56622,44.105862,889.63,91.12,CONFIRMED,1.0,2.64,99.6415962
K00908.01,Kepler-720 b,8255887,298.63565,44.17094,1146.84,308.27,CONFIRMED,0.9642857142857143,10.6,4.708326451
K00909.01,,8256049,298.67862,44.175499,369.04,43.855000000000004,FALSE POSITIVE,0.008086253369272238,540.37,16.37198661
K00910.01,Kepler-721 b,8414716,284.43051,44.48053,876.07,116.46000000000001,CONFIRMED,0.847457627118644,2.68,5.392026903
K00928.01,,9140402,284.75943,45.599129,875.2,75.87,CANDIDATE,0.847457627118644,2.42,2.494170338
K00929.01,Kepler-730 b,9141746,285.55481,45.578861,1656.16,418.15999999999997,CONFIRMED,0.9629629629629629,9.66,6.491682808
K00930.01,,9159275,293.68494,45.51683,920.73,140.965,FALSE POSITIVE,0.008086253369272238,24.54,3.044770796
K00931.01,Kepler-731 b,9166862,296.39316,45.568562,1283.75,282.365,CONFIRMED,0.9629629629629629,13.61,3.855603916
K00932.01,,9166870,296.39542,45.56992,1041.64,211.75,FALSE POSITIVE,0.27824964882638786,3.57,3.855599139
K00125.01,Kepler-468 b,11449844,288.90222,49.370491,470.4,46.625,CONFIRMED,0.847457627118644,13.26,38.47876629
K00915.01,,8605074,282.30603,44.714661,1536.51,380.07,FALSE POSITIVE,0.008086253369272238,27.22,37.601661282
K00916.01,Kepler-724 b,8628973,293.45483,44.792789,960.89,202.395,CONFIRMED,0.847457627118644,3.94,3.314947362
K00917.01,,8655354,301.04956,44.706299,930.29,186.10500000000002,FALSE POSITIVE,0.018867924528301886,4.37,6.71969089
K00918.01,Kepler-725 b,8672910,283.97751,44.811562,788.21,67.97,CONFIRMED,0.9642857142857143,10.98,39.6431552
K00919.01,,8686150,290.63898,44.806789,1740.18,433.47999999999996,FALSE POSITIVE,0.008086253369272238,29.66,51.42598578
K00920.01,Kepler-726 b,8689031,291.71732,44.88731,677.38,95.255,CONFIRMED,0.9629629629629629,2.6,21.80451611
K00921.01,Kepler-253 c,8689373,291.84198,44.858089,786.27,108.97,CONFIRMED,1.0,2.53,10.28194593
K00921.02,Kepler-253 d,8689373,291.84198,44.858089,786.27,108.97,CONFIRMED,1.0,2.95,18.11993039
K00921.03,Kepler-253 b,8689373,291.84198,44.858089,786.27,108.97,CONFIRMED,1.0,1.7,3.78402867
K00922.01,Kepler-727 b,8826878,294.84689,45.034409,906.25,174.31,CONFIRMED,0.7333333333333333,2.94,5.15448142
K00126.01,Kepler-469 b,5897826,297.47586,41.114288,793.84,147.6,FALSE POSITIVE,0.625,20.7,33.80364366
K00923.01,Kepler-728 b,8883593,291.09235,45.115528,1207.41,272.87,CONFIRMED,0.875,3.13,5.743469797
K00924.01,,8951215,291.20804,45.244389,1275.51,301.28,CANDIDATE,0.9629629629629629,4.06,39.4759093
K00925.01,,9016295,289.72748,45.367661,1204.07,279.485,FALSE POSITIVE,0.008086253369272238,26.56,19.974485239
K00926.01,Kepler-729 b,9077124,286.36011,45.414291,1456.4,332.77,CONFIRMED,0.847457627118644,3.82,3.166353562
K00927.01,,9097120,294.71768,45.48576,1249.31,278.815,FALSE POSITIVE,0.0,44.04,23.899634407
K00939.01,Kepler-256 c,9466668,292.58044,46.097389,1230.74,217.98,CONFIRMED,1.0,2.11,3.388012244
K00939.02,Kepler-256 d,9466668,292.58044,46.097389,1230.74,217.98,CONFIRMED,1.0,2.06,5.83909761
K00939.03,Kepler-256 b,9466668,292.58044,46.097389,1230.74,217.98,CONFIRMED,1.0,1.57,1.620467654
K00939.04,Kepler-256 e,9466668,292.58044,46.097389,1230.74,217.98,CONFIRMED,1.0,2.3,10.6816951
K00940.01,Kepler-734 b,9479273,297.04562,46.027359,456.99,32.120000000000005,CONFIRMED,0.4883720930232558,3.18,6.104849417
K00127.01,Kepler-77 b,8359498,289.60797,44.345421,605.26,42.8,CONFIRMED,0.9629629629629629,10.43,3.578780566
K00933.01,,9171801,297.78848,45.565418,984.7,178.5,FALSE POSITIVE,0.008086253369272238,23.88,3.187067566
K00934.01,Kepler-254 b,9334289,288.1647,45.816509,1562.27,218.925,CONFIRMED,1.0,4.09,5.826657508
K00934.02,Kepler-254 c,9334289,288.1647,45.816509,1562.27,218.925,CONFIRMED,1.0,2.58,12.41216347
K00934.03,Kepler-254 d,9334289,288.1647,45.816509,1562.27,218.925,CONFIRMED,1.0,3.05,18.74649011
K00935.01,Kepler-31 b,9347899,294.02301,45.853081,1609.4,280.975,CONFIRMED,1.0,5.5,20.86021229
K00935.02,Kepler-31 c,9347899,294.02301,45.853081,1609.4,280.975,CONFIRMED,1.0,5.22,42.63427848
K00935.03,Kepler-31 d,9347899,294.02301,45.853081,1609.4,280.975,CONFIRMED,1.0,4.0,87.6476068
K00935.04,,9347899,294.02301,45.853081,1609.4,280.975,CANDIDATE,1.0,1.94,9.61731426
K00936.01,Kepler-732 b,9388479,283.73203,45.958771,147.99,19.35,CONFIRMED,1.0,2.13,9.467821474
K00936.02,Kepler-732 c,9388479,283.73203,45.958771,147.99,19.35,CONFIRMED,0.9902896758537731,1.24,0.893040969
K00128.01,Kepler-15 b,11359879,296.20059,49.140121,548.87,59.885,CONFIRMED,0.847457627118644,10.62,4.942783419
K00937.01,Kepler-733 b,9406990,293.01828,45.914688,1002.74,188.325,CONFIRMED,0.9642857142857143,2.74,20.83426731
K00938.01,Kepler-255 c,9415172,296.06424,45.976841,1139.46,164.35,CONFIRMED,1.0,3.12,9.94602357
K00938.02,Kepler-255 d,9415172,296.06424,45.976841,1139.46,164.35,CONFIRMED,0.9629629629629629,1.45,1.04562195
K00938.03,Kepler-255 b,9415172,296.06424,45.976841,1139.46,164.35,CONFIRMED,0.9642857142857143,1.78,5.71462396
K00145.01,,9904059,296.81772,46.781509,2660.3,412.835,FALSE POSITIVE,0.008086253369272238,39.0,102.9641952
K01102.02,Kepler-24 b,3231341,290.41327,38.34375,1239.43,220.075,CONFIRMED,0.9642857142857143,3.43,8.14515981
K01102.03,Kepler-24 e,3231341,290.41327,38.34375,1239.43,220.075,CONFIRMED,0.847457627118644,43.17,18.9985279
K01102.04,Kepler-24 d,3231341,290.41327,38.34375,1239.43,220.075,CONFIRMED,1.0,2.07,4.24439049
K01103.01,,2860866,293.22391,38.033581,1481.3,350.57,CANDIDATE,0.4883720930232558,7.12,90.1240507
K00150.02,Kepler-112 c,7626506,296.98102,43.209751,453.87,43.4,CONFIRMED,1.0,2.32,28.5742692
K01168.01,,10460629,287.58679,47.600021,996.59,258.825,CANDIDATE,0.4883720930232558,3.87,856.672115
K01169.01,,10319385,281.55118,47.469959,446.43,50.07,CANDIDATE,0.4883720930232558,1.32,0.689210173
K01170.01,Kepler-1739 b,10482160,296.23215,47.678959,664.0,110.88,CONFIRMED,0.847457627118644,1.84,7.34373964
K01171.01,,10485069,297.10349,47.64357,1407.83,317.2,FALSE POSITIVE,0.0,35.74,0.445277068
K00966.01,,3233043,290.91119,38.335579,758.82,421.225,FALSE POSITIVE,0.008086253369272238,59.56,0.379463865
K00967.01,,6579806,281.66916,42.038639,1167.58,247.57,FALSE POSITIVE,0.008086253369272238,23.6,9.88047978
K00968.01,,3560301,295.26682,38.61124,780.04,198.135,FALSE POSITIVE,0.0,5.06,4.6484156
K00969.01,,4044005,287.61633,39.127239,405.58,101.255,FALSE POSITIVE,0.018867924528301886,13.66,17.512014768
K00970.01,,11502218,289.09323,49.424484,238.6,52.855000000000004,CANDIDATE,0.008086253369272238,34.39,3.9886021
K00971.01,,11180361,286.0192,48.866741,314.05,121.645,CANDIDATE,0.0,133.56,0.533059312
K01044.01,,5802246,295.09866,41.007038,804.02,156.355,FALSE POSITIVE,0.0,23.61,0.525154153
K01045.01,,6066403,298.13589,41.332062,477.65,99.055,FALSE POSITIVE,0.008086253369272238,27.85,1.303861044
K01046.01,,6209637,293.28799,41.560455,918.73,253.58,FALSE POSITIVE,0.0,,0.73452496
K01047.01,,5988031,298.77325,41.214729,770.18,163.105,FALSE POSITIVE,0.018867924528301886,23.35,2.55549176
K00014.01,,7684873,292.61194,43.305141,536.07,126.085,FALSE POSITIVE,0.0,403.59,2.947376671
K00139.01,Kepler-111 c,8559644,291.65317,44.688271,682.65,106.96,CONFIRMED,0.9642857142857143,7.67,224.7789355
K01104.01,,2851100,291.17068,38.008591,652.07,67.39,FALSE POSITIVE,0.625,1.25,0.890110752
K01105.01,,3130300,294.52557,38.204632,3311.67,786.125,FALSE POSITIVE,0.25,7.47,5.76573396
K01106.01,Kepler-769 b,3240158,292.7131,38.358212,1171.09,150.7,CONFIRMED,1.0,2.47,7.42608123
K01106.02,Kepler-769 c,3240158,292.7131,38.358212,1171.09,150.7,CONFIRMED,0.9629629629629629,1.62,15.9868932
K01107.01,,3228959,289.7962,38.351181,1058.03,218.63,FALSE POSITIVE,0.008086253369272238,17.12,0.73094589
K01108.01,Kepler-770 b,3218908,286.49042,38.374908,3437.43,847.395,CONFIRMED,0.9629629629629629,13.92,18.92537246
K01172.01,,10341913,292.77588,47.461689,1055.05,290.35,FALSE POSITIVE,0.008086253369272238,3.22,0.933749106
K01173.01,,10480921,295.79526,47.66396,799.81,182.595,FALSE POSITIVE,0.008086253369272238,1.19,2.037440623
K01174.01,,10287723,296.82162,47.354031,204.59,19.105,CANDIDATE,0.2916666666666667,2.99,129995.7784
K01175.01,Kepler-784 b,10350571,295.92065,47.448608,670.12,132.465,CONFIRMED,0.9629629629629629,1.78,31.5925809
K01175.02,Kepler-784 c,10350571,295.92065,47.448608,670.12,132.465,CONFIRMED,0.9629629629629629,1.55,17.157236
K01176.01,Kepler-785 b,3749365,292.0683,38.84227,340.32,102.49,CONFIRMED,0.847457627118644,8.78,1.97376085
K00972.01,,11013201,282.00031,48.542221,552.73,91.515,CANDIDATE,0.847457627118644,8.25,13.118962443
K00133.01,,11673674,297.31006,49.703041,601.07,142.31,FALSE POSITIVE,0.018867924528301886,7.48,4.618767792
K00972.02,,11013201,282.00031,48.542221,552.73,91.515,CANDIDATE,0.4883720930232558,2.78,7.82187328
K00974.01,,9414417,295.80267,45.988079,188.19,11.355,CANDIDATE,0.9629629629629629,2.52,53.5057611
K00975.01,Kepler-21 b,3632418,287.36182,38.714016,96.03,6.654999999999999,CONFIRMED,0.4883720930232558,1.69,2.785821236
K00976.01,,3441784,290.94437,38.538868,275.89,65.92,FALSE POSITIVE,0.0,78.54,52.56901867
K01048.01,,5820218,298.9917,41.074989,276.88,44.760000000000005,FALSE POSITIVE,0.043478260869565216,14.71,3.411758679
K01049.01,,5876368,291.82181,41.11269,754.21,131.83499999999998,FALSE POSITIVE,0.06671456341969617,1.45,0.525426427
K01050.01,Kepler-755 b,5809890,296.86099,41.09734,367.08,26.005,CONFIRMED,0.9629629629629629,1.41,1.269091415
K01050.02,Kepler-755 c,5809890,296.86099,41.09734,367.08,26.005,CONFIRMED,0.9642857142857143,1.36,2.853133997
K01051.01,Kepler-1734 b,6131236,294.16321,41.451801,1235.31,279.33000000000004,CONFIRMED,0.847457627118644,2.01,6.79685353
K00146.01,,9048161,299.39972,45.316051,847.93,280.97,FALSE POSITIVE,0.008086253369272238,67.37,8.667822346
K01108.02,Kepler-770 c,3218908,286.49042,38.374908,3437.43,847.395,CONFIRMED,0.4883720930232558,5.88,1.475323222
K01108.03,Kepler-770 d,3218908,286.49042,38.374908,3437.43,847.395,CONFIRMED,0.847457627118644,7.62,4.15246118
K01109.01,,3235672,291.6069,38.348061,455.38,48.94,FALSE POSITIVE,0.008086253369272238,,6.7210783
K01110.01,Kepler-771 b,2837111,287.44409,38.088428,917.57,212.725,CONFIRMED,0.9642857142857143,1.59,8.7348852
K01111.01,,3120276,292.27905,38.284531,896.53,170.91,FALSE POSITIVE,0.8684935740610144,1.81,10.26547688
K00151.01,,2307199,292.37476,37.630959,748.87,166.065,CANDIDATE,0.25,5.24,13.4471791
K01177.01,,3547091,292.07849,38.631481,818.29,113.63,FALSE POSITIVE,0.008086253369272238,25.89,3.305577989
K01178.01,,3869825,296.13391,38.999008,753.03,177.165,FALSE POSITIVE,0.008086253369272238,16.91,4.800653901
K01179.01,,3655332,293.92599,38.73798,931.83,176.925,FALSE POSITIVE,0.008086253369272238,56.44,15.06649901
K01180.01,,4042026,286.86926,39.103729,658.28,83.52,FALSE POSITIVE,0.018867924528301886,11.36,34.82008158
K01181.01,,3344419,291.99988,38.437698,962.59,225.14000000000001,FALSE POSITIVE,0.008086253369272238,33.65,0.651784374
K00977.01,,11192141,292.71964,48.852016,865.86,180.935,FALSE POSITIVE,0.0,430.99,1.353771892
K00978.01,,11494130,284.02679,49.415428,520.96,104.97,FALSE POSITIVE,0.008086253369272238,71.39,18.95491633
K00979.01,,5648449,298.80411,40.843563,2768.33,655.79,FALSE POSITIVE,0.008086253369272238,2436.69,4.348866254
K00980.01,,12167361,295.59872,50.720669,475.04,100.58,FALSE POSITIVE,0.008086253369272238,68.02,47.93094546
K00981.01,,8607720,283.73642,44.71331,493.27,66.045,FALSE POSITIVE,0.008086253369272238,2.98,3.99751422
K00982.01,,1433962,291.76196,37.09864,461.65,46.76,FALSE POSITIVE,0.008086253369272238,1.56,1.592633181
K00134.01,,9032900,295.58658,45.364979,1080.9,228.355,CONFIRMED,0.4883720930232558,12.1,67.5923754
K01052.01,Kepler-265 c,5956342,290.51047,41.24482,1333.43,202.12,CONFIRMED,1.0,2.54,17.02902786
K01052.02,Kepler-265 b,5956342,290.51047,41.24482,1333.43,202.12,CONFIRMED,1.0,1.67,6.84619236
K01052.03,Kepler-265 e,5956342,290.51047,41.24482,1333.43,202.12,CONFIRMED,1.0,2.39,67.8321638
K01052.04,Kepler-265 d,5956342,290.51047,41.24482,1333.43,202.12,CONFIRMED,0.9629629629629629,2.39,43.1312147
K01053.01,Kepler-756 b,5956656,290.60794,41.201092,1248.79,192.4,CONFIRMED,0.847457627118644,1.54,1.224866441
K01112.01,Kepler-1736 b,3109930,289.7767,38.26228,888.65,198.63,CONFIRMED,0.9629629629629629,2.33,37.8102649
K01113.01,Kepler-268 b,2854914,291.97617,38.05508,764.21,116.415,CONFIRMED,1.0,2.48,25.93406406
K01113.02,Kepler-268 c,2854914,291.97617,38.05508,764.21,116.415,CONFIRMED,1.0,2.73,83.4463485
K01114.01,,3337425,290.13492,38.404221,1026.61,243.255,FALSE POSITIVE,0.043478260869565216,25.2,7.04710032
K01115.01,Kepler-772 b,3116412,291.42358,38.216591,769.78,135.38,CONFIRMED,0.9629629629629629,2.03,12.99204853
K01182.01,,3865567,295.29193,38.964588,1281.33,271.705,FALSE POSITIVE,0.018867924528301886,8.96,11.11620211
K01183.01,,3544689,291.44507,38.637211,900.99,160.2,FALSE POSITIVE,0.008086253369272238,5.09,1.922861499
K01184.01,,4037164,285.08026,39.18211,272.1,43.175,FALSE POSITIVE,0.018867924528301886,19.0,0.635445336
K01185.01,,3443790,291.47629,38.50058,776.56,214.545,FALSE POSITIVE,0.0,97.27,1.665784138
K01186.01,,3966912,294.74054,39.015511,1009.54,199.29000000000002,FALSE POSITIVE,0.008086253369272238,34.14,55.6639167
K00152.01,Kepler-79 d,8394721,300.51712,44.38158,939.51,149.2,CONFIRMED,1.0,7.14,52.09081627
K00983.01,,11607193,289.87411,49.68549,981.9,247.52499999999998,FALSE POSITIVE,0.043478260869565216,7.41,7.1548608
K00984.01,Kepler-1973 b,1161345,291.0488,36.839882,168.29,13.844999999999999,CONFIRMED,0.9629629629629629,2.29,4.28746668
K00985.01,,10227501,298.44775,47.264999,631.98,118.43,FALSE POSITIVE,0.7333333333333333,1.42,2.002779769
K00986.01,Kepler-260 b,2854698,291.92596,38.014118,517.0,43.23,CONFIRMED,1.0,1.92,8.18739443
K00986.02,Kepler-260 c,2854698,291.92596,38.014118,517.0,43.23,CONFIRMED,0.9629629629629629,1.75,76.0498163
K00139.02,Kepler-111 b,8559644,291.65317,44.688271,682.65,106.96,CONFIRMED,0.9642857142857143,1.67,3.341799486
K01054.01,,6032981,288.68259,41.30732,3366.35,1105.225,FALSE POSITIVE,0.008086253369272238,15.33,3.3226948
K01055.01,,5866099,288.44287,41.17218,639.24,191.45499999999998,FALSE POSITIVE,0.008086253369272238,38.6,36.97708808
K01056.01,,5964985,293.2735,41.25769,3078.49,805.825,FALSE POSITIVE,0.0,20.42,1.851409163
K01057.01,,6066416,298.13794,41.334358,429.37,95.165,FALSE POSITIVE,0.008086253369272238,0.98,1.303859704
K00147.01,,1996679,286.49072,37.489979,761.21,181.82,FALSE POSITIVE,0.008086253369272238,40.15,145.5624926
K01116.01,Kepler-773 b,2849805,290.88467,38.057571,487.25,59.685,CONFIRMED,0.625,1.68,3.749105745
K01117.01,Kepler-774 b,3114811,291.03192,38.21196,1317.85,262.005,CONFIRMED,0.4883720930232558,3.51,11.08956602
K01118.01,,2853446,291.65097,38.028179,695.88,96.03999999999999,CANDIDATE,0.4883720930232558,2.67,7.37290344
K01119.01,,3003992,294.49011,38.194126,118.66,21.875,FALSE POSITIVE,0.9629629629629629,0.65,7.24476126
K01193.01,,3942446,287.88812,39.078709,1009.83,229.355,CANDIDATE,0.4883720930232558,10.4,119.0624882
K01194.01,Kepler-415 c,3554031,293.80441,38.63913,450.91,30.845,CONFIRMED,1.0,2.01,8.70798309
K01194.02,,3554031,293.80441,38.63913,450.91,30.845,CANDIDATE,0.9642857142857143,1.57,14.8623076
K01194.03,Kepler-415 b,3554031,293.80441,38.63913,450.91,30.845,CONFIRMED,0.9629629629629629,1.23,4.17634276
K00152.02,Kepler-79 c,8394721,300.51712,44.38158,939.51,149.2,CONFIRMED,1.0,3.63,27.40229859
K00987.01,Kepler-743 b,7295235,295.57416,42.806438,262.89,25.630000000000003,CONFIRMED,0.625,1.21,3.179267286
K00988.01,Kepler-261 b,2302548,291.36478,37.609169,325.56,24.515,CONFIRMED,1.0,2.18,10.38122447
K00988.02,Kepler-261 c,2302548,291.36478,37.609169,325.56,24.515,CONFIRMED,0.9642857142857143,2.82,24.5709023
K00989.01,,10743597,296.38229,48.045311,990.0,215.95000000000002,FALSE POSITIVE,0.008086253369272238,16.59,81.221876
K00989.02,,10743597,296.38229,48.045311,990.0,215.95000000000002,FALSE POSITIVE,0.043478260869565216,2.92,0.817026268
K00135.01,Kepler-43 b,9818381,285.24084,46.668251,961.55,77.525,CONFIRMED,0.9629629629629629,12.14,3.024092505
K01058.01,,6124941,292.26181,41.442554,31.68,12.415,FALSE POSITIVE,0.2916666666666667,5.85,5.670155713
K01059.01,Kepler-757 b,6060203,296.68045,41.38652,825.46,107.045,CONFIRMED,0.625,1.14,1.022678654
K01060.01,Kepler-758 b,5880320,293.08463,41.135441,1240.33,246.17499999999998,CONFIRMED,1.0,2.98,12.10968709
K01060.02,Kepler-758 c,5880320,293.08463,41.135441,1240.33,246.17499999999998,CONFIRMED,1.0,1.7,4.75796103
K01060.03,Kepler-758 d,5880320,293.08463,41.135441,1240.33,246.17499999999998,CONFIRMED,1.0,2.96,20.4972755
K01119.02,,3003992,294.49011,38.194126,118.66,21.875,FALSE POSITIVE,0.9629629629629629,0.62,13.55480534
K01120.01,,6307537,297.75708,41.680454,156.53,18.155,FALSE POSITIVE,0.008086253369272238,20.06,29.74454668
K01121.01,,6359798,290.35294,41.769741,424.34,54.875,FALSE POSITIVE,0.008086253369272238,53.25,14.15402428
K01122.01,,6311681,298.71152,41.635792,994.83,205.675,FALSE POSITIVE,0.008086253369272238,35.27,0.844786082
K01123.01,,6365321,292.23679,41.7393,1072.28,241.26,FALSE POSITIVE,0.0,32.11,0.848483947
K01124.01,,6301035,296.29855,41.602718,1088.16,250.805,FALSE POSITIVE,0.008086253369272238,37.47,11.99097576
K01199.01,Kepler-786 b,3859079,293.74393,38.939281,463.2,29.75,CONFIRMED,0.9629629629629629,2.28,53.5292702
K01200.01,,3557493,294.65121,38.636459,1153.42,270.41499999999996,FALSE POSITIVE,0.0,24.17,0.393726813
K01201.01,Kepler-1741 b,4061149,292.57703,39.12088,202.51,27.965,CONFIRMED,0.9629629629629629,1.01,2.757584622
K01202.01,Kepler-787 b,3444588,291.69247,38.572899,423.21,29.895,CONFIRMED,0.625,1.16,0.928310036
K00152.03,Kepler-79 b,8394721,300.51712,44.38158,939.51,149.2,CONFIRMED,1.0,3.39,13.48457668
K01203.01,Kepler-276 c,3962243,293.56815,39.03632,1188.54,134.24,CONFIRMED,1.0,3.7,31.8841473
K00989.03,,10743597,296.38229,48.045311,990.0,215.95000000000002,CANDIDATE,0.008086253369272238,86.13,16.15811112
K00990.01,,10015516,293.47363,46.970402,458.56,119.47500000000001,FALSE POSITIVE,0.008086253369272238,175.98,67.69213907
K00991.01,Kepler-744 b,10154388,296.49612,47.182861,473.18,55.81,CONFIRMED,0.847457627118644,1.62,12.06222962
K00992.01,Kepler-745 b,1432789,291.49942,37.05928,1336.9,205.66,CONFIRMED,1.0,2.41,9.93146307
K00993.01,Kepler-262 c,1718189,290.72867,37.252651,656.6,127.19,CONFIRMED,1.0,1.75,21.85362905
K01060.04,Kepler-758 e,5880320,293.08463,41.135441,1240.33,246.17499999999998,CONFIRMED,1.0,1.74,8.19345065
K00140.01,,5130369,299.15353,40.286961,2265.85,725.025,FALSE POSITIVE,0.25,6.85,19.97867
K01061.01,Kepler-759 b,6037187,290.1315,41.3815,812.65,180.625,CONFIRMED,0.9629629629629629,2.02,41.8059544
K01062.01,,6147122,297.98123,41.44487,850.32,188.62,FALSE POSITIVE,0.25,2.02,15.45158184
K01063.01,,8257407,299.0209,44.17276,922.31,301.825,FALSE POSITIVE,0.008086253369272238,102.08,89.698168533
K01064.01,,8218274,285.06335,44.167885,878.11,256.505,FALSE POSITIVE,0.0,67.35,1.187352427
K00015.01,,3964562,294.1434,39.089779,1253.67,309.95,FALSE POSITIVE,0.0,65.25,3.012476582
K00148.01,Kepler-48 b,5735762,299.13922,40.94902,308.31,25.89,CONFIRMED,1.0,1.85,4.77800306
K01125.01,,6292162,294.02725,41.675968,1156.79,258.9,FALSE POSITIVE,0.018867924528301886,5.33,7.814839231
K01126.01,,6307521,297.75311,41.675991,946.54,125.93,FALSE POSITIVE,0.2916666666666667,3.6,29.7452499
K01127.01,Kepler-269 b,6359320,290.21518,41.77597,1264.09,302.44,CONFIRMED,0.9642857142857143,2.26,5.32667299
K01187.01,,3848972,291.07126,38.999039,570.46,88.69500000000001,FALSE POSITIVE,0.008086253369272238,26.67,0.741057213
K01188.01,,3860441,294.07071,38.981331,847.49,144.82,FALSE POSITIVE,0.008086253369272238,21.81,2.988085455
K01189.01,,3765771,295.94055,38.876389,1626.76,349.15,FALSE POSITIVE,0.008086253369272238,67.17,2.783883492
K01190.01,,3557341,294.61893,38.611889,1115.13,206.415,FALSE POSITIVE,0.008086253369272238,23.05,0.393727296
K01191.01,Kepler-1740 b,3859628,293.87363,38.922482,1018.88,102.345,CONFIRMED,0.847457627118644,3.29,8.17242644
K01192.01,,3644071,291.03217,38.703911,687.23,163.66,CANDIDATE,0.008086253369272238,57.82,1295.362215
K00993.02,Kepler-262 b,1718189,290.72867,37.252651,656.6,127.19,CONFIRMED,1.0,1.45,13.0607936
K00994.01,,1431122,291.14249,37.061321,718.39,94.15,CANDIDATE,0.7333333333333333,2.12,4.2989201
K00995.01,,3858949,293.71075,38.983608,601.32,87.915,FALSE POSITIVE,0.008086253369272238,22.32,25.9518461
K00996.01,,3858824,293.67657,38.991379,721.54,93.805,FALSE POSITIVE,0.008086253369272238,24.6,25.9518536
K00997.01,,2157247,290.77863,37.564079,771.31,159.015,FALSE POSITIVE,0.008086253369272238,4.5,5.68628739
K00136.01,,7601633,289.87347,43.203838,1243.36,252.97500000000002,FALSE POSITIVE,0.008086253369272238,27.36,15.663886949
K01065.01,,8242681,295.03925,44.191059,1383.27,342.22499999999997,FALSE POSITIVE,0.008086253369272238,16.94,4.020628573
K01066.01,,8260218,299.78632,44.16954,1027.88,207.43,CANDIDATE,0.847457627118644,9.29,5.714817603
K01067.01,,8246781,296.30942,44.165741,1295.27,220.84,FALSE POSITIVE,0.008086253369272238,49.82,185.02288222
K01068.01,,8264070,300.867,44.14529,2676.81,1212.805,FALSE POSITIVE,0.008086253369272238,14.35,2.897432135
K01069.01,Kepler-760 b,8222813,287.5932,44.17942,731.54,55.195,CONFIRMED,1.0,2.86,8.70420525
K01127.02,Kepler-269 c,6359320,290.21518,41.77597,1264.09,302.44,CONFIRMED,0.9629629629629629,1.39,8.1280933
K01127.03,,6359320,290.21518,41.77597,1264.09,302.44,CANDIDATE,0.7333333333333333,1.19,2.83668931
K01128.01,Kepler-775 b,6362874,291.43329,41.703442,393.09,37.335,CONFIRMED,0.847457627118644,1.16,0.974868896
K01129.01,Kepler-776 b,6272413,287.27264,41.635559,775.36,113.00999999999999,CONFIRMED,0.7333333333333333,1.48,4.89721006
K01130.01,,8279765,282.60336,44.28698,1001.09,227.705,FALSE POSITIVE,0.008086253369272238,20.05,2.757794163
K01132.01,,8330548,301.01672,44.233841,1004.52,234.95,FALSE POSITIVE,0.008086253369272238,13.63,1.914158508
K01196.01,,3348082,292.92276,38.47728,1461.27,283.175,FALSE POSITIVE,1.0,3.32,3.98216698
K01197.01,,3853673,292.35287,38.942471,920.47,168.56,FALSE POSITIVE,0.0,19.51,0.643794198
K01198.01,Kepler-275 c,3447722,292.47971,38.514919,1750.52,309.39,CONFIRMED,1.0,3.42,16.08832318
K01198.02,Kepler-275 b,3447722,292.47971,38.514919,1750.52,309.39,CONFIRMED,1.0,2.2,10.30067919
K01198.03,Kepler-275 d,3447722,292.47971,38.514919,1750.52,309.39,CONFIRMED,1.0,3.02,35.6757453
K01198.04,,3447722,292.47971,38.514919,1750.52,309.39,CANDIDATE,0.008086253369272238,,1.00861677
K00998.01,,1432214,291.38269,37.07299,1703.95,244.23999999999998,FALSE POSITIVE,0.018867924528301886,36.14,161.78832712
K00999.01,Kepler-263 b,2165002,292.46976,37.567791,665.45,40.57,CONFIRMED,0.9629629629629629,2.54,16.56806842
K00999.02,Kepler-263 c,2165002,292.46976,37.567791,665.45,40.57,CONFIRMED,0.9629629629629629,2.18,47.3329299
K01000.01,,2441728,291.07446,37.744389,408.34,86.485,FALSE POSITIVE,0.043478260869565216,0.82,0.856895349
K01001.01,Kepler-264 b,1871056,292.04462,37.37624,956.16,203.725,CONFIRMED,1.0,3.71,40.8065333
K01069.02,Kepler-760 c,8222813,287.5932,44.17942,731.54,55.195,CONFIRMED,0.9629629629629629,1.56,2.46697039
K00141.01,,12105051,288.0383,50.651611,471.01,46.915000000000006,CANDIDATE,0.847457627118644,5.11,2.624234833
K01070.01,Kepler-266 b,8240904,294.48438,44.166908,1561.52,279.15,CONFIRMED,1.0,2.98,6.61836309
K01070.02,Kepler-266 c,8240904,294.48438,44.166908,1561.52,279.15,CONFIRMED,1.0,4.75,107.7214092
K01070.03,,8240904,294.48438,44.166908,1561.52,279.15,CANDIDATE,0.2750418137076801,1.92,92.77779
K01133.01,,8374494,294.99734,44.321388,1079.34,217.345,FALSE POSITIVE,0.008086253369272238,37.15,5.251916208
K00148.02,Kepler-48 c,5735762,299.13922,40.94902,308.31,25.89,CONFIRMED,1.0,2.63,9.673958488
K01134.01,,8414907,284.51962,44.453941,852.42,102.645,FALSE POSITIVE,0.008086253369272238,29.55,100.3039228
K01134.02,,8414907,284.51962,44.453941,852.42,102.645,FALSE POSITIVE,0.008086253369272238,,200.61103346
K01135.01,,8397446,301.40067,44.318039,1453.58,394.32,FALSE POSITIVE,0.0,43.98,0.986620248
K01136.01,,8386035,298.21188,44.324638,1815.88,524.5699999999999,FALSE POSITIVE,0.0,,1.63484631
K01203.02,Kepler-276 b,3962243,293.56815,39.03632,1188.54,134.24,CONFIRMED,1.0,2.73,14.12847677
K01203.03,Kepler-276 d,3962243,293.56815,39.03632,1188.54,134.24,CONFIRMED,0.9629629629629629,4.14,48.6478543
K01204.01,Kepler-788 b,3438507,290.0004,38.53989,1373.64,331.40999999999997,CONFIRMED,0.25,2.0,8.39842977
K01205.01,Kepler-789 b,3869014,295.97516,38.94664,2481.98,648.06,CONFIRMED,0.847457627118644,5.99,8.63847391
K01206.01,,3756801,293.95459,38.899971,790.37,141.38,CANDIDATE,0.2916666666666667,5.89,422.917678
K01001.02,Kepler-264 c,1871056,292.04462,37.37624,956.16,203.725,CONFIRMED,1.0,3.42,140.10765
K01002.01,Kepler-746 b,1865042,290.68225,37.35511,493.67,63.660000000000004,CONFIRMED,0.847457627118644,1.17,3.4815917
K01003.01,,2438502,290.32791,37.726742,3640.62,895.605,FALSE POSITIVE,0.018867924528301886,40.35,8.360616221
K01004.01,,2309585,292.89935,37.656059,1097.75,241.345,FALSE POSITIVE,0.043478260869565216,4.86,1.838514968
K01005.01,Kepler-747 b,5780460,288.4165,41.0298,842.32,113.32,CONFIRMED,0.2916666666666667,5.17,35.61760233
K01071.01,,8244190,295.51108,44.109261,664.08,133.54,FALSE POSITIVE,0.043478260869565216,1.29,1.09206833
K01072.01,Kepler-761 b,8229696,290.5036,44.143581,732.41,68.45,CONFIRMED,0.847457627118644,1.95,10.12805158
K01073.01,,8262210,300.32898,44.151119,822.49,230.91,FALSE POSITIVE,0.4883720930232558,1.25,1.613001111
K01074.01,Kepler-762 b,10272640,291.27563,47.329491,1496.33,365.3,CONFIRMED,0.2916666666666667,12.05,3.770551475
K01075.01,,10232123,299.70078,47.291752,1016.75,355.735,FALSE POSITIVE,0.008086253369272238,18.66,1.343767797
K01076.01,,10223616,297.39066,47.255711,308.0,33.14,FALSE POSITIVE,0.008086253369272238,15.25,29.12436474
K01138.01,,8415745,284.99738,44.410198,1266.61,298.34000000000003,FALSE POSITIVE,0.008086253369272238,35.8,31.82814583
K01139.01,,8378634,296.29196,44.33226,612.61,112.835,FALSE POSITIVE,0.008086253369272238,3.28,3.629442796
K01140.01,,8397675,301.47577,44.319759,1367.79,648.515,FALSE POSITIVE,0.0,97.36,0.553261874
K01141.01,Kepler-777 b,8346392,282.72406,44.34647,357.34,30.885,CONFIRMED,0.9642857142857143,1.38,5.72812616
K01142.01,Kepler-778 b,8288947,287.47742,44.237511,941.78,147.865,CONFIRMED,0.875,1.58,3.75574267
K01143.01,,8312852,296.30762,44.21146,975.67,198.76,FALSE POSITIVE,0.7333333333333333,2.74,7.44042933
K00941.01,Kepler-257 c,9480189,297.31598,46.023258,920.33,212.88,CONFIRMED,1.0,4.56,6.581477136
K00129.01,Kepler-470 b,11974540,297.00943,50.372318,4277.99,1438.26,CONFIRMED,0.847457627118644,77.76,24.669192732
K00941.02,Kepler-257 b,9480189,297.31598,46.023258,920.33,212.88,CONFIRMED,1.0,2.74,2.382652873
K00941.03,Kepler-257 d,9480189,297.31598,46.023258,920.33,212.88,CONFIRMED,0.9642857142857143,5.34,24.66461416
K00942.01,Kepler-735 b,9512687,284.68887,46.172249,775.96,99.66499999999999,CONFIRMED,0.9629629629629629,2.9,11.51517167
K00137.01,Kepler-18 c,8644288,298.07944,44.746319,477.46,35.025,CONFIRMED,1.0,4.91,7.641567589
K01006.01,,5738346,299.65094,40.973282,322.75,44.56,FALSE POSITIVE,0.008086253369272238,19.68,30.6113932
K01007.01,Kepler-748 b,1725016,292.26291,37.236992,1073.51,248.065,CONFIRMED,0.875,2.01,7.40742502
K01008.01,,1722276,291.69672,37.238041,1467.62,289.735,FALSE POSITIVE,0.008086253369272238,38.98,569.934135
K01009.01,,892772,291.15338,36.678841,578.93,76.31,FALSE POSITIVE,0.25,1.17,5.09246539
K01010.01,,1027438,291.35403,36.784519,1869.28,443.3,FALSE POSITIVE,0.008086253369272238,,110.61576622
K01077.01,,10268907,289.71466,47.34222,896.79,146.14,FALSE POSITIVE,0.25,1.37,1.103971357
K00142.01,Kepler-88 b,5446285,291.14807,40.669399,392.33,45.71,CONFIRMED,0.9629629629629629,3.93,10.916108342
K01078.01,Kepler-267 b,10166274,299.83041,47.157459,219.49,25.990000000000002,CONFIRMED,1.0,1.65,3.353732008
K01078.02,Kepler-267 c,10166274,299.83041,47.157459,219.49,25.990000000000002,CONFIRMED,1.0,2.05,6.877446033
K01078.03,Kepler-267 d,10166274,299.83041,47.157459,219.49,25.990000000000002,CONFIRMED,1.0,1.87,28.46464804
K01079.01,,10153827,296.33435,47.14558,1194.21,202.25,FALSE POSITIVE,0.0,26.35,0.293630085
K00148.03,Kepler-48 d,5735762,299.13922,40.94902,308.31,25.89,CONFIRMED,1.0,2.0,42.89645024
K01144.01,,8302450,292.85965,44.200642,933.88,174.81,FALSE POSITIVE,0.4883720930232558,1.44,2.44199803
K01145.01,,8313667,296.54861,44.264671,791.16,109.50999999999999,CANDIDATE,1.0,2.32,30.5872153
K01146.01,Kepler-779 b,8351704,285.62854,44.31089,181.11,28.240000000000002,CONFIRMED,0.9629629629629629,0.74,7.09712124
K01147.01,,8299955,291.89075,44.223728,686.1,174.825,FALSE POSITIVE,0.4883720930232558,1.19,2.6827683
K00943.01,Kepler-736 b,9513865,285.39133,46.180939,987.31,75.37,CONFIRMED,0.9629629629629629,2.31,3.601465336
K00944.01,,9595686,294.79974,46.207569,844.68,136.425,FALSE POSITIVE,0.25,4.43,3.108251172
K00945.01,Kepler-1666 b,9605514,297.9516,46.264721,1208.47,282.19,CONFIRMED,1.0,2.4,25.8474958
K00945.02,Kepler-1666 c,9605514,297.9516,46.264721,1208.47,282.19,CONFIRMED,1.0,2.7,40.715561
K00946.01,,9661877,296.65915,46.382172,1055.43,243.435,FALSE POSITIVE,0.4883720930232558,4.42,20.42720701
K01011.01,,5728283,297.62027,40.943089,1184.27,259.995,FALSE POSITIVE,0.008086253369272238,19.81,6.198273591
K01012.01,,8127639,300.45575,43.934349,991.43,218.60000000000002,FALSE POSITIVE,0.008086253369272238,3.78,1.023471798
K01013.01,,6047498,293.38556,41.349819,819.26,132.67000000000002,FALSE POSITIVE,0.008086253369272238,19.07,0.51872711
K01014.01,Kepler-749 b,8125580,299.89722,43.903912,467.63,40.545,CONFIRMED,0.9629629629629629,2.04,17.31711739
K01015.01,Kepler-750 b,8158127,289.09689,44.004379,1663.48,313.365,CONFIRMED,1.0,4.39,9.42889884
K01080.01,,10158990,297.78802,47.10107,565.78,83.01,FALSE POSITIVE,0.043478260869565216,1.35,1.096583368
K01081.01,,10149023,294.76855,47.13279,1299.9,293.865,CANDIDATE,0.018867924528301886,28.15,9.95639775
K01082.01,Kepler-763 d,10141900,292.14447,47.157349,890.26,65.965,CONFIRMED,0.9642857142857143,1.67,6.50327035
K01082.02,Kepler-763 c,10141900,292.14447,47.157349,890.26,65.965,CONFIRMED,0.9642857142857143,1.42,4.09667624
K01082.03,Kepler-763 b,10141900,292.14447,47.157349,890.26,65.965,CONFIRMED,0.9629629629629629,1.25,1.196548464
K01148.01,Kepler-270 b,8410727,282.2001,44.422298,1031.26,193.6,CONFIRMED,1.0,2.07,11.47609015
K01148.02,Kepler-270 c,8410727,282.2001,44.422298,1031.26,193.6,CONFIRMED,0.9642857142857143,1.71,25.2630467
K01149.01,,8349405,284.38562,44.391289,846.51,122.225,FALSE POSITIVE,0.0,,7.1688266
K01150.01,Kepler-780 b,8278371,281.76639,44.292549,514.44,68.53999999999999,CONFIRMED,0.25,0.9,0.677374687
K01151.01,Kepler-271 b,8280511,283.00296,44.284229,403.15,38.980000000000004,CONFIRMED,1.0,1.22,10.43547031
K01151.02,Kepler-271 c,8280511,283.00296,44.284229,403.15,38.980000000000004,CONFIRMED,1.0,0.94,7.41084314
K00947.01,Kepler-737 b,9710326,291.86285,46.42926,180.04,22.54,CONFIRMED,0.9642857142857143,1.83,28.59914031
K00948.01,Kepler-738 b,9761882,287.56967,46.56786,908.2,140.195,CONFIRMED,0.9629629629629629,2.37,24.58716355
K00130.01,,5297298,297.36032,40.42981,897.21,164.565,FALSE POSITIVE,0.25,21.95,34.193600311
K00949.01,Kepler-739 b,9766437,290.06799,46.57914,1184.11,255.765,CONFIRMED,0.9629629629629629,3.24,12.53248222
K00950.01,,9772531,292.65704,46.537338,236.81,20.950000000000003,CANDIDATE,0.847457627118644,8.31,31.201692472
K00951.01,Kepler-258 b,9775938,294.06848,46.57933,679.34,131.625,CONFIRMED,1.0,4.18,13.19720694
K00137.02,Kepler-18 d,8644288,298.07944,44.746319,477.46,35.025,CONFIRMED,1.0,5.94,14.85890852
K01015.02,Kepler-750 c,8158127,289.09689,44.004379,1663.48,313.365,CONFIRMED,1.0,2.36,4.08897299
K01016.01,,8176653,295.4722,44.077381,629.01,87.73,FALSE POSITIVE,0.25,2.93,2.866680334
K01017.01,Kepler-751 b,8174625,294.84384,44.077679,880.95,190.58499999999998,CONFIRMED,0.9629629629629629,3.24,17.44486016
K01018.01,,8183911,297.49332,44.051868,985.46,639.04,FALSE POSITIVE,0.008086253369272238,37.99,8.30697421
K01019.01,,8179973,296.48187,44.009151,309.67,24.39,FALSE POSITIVE,0.008086253369272238,,2.49705175
K01083.01,Kepler-764 b,10157458,297.39319,47.164631,983.05,209.715,CONFIRMED,0.9642857142857143,1.52,7.33685101
K00143.01,,4649305,290.10333,39.781631,1022.7,273.33,FALSE POSITIVE,0.25,7.62,22.65117451
K01084.01,,10148521,294.59613,47.197449,634.06,128.525,FALSE POSITIVE,0.25,1.19,1.204274435
K01085.01,Kepler-1735 b,10118816,281.05011,47.188148,226.86,20.72,CONFIRMED,0.7333333333333333,0.9,7.71790675
K01086.01,Kepler-765 b,10122255,283.1846,47.15567,945.4,214.87,CONFIRMED,0.9642857142857143,2.21,27.6652847
K01087.01,,3124412,293.24384,38.27327,1206.9,294.405,FALSE POSITIVE,0.0,36.87,0.948950734
K00149.01,Kepler-473 b,3835670,286.6301,38.945599,669.89,125.545,CONFIRMED,0.9642857142857143,4.32,14.55730897
K01152.01,,10287248,296.69562,47.327309,141.7,11.02,FALSE POSITIVE,0.008086253369272238,14.45,4.722254104
K01153.01,,10351767,296.32028,47.40657,995.61,236.14,FALSE POSITIVE,0.0,57.77,0.635069939
K01154.01,,10295951,299.10281,47.377781,1015.08,304.425,CANDIDATE,0.018867924528301886,26.06,6.810823723
K01155.01,,10342041,292.83301,47.495529,501.92,66.06,FALSE POSITIVE,0.008086253369272238,25.54,0.933746515
K01156.01,,10514770,281.5238,47.755341,792.02,131.535,FALSE POSITIVE,0.018867924528301886,5.65,1.872421727
K00951.02,Kepler-258 c,9775938,294.06848,46.57933,679.34,131.625,CONFIRMED,1.0,3.05,33.6528474
K00952.01,Kepler-32 b,9787239,297.84241,46.574268,267.06,29.595000000000002,CONFIRMED,1.0,1.94,5.90127815
K00952.02,Kepler-32 c,9787239,297.84241,46.574268,267.06,29.595000000000002,CONFIRMED,1.0,1.83,8.75209691
K00952.03,Kepler-32 d,9787239,297.84241,46.574268,267.06,29.595000000000002,CONFIRMED,1.0,2.17,22.78078241
K00952.04,Kepler-32 e,9787239,297.84241,46.574268,267.06,29.595000000000002,CONFIRMED,1.0,1.23,2.896005211
K00952.05,Kepler-32 f,9787239,297.84241,46.574268,267.06,29.595000000000002,CONFIRMED,0.9629629629629629,1.47,0.742957911
K01020.01,,2309719,292.93085,37.60664,542.74,84.59,FALSE POSITIVE,0.008086253369272238,38.81,54.35635067
K01021.01,,2558363,287.13388,37.83926,969.75,144.54000000000002,FALSE POSITIVE,0.008086253369272238,18.93,0.54624855
K01022.01,Kepler-752 b,2716853,292.26813,37.955639,1139.6,238.85500000000002,CONFIRMED,0.9642857142857143,2.7,18.82744023
K01023.01,,2445154,291.85382,37.74192,389.91,41.605,FALSE POSITIVE,0.4883720930232558,1.71,8.4120069
K01024.01,Kepler-753 b,2715135,291.90326,37.90229,257.29,17.439999999999998,CONFIRMED,0.9642857142857143,1.86,5.747711909
K00137.03,Kepler-18 b,8644288,298.07944,44.746319,477.46,35.025,CONFIRMED,1.0,2.03,3.504691252
K01088.01,,3113266,290.63943,38.28463,735.66,95.77,FALSE POSITIVE,0.008086253369272238,26.93,0.995861402
K01089.01,Kepler-418 b,3247268,294.4335,38.35545,944.42,127.865,CONFIRMED,0.9642857142857143,9.83,86.67856052
K01089.02,Kepler-418 c,3247268,294.4335,38.35545,944.42,127.865,CONFIRMED,0.9642857142857143,5.1,12.21828097
K01090.01,,3232859,290.862,38.35358,1262.05,249.675,FALSE POSITIVE,0.008086253369272238,72.52,8.387210055
K01091.01,,3098184,286.00031,38.284599,1392.06,325.375,FALSE POSITIVE,0.008086253369272238,9.84,15.2384539
K01092.01,,2720309,293.02512,37.992641,2252.44,564.37,FALSE POSITIVE,0.0,31.52,0.413334492
K01157.01,,10342065,292.84213,47.483829,2247.28,1026.25,FALSE POSITIVE,0.0,149.71,0.93374614
K01158.01,,10352945,296.69971,47.406731,1425.55,313.57500000000005,FALSE POSITIVE,0.25,2.08,6.47179275
K01159.01,Kepler-1737 b,10354039,297.01483,47.486431,782.17,104.03,CONFIRMED,0.2916666666666667,5.4,64.617518
K01160.01,Kepler-781 b,10330115,287.65363,47.41481,977.51,138.385,CONFIRMED,0.847457627118644,2.77,13.21409607
K01161.01,Kepler-272 c,10426656,299.12753,47.59383,696.63,84.84,CONFIRMED,1.0,1.94,6.05729966
K00953.01,Kepler-740 b,9820483,286.48227,46.692451,1372.05,293.7,CONFIRMED,0.847457627118644,4.66,3.584101048
K00013.01,Kepler-13 b,9941662,286.97119,46.868359,638.92,234.805,CONFIRMED,0.043478260869565216,21.42,1.763587535
K00131.01,Kepler-471 b,7778437,299.09753,43.497589,938.36,223.29,CONFIRMED,0.9629629629629629,10.63,5.014234733
K00954.01,Kepler-259 b,9823457,288.21194,46.615002,1024.76,221.035,CONFIRMED,0.9629629629629629,3.1,8.11528727
K00954.02,Kepler-259 c,9823457,288.21194,46.615002,1024.76,221.035,CONFIRMED,0.9836380700254478,3.01,36.9250409
K01025.01,,2574201,291.10846,37.857792,191.83,21.335,FALSE POSITIVE,0.25,10.05,37.4783492
K01028.01,,2166206,292.73627,37.560341,824.66,152.70499999999998,FALSE POSITIVE,0.008086253369272238,34.0,8.09695764
K01029.01,Kepler-1732 b,2164169,292.29099,37.580799,1354.58,250.15999999999997,CONFIRMED,0.9629629629629629,4.84,32.3122867
K01030.01,Kepler-1733 b,2574338,291.13849,37.859299,1779.7,228.71499999999997,CONFIRMED,0.9629629629629629,2.79,9.22961384
K01031.01,Kepler-754 b,2584163,293.25412,37.846191,1036.38,226.07999999999998,CONFIRMED,0.847457627118644,1.64,14.5598556
K00144.01,Kepler-472 b,4180280,296.52429,39.24976,305.45,21.189999999999998,CONFIRMED,0.847457627118644,3.07,4.176254191
K01093.01,,3239636,292.58304,38.374378,1882.43,353.40999999999997,FALSE POSITIVE,0.0,47.75,0.528755447
K01094.01,Kepler-766 b,2721030,293.18454,37.969841,1262.95,281.26,CONFIRMED,0.847457627118644,2.59,6.10027621
K01095.01,,3329204,287.61688,38.402321,1094.52,218.675,CANDIDATE,0.7009020215587136,6.57,51.59809554
K01096.01,,3230491,290.18304,38.321941,712.18,56.205,CANDIDATE,0.2916666666666667,9.8,1500.0
K01097.01,,3340070,290.89407,38.435032,972.95,205.305,FALSE POSITIVE,0.018867924528301886,2.36,10.9110487
K00150.01,Kepler-112 b,7626506,296.98102,43.209751,453.87,43.4,CONFIRMED,1.0,2.28,8.408878137
K01161.02,Kepler-272 d,10426656,299.12753,47.59383,696.63,84.84,CONFIRMED,1.0,2.41,10.93725572
K01161.03,Kepler-272 b,10426656,299.12753,47.59383,696.63,84.84,CONFIRMED,1.0,1.52,2.97136658
K01162.01,Kepler-782 b,10528068,288.86823,47.75943,398.74,59.34,CONFIRMED,0.9762717066848843,3.08,158.6850022
K01163.01,Kepler-273 b,10468940,291.30222,47.697762,893.67,112.155,CONFIRMED,0.9629629629629629,1.92,2.936527336
K00955.01,Kepler-741 b,9825625,289.4317,46.617531,1292.8,305.305,CONFIRMED,0.9642857142857143,2.45,7.03902016
K00956.01,Kepler-742 b,9875711,283.86603,46.789589,577.99,57.925000000000004,CONFIRMED,0.9642857142857143,3.67,8.360870704
K00957.01,,7661409,282.35324,43.335129,1196.23,279.33,FALSE POSITIVE,0.008086253369272238,31.01,3.14051153
K00958.01,Kepler-1731 b,1026957,291.25449,36.74361,168.98,11.535,CONFIRMED,0.875,2.53,21.76129812
K00960.01,,8176650,295.47067,44.010738,852.79,131.71,FALSE POSITIVE,0.008086253369272238,15.61,15.801100028
K01032.01,,2162635,291.97754,37.532551,928.53,160.505,CANDIDATE,0.25,18.35,1500.1406772
K01034.01,,5899544,297.82956,41.141949,938.5,151.27,FALSE POSITIVE,0.008086253369272238,268.65,1.739428983
K01035.01,,5963222,292.76434,41.27528,957.38,157.68,FALSE POSITIVE,0.008086253369272238,14.49,1.217266418
K01036.01,,5982353,297.52545,41.261841,366.27,92.57,FALSE POSITIVE,0.008086253369272238,23.76,19.563092517
K01037.01,,6205468,291.98337,41.555111,1131.16,200.52,FALSE POSITIVE,0.008086253369272238,5.67,3.7228551
K00138.01,,8506766,295.94092,44.57835,1464.36,407.095,FALSE POSITIVE,0.008086253369272238,24.19,48.93786896
K01098.01,,3240706,292.85608,38.37257,1060.74,218.505,FALSE POSITIVE,0.008086253369272238,23.6,5.48990788
K01099.01,Kepler-767 b,2853093,291.57916,38.035831,1500.1,232.39999999999998,CONFIRMED,0.9629629629629629,8.19,161.5278347
K01100.01,,3228824,289.76483,38.35236,650.03,73.46,FALSE POSITIVE,0.008086253369272238,1.45,0.73093905
K01101.01,Kepler-768 b,3245969,294.11566,38.393478,714.44,82.945,CONFIRMED,0.847457627118644,1.67,11.39102358
K01102.01,Kepler-24 c,3231341,290.41327,38.34375,1239.43,220.075,CONFIRMED,0.9642857142857143,4.12,12.33343853
K01163.02,Kepler-273 c,10468940,291.30222,47.697762,893.67,112.155,CONFIRMED,0.9642857142857143,2.0,8.01500821
K01164.01,,10341831,292.73892,47.49073,162.62,14.14,FALSE POSITIVE,0.018867924528301886,12.93,0.933749941
K01165.01,Kepler-783 c,10337517,291.06293,47.484798,494.96,46.435,CONFIRMED,1.0,2.36,7.053934488
K01165.02,Kepler-783 b,10337517,291.06293,47.484798,494.96,46.435,CONFIRMED,0.875,0.68,4.29263699
K01166.01,Kepler-1738 b,10351231,296.13141,47.43882,1302.54,309.745,CONFIRMED,0.875,2.8,7.6746614
K01167.01,,10485179,297.13327,47.628769,494.48,67.25,FALSE POSITIVE,0.008086253369272238,1.21,0.445275074
K00961.01,Kepler-42 b,8561063,292.21906,44.61916,34.47,6.9350000000000005,CONFIRMED,1.0,0.78,1.213770423
K00961.02,Kepler-42 c,8561063,292.21906,44.61916,34.47,6.9350000000000005,CONFIRMED,0.9629629629629629,0.76,0.453287416
K00132.01,,8892910,294.41245,45.130852,854.04,213.155,FALSE POSITIVE,0.043478260869565216,13.95,10.810132734
K00961.03,Kepler-42 d,8561063,292.21906,44.61916,34.47,6.9350000000000005,CONFIRMED,1.0,0.66,1.865114193
K00964.01,,10657664,288.49948,47.996471,3044.9,1009.72,FALSE POSITIVE,0.043478260869565216,22.36,3.273699006
K00965.01,,3337351,290.11569,38.40419,1750.95,395.67,FALSE POSITIVE,0.008086253369272238,51.86,7.047103499
K01038.01,,6153201,299.26038,41.420231,1402.46,306.15999999999997,FALSE POSITIVE,0.0,35.73,0.530300102
K01039.01,,5802486,295.16049,41.0793,1307.4,318.305,FALSE POSITIVE,0.0,33.01,1.073917869
K01040.01,,5817553,298.47424,41.07589,826.31,191.98,FALSE POSITIVE,0.008086253369272238,32.66,4.206096814
K01041.01,,5982368,297.52863,41.259911,663.08,148.965,FALSE POSITIVE,0.043478260869565216,9.73,19.56313723
K01042.01,,5816811,298.33893,41.073479,896.47,197.225,FALSE POSITIVE,0.008086253369272238,8.88,2.227718792
K01043.01,,5816165,298.20035,41.011688,662.13,80.005,FALSE POSITIVE,0.008086253369272238,27.21,0.591914504
K01360.01,Kepler-290 c,7102227,286.41,42.681549,757.5,99.13,CONFIRMED,1.0,2.83,36.7704935
K01360.02,Kepler-290 b,7102227,286.41,42.681549,757.5,99.13,CONFIRMED,1.0,2.32,14.58932429
K01360.03,Kepler-290 d,7102227,286.41,42.681549,757.5,99.13,CONFIRMED,0.847457627118644,0.86,0.764017553
K01361.01,Kepler-61 b,6960913,295.3045,42.475288,278.25,20.65,CONFIRMED,0.9642857142857143,2.19,59.8780258
K01362.01,,6837146,281.60541,42.390419,704.59,104.63999999999999,CANDIDATE,0.9629629629629629,2.58,20.51360192
K01426.02,Kepler-297 c,11122894,283.20917,48.777641,655.93,75.28999999999999,CONFIRMED,0.9642857142857143,6.39,74.92768653
K01426.03,Kepler-297 d,11122894,283.20917,48.777641,655.93,75.28999999999999,CONFIRMED,0.043478260869565216,32.6,150.0189511
K01427.01,Kepler-844 b,11129738,287.85773,48.774109,315.59,29.910000000000004,CONFIRMED,0.9642857142857143,1.5,2.613020421
K01428.01,Kepler-845 b,11401182,290.95755,49.203812,419.08,29.12,CONFIRMED,0.847457627118644,1.79,0.927859786
K01429.01,Kepler-1750 b,11030711,292.3515,48.511082,1231.93,135.465,CONFIRMED,0.847457627118644,4.68,205.912735
K00168.03,Kepler-23 b,11512246,294.21893,49.479221,794.59,46.175,CONFIRMED,1.0,1.72,7.10695741
K01239.01,,6607286,292.17859,42.005909,1241.18,213.245,CANDIDATE,0.847457627118644,1.98,0.783276173
K01239.02,,6607286,292.17859,42.005909,1241.18,213.245,CANDIDATE,1.0,2.09,3.17405898
K01240.01,Kepler-280 b,6690082,291.3905,42.180592,829.52,113.695,CONFIRMED,0.9629629629629629,1.76,2.1395563
K01240.02,Kepler-280 c,6690082,291.3905,42.180592,829.52,113.695,CONFIRMED,0.9642857142857143,2.96,4.807103254
K01241.01,Kepler-56 c,6448890,293.75836,41.871868,899.0,105.47,CONFIRMED,0.847457627118644,11.64,21.4054422
K01241.02,Kepler-56 b,6448890,293.75836,41.871868,899.0,105.47,CONFIRMED,0.9629629629629629,5.68,10.5007712
K01305.01,Kepler-285 b,10730034,291.3909,48.065609,814.55,66.33500000000001,CONFIRMED,0.9629629629629629,1.38,2.633852528
K01305.02,Kepler-285 c,10730034,291.3909,48.065609,814.55,66.33500000000001,CONFIRMED,0.9642857142857143,1.21,6.18670882
K01306.01,Kepler-286 b,10858691,290.67615,48.294289,1059.95,109.04499999999999,CONFIRMED,0.9629629629629629,1.2,1.796320953
K01306.02,Kepler-286 c,10858691,290.67615,48.294289,1059.95,109.04499999999999,CONFIRMED,0.9642857142857143,1.29,3.468073
K01306.03,Kepler-286 d,10858691,290.67615,48.294289,1059.95,109.04499999999999,CONFIRMED,1.0,1.31,5.9142668
K00162.01,Kepler-476 b,8107380,295.16382,43.963039,682.74,98.81,CONFIRMED,0.9642857142857143,3.11,14.00640392
K01363.01,Kepler-291 b,6936909,287.91635,42.437302,1576.9,365.15999999999997,CONFIRMED,0.9629629629629629,2.18,3.546531809
K01363.02,Kepler-291 c,6936909,287.91635,42.437302,1576.9,365.15999999999997,CONFIRMED,0.847457627118644,2.03,5.70070626
K01364.01,Kepler-292 f,6962977,295.76614,42.424278,1026.11,85.01,CONFIRMED,1.0,2.26,20.8341497
K01364.02,Kepler-292 d,6962977,295.76614,42.424278,1026.11,85.01,CONFIRMED,1.0,2.13,7.0556584
K01430.01,Kepler-298 b,11176127,283.03979,48.825359,437.53,28.78,CONFIRMED,1.0,2.11,10.47548084
K01430.02,Kepler-298 c,11176127,283.03979,48.825359,437.53,28.78,CONFIRMED,1.0,2.08,22.92886314
K01430.03,Kepler-298 d,11176127,283.03979,48.825359,437.53,28.78,CONFIRMED,0.9642857142857143,2.63,77.4740991
K01431.01,,11075279,287.02228,48.681938,455.74,48.555,CANDIDATE,0.4883720930232558,7.79,345.1589354
K01432.01,Kepler-299 c,11014932,283.20697,48.580502,1036.02,135.10000000000002,CONFIRMED,0.9629629629629629,2.68,6.88595222
K01242.01,,6607447,292.22839,42.03537,670.26,75.2,CANDIDATE,0.018867924528301886,8.48,99.6442783
K01243.01,,6677256,287.14944,42.105209,1128.94,296.90999999999997,FALSE POSITIVE,0.25,1.88,3.125814002
K00155.01,Kepler-474 b,8030148,292.3215,43.881168,599.93,97.31,CONFIRMED,0.9629629629629629,3.24,5.660669429
K01244.01,,6692833,292.23724,42.154289,909.17,203.25,FALSE POSITIVE,0.847457627118644,1.71,10.80487163
K01245.01,Kepler-798 b,6693640,292.47821,42.142288,917.59,218.10999999999999,CONFIRMED,0.875,1.98,13.71938426
K01306.04,Kepler-286 e,10858691,290.67615,48.294289,1059.95,109.04499999999999,CONFIRMED,0.9642857142857143,1.81,29.2214959
K01307.01,Kepler-287 c,10973814,290.92746,48.44355,926.95,133.645,CONFIRMED,1.0,3.35,44.8520997
K01307.02,Kepler-287 b,10973814,290.92746,48.44355,926.95,133.645,CONFIRMED,1.0,2.88,20.34237838
K00157.05,Kepler-11 g,6541920,297.11511,41.909142,586.27,43.45,CONFIRMED,1.0,3.4,118.3786735
K01308.01,Kepler-811 b,10586208,285.42429,47.83461,880.89,170.315,CONFIRMED,0.9642857142857143,3.0,23.58444746
K01364.03,Kepler-292 e,6962977,295.76614,42.424278,1026.11,85.01,CONFIRMED,1.0,2.11,11.97884409
K01364.04,Kepler-292 c,6962977,295.76614,42.424278,1026.11,85.01,CONFIRMED,0.9642857142857143,1.46,3.71545593
K01364.05,Kepler-292 b,6962977,295.76614,42.424278,1026.11,85.01,CONFIRMED,0.9642857142857143,1.31,2.58083264
K01365.01,,7174351,281.43735,42.725269,1118.12,219.635,FALSE POSITIVE,0.25,1.6,1.487084251
K01366.01,Kepler-293 b,6932987,286.35806,42.406509,1113.05,234.92000000000002,CONFIRMED,1.0,3.04,19.25404023
K01432.02,Kepler-299 d,11014932,283.20697,48.580502,1036.02,135.10000000000002,CONFIRMED,1.0,1.6,15.0549356
K01432.03,Kepler-299 b,11014932,283.20697,48.580502,1036.02,135.10000000000002,CONFIRMED,1.0,1.29,2.92721119
K01432.04,Kepler-299 e,11014932,283.20697,48.580502,1036.02,135.10000000000002,CONFIRMED,1.0,1.77,38.2856338
K01433.01,Kepler-846 b,11288505,287.05701,49.046021,1145.23,213.9,CONFIRMED,0.9629629629629629,2.08,19.80787763
K01434.01,Kepler-847 b,11493431,283.50479,49.451019,502.51,32.755,CONFIRMED,0.847457627118644,1.18,2.343230566
K01246.01,,6441738,291.42755,41.878159,2555.6,504.84999999999997,CANDIDATE,0.847457627118644,5.74,19.03723442
K01247.01,,8801343,283.46991,45.05246,659.26,177.255,FALSE POSITIVE,0.008086253369272238,34.83,2.73987398
K01248.01,,8488878,289.40573,44.516941,1029.97,217.505,FALSE POSITIVE,0.008086253369272238,19.91,5.801880653
K01249.01,,8560285,291.90237,44.683731,1075.39,233.45999999999998,FALSE POSITIVE,0.0,1177.65,85.34092607
K01250.01,,8620565,290.26767,44.712849,1026.46,250.325,FALSE POSITIVE,0.008086253369272238,45.05,0.782045734
K01251.01,,8616873,288.70087,44.70768,889.62,166.215,CANDIDATE,0.008086253369272238,23.23,0.576078683
K01309.01,Kepler-812 b,10854768,288.85529,48.208542,1407.12,267.35,CONFIRMED,0.9629629629629629,3.07,10.1171684
K01310.01,Kepler-813 b,10964440,285.66269,48.435371,1424.79,287.755,CONFIRMED,1.0,4.23,19.12947603
K01311.01,Kepler-1667 b,10713616,283.53296,48.094261,1487.57,337.6,CONFIRMED,0.847457627118644,6.63,83.5781976
K01312.01,Kepler-814 b,10963242,284.91049,48.431641,1365.96,212.925,CONFIRMED,1.0,2.04,6.1469956
K01313.01,,10785538,286.66568,48.144581,495.85,109.055,FALSE POSITIVE,0.008086253369272238,1.52,0.522457732
K01366.02,Kepler-293 c,6932987,286.35806,42.406509,1113.05,234.92000000000002,CONFIRMED,0.9629629629629629,3.88,54.1558384
K00018.01,Kepler-5 b,8191672,299.40701,44.035053,881.48,74.925,CONFIRMED,0.875,14.92,3.548465446
K00163.01,Kepler-477 b,6851425,288.0676,42.35537,340.5,24.89,CONFIRMED,0.9629629629629629,2.08,11.1199028
K01367.01,Kepler-828 b,6934291,286.88727,42.47126,684.14,47.485,CONFIRMED,0.4883720930232558,1.55,0.567856484
K01368.01,,7357531,290.20236,42.955891,925.9,137.72,FALSE POSITIVE,0.008086253369272238,44.2,251.0597249
K00169.01,,6185711,284.45691,41.56131,418.49,73.695,FALSE POSITIVE,0.018867924528301886,16.15,11.70219638
K01435.01,Kepler-300 c,11037335,295.2887,48.59972,676.34,138.79500000000002,CONFIRMED,0.9629629629629629,2.2,40.7150498
K01435.02,Kepler-300 b,11037335,295.2887,48.59972,676.34,138.79500000000002,CONFIRMED,0.9629629629629629,2.18,10.44635944
K01436.01,Kepler-301 b,11389771,283.98297,49.23299,676.96,144.805,CONFIRMED,1.0,1.28,2.508553286
K01436.02,Kepler-301 d,11389771,283.98297,49.23299,676.96,144.805,CONFIRMED,1.0,1.66,13.75129636
K01252.01,,8737796,284.28253,44.987228,3390.24,1354.065,FALSE POSITIVE,0.0,269.98,0.885747456
K01253.01,,8462258,301.35507,44.492271,876.17,131.58499999999998,FALSE POSITIVE,0.008086253369272238,28.07,3.611541977
K00156.01,Kepler-114 c,10925104,294.12143,48.349522,153.62,13.235,CONFIRMED,1.0,1.29,8.041347775
K01255.01,,8494263,291.44522,44.52869,1297.23,260.695,CANDIDATE,0.4883720930232558,11.9,78.9257421
K01256.01,,8848271,301.04239,45.022888,713.48,163.05,FALSE POSITIVE,0.008086253369272238,38.93,9.991625291
K01314.01,Kepler-815 b,10585852,285.2211,47.881378,1185.74,99.77000000000001,CONFIRMED,0.847457627118644,4.26,8.57504983
K01315.01,,10928043,295.29385,48.374802,654.27,114.53999999999999,CANDIDATE,0.9629629629629629,1.9,6.84639884
K01316.01,Kepler-1743 b,10794087,290.55237,48.126263,449.63,86.765,CONFIRMED,0.9642857142857143,1.43,7.64970832
K01316.02,,10794087,290.55237,48.126263,449.63,86.765,CANDIDATE,0.008086253369272238,,12.37679312
K00157.06,Kepler-11 b,6541920,297.11511,41.909142,586.27,43.45,CONFIRMED,1.0,1.84,10.30401132
K01317.01,,4275739,294.77393,39.333839,1046.68,222.98499999999999,FALSE POSITIVE,0.008086253369272238,58.56,2.171827838
K01369.01,Kepler-1745 b,7287415,293.46902,42.822411,1318.07,249.58,CONFIRMED,0.9629629629629629,2.25,3.016182013
K01370.01,Kepler-829 b,6924203,282.33279,42.463821,760.7,146.925,CONFIRMED,0.9629629629629629,1.69,6.8833761
K01371.01,,6878167,295.87634,42.364819,719.02,147.455,FALSE POSITIVE,0.043478260869565216,1.45,0.833980196
K01372.01,,6880531,296.3999,42.3871,1119.85,250.685,FALSE POSITIVE,0.0,,69.62754202
K01373.01,,6863839,292.05478,42.33025,823.77,163.32999999999998,FALSE POSITIVE,0.018867924528301886,1.33,1.926353494
K01374.01,,7296086,295.78595,42.84428,955.54,236.81,FALSE POSITIVE,0.008086253369272238,20.57,0.890737359
K01436.03,Kepler-301 c,11389771,283.98297,49.23299,676.96,144.805,CONFIRMED,0.9642857142857143,1.38,5.41908491
K01437.01,Kepler-1751 b,11599038,284.84662,49.692402,1200.92,286.12,CONFIRMED,0.9629629629629629,1.61,7.01733571
K01438.01,Kepler-848 b,11193263,293.28827,48.811619,875.33,156.115,CONFIRMED,0.847457627118644,1.9,6.91134223
K01439.01,Kepler-849 b,11027624,290.85178,48.521339,739.56,147.35,CONFIRMED,0.847457627118644,7.79,394.6249514
K01440.01,Kepler-850 b,11032227,293.08447,48.57539,1401.65,311.585,CONFIRMED,0.847457627118644,1.59,7.19304935
K01257.01,Kepler-420 b,8751933,291.22519,44.92738,837.57,123.41,CONFIRMED,0.9629629629629629,9.4,86.64764448
K01258.01,Kepler-281 c,8630788,294.10818,44.770699,1216.86,245.195,CONFIRMED,0.847457627118644,5.3,36.33750453
K01258.02,Kepler-281 b,8630788,294.10818,44.770699,1216.86,245.195,CONFIRMED,0.9629629629629629,2.22,14.64613058
K01258.03,Kepler-281 d,8630788,294.10818,44.770699,1216.86,245.195,CONFIRMED,0.9629629629629629,4.3,148.272013
K01259.01,,8823426,293.61743,45.016701,222.09,18.775,FALSE POSITIVE,0.043478260869565216,13.4,1.506507172
K01318.01,,4070376,294.88181,39.161072,1174.66,275.795,FALSE POSITIVE,0.0,44.22,1.634614356
K01319.01,,4078157,296.47937,39.127571,928.38,173.57,FALSE POSITIVE,0.008086253369272238,1069.01,16.025018977
K01320.01,Kepler-816 b,4164994,293.36285,39.212448,913.23,125.785,CONFIRMED,0.847457627118644,9.01,10.50682978
K01321.01,,4480676,295.73193,39.587521,884.83,168.51,FALSE POSITIVE,0.008086253369272238,33.34,0.711966971
K01322.01,,4079535,296.73502,39.187801,1113.9,271.40500000000003,FALSE POSITIVE,0.018867924528301886,14.77,17.72724392
K01375.01,Kepler-1746 b,6766634,288.32043,42.261414,755.17,129.42,CONFIRMED,0.7333333333333333,7.25,321.2124365
K01376.01,,6774826,291.01358,42.283134,2073.32,680.64,FALSE POSITIVE,0.008086253369272238,49.96,7.13895376
K00164.01,,5652237,299.54376,40.86026,1038.31,348.03,FALSE POSITIVE,0.4883720930232558,3.07,4.4645454
K01377.01,Kepler-830 b,7211469,295.05429,42.75684,1173.66,154.23,CONFIRMED,0.9629629629629629,1.74,11.29689442
K01378.01,,7375795,295.51068,42.930565,443.83,57.635000000000005,FALSE POSITIVE,0.9629629629629629,1.66,19.30112039
K00019.01,,7255336,280.94385,42.839184,343.4,63.51,FALSE POSITIVE,0.008086253369272238,49.25,1.20320092
K00171.01,Kepler-116 b,7831264,294.74207,43.536831,926.28,168.48,CONFIRMED,1.0,3.26,5.968724048
K01449.01,,7802136,282.79764,43.578129,679.37,136.995,FALSE POSITIVE,0.008086253369272238,21.94,10.980246199
K01450.01,Kepler-854 b,7532973,293.35129,43.13464,748.87,205.33499999999998,CONFIRMED,0.008086253369272238,59.19,2.144632238
K01451.01,,9632895,283.2413,46.378471,396.64,66.075,FALSE POSITIVE,0.018867924528301886,21.58,27.32204488
K01452.01,,7449844,293.28156,43.055809,8966.83,1967.5299999999997,FALSE POSITIVE,0.008086253369272238,187.73,1.152216965
K01260.01,,8766222,296.39639,44.963036,10550.48,2271.2,FALSE POSITIVE,0.008086253369272238,47.7,5.2972293
K01261.01,Kepler-799 b,8678594,287.1749,44.878571,1703.22,334.205,CONFIRMED,1.0,11.21,133.460999
K00156.02,Kepler-114 b,10925104,294.12143,48.349522,153.62,13.235,CONFIRMED,1.0,1.0,5.188563677
K01261.02,Kepler-799 c,8678594,287.1749,44.878571,1703.22,334.205,CONFIRMED,1.0,3.69,15.19423359
K01262.01,,8703884,296.93393,44.853642,668.85,87.16999999999999,FALSE POSITIVE,0.9629629629629629,4.19,14.17098745
K01263.01,,8560840,292.13437,44.65617,700.81,74.365,FALSE POSITIVE,0.008086253369272238,24.1,31.9734169
K01323.01,Kepler-817 b,4076098,296.08185,39.161621,1206.81,248.035,CONFIRMED,0.847457627118644,7.45,3.990105908
K01324.01,,4551328,288.65359,39.66431,991.38,170.51,FALSE POSITIVE,0.008086253369272238,27.16,0.52205862
K01325.01,Kepler-818 b,4282872,296.23511,39.370338,864.78,159.685,CONFIRMED,0.9629629629629629,4.42,10.035381809
K01326.01,,4639868,286.83487,39.760849,340.24,44.04,FALSE POSITIVE,0.008086253369272238,24.02,53.100942624
K00158.01,,10555375,298.77338,47.786469,1175.02,430.69000000000005,FALSE POSITIVE,0.25,4.52,5.80181368
K01327.01,,4372768,293.61121,39.417519,1057.71,184.015,FALSE POSITIVE,0.043478260869565216,18.11,15.6402515
K01378.02,,7375795,295.51068,42.930565,443.83,57.635000000000005,FALSE POSITIVE,0.25,0.58,0.691666384
K01379.01,Kepler-831 b,7211221,294.98547,42.727669,536.88,61.845,CONFIRMED,0.7333333333333333,1.37,5.62154315
K01380.01,,7025526,289.24817,42.565559,106.76,7.3100000000000005,FALSE POSITIVE,0.018867924528301886,0.52,1.074106954
K01381.01,,9451127,284.82272,46.013721,1710.41,413.45000000000005,FALSE POSITIVE,0.008086253369272238,28.41,5.117401517
K01382.01,,9446824,282.18439,46.006859,1646.41,416.795,FALSE POSITIVE,0.04145858497600262,23.53,4.20233673
K01441.01,Kepler-851 b,11356260,294.68027,49.14016,1044.12,243.64000000000001,CONFIRMED,0.847457627118644,1.9,8.50698069
K00170.01,,11044770,297.97922,48.553871,1895.23,490.06500000000005,FALSE POSITIVE,0.008086253369272238,6.17,15.60865244
K01442.01,Kepler-407 b,11600889,286.03635,49.61451,320.23,38.18,CONFIRMED,0.847457627118644,1.13,0.669310092
K01443.01,,11197126,295.03461,48.882172,928.37,234.91,FALSE POSITIVE,0.008086253369272238,62.11,4.494498254
K01444.01,Kepler-852 b,11043167,297.3916,48.560692,820.93,104.725,CONFIRMED,0.9629629629629629,2.49,44.9306706
K01264.01,Kepler-800 b,8612847,286.57483,44.7952,1096.64,223.535,CONFIRMED,0.847457627118644,3.02,14.13175309
K01265.01,,8552583,288.90857,44.64241,882.85,163.365,FALSE POSITIVE,0.008086253369272238,25.72,1.061934816
K01266.01,Kepler-801 b,8547140,286.07523,44.664639,255.62,50.754999999999995,CONFIRMED,0.847457627118644,1.48,11.41926141
K01267.01,,8519253,299.2749,44.55349,713.65,138.415,FALSE POSITIVE,0.008086253369272238,61.63,5.93821065
K01268.01,,8813698,289.88962,45.005669,1262.21,219.255,CANDIDATE,0.4883720930232558,13.57,268.9410974
K01269.01,,8757910,293.53415,44.971111,1219.8,339.53499999999997,FALSE POSITIVE,0.0,31.77,0.655001616
K01328.01,,4074736,295.80585,39.17799,902.8,141.44,CANDIDATE,0.847457627118644,5.04,80.9669561
K01329.01,Kepler-819 b,4072526,295.37079,39.177212,732.92,59.83,CONFIRMED,0.9629629629629629,2.85,33.1996355
K01330.01,,4150539,289.7261,39.272831,568.37,59.709999999999994,FALSE POSITIVE,0.25,19.78,8.65306587
K01331.01,,4274548,294.50842,39.398682,534.4,61.925,CANDIDATE,0.9642857142857143,1.88,6.80082032
K01332.01,Kepler-288 c,4455231,288.91644,39.594711,1656.04,315.4,CONFIRMED,1.0,4.0,19.30581662
K01383.01,,8953257,291.92065,45.247028,991.4,231.735,FALSE POSITIVE,0.008086253369272238,25.03,3.221785738
K01384.01,,8971432,297.57349,45.233299,608.95,59.36,FALSE POSITIVE,0.008086253369272238,29.45,0.6243875
K01385.01,,9278553,290.88354,45.765869,1410.46,289.83,FALSE POSITIVE,0.0,55.23,18.610092584
K00165.01,Kepler-478 b,9527915,292.48694,46.196209,418.27,34.31,CONFIRMED,0.9642857142857143,2.38,13.22175358
K01386.01,,9143254,286.36188,45.555161,1172.27,270.495,FALSE POSITIVE,0.0,42.74,1.137525054
K01387.01,,8949247,290.49307,45.205898,894.23,197.265,FALSE POSITIVE,0.0,51.74,23.799939273
K01445.01,Kepler-853 b,11336883,283.9368,49.110329,545.93,100.215,CONFIRMED,1.0,1.61,7.16893064
K01445.02,,11336883,283.9368,49.110329,545.93,100.215,CANDIDATE,0.25,0.76,54.325574
K01445.03,,11336883,283.9368,49.110329,545.93,100.215,CANDIDATE,0.25,,20.01959599
K01446.01,,12506351,289.04999,51.418369,549.23,128.635,FALSE POSITIVE,0.0,48.79,1.22775877
K01447.01,,7622486,296.02509,43.234875,873.65,276.895,FALSE POSITIVE,0.008086253369272238,97.54,40.24649897
K01447.02,,7622486,296.02509,43.234875,873.65,276.895,FALSE POSITIVE,0.008086253369272238,20.74,2.27999662
K01448.01,,9705459,289.80521,46.491711,1522.1,368.645,FALSE POSITIVE,0.043478260869565216,24.39,2.48658617
K01270.01,Kepler-57 b,8564587,293.6413,44.65704,617.35,87.785,CONFIRMED,1.0,2.41,5.729317577
K00156.03,Kepler-114 d,10925104,294.12143,48.349522,153.62,13.235,CONFIRMED,1.0,2.08,11.776132317
K01270.02,Kepler-57 c,8564587,293.6413,44.65704,617.35,87.785,CONFIRMED,0.9642857142857143,1.71,11.60908533
K01271.01,,8631160,294.2655,44.7943,1027.81,185.215,CANDIDATE,0.847457627118644,11.52,162.0479502
K01272.01,,8552498,288.86734,44.61573,776.21,184.755,FALSE POSITIVE,0.0,23.72,0.530967162
K01273.01,Kepler-802 b,8806072,286.01587,45.007771,796.86,165.5,CONFIRMED,0.875,3.43,40.05881661
K01332.02,Kepler-288 b,4455231,288.91644,39.594711,1656.04,315.4,CONFIRMED,1.0,2.22,6.09747233
K01332.03,Kepler-288 d,4455231,288.91644,39.594711,1656.04,315.4,CONFIRMED,1.0,3.68,56.637918
K01333.01,,4285107,296.65308,39.322689,421.3,61.9,FALSE POSITIVE,0.2916666666666667,1.37,2.243016513
K01334.01,,4150624,289.7439,39.286301,915.22,163.675,FALSE POSITIVE,0.25,22.58,8.6531216
K00159.01,Kepler-115 c,8972058,297.71185,45.261921,615.95,96.46000000000001,CONFIRMED,0.9642857142857143,2.78,8.99088621
K01388.01,,9346253,293.38663,45.87027,1204.52,266.78000000000003,FALSE POSITIVE,0.008086253369272238,15.57,34.064566412
K01389.01,,9002237,283.18909,45.36417,981.38,226.12,FALSE POSITIVE,0.0,24.77,4.350087749
K01390.01,,9288786,294.91586,45.783871,497.7,45.205,FALSE POSITIVE,0.25,7.21,1.744101106
K01391.01,,8958035,293.70905,45.286388,861.98,202.01,FALSE POSITIVE,0.008086253369272238,18.75,7.981187121
K01392.01,,9040849,297.60529,45.36068,1160.16,232.96499999999997,FALSE POSITIVE,0.25,4.48,4.118775582
K01393.01,,9202151,283.55554,45.614262,289.41,28.240000000000002,CANDIDATE,0.7333333333333333,2.12,1.694740233
K01453.01,,7842610,297.89658,43.563889,979.32,207.155,FALSE POSITIVE,0.008086253369272238,50.75,0.971933156
K01454.01,,7830637,294.54739,43.533691,757.26,146.165,FALSE POSITIVE,0.008086253369272238,379.63,121.5991278
K01455.01,,4760746,295.4783,39.867722,1504.26,316.08,CANDIDATE,0.008086253369272238,16.43,15.068060768
K01456.01,Kepler-855 b,7832356,295.095,43.537579,1116.94,285.785,CONFIRMED,0.875,8.99,7.886632468
K01457.01,Kepler-856 b,9643874,289.60382,46.314949,1089.89,223.205,CONFIRMED,0.875,8.43,8.027681123
K01274.01,Kepler-421 b,8800954,283.25681,45.08778,306.3,22.25,CONFIRMED,0.7333333333333333,4.53,704.962626
K01275.01,Kepler-803 b,8583696,299.22162,44.693871,641.83,98.66,CONFIRMED,0.9642857142857143,3.88,50.28635977
K01276.01,Kepler-1991 c,8804283,285.0361,45.07106,908.6,125.28,CONFIRMED,1.0,2.57,22.79020351
K01276.02,Kepler-1991 b,8804283,285.0361,45.07106,908.6,125.28,CONFIRMED,1.0,1.47,13.26079792
K01277.01,,8552565,288.90253,44.632992,823.12,203.015,FALSE POSITIVE,0.043478260869565216,2.29,1.061932545
K01335.01,Kepler-820 b,4155328,291.02014,39.22068,1593.89,330.395,CONFIRMED,0.7333333333333333,9.46,127.8334997
K01336.01,Kepler-58 b,4077526,296.35867,39.115189,1053.54,250.98499999999999,CONFIRMED,1.0,2.33,10.21864532
K01336.02,Kepler-58 c,4077526,296.35867,39.115189,1053.54,250.98499999999999,CONFIRMED,1.0,2.94,15.573637
K01336.03,Kepler-58 d,4077526,296.35867,39.115189,1053.54,250.98499999999999,CONFIRMED,1.0,2.92,40.1015561
K01336.04,Kepler-58 e,4077526,296.35867,39.115189,1053.54,250.98499999999999,CONFIRMED,0.9629629629629629,1.61,4.45814897
K01394.01,,8937021,284.79102,45.228989,647.39,74.47999999999999,FALSE POSITIVE,0.6790534108477887,2.47,5.663621501
K01395.01,Kepler-1747 b,8935810,284.20966,45.25808,1250.15,218.015,CONFIRMED,0.9629629629629629,3.7,6.230335
K00166.01,Kepler-479 b,2441495,291.02185,37.769791,357.93,28.659999999999997,CONFIRMED,0.9629629629629629,2.2,12.49340725
K01396.01,Kepler-294 c,9455556,287.392,46.059311,1283.89,116.19,CONFIRMED,0.9642857142857143,2.54,6.62643441
K01396.02,Kepler-294 b,9455556,287.392,46.059311,1283.89,116.19,CONFIRMED,0.9629629629629629,1.62,3.70122061
K01397.01,,9427402,299.6777,45.972328,227.0,24.5,CANDIDATE,0.9629629629629629,1.89,6.247030799
K01207.01,Kepler-790 b,3732821,286.91711,38.872219,689.86,92.275,CONFIRMED,0.847457627118644,2.71,13.73474071
K01208.01,,3962440,293.61877,39.022572,874.04,129.52499999999998,CANDIDATE,0.4883720930232558,6.43,700.00298217
K01209.01,,3534076,288.31436,38.693291,1067.69,124.785,CANDIDATE,0.2916666666666667,5.95,272.0868353
K01210.01,Kepler-791 b,3962357,293.59583,39.02948,1345.16,256.63,CONFIRMED,0.847457627118644,3.45,14.55387488
K00016.01,,9110357,298.34421,45.40992,2787.73,1016.5,FALSE POSITIVE,0.008086253369272238,9.27,0.895277575
K00152.04,Kepler-79 e,8394721,300.51712,44.38158,939.51,149.2,CONFIRMED,1.0,3.01,81.0637895
K01278.01,Kepler-282 d,8609450,284.67728,44.79768,978.57,111.78,CONFIRMED,0.9642857142857143,2.16,24.8056775
K00157.01,Kepler-11 c,6541920,297.11511,41.909142,586.27,43.45,CONFIRMED,1.0,2.88,13.02493307
K01278.02,Kepler-282 e,8609450,284.67728,44.79768,978.57,111.78,CONFIRMED,1.0,2.45,44.3471936
K01278.03,Kepler-282 b,8609450,284.67728,44.79768,978.57,111.78,CONFIRMED,0.875,1.02,9.2207691
K01278.04,Kepler-282 c,8609450,284.67728,44.79768,978.57,111.78,CONFIRMED,0.847457627118644,1.1,13.6396648
K01337.01,Kepler-821 b,4243911,285.61746,39.379532,629.22,45.95,CONFIRMED,0.847457627118644,1.28,1.922799706
K01338.01,Kepler-822 b,4466677,292.27612,39.550179,807.25,176.22,CONFIRMED,0.9642857142857143,1.47,3.222975318
K01338.02,,4466677,292.27612,39.550179,807.25,176.22,CANDIDATE,0.9642857142857143,1.66,42.0370662
K01338.03,,4466677,292.27612,39.550179,807.25,176.22,CANDIDATE,0.875,1.4,21.0112068
K01339.01,Kepler-823 b,4135665,284.58255,39.220211,1218.5,211.79000000000002,CONFIRMED,0.9629629629629629,2.28,4.16811839
K01398.01,Kepler-1748 b,9269281,285.96786,45.739071,1253.75,269.385,CONFIRMED,0.847457627118644,3.0,5.82348911
K01399.01,,9100484,295.76083,45.45739,846.46,99.80000000000001,CANDIDATE,0.9642857142857143,2.27,8.75059775
K01400.01,,9157908,293.17416,45.521229,693.31,151.805,FALSE POSITIVE,0.008086253369272238,19.33,9.41475056
K01401.01,,9030447,294.79001,45.391621,2283.01,572.78,FALSE POSITIVE,0.008086253369272238,1.52,0.56669006
K01402.01,Kepler-832 b,9034103,295.92609,45.383862,1560.28,334.455,CONFIRMED,0.9629629629629629,2.24,7.13969705
K01403.01,Kepler-833 b,9214942,290.47995,45.6007,314.83,47.83,CONFIRMED,0.9642857142857143,1.67,18.75470238
K01211.01,,3858704,293.64841,38.976021,519.97,83.05,FALSE POSITIVE,0.4883720930232558,1.43,3.00363219
K01212.01,Kepler-792 b,3749134,292.00681,38.820728,1112.98,159.25,CONFIRMED,0.9629629629629629,1.85,11.30123036
K01213.01,,3556220,294.35049,38.602131,713.27,131.34,FALSE POSITIVE,0.043478260869565216,1.44,0.796722833
K01214.01,Kepler-793 b,3660924,295.21664,38.77433,848.8,192.995,CONFIRMED,0.9629629629629629,1.44,4.24153629
K01215.01,Kepler-277 b,3939150,286.58316,39.077202,977.64,191.125,CONFIRMED,0.9863080107428677,3.14,17.32419108
K01279.01,Kepler-804 b,8628758,293.37225,44.785141,636.0,87.435,CONFIRMED,1.0,1.94,14.37457572
K01279.02,Kepler-804 c,8628758,293.37225,44.785141,636.0,87.435,CONFIRMED,1.0,1.08,9.65188331
K01280.01,,8509361,296.71735,44.579659,1150.07,422.82500000000005,FALSE POSITIVE,0.625,3.16,6.0990118
K01281.01,Kepler-1742 b,8742590,286.96683,44.992489,656.89,133.965,CONFIRMED,0.847457627118644,1.88,49.4781446
K01282.01,Kepler-805 b,8822366,293.22995,45.05331,591.32,34.004999999999995,CONFIRMED,0.9629629629629629,3.01,30.8639476
K00159.02,Kepler-115 b,8972058,297.71185,45.261921,615.95,96.46000000000001,CONFIRMED,0.9629629629629629,1.24,2.403640701
K01340.01,,4386059,296.43408,39.444069,1010.68,250.865,FALSE POSITIVE,0.25,1.58,2.90060781
K01341.01,Kepler-824 b,4650674,290.47742,39.73201,1259.83,191.05,CONFIRMED,0.9642857142857143,1.84,4.51436096
K01342.01,Kepler-825 b,4275721,294.7699,39.39851,742.64,154.33499999999998,CONFIRMED,1.0,1.29,3.77359871
K01342.02,Kepler-825 c,4275721,294.7699,39.39851,742.64,154.33499999999998,CONFIRMED,0.9629629629629629,1.77,8.18182189
K01404.01,Kepler-834 b,8874090,287.05453,45.18037,309.2,85.625,CONFIRMED,1.0,1.26,13.32389352
K00167.01,Kepler-480 b,11666881,294.4639,49.765041,780.3,126.56,CONFIRMED,0.9642857142857143,2.86,4.919584997
K01405.01,Kepler-835 b,9264949,283.57422,45.734798,2181.7,512.4449999999999,CONFIRMED,0.7333333333333333,3.32,11.41911886
K01406.01,Kepler-836 b,9271752,287.45279,45.704399,988.54,238.07500000000002,CONFIRMED,0.9629629629629629,2.6,11.36113254
K01407.01,,9007866,285.98865,45.377811,1167.63,234.32999999999998,FALSE POSITIVE,0.0,0.72,1.3866358
K01408.01,Kepler-1749 b,9150827,290.29456,45.56461,207.71,17.87,CONFIRMED,1.0,1.36,14.53410833
K01215.02,Kepler-277 c,3939150,286.58316,39.077202,977.64,191.125,CONFIRMED,1.0,3.13,33.0063185
K01216.01,Kepler-794 b,3839488,288.1337,38.99688,756.38,135.31,CONFIRMED,0.9642857142857143,2.06,11.13127159
K01217.01,,3542588,290.86142,38.641129,708.45,159.125,FALSE POSITIVE,0.043478260869565216,1.19,3.47143963
K01218.01,Kepler-795 b,3442055,291.01904,38.54557,465.17,58.504999999999995,CONFIRMED,0.9629629629629629,1.74,29.6193891
K01219.01,,3440861,290.66681,38.568329,483.73,33.25,FALSE POSITIVE,0.008086253369272238,,3.50376155
K00153.01,Kepler-113 c,12252424,287.99789,50.944328,236.09,16.225,CONFIRMED,1.0,2.36,8.925079516
K01283.01,Kepler-806 b,8700771,296.00711,44.853474,314.89,61.53999999999999,CONFIRMED,0.847457627118644,1.44,8.0922105
K01284.01,,10960993,283.31592,48.404873,469.29,153.655,FALSE POSITIVE,0.0,88.51,3.117087797
K00157.02,Kepler-11 d,6541920,297.11511,41.909142,586.27,43.45,CONFIRMED,1.0,3.2,22.687155
K01285.01,,10599397,291.63699,47.83234,598.51,112.245,FALSE POSITIVE,0.008086253369272238,7.09,0.937406378
K01286.01,,10879208,298.25803,48.217361,1097.71,208.71,FALSE POSITIVE,0.008086253369272238,29.53,0.668483615
K01287.01,,10843203,282.23273,48.271198,1024.87,172.53,FALSE POSITIVE,0.008086253369272238,32.12,4.429633087
K01343.01,,4570931,294.18967,39.617119,730.07,171.945,FALSE POSITIVE,0.018867924528301886,1.39,1.544927524
K01344.01,Kepler-826 b,4136466,284.86014,39.240551,699.3,121.78999999999999,CONFIRMED,0.847457627118644,1.37,4.48758768
K01345.01,,7284688,292.63,42.829338,191.85,47.945,FALSE POSITIVE,0.0,46.4,0.323021692
K01346.01,,7199774,291.61008,42.759762,435.27,89.375,FALSE POSITIVE,0.008086253369272238,42.99,4.70818628
K01347.01,,7037540,293.02036,42.508835,1139.82,318.335,FALSE POSITIVE,0.7333333333333333,23.42,14.405857436
K01348.01,,6866228,292.7399,42.359402,828.44,144.64,FALSE POSITIVE,0.008086253369272238,225.25,7.702374154
K01409.01,Kepler-837 b,9391208,285.24667,45.950191,933.99,197.09,CONFIRMED,0.847457627118644,2.94,16.56062577
K01410.01,Kepler-838 b,9391506,285.43552,45.976021,1350.57,323.035,CONFIRMED,0.9629629629629629,2.77,15.74958583
K01412.01,Kepler-839 b,8950853,291.07468,45.24258,793.31,124.92999999999999,CONFIRMED,0.9629629629629629,3.04,37.8145252
K01413.01,Kepler-295 b,9006449,285.34583,45.367779,648.72,135.01500000000001,CONFIRMED,0.9629629629629629,1.55,12.64504291
K01413.02,Kepler-295 c,9006449,285.34583,45.367779,648.72,135.01500000000001,CONFIRMED,0.9642857142857143,1.36,21.5262958
K01413.03,Kepler-295 d,9006449,285.34583,45.367779,648.72,135.01500000000001,CONFIRMED,0.9642857142857143,1.74,33.8845825
K01220.01,Kepler-796 b,4043190,287.30786,39.14473,499.29,100.075,CONFIRMED,0.9629629629629629,1.91,6.40087137
K01221.01,Kepler-278 b,3640905,290.10718,38.702229,474.45,50.964999999999996,CONFIRMED,0.9642857142857143,4.54,30.1599411
K01221.02,Kepler-278 c,3640905,290.10718,38.702229,474.45,50.964999999999996,CONFIRMED,0.9642857142857143,3.66,51.0771048
K01222.01,,4060815,292.4968,39.193169,797.51,74.385,FALSE POSITIVE,0.008086253369272238,2.13,4.2856756
K01223.01,,6613006,293.8129,42.04871,388.52,77.095,FALSE POSITIVE,0.018867924528301886,10.66,7.388833611
K01224.01,,6606653,291.98694,42.037651,875.37,208.015,FALSE POSITIVE,0.008086253369272238,52.51,2.698021895
K01288.01,Kepler-807 b,10790387,289.02017,48.119808,1382.9,335.83500000000004,CONFIRMED,0.7333333333333333,10.36,117.93110803
K01289.01,,10748393,297.71039,48.083832,678.31,103.9,FALSE POSITIVE,0.9629629629629629,5.71,4.887806806
K01290.01,,10874226,296.71634,48.211262,1129.46,270.475,FALSE POSITIVE,0.008086253369272238,38.2,11.973605044
K01291.01,,10661771,290.29385,47.96759,896.26,184.62,FALSE POSITIVE,0.008086253369272238,5.39,1.231364189
K01292.01,,10924853,294.0217,48.390419,1381.72,304.755,FALSE POSITIVE,0.008086253369272238,29.29,2.102416517
K01293.01,,10874926,296.93268,48.266491,1005.15,221.32,FALSE POSITIVE,0.008086253369272238,37.3,11.703109303
K00160.01,,6631721,298.18362,42.01313,788.13,184.49,FALSE POSITIVE,0.25,3.84,13.73808249
K01349.01,,6847018,286.30026,42.374828,691.65,168.1,FALSE POSITIVE,0.008086253369272238,843.45,16.66216657
K01350.01,,7220322,297.10837,42.751663,473.82,120.33500000000001,FALSE POSITIVE,0.008086253369272238,43.73,0.752159702
K01352.01,,6956233,294.09109,42.491459,723.61,91.895,FALSE POSITIVE,0.043478260869565216,2.96,4.81886153
K01353.01,Kepler-289 c,7303287,297.46533,42.882839,751.47,105.99,CONFIRMED,1.0,12.37,125.86540191
K01353.02,Kepler-289 b,7303287,297.46533,42.882839,751.47,105.99,CONFIRMED,1.0,2.67,34.5439452
K00168.01,Kepler-23 c,11512246,294.21893,49.479221,794.59,46.175,CONFIRMED,1.0,3.06,10.74241765
K01414.01,,8916492,301.26144,45.104893,697.68,225.545,FALSE POSITIVE,0.008086253369272238,2.24,4.02378908
K01415.01,,11193447,293.38153,48.82476,589.16,151.5,FALSE POSITIVE,0.0,58.02,0.312941621
K01416.01,Kepler-840 b,11517719,296.50739,49.457291,728.02,160.405,CONFIRMED,0.008086253369272238,15.75,2.495780169
K01417.01,,11599264,284.98886,49.62606,1237.36,255.29500000000002,FALSE POSITIVE,0.008086253369272238,517.43,8.428090255
K01418.01,,11100657,298.76062,48.600182,994.71,186.63500000000002,FALSE POSITIVE,0.008086253369272238,836.31,8.344104633
K01225.01,,6620003,295.62222,42.09288,271.59,16.125,CANDIDATE,0.008086253369272238,25.0,1.714274727
K01226.01,,6621116,295.86691,42.062672,1328.2,327.575,FALSE POSITIVE,0.008086253369272238,49.52,137.75960504
K01227.01,,6629332,297.70712,42.047371,505.54,86.88,FALSE POSITIVE,0.008086253369272238,16.89,2.155278342
K01228.01,,6387450,298.09171,41.794128,518.88,79.44999999999999,FALSE POSITIVE,0.043478260869565216,12.07,3.661326482
K00153.02,Kepler-113 b,12252424,287.99789,50.944328,236.09,16.225,CONFIRMED,1.0,2.0,4.75400072
K01229.01,,6432059,288.03989,41.818359,653.74,107.4,FALSE POSITIVE,0.0,,0.76973817
K01230.01,,6470149,298.94815,41.812149,1297.14,159.955,FALSE POSITIVE,0.043478260869565216,57.54,165.739861
K01294.01,,10549562,297.116,47.737949,1285.13,309.865,FALSE POSITIVE,0.008086253369272238,5.35,9.08937826
K00017.01,Kepler-6 b,10874614,296.83725,48.239944,568.64,44.98,CONFIRMED,0.9642857142857143,13.06,3.234699282
K00157.03,Kepler-11 e,6541920,297.11511,41.909142,586.27,43.45,CONFIRMED,1.0,4.12,31.99552485
K01295.01,,10666230,292.08905,47.929642,888.57,161.3,FALSE POSITIVE,0.008086253369272238,31.24,1.577800747
K01296.01,,10971674,289.79077,48.448139,672.88,166.545,FALSE POSITIVE,0.008086253369272238,21.65,2.380862632
K01354.01,,6891543,298.80545,42.39584,769.66,168.07999999999998,FALSE POSITIVE,0.008086253369272238,26.56,1.752567456
K01355.01,Kepler-827 b,7211141,294.96606,42.708569,2101.47,401.77,CONFIRMED,0.9629629629629629,8.49,51.92920654
K01356.01,,7363829,292.1199,42.931679,2149.66,471.38,CANDIDATE,0.0,,384.02570682
K01357.01,,6719086,298.45953,42.187431,1004.37,185.715,CANDIDATE,0.847457627118644,2.87,3.014330766
K01358.01,Kepler-1987 d,7376983,295.8255,42.94339,588.56,67.965,CONFIRMED,1.0,2.66,5.644914154
K00161.01,Kepler-475 b,5084942,287.05173,40.211552,282.09,19.015,CONFIRMED,0.9642857142857143,2.68,3.105507835
K01419.01,,11125936,285.41196,48.725231,1347.77,316.355,FALSE POSITIVE,0.0,35.19,1.336109338
K01420.01,,11026304,290.1127,48.577782,737.52,86.72,CANDIDATE,0.9629629629629629,4.44,13.35151248
K01421.01,,11342550,287.65045,49.156052,1171.87,147.93,CANDIDATE,0.4883720930232558,10.23,1693.6636225
K01422.01,Kepler-296 c,11497958,286.54001,49.437328,172.3,27.675,CONFIRMED,1.0,1.38,5.841636615
K01422.02,Kepler-296 d,11497958,286.54001,49.437328,172.3,27.675,CONFIRMED,1.0,1.52,19.85029495
K00168.02,Kepler-23 d,11512246,294.21893,49.479221,794.59,46.175,CONFIRMED,1.0,2.17,15.27443889
K01231.01,,6462874,297.33563,41.89048,396.29,48.79,FALSE POSITIVE,0.25,2.92,22.34293693
K01232.01,,6665223,281.74261,42.123081,553.83,50.96,FALSE POSITIVE,0.018867924528301886,16.26,119.40817159
K01233.01,,6545358,297.88437,41.931252,2580.68,601.585,FALSE POSITIVE,0.008086253369272238,7.12,1.171536413
K01234.01,,6390824,298.79498,41.759769,1089.18,218.705,FALSE POSITIVE,0.008086253369272238,11.52,0.973547911
K01235.01,,6546528,298.13525,41.95105,720.87,123.78,FALSE POSITIVE,0.008086253369272238,21.79,3.053563251
K01297.01,,10676923,296.14877,47.934872,1305.86,318.33000000000004,FALSE POSITIVE,0.008086253369272238,2.36,1.031096352
K01298.01,Kepler-283 b,10604335,293.61371,47.839001,410.8,30.549999999999997,CONFIRMED,0.9629629629629629,2.15,11.00817635
K01298.02,Kepler-283 c,10604335,293.61371,47.839001,410.8,30.549999999999997,CONFIRMED,0.9629629629629629,1.87,92.7495777
K01299.01,Kepler-432 b,10864656,293.2822,48.2859,842.71,80.25,CONFIRMED,0.847457627118644,12.41,52.5008645
K01300.01,Kepler-808 b,10975146,291.59409,48.44561,221.75,24.88,CONFIRMED,0.847457627118644,1.2,0.63133171
K01301.01,Kepler-284 b,10538176,293.14648,47.729649,1153.5,95.75,CONFIRMED,1.0,2.62,12.69905011
K01358.02,Kepler-1987 e,7376983,295.8255,42.94339,588.56,67.965,CONFIRMED,1.0,1.92,8.74292005
K01358.03,Kepler-1987 c,7376983,295.8255,42.94339,588.56,67.965,CONFIRMED,1.0,1.33,3.64830183
K01358.04,Kepler-1987 b,7376983,295.8255,42.94339,588.56,67.965,CONFIRMED,0.9642857142857143,1.23,2.345863002
K01359.01,Kepler-1744 b,6946199,291.02069,42.46244,975.39,211.85,CONFIRMED,0.9642857142857143,3.19,37.1011418
K01359.02,,6946199,291.02069,42.46244,975.39,211.85,CANDIDATE,0.847457627118644,6.45,104.8205868
K01422.03,Kepler-296 b,11497958,286.54001,49.437328,172.3,27.675,CONFIRMED,1.0,1.14,10.8644095
K01423.01,Kepler-841 b,11177707,284.25131,48.809608,2000.71,693.55,CONFIRMED,0.847457627118644,10.3,124.4197175
K01424.01,Kepler-842 b,11611600,292.32858,49.653542,515.56,57.425,CONFIRMED,0.847457627118644,1.51,1.219568047
K01425.01,Kepler-843 b,11254382,296.32199,48.971481,1322.5,207.735,CONFIRMED,0.847457627118644,2.74,2.05388477
K01426.01,Kepler-297 b,11122894,283.20917,48.777641,655.93,75.28999999999999,CONFIRMED,1.0,2.81,38.86848956
K01236.01,Kepler-279 c,6677841,287.3912,42.194832,1157.82,227.2,CONFIRMED,1.0,5.47,35.7353616
K01236.02,Kepler-279 b,6677841,287.3912,42.194832,1157.82,227.2,CONFIRMED,0.9629629629629629,3.82,12.30971679
K01236.03,Kepler-279 d,6677841,287.3912,42.194832,1157.82,227.2,CONFIRMED,0.9629629629629629,3.2,54.4205407
K00154.01,,9970525,298.74423,46.83009,1624.09,442.21000000000004,FALSE POSITIVE,0.008086253369272238,,30.00908916
K01237.01,,6531491,294.58929,41.944382,1401.64,331.3,FALSE POSITIVE,0.008086253369272238,38.86,14.32407216
K01238.01,Kepler-797 b,6383821,297.20895,41.781712,793.43,69.435,CONFIRMED,0.9629629629629629,2.18,27.07237655
K01301.02,Kepler-284 c,10538176,293.14648,47.729649,1153.5,95.75,CONFIRMED,1.0,2.68,37.5142128
K01302.01,Kepler-809 b,10724369,289.08365,48.018131,911.12,208.995,CONFIRMED,0.9629629629629629,3.13,55.6391882
K00157.04,Kepler-11 f,6541920,297.11511,41.909142,586.27,43.45,CONFIRMED,1.0,2.52,46.6856205
K01303.01,,10867062,294.23007,48.204479,1013.05,175.095,CANDIDATE,0.625,3.29,34.2966363
K01304.01,Kepler-810 b,10744335,296.61487,48.082642,1407.52,310.395,CONFIRMED,0.847457627118644,1.69,4.59726613
K01602.01,Kepler-1758 b,4860678,297.79691,39.921371,1443.93,274.40999999999997,CONFIRMED,1.0,2.53,9.97716876
K01603.01,Kepler-904 b,5177104,288.82291,40.38905,884.77,196.63,CONFIRMED,0.7333333333333333,1.31,3.02168007
K00187.01,,7023960,288.72949,42.55088,1010.03,227.29,FALSE POSITIVE,0.2916666666666667,15.4,30.882538697
K01604.01,,10033279,299.2475,46.951908,1102.61,284.795,FALSE POSITIVE,0.25,15.33,72.4914068
K01605.01,,5009189,291.23883,40.163509,1125.1,283.15500000000003,FALSE POSITIVE,0.018867924528301886,24.03,4.93913074
K01713.02,Kepler-316 b,8230616,290.82602,44.184109,314.8,22.935000000000002,CONFIRMED,0.9642857142857143,1.22,2.240486703
K01715.01,Kepler-1766 b,9836959,294.27728,46.675282,440.72,61.14,CONFIRMED,0.847457627118644,2.29,105.0145774
K01716.01,Kepler-935 b,9838949,295.02167,46.619221,582.45,82.80000000000001,CONFIRMED,0.847457627118644,1.55,4.88084456
K01717.01,Kepler-936 b,9895006,293.57776,46.73634,914.62,218.41500000000002,CONFIRMED,0.847457627118644,2.43,10.56137217
K01718.01,Kepler-937 b,9896558,294.16882,46.714611,1278.41,310.655,CONFIRMED,1.0,3.39,67.6690554
K01488.01,Kepler-861 b,9589323,292.35394,46.22628,870.53,118.65,CONFIRMED,0.625,2.32,3.949627144
K01489.01,Kepler-1753 b,9823487,288.23666,46.605919,792.72,108.22,CONFIRMED,0.9629629629629629,2.24,16.00460392
K01490.01,,9602514,297.12186,46.221909,861.42,494.12,FALSE POSITIVE,0.018867924528301886,3.05,3.55650737
K01491.01,Kepler-862 b,9726659,297.77927,46.492741,810.14,147.815,CONFIRMED,0.847457627118644,2.15,3.148661555
K01492.01,,12108312,289.95078,50.657249,618.2,114.74499999999999,FALSE POSITIVE,0.008086253369272238,20.03,0.70544824
K01557.01,Kepler-304 b,5371776,294.44177,40.55759,431.08,29.755000000000003,CONFIRMED,1.0,2.81,3.295701024
K01557.02,Kepler-304 d,5371776,294.44177,40.55759,431.08,29.755000000000003,CONFIRMED,1.0,2.41,9.65349016
K01557.03,Kepler-304 c,5371776,294.44177,40.55759,431.08,29.755000000000003,CONFIRMED,1.0,2.33,5.315954488
K00180.01,Kepler-484 b,9573539,284.39429,46.249081,359.35,36.47,CONFIRMED,0.9642857142857143,2.19,10.04556377
K01557.04,Kepler-304 e,5371776,294.44177,40.55759,431.08,29.755000000000003,CONFIRMED,0.9642857142857143,1.09,1.499144441
K01606.01,Kepler-905 b,9886661,290.05112,46.713371,500.05,48.185,CONFIRMED,0.875,1.4,5.082748362
K01607.01,,5477805,298.96255,40.630661,766.52,208.06,FALSE POSITIVE,0.2916666666666667,2.0,5.00673576
K01608.01,Kepler-311 b,10055126,282.06128,47.085491,753.57,117.2,CONFIRMED,1.0,1.66,9.17617167
K01608.02,Kepler-311 c,10055126,282.06128,47.085491,753.57,117.2,CONFIRMED,1.0,1.61,19.7383992
K01609.01,Kepler-906 b,5009743,291.40555,40.125488,691.97,78.735,CONFIRMED,0.9629629629629629,2.03,41.6980186
K01720.01,Kepler-1767 b,10015937,293.64417,46.989761,998.9,74.39,CONFIRMED,0.7333333333333333,3.59,59.6585348
K01721.01,Kepler-938 b,10019065,294.78915,46.98399,1292.02,321.15,CONFIRMED,1.0,3.68,52.6298542
K00192.01,Kepler-427 b,7950644,288.25458,43.704868,1044.6,191.66000000000003,CONFIRMED,0.9629629629629629,13.43,10.290994129
K01722.01,Kepler-939 b,10080248,293.8656,47.026829,1060.66,222.33,CONFIRMED,0.2916666666666667,1.63,14.8783945
K01723.01,Kepler-940 b,10213902,294.2413,47.275982,1405.72,298.32,CONFIRMED,0.847457627118644,3.63,59.6222627
K01493.01,,9842906,296.4418,46.616711,1652.54,409.93500000000006,FALSE POSITIVE,0.008086253369272238,3.28,4.9883873
K01494.01,Kepler-1754 b,11821363,295.45715,50.077171,692.36,78.31,CONFIRMED,0.9629629629629629,2.04,8.19596647
K01495.01,Kepler-863 b,7629518,297.66452,43.248959,1135.59,254.13,CONFIRMED,0.9629629629629629,2.74,15.59466045
K00174.01,Kepler-482 b,10810838,296.82291,48.107552,276.6,17.89,CONFIRMED,0.9642857142857143,2.59,56.35407916
K01496.01,,4828341,289.60678,39.938332,1218.77,286.925,FALSE POSITIVE,0.008086253369272238,53.72,36.12895451
K01558.01,,10019763,295.04639,46.97459,1080.83,258.865,FALSE POSITIVE,0.4883720930232558,10.68,32.50456309
K01559.01,,9899280,295.18561,46.786709,364.5,38.72,FALSE POSITIVE,0.008086253369272238,1.4,1.332560589
K01560.01,,8046659,297.41965,43.876579,1017.76,231.29500000000002,CANDIDATE,0.018867924528301886,11.18,31.56904354
K01561.01,,4940438,296.03342,40.019611,1068.23,213.56,FALSE POSITIVE,0.018867924528301886,6.28,9.08590495
K01562.01,,5308663,299.556,40.456551,1169.95,240.28499999999997,FALSE POSITIVE,0.008086253369272238,25.48,0.784512952
K01610.01,,5474733,298.3949,40.62891,645.61,131.78,FALSE POSITIVE,0.018867924528301886,1.09,0.883778461
K01612.01,Kepler-408 b,10963065,284.78619,48.423229,84.79,4.99,CONFIRMED,0.6315232534184584,0.69,2.465024332
K01613.01,Kepler-907 b,6268648,285.47659,41.632717,327.5,16.025,CONFIRMED,1.0,1.31,15.86624787
K00021.01,,10125352,284.73859,47.169628,1149.12,318.4,FALSE POSITIVE,0.008086253369272238,76.51,4.288515468
K00188.01,Kepler-425 b,5357901,290.35803,40.567741,630.98,43.31999999999999,CONFIRMED,0.9629629629629629,10.07,3.797018259
K01615.01,Kepler-908 b,4278221,295.32251,39.376492,258.92,33.47,CONFIRMED,0.847457627118644,1.16,1.340596782
K01724.01,Kepler-941 b,10214162,294.32635,47.217609,1334.83,319.37,CONFIRMED,0.847457627118644,3.29,17.42393582
K01725.01,Kepler-1651 b,10905746,283.62885,48.391003,56.0,8.515,CONFIRMED,0.9642857142857143,1.6,9.8786461
K01726.01,Kepler-942 b,8242434,294.95511,44.149818,211.68,15.035,CONFIRMED,0.9642857142857143,2.0,44.96407458
K01727.01,Kepler-943 b,6185331,284.27396,41.535019,1132.83,210.525,CONFIRMED,0.25,5.12,49.7700907
K01728.01,,11820830,295.21661,50.084332,641.27,164.185,FALSE POSITIVE,0.0,70.11,12.7319385
K01497.01,,11774387,297.04651,49.97039,1149.2,248.39,FALSE POSITIVE,0.008086253369272238,1.52,0.520222869
K01498.01,Kepler-864 b,9636135,285.0571,46.320679,2012.12,465.94,CONFIRMED,0.9629629629629629,2.98,5.83376197
K01498.02,Kepler-864 c,9636135,285.0571,46.320679,2012.12,465.94,CONFIRMED,0.847457627118644,1.62,2.42150341
K01499.01,Kepler-865 b,7841925,297.72427,43.527431,622.01,121.625,CONFIRMED,1.0,2.35,14.16400071
K01499.02,,7841925,297.72427,43.527431,622.01,121.625,CANDIDATE,0.7333333333333333,0.62,0.840594032
K01499.03,Kepler-865 c,7841925,297.72427,43.527431,622.01,121.625,CONFIRMED,0.9642857142857143,0.89,6.20920207
K01563.01,Kepler-305 b,5219234,299.22433,40.343182,836.28,62.31,CONFIRMED,0.9642857142857143,3.24,5.48711441
K01563.02,Kepler-305 c,5219234,299.22433,40.343182,836.28,62.31,CONFIRMED,0.9642857142857143,3.21,8.29084167
K01563.03,Kepler-305 e,5219234,299.22433,40.343182,836.28,62.31,CONFIRMED,1.0,1.7,3.20539622
K01563.04,Kepler-305 d,5219234,299.22433,40.343182,836.28,62.31,CONFIRMED,1.0,2.56,16.73869035
K00181.01,,12504988,288.25284,51.417332,1021.59,252.865,FALSE POSITIVE,0.008086253369272238,17.19,5.093938816
K01616.01,Kepler-909 b,9015738,289.50635,45.370998,301.8,43.595,CONFIRMED,1.0,1.66,13.93291548
K01618.01,Kepler-910 b,7215603,296.04736,42.743011,407.12,13.615000000000002,CONFIRMED,0.847457627118644,0.82,2.36436762
K01619.01,,4276716,294.99023,39.346378,113.95,7.6,CANDIDATE,0.625,0.66,20.6654374
K01621.01,Kepler-911 b,5561278,298.5892,40.75069,517.36,30.455,CONFIRMED,0.9629629629629629,2.41,20.31047472
K01622.01,,7287683,293.54889,42.888859,898.21,210.17,CANDIDATE,0.847457627118644,3.51,69.8347983
K01626.01,Kepler-912 b,6387542,298.11121,41.758331,861.78,159.265,CONFIRMED,0.25,2.02,2.53475568
K01731.01,,8266276,301.4693,44.159649,705.76,77.62,CANDIDATE,0.9629629629629629,2.36,2.59488443
K01732.01,Kepler-944 b,6869184,293.60126,42.379761,978.38,179.405,CONFIRMED,0.9629629629629629,2.42,43.3167427
K01733.01,,8396405,301.08572,44.380192,656.09,54.63,CANDIDATE,0.9629629629629629,1.72,19.18109525
K00193.01,,10799735,292.87616,48.195309,1057.34,264.805,FALSE POSITIVE,0.018867924528301886,14.39,37.590298548
K01736.01,Kepler-945 b,6604328,291.26974,42.096039,1776.52,379.13,CONFIRMED,0.9629629629629629,2.72,31.0033072
K01500.01,,9719634,295.52521,46.459431,664.93,104.755,FALSE POSITIVE,0.2916666666666667,1.64,3.351556891
K01501.01,Kepler-866 b,7439316,290.12231,43.08556,704.33,77.42500000000001,CONFIRMED,0.8475028096962683,1.57,2.617028373
K01502.01,,12061238,291.23114,50.56702,681.0,94.09,FALSE POSITIVE,0.7333333333333333,1.57,1.876406096
K00175.01,,8323753,299.07813,44.293789,1396.54,376.95500000000004,FALSE POSITIVE,0.2916666666666667,5.76,6.71425632
K01503.01,Kepler-867 b,12400538,287.28531,51.249981,859.04,102.19,CONFIRMED,0.847457627118644,4.6,150.2412582
K01564.01,Kepler-891 b,5184584,291.0838,40.355251,1237.89,239.91000000000003,CONFIRMED,0.9629629629629629,5.82,53.44944498
K01565.01,,5636648,296.33319,40.896259,955.15,202.16,FALSE POSITIVE,0.0,20.43,0.466743525
K01566.01,,5564247,299.14142,40.725899,907.04,136.785,FALSE POSITIVE,0.25,1.42,1.727177258
K01567.01,Kepler-306 c,5438099,288.53867,40.61615,698.23,50.015,CONFIRMED,1.0,2.14,7.24022418
K01567.02,Kepler-306 b,5438099,288.53867,40.61615,698.23,50.015,CONFIRMED,1.0,1.82,4.64622383
K01627.01,Kepler-913 b,6543893,297.58313,41.952431,2401.25,504.565,CONFIRMED,0.9642857142857143,5.75,10.29674097
K01627.02,Kepler-913 c,6543893,297.58313,41.952431,2401.25,504.565,CONFIRMED,0.9642857142857143,3.7,5.93919041
K01628.01,Kepler-312 c,6975129,298.39575,42.459751,537.77,70.44500000000001,CONFIRMED,1.0,2.62,19.74733983
K00189.01,Kepler-486 b,11391018,284.87997,49.266991,434.29,49.51,CONFIRMED,0.847457627118644,10.99,30.360445359
K01629.01,Kepler-914 b,8685497,290.41199,44.89933,664.22,91.535,CONFIRMED,0.847457627118644,1.51,4.4096675
K01738.01,Kepler-1671 b,4365645,291.74838,39.44688,341.89,24.9,CONFIRMED,0.847457627118644,1.07,4.16787814
K01739.01,,7199906,291.65009,42.700779,1505.99,291.385,CANDIDATE,0.0,,220.65651253
K01746.01,Kepler-946 b,8197343,300.9296,44.02879,1115.41,172.025,CONFIRMED,0.9642857142857143,2.41,11.79161234
K01747.01,,7032421,291.41833,42.579819,827.4,83.50999999999999,FALSE POSITIVE,0.25,36.9,20.55848388
K01749.01,Kepler-947 b,6786348,294.36673,42.252682,1256.97,233.49,CONFIRMED,0.9629629629629629,2.2,26.964501
K01750.01,Kepler-948 b,6209677,293.30023,41.523338,805.31,76.795,CONFIRMED,0.9642857142857143,1.35,7.76845639
K01504.01,,9641018,288.01486,46.348949,631.96,123.39,FALSE POSITIVE,0.008086253369272238,22.22,2.178154348
K01505.01,Kepler-868 b,9813499,282.36349,46.67524,1355.43,313.76,CONFIRMED,0.25,2.53,5.03257009
K01506.01,Kepler-869 b,12254792,289.42459,50.994122,833.66,167.585,CONFIRMED,0.8986028630580067,2.92,40.4286676
K01507.01,Kepler-870 b,12020218,295.40253,50.47863,1218.24,290.115,CONFIRMED,0.9642857142857143,2.52,21.3588236
K01508.01,Kepler-871 b,7690844,294.52713,43.36816,1328.71,265.49,CONFIRMED,0.847457627118644,3.05,22.0459163
K01509.01,,9535080,295.26349,46.148022,540.6,123.25,FALSE POSITIVE,0.008086253369272238,43.41,49.6456235
K01567.03,Kepler-306 d,5438099,288.53867,40.61615,698.23,50.015,CONFIRMED,1.0,2.23,17.32670445
K01567.04,Kepler-306 e,5438099,288.53867,40.61615,698.23,50.015,CONFIRMED,1.0,2.75,44.8411168
K01568.01,,5210475,297.50385,40.342972,889.14,167.83499999999998,FALSE POSITIVE,0.25,1.51,1.008917105
K01569.01,Kepler-892 b,8009350,283.12964,43.888241,622.36,69.255,CONFIRMED,0.9629629629629629,2.81,13.75207851
K01570.01,Kepler-893 b,8082001,284.96304,43.91301,1311.38,310.88,CONFIRMED,0.847457627118644,3.31,6.33855946
K01630.01,,9017682,290.25964,45.388409,911.27,193.905,CANDIDATE,0.875,1.4,11.30507984
K01632.01,Kepler-915 b,9277896,290.59207,45.737141,760.67,133.19,CONFIRMED,0.847457627118644,1.85,4.59489816
K01633.01,Kepler-916 b,9401997,290.98331,45.973301,831.57,69.36,CONFIRMED,0.9629629629629629,1.9,32.2964275
K01637.01,Kepler-917 b,10686864,299.05127,47.94928,905.64,119.015,CONFIRMED,0.847457627118644,1.7,2.97041801
K01639.02,,10749128,297.90045,48.0947,2474.88,592.8499999999999,CANDIDATE,0.018867924528301886,1.17,9.9824036
K01764.01,,11904734,286.0528,50.256592,596.4,71.66499999999999,CANDIDATE,0.4883720930232558,7.25,12.681733929
K01765.01,,8043714,296.66086,43.816441,1080.52,203.32,FALSE POSITIVE,0.018867924528301886,14.18,6.814984472
K01770.01,,7918217,299.60202,43.695995,4425.06,1142.84,FALSE POSITIVE,0.008086253369272238,2637.6,63.9354965
K01773.01,,10153011,296.0882,47.142891,703.45,71.555,CANDIDATE,0.008086253369272238,13.83,83.09708021
K00022.01,Kepler-422 b,9631995,282.62967,46.32336,686.99,96.305,CONFIRMED,0.9642857142857143,12.63,7.891448838
K01510.01,,11870545,295.08423,50.114609,777.46,89.805,CANDIDATE,0.4883720930232558,1.63,0.839961456
K01511.01,Kepler-872 b,7901948,295.41745,43.60564,850.85,169.835,CONFIRMED,0.4883720930232558,1.63,2.578852119
K01512.01,,11955499,286.88751,50.377071,669.1,93.16,FALSE POSITIVE,0.6986208205301323,3.24,9.04189129
K00176.01,Kepler-483 b,6442377,291.64676,41.884659,941.86,161.86,CONFIRMED,0.9642857142857143,3.49,30.22910274
K01513.01,,9784222,296.98853,46.596882,1018.46,227.21,FALSE POSITIVE,0.0,24.03,0.798200403
K00182.01,,5376836,295.6713,40.59906,600.14,126.32499999999999,FALSE POSITIVE,0.018867924528301886,12.86,3.479425638
K01571.01,,5557821,297.82944,40.706779,969.56,218.765,FALSE POSITIVE,0.008086253369272238,22.76,2.92878704
K01572.01,Kepler-894 b,10004519,288.73407,46.939388,1383.29,341.98,CONFIRMED,0.9629629629629629,2.99,9.80321143
K01573.01,Kepler-1755 b,5031857,296.84616,40.138611,750.02,163.72,CONFIRMED,0.9642857142857143,4.22,24.81097206
K01573.02,,5031857,296.84616,40.138611,750.02,163.72,CANDIDATE,0.9642857142857143,1.38,7.136922
K01641.01,Kepler-918 b,10879038,298.20071,48.267841,965.21,104.9,CONFIRMED,0.847457627118644,1.72,4.8538404
K01643.01,Kepler-919 b,10990917,298.11478,48.4944,983.15,238.305,CONFIRMED,0.9629629629629629,1.8,11.04605365
K01644.01,,11043136,297.38153,48.565041,994.42,203.98000000000002,FALSE POSITIVE,0.008086253369272238,34.68,2.621706694
K01646.01,Kepler-1759 b,11046025,298.46579,48.55941,431.45,58.68,CONFIRMED,0.847457627118644,0.99,3.72020708
K00190.01,,5771719,284.64886,41.015018,1457.81,351.8,FALSE POSITIVE,0.018867924528301886,28.29,12.264867364
K01751.01,Kepler-949 b,9729691,298.60788,46.453678,580.19,110.25999999999999,CONFIRMED,0.9642857142857143,2.92,8.689301216
K01751.02,Kepler-949 c,9729691,298.60788,46.453678,580.19,110.25999999999999,CONFIRMED,0.9642857142857143,2.97,20.99757968
K01753.01,,4950232,298.14053,40.073872,917.22,148.35000000000002,FALSE POSITIVE,0.25,1.64,0.979442525
K00194.01,Kepler-488 b,10904857,282.96616,48.34507,1054.28,244.59500000000003,CONFIRMED,0.043478260869565216,14.16,3.120828136
K01754.01,Kepler-1768 b,8651389,299.95721,44.771889,834.29,230.63,CONFIRMED,0.847457627118644,2.57,15.13590453
K01514.01,,9520668,289.32101,46.134319,495.92,46.135000000000005,FALSE POSITIVE,0.25,1.0,1.399326503
K01515.01,Kepler-303 b,7871954,283.13547,43.657051,167.75,15.530000000000001,CONFIRMED,1.0,0.87,1.937029968
K01515.02,Kepler-303 c,7871954,283.13547,43.657051,167.75,15.530000000000001,CONFIRMED,1.0,1.23,7.06117322
K01516.01,Kepler-873 b,12418724,296.4032,51.271339,1202.91,282.485,CONFIRMED,0.9629629629629629,3.19,20.55331441
K01517.01,Kepler-874 b,7456001,294.95685,43.014332,919.91,204.33,CONFIRMED,1.0,3.1,40.0686713
K01574.01,Kepler-87 b,10028792,297.91687,46.96513,1349.57,118.86500000000001,CONFIRMED,1.0,12.28,114.73658
K01574.02,Kepler-87 c,10028792,297.91687,46.96513,1349.57,118.86500000000001,CONFIRMED,1.0,6.47,191.239133
K01574.03,,10028792,297.91687,46.96513,1349.57,118.86500000000001,CANDIDATE,1.0,1.98,5.83393857
K01575.01,,5553652,296.99191,40.758911,988.66,142.57,FALSE POSITIVE,0.008086253369272238,294.02,24.3282251
K01576.01,Kepler-307 b,5299459,297.79514,40.417709,613.92,69.715,CONFIRMED,1.0,3.01,10.41572666
K01647.01,Kepler-313 b,11153121,298.29495,48.775459,970.04,174.035,CONFIRMED,1.0,2.53,14.97031664
K01647.02,Kepler-313 c,11153121,298.29495,48.775459,970.04,174.035,CONFIRMED,1.0,2.31,32.2753853
K01647.03,,11153121,298.29495,48.775459,970.04,174.035,CANDIDATE,0.847457627118644,1.02,6.33027476
K01648.01,Kepler-1760 b,11177543,284.13263,48.825119,588.95,52.465,CONFIRMED,0.847457627118644,2.43,38.3262237
K01649.01,Kepler-1761 b,11337141,284.13287,49.142609,194.13,18.064999999999998,CONFIRMED,0.847457627118644,1.75,4.04355245
K01758.01,,6705142,295.43436,42.166321,1224.49,227.785,CANDIDATE,0.625,3.28,5.59728249
K01760.01,Kepler-317 b,3967760,294.94388,39.032059,1048.2,141.72,CONFIRMED,1.0,2.25,5.52418625
K01760.02,Kepler-317 c,3967760,294.94388,39.032059,1048.2,141.72,CONFIRMED,0.9629629629629629,1.91,8.77514782
K01761.01,,4067336,294.14682,39.12706,1837.42,415.525,FALSE POSITIVE,0.4883720930232558,3.8,10.12742274
K01762.01,,5387843,298.13391,40.530289,898.74,188.855,FALSE POSITIVE,0.25,2.09,0.870693883
K01518.01,Kepler-875 b,7549209,297.3013,43.141891,947.37,199.705,CONFIRMED,0.9629629629629629,2.58,27.5071114
K01519.01,Kepler-876 b,7663405,283.47818,43.383781,867.81,84.755,CONFIRMED,0.9642857142857143,1.55,5.1443645
K01520.01,Kepler-877 b,9765975,289.85913,46.522671,665.75,66.41499999999999,CONFIRMED,0.9642857142857143,2.5,18.45848388
K01521.01,Kepler-878 b,9818462,285.2962,46.603439,593.75,41.92,CONFIRMED,0.9629629629629629,1.95,25.9421582
K00177.01,Kepler-1711 b,6803202,298.17722,42.237041,463.02,62.08,CONFIRMED,0.9642857142857143,1.78,21.06075303
K01576.02,Kepler-307 c,5299459,297.79514,40.417709,613.92,69.715,CONFIRMED,1.0,2.71,13.08424286
K00183.01,Kepler-423 b,9651668,292.85574,46.391178,690.59,81.74,CONFIRMED,0.9629629629629629,12.73,2.684328541
K01576.03,,5299459,297.79514,40.417709,613.92,69.715,CANDIDATE,0.4883720930232558,1.23,23.3397956
K01577.01,Kepler-895 b,12506770,289.29065,51.40889,444.92,33.01,CONFIRMED,0.9629629629629629,1.41,2.806243488
K01578.01,,5629985,294.73419,40.86142,686.23,137.58,FALSE POSITIVE,0.008086253369272238,1.12,2.27190723
K01579.01,,9898364,294.83032,46.734348,1434.87,372.15999999999997,FALSE POSITIVE,0.008086253369272238,49.34,7.132351753
K01650.01,Kepler-920 b,11337372,284.29694,49.15868,1018.58,117.845,CONFIRMED,0.9642857142857143,3.09,6.53194024
K01651.01,Kepler-921 b,11337833,284.61621,49.190811,910.89,203.675,CONFIRMED,0.9629629629629629,2.07,51.3011844
K01654.01,,11546211,283.79654,49.50399,107.7,15.434999999999999,FALSE POSITIVE,0.008086253369272238,16.07,1.097211085
K01655.01,Kepler-922 b,11547505,284.73145,49.533192,618.22,94.15,CONFIRMED,0.625,1.58,0.938466959
K01656.01,,4471747,293.62592,39.50631,1401.32,216.45999999999998,CANDIDATE,0.9629629629629629,3.62,51.3901452
K00195.01,Kepler-426 b,11502867,289.43463,49.4734,841.68,92.89,CONFIRMED,0.875,11.38,3.217518511
K01779.01,Kepler-318 b,9909735,298.48282,46.793621,452.11,53.919999999999995,CONFIRMED,0.9629629629629629,3.86,4.66271902
K01779.02,Kepler-318 c,9909735,298.48282,46.793621,452.11,53.919999999999995,CONFIRMED,0.9629629629629629,3.48,11.8150174
K01781.01,Kepler-411 c,11551692,287.60559,49.523258,146.91,10.765,CONFIRMED,1.0,3.47,7.834433676
K01781.02,Kepler-411 b,11551692,287.60559,49.523258,146.91,10.765,CONFIRMED,1.0,2.2,3.005156911
K01522.01,Kepler-879 b,12266636,295.80658,50.909801,755.21,177.635,CONFIRMED,1.0,2.48,33.3856176
K01523.01,,9850893,298.73007,46.688671,777.61,180.49,FALSE POSITIVE,0.4883720930232558,1.71,8.48039789
K01524.01,,4826110,288.92575,39.90155,743.52,103.765,FALSE POSITIVE,0.018867924528301886,0.86,1.333395306
K01525.01,Kepler-880 b,7869917,281.97125,43.672771,993.03,260.685,CONFIRMED,0.847457627118644,4.65,7.71467686
K01526.01,Kepler-881 b,9824805,288.99258,46.67075,1389.57,318.28,CONFIRMED,0.4883720930232558,1.71,4.4444826
K01580.01,,5193400,293.66507,40.359531,1780.9,402.58000000000004,FALSE POSITIVE,0.25,3.18,21.3781146
K01581.01,Kepler-896 c,7939330,282.43918,43.734482,925.98,170.41500000000002,CONFIRMED,0.2916666666666667,3.15,29.5422566
K01581.02,Kepler-896 b,7939330,282.43918,43.734482,925.98,170.41500000000002,CONFIRMED,0.4883720930232558,3.06,144.551628
K01582.01,,4918309,290.12857,40.021832,1450.65,330.185,CANDIDATE,0.847457627118644,11.32,186.4361811
K01583.01,Kepler-897 b,12602568,290.58685,51.69582,915.43,197.26,CONFIRMED,0.2916666666666667,2.33,8.04727721
K01584.01,Kepler-898 b,9941066,286.58539,46.87093,444.45,30.445,CONFIRMED,0.9629629629629629,1.44,5.87063416
K00191.01,Kepler-487 b,5972334,295.28723,41.221958,806.85,79.78999999999999,CONFIRMED,1.0,10.89,15.358767771
K01659.01,Kepler-1762 b,4650733,290.49316,39.785519,1682.54,403.08,CONFIRMED,0.9629629629629629,2.51,29.5390897
K01660.01,,4830605,290.24103,39.96801,1265.29,238.775,CANDIDATE,0.7333333333333333,1.99,35.6364022
K01661.01,,4832197,290.73804,39.919651,315.59,86.97,FALSE POSITIVE,0.0,45.58,0.94773253
K01662.01,,4844004,294.13202,39.981979,898.39,150.285,FALSE POSITIVE,0.25,1.55,0.784031658
K01458.01,,12120943,296.57153,50.677849,1582.37,345.91499999999996,CANDIDATE,0.625,7.19,8.98128472
K00171.02,Kepler-116 c,7831264,294.74207,43.536831,926.28,168.48,CONFIRMED,0.9629629629629629,2.47,13.07141889
K01459.01,,9761199,287.14313,46.50806,262.87,28.77,FALSE POSITIVE,0.018867924528301886,19.31,0.692015479
K01460.01,,7751571,291.28659,43.404411,834.6,139.14499999999998,FALSE POSITIVE,0.043478260869565216,5.14,17.0421346
K01461.01,,9579499,287.80457,46.23893,704.76,81.9,FALSE POSITIVE,0.008086253369272238,27.43,7.94671044
K01527.01,,7768451,296.6713,43.49839,742.69,71.96,CANDIDATE,0.847457627118644,3.64,192.667139
K01528.01,Kepler-882 b,7691260,294.6499,43.33559,390.82,46.209999999999994,CONFIRMED,0.847457627118644,0.93,3.989544192
K01529.01,Kepler-59 c,9821454,287.03952,46.640129,873.61,198.895,CONFIRMED,0.9629629629629629,1.58,17.9776037
K01529.02,Kepler-59 b,9821454,287.03952,46.640129,873.61,198.895,CONFIRMED,0.847457627118644,1.09,11.8693144
K01530.01,Kepler-883 b,11954842,286.43365,50.300331,487.83,68.24,CONFIRMED,0.9629629629629629,1.64,12.98494603
K00184.01,,7972785,296.04764,43.762138,1266.11,317.24,FALSE POSITIVE,0.2916666666666667,13.32,7.300735516
K01585.01,Kepler-899 b,5470739,297.48257,40.680779,1006.9,210.91,CONFIRMED,0.9629629629629629,2.4,19.17893976
K01586.01,Kepler-900 b,10022908,296.17728,46.99902,525.6,50.075,CONFIRMED,0.9642857142857143,1.95,6.99130452
K01587.01,,9932970,281.61887,46.814201,858.58,129.55,CANDIDATE,0.008086253369272238,29.02,52.971584
K01588.01,Kepler-901 b,5617854,291.15295,40.887489,234.15,18.27,CONFIRMED,0.9642857142857143,1.42,3.517494725
K01665.01,Kepler-923 b,4932442,294.17108,40.055168,910.53,161.47500000000002,CONFIRMED,0.9642857142857143,1.7,6.93365167
K01665.02,,4932442,294.17108,40.055168,910.53,161.47500000000002,CANDIDATE,0.008086253369272238,1.07,5.91393977
K01669.01,Kepler-924 b,5183357,290.66852,40.39772,1312.77,230.8,CONFIRMED,1.0,3.38,61.0373591
K01672.01,Kepler-925 b,5269467,290.10654,40.490662,571.87,55.58,CONFIRMED,0.9642857142857143,2.31,33.8677783
K01675.01,,5360920,291.33719,40.558201,1142.8,203.90500000000003,CANDIDATE,0.008086253369272238,21.92,14.62399621
K01463.01,,7672940,288.25864,43.376465,749.62,263.62,FALSE POSITIVE,0.008086253369272238,33.63,1064.2680956
K01464.01,,7838655,296.91724,43.517529,923.88,180.1,FALSE POSITIVE,0.008086253369272238,207.71,2.113202658
K01465.01,,11702948,286.14938,49.867512,657.54,124.27,CANDIDATE,0.2916666666666667,10.15,9.771462706
K01466.01,,9512981,284.84988,46.13895,854.75,55.775000000000006,CANDIDATE,0.625,10.83,281.5628889
K01467.01,,7770450,297.17429,43.479099,1218.0,261.775,FALSE POSITIVE,0.008086253369272238,22.9,1.157808038
K00178.01,,11455491,292.03149,49.388618,980.14,229.99,FALSE POSITIVE,0.4883720930232558,1.82,6.14281498
K01531.01,Kepler-884 b,11764462,292.58444,49.923161,401.19,43.95,CONFIRMED,0.9629629629629629,1.16,5.69919592
K01532.01,Kepler-885 b,11656246,288.66156,49.737209,604.92,97.08,CONFIRMED,0.9629629629629629,2.49,18.11473813
K01533.01,Kepler-886 b,7808587,286.27176,43.59523,862.32,148.01,CONFIRMED,0.9629629629629629,1.6,6.24145791
K01534.01,Kepler-887 b,4741126,290.09082,39.81699,787.4,121.37,CONFIRMED,1.0,1.78,20.4222447
K01589.01,Kepler-84 b,5301750,298.25204,40.496078,1053.44,156.54,CONFIRMED,0.9642857142857143,2.86,8.72585478
K01589.02,Kepler-84 c,5301750,298.25204,40.496078,1053.44,156.54,CONFIRMED,0.9629629629629629,3.15,12.88291395
K01589.03,Kepler-84 e,5301750,298.25204,40.496078,1053.44,156.54,CONFIRMED,1.0,2.56,27.4345973
K01589.04,Kepler-84 d,5301750,298.25204,40.496078,1053.44,156.54,CONFIRMED,0.9642857142857143,1.6,4.22453631
K01589.05,Kepler-84 f,5301750,298.25204,40.496078,1053.44,156.54,CONFIRMED,1.0,2.29,44.5520266
K01677.01,Kepler-926 b,5526717,289.67935,40.700459,888.86,147.70499999999998,CONFIRMED,1.0,2.92,52.069002
K00191.02,Kepler-487 d,5972334,295.28723,41.221958,806.85,79.78999999999999,CONFIRMED,1.0,2.25,2.418406841
K01677.02,,5526717,289.67935,40.700459,888.86,147.70499999999998,CANDIDATE,0.008086253369272238,,8.51170088
K01680.01,,5530882,290.92316,40.77103,644.09,123.48499999999999,FALSE POSITIVE,0.2916666666666667,0.88,5.0825188
K01681.01,,5531953,291.285,40.730049,203.05,30.44,CANDIDATE,0.9642857142857143,1.41,6.93910337
K01683.01,Kepler-927 b,6034945,289.38351,41.392689,925.01,212.245,CONFIRMED,0.847457627118644,1.78,9.11500269
K01468.01,,9851226,298.82254,46.650269,1066.0,239.60500000000002,FALSE POSITIVE,0.018867924528301886,4.54,8.48031942
K00172.01,Kepler-69 b,8692861,293.26093,44.868889,547.25,73.25,CONFIRMED,1.0,2.23,13.7223682
K01469.01,,7543649,296.07822,43.13694,1123.31,257.875,FALSE POSITIVE,0.008086253369272238,5.33,3.582076914
K01470.01,Kepler-1668 b,9480310,297.35233,46.09594,1340.27,297.33500000000004,CONFIRMED,0.847457627118644,4.3,15.43400996
K01471.01,,11858748,288.76318,50.174221,1113.97,235.79500000000002,FALSE POSITIVE,0.2916666666666667,2.33,1.780984316
K01534.02,Kepler-887 c,4741126,290.09082,39.81699,787.4,121.37,CONFIRMED,0.9642857142857143,1.12,7.63846084
K01535.01,Kepler-888 b,11669125,295.52121,49.738628,379.2,41.305,CONFIRMED,0.9629629629629629,1.63,70.6981724
K01536.01,Kepler-889 b,12159249,291.46732,50.75948,507.28,83.72,CONFIRMED,0.9629629629629629,1.1,3.74443645
K01537.01,,9872292,281.46173,46.789894,469.33,26.28,CANDIDATE,0.625,1.39,10.19154678
K01538.01,,9963461,296.62979,46.880203,1076.5,342.09000000000003,FALSE POSITIVE,0.008086253369272238,53.19,10.581581895
K01539.01,,8081482,284.664,43.98502,882.53,219.695,FALSE POSITIVE,0.008086253369272238,29.8,2.819453322
K01590.01,,5542466,294.36487,40.720879,756.88,51.56,CANDIDATE,1.0,1.93,12.89006728
K00185.01,,4178389,296.18524,39.26268,589.62,110.42500000000001,CANDIDATE,0.008086253369272238,21.19,23.210509958
K01590.02,Kepler-1756 b,5542466,294.36487,40.720879,756.88,51.56,CONFIRMED,0.9642857142857143,1.34,2.35574505
K01590.03,,5542466,294.36487,40.720879,756.88,51.56,CANDIDATE,1.0,1.3,4.74666128
K01591.01,Kepler-1757 b,10028140,297.73984,46.94191,750.44,100.275,CONFIRMED,0.847457627118644,2.83,19.65639342
K01684.01,,6048024,293.53448,41.329899,694.04,99.89,FALSE POSITIVE,0.008086253369272238,57.62,62.81584402
K01685.01,Kepler-1764 b,6049190,293.87988,41.393822,1235.33,297.595,CONFIRMED,0.9642857142857143,3.46,70.468171
K01686.01,,6149553,298.50726,41.47905,158.16,26.855,FALSE POSITIVE,0.008086253369272238,,56.86716792
K01687.01,Kepler-928 b,6198999,289.92072,41.542831,613.32,68.2,CONFIRMED,0.9629629629629629,1.65,3.93246069
K01688.01,Kepler-929 b,6310636,298.48111,41.615341,1261.33,240.54,CONFIRMED,0.847457627118644,1.62,0.921030497
K01692.01,Kepler-314 c,6616218,294.6741,42.075581,268.51,25.534999999999997,CONFIRMED,1.0,2.85,5.960400011
K01472.01,Kepler-857 b,7761545,294.63239,43.400471,934.96,96.16499999999999,CONFIRMED,0.9629629629629629,6.31,85.3514875
K01473.01,,7499398,280.36023,43.12368,1251.59,268.61,CANDIDATE,0.625,7.58,23.02028478
K01474.01,Kepler-419 b,12365184,295.41788,51.184761,902.58,164.0,CONFIRMED,0.847457627118644,11.65,69.72646639
K01475.01,Kepler-1669 c,4770365,297.43039,39.847839,459.48,31.84,CONFIRMED,0.9642857142857143,1.57,1.609321941
K01475.02,Kepler-1669 b,4770365,297.43039,39.847839,459.48,31.84,CONFIRMED,0.9642857142857143,1.99,9.51220046
K01475.03,Kepler-1669 d,4770365,297.43039,39.847839,459.48,31.84,CONFIRMED,1.0,1.22,4.72941177
K00003.01,Kepler-3 b,10748390,297.70935,48.080853,37.79,2.1950000000000003,CONFIRMED,0.9642857142857143,4.82,4.887803076
K00020.01,Kepler-12 b,11804465,286.24344,50.040379,795.74,148.955,CONFIRMED,0.847457627118644,18.05,4.437962934
K00179.01,Kepler-458 c,9663113,297.04541,46.328701,904.22,140.675,CONFIRMED,0.9642857142857143,4.24,20.74028645
K01540.01,,5649956,299.10327,40.8493,899.64,157.225,FALSE POSITIVE,0.0,38.59,1.207852845
K01541.01,,4840513,293.19507,39.90728,1475.34,352.335,FALSE POSITIVE,0.043478260869565216,25.74,2.379282197
K01592.01,,5217586,298.9024,40.31953,561.5,127.56,FALSE POSITIVE,0.008086253369272238,23.61,26.0692512
K01593.01,Kepler-308 b,5289854,295.78516,40.439548,1339.19,301.315,CONFIRMED,0.9629629629629629,2.08,9.69501146
K01593.02,Kepler-308 c,5289854,295.78516,40.439548,1339.19,301.315,CONFIRMED,1.0,2.14,15.3825394
K01594.01,,9895709,293.87265,46.714951,1121.19,258.34499999999997,FALSE POSITIVE,0.25,1.82,1.818939148
K01595.01,Kepler-902 b,10006581,289.73169,46.953819,1066.11,185.61,CONFIRMED,1.0,3.11,40.1097817
K00191.03,,5972334,295.28723,41.221958,806.85,79.78999999999999,CANDIDATE,0.9629629629629629,1.2,0.708621057
K01692.02,Kepler-314 b,6616218,294.6741,42.075581,268.51,25.534999999999997,CONFIRMED,0.9629629629629629,0.84,2.46106962
K01693.01,,6696462,293.25916,42.126629,786.36,160.88,FALSE POSITIVE,0.018867924528301886,10.77,3.403743926
K01700.01,Kepler-931 b,7220429,297.13263,42.76825,472.21,66.42,CONFIRMED,0.9629629629629629,1.54,8.03753796
K01701.01,,7222086,297.51907,42.777061,668.63,136.06,FALSE POSITIVE,0.008086253369272238,2.61,2.43902575
K01476.01,Kepler-1752 b,12406749,290.85413,51.222809,1070.32,178.09,CONFIRMED,0.25,5.04,56.3587987
K00172.02,Kepler-69 c,8692861,293.26093,44.868889,547.25,73.25,CONFIRMED,0.7333333333333333,1.73,242.467406
K01477.01,,7811397,287.65396,43.505718,1053.3,78.205,CANDIDATE,0.4883720930232558,9.06,169.4976085
K01478.01,Kepler-858 b,12403119,288.84863,51.209049,284.91,30.855,CONFIRMED,0.9629629629629629,4.78,76.13622222
K01479.01,,9842890,296.43814,46.61536,1118.14,238.70499999999998,FALSE POSITIVE,0.018867924528301886,2.59,4.9883872
K01542.01,,8113154,296.87762,43.941631,609.44,131.895,FALSE POSITIVE,0.0,19.84,2.586878667
K01543.01,,5270698,290.44736,40.44289,2324.61,544.595,FALSE POSITIVE,0.043478260869565216,37.09,3.964333304
K01544.01,,5024450,295.32077,40.187359,1210.59,297.5,FALSE POSITIVE,0.0,49.86,1.525924389
K01545.01,,5282049,293.83688,40.41045,1141.69,249.44,FALSE POSITIVE,0.847457627118644,12.62,5.910371418
K01546.01,,5475431,298.5137,40.639622,718.32,125.065,CANDIDATE,0.008086253369272238,11.92,0.917568975
K01596.01,Kepler-309 b,10027323,297.50986,46.961262,264.19,26.79,CONFIRMED,0.9642857142857143,0.99,5.92365747
K01596.02,Kepler-309 c,10027323,297.50986,46.961262,264.19,26.79,CONFIRMED,0.9642857142857143,1.87,105.3582299
K00186.01,Kepler-485 b,12019440,294.99631,50.470058,1035.36,120.07,CONFIRMED,0.9629629629629629,12.91,3.24325988
K01597.01,,5039228,298.36884,40.173424,539.0,70.655,CANDIDATE,0.9629629629629629,2.44,7.79668781
K01598.01,Kepler-310 c,10004738,288.83936,46.98674,582.54,39.28,CONFIRMED,0.9642857142857143,3.22,56.4758069
K01598.02,Kepler-310 d,10004738,288.83936,46.98674,582.54,39.28,CONFIRMED,1.0,2.64,92.8747294
K01702.01,Kepler-1650 b,7304449,297.72925,42.86692,96.19,22.32,CONFIRMED,0.875,1.0,1.538180949
K01704.01,Kepler-1765 b,7386827,298.01443,42.957458,911.12,209.45499999999998,CONFIRMED,0.9629629629629629,3.17,10.4188915
K01705.01,Kepler-1670 b,7522911,290.32651,43.12183,1538.46,378.55,CONFIRMED,0.847457627118644,2.8,20.4998763
K01706.01,Kepler-932 b,7626370,296.95206,43.271969,478.29,84.92500000000001,CONFIRMED,0.7333333333333333,1.77,1.921437488
K01707.01,Kepler-315 b,7703955,298.0231,43.363522,1082.77,147.155,CONFIRMED,0.9629629629629629,4.01,96.109323
K01480.01,Kepler-859 b,7512982,286.74188,43.190102,903.82,63.065,CONFIRMED,0.9642857142857143,3.16,20.38174802
K01480.02,,7512982,286.74188,43.190102,903.82,63.065,CANDIDATE,0.7333333333333333,1.19,7.00447892
K01481.01,Kepler-860 b,9597806,295.57727,46.254742,1137.01,266.88,CONFIRMED,0.9629629629629629,2.84,5.101375725
K01482.01,,7812167,288.02271,43.54821,1455.04,352.31,FALSE POSITIVE,0.008086253369272238,312.48,17.7940049
K01484.01,,11760959,290.61679,49.957619,548.09,68.1,FALSE POSITIVE,0.018867924528301886,2.4,3.47021401
K01547.01,,5283458,294.2009,40.455959,1482.62,349.175,CANDIDATE,0.4883720930232558,13.72,30.69395532
K01548.01,,9940565,286.25644,46.89267,388.77,42.135000000000005,FALSE POSITIVE,0.018867924528301886,11.61,2.139325409
K01549.01,,8053552,299.05585,43.897202,857.59,187.89999999999998,CANDIDATE,0.008086253369272238,16.61,29.481061268
K00179.02,Kepler-458 b,9663113,297.04541,46.328701,904.22,140.675,CONFIRMED,0.875,5.8,572.376632
K01550.01,,8111381,296.36569,43.905571,903.02,183.495,FALSE POSITIVE,0.008086253369272238,28.63,2.233799622
K01551.01,,5444549,290.56668,40.678162,1530.1,326.93,FALSE POSITIVE,0.008086253369272238,12.88,31.13862664
K01598.03,Kepler-310 b,10004738,288.83936,46.98674,582.54,39.28,CONFIRMED,1.0,1.4,13.93068791
K01599.01,Kepler-1659 c,5474613,298.37384,40.61842,904.58,199.045,CONFIRMED,0.7333333333333333,2.9,20.4074846
K01600.01,,4860932,297.84399,39.989811,848.56,174.795,FALSE POSITIVE,0.018867924528301886,24.89,12.36564669
K01601.01,Kepler-903 b,5438757,288.77103,40.664181,868.85,125.6,CONFIRMED,0.9629629629629629,1.97,10.35078415
K01601.02,Kepler-903 c,5438757,288.77103,40.664181,868.85,125.6,CONFIRMED,0.9642857142857143,2.75,62.9224936
K01708.01,,7750419,290.88232,43.47176,1377.8,272.895,CANDIDATE,0.9629629629629629,5.0,32.7737631
K00191.04,Kepler-487 c,5972334,295.28723,41.221958,806.85,79.78999999999999,CONFIRMED,1.0,2.07,38.6520796
K01710.01,Kepler-933 b,7815744,289.56866,43.538609,721.3,97.925,CONFIRMED,0.9629629629629629,1.9,14.20442616
K01711.01,Kepler-934 b,7955580,290.28845,43.755322,623.94,39.82,CONFIRMED,0.9629629629629629,2.19,55.673582
K01713.01,Kepler-316 c,8230616,290.82602,44.184109,314.8,22.935000000000002,CONFIRMED,1.0,1.34,6.82778157
K01485.01,,9692345,282.17941,46.457169,482.49,51.04,FALSE POSITIVE,0.008086253369272238,1.35,0.687895191
K01486.01,Kepler-302 c,7898352,294.31699,43.629341,1454.18,241.41,CONFIRMED,0.875,12.04,127.2824442
K00173.01,Kepler-481 b,11402995,291.90704,49.262051,703.63,110.09,CONFIRMED,0.9629629629629629,2.58,10.06083238
K01486.02,Kepler-302 b,7898352,294.31699,43.629341,1454.18,241.41,CONFIRMED,1.0,3.65,30.1837021
K01487.01,,12062667,292.07269,50.54829,1006.69,273.975,FALSE POSITIVE,0.0,38.42,2.92928244
K01552.01,,7984047,298.92593,43.75037,751.67,88.485,CANDIDATE,0.4883720930232558,9.4,77.63424586
K01553.01,Kepler-890 b,7951018,288.43576,43.763489,1427.59,349.475,CONFIRMED,0.9629629629629629,8.76,52.75878505
K01554.01,,9899355,295.21103,46.757229,1343.19,289.465,FALSE POSITIVE,0.008086253369272238,27.04,1.332564478
K01555.01,,12644774,289.07703,51.761822,875.89,233.495,FALSE POSITIVE,0.9642857142857143,3.25,41.0772969
K01556.01,,9902856,296.4176,46.732021,1309.55,308.635,FALSE POSITIVE,0.0,40.18,135.9121619
K01952.04,Kepler-341 e,7747425,289.86157,43.472771,923.41,138.88,CONFIRMED,1.0,2.03,42.4729078
K01955.01,Kepler-342 b,9892816,292.67807,46.726711,745.23,108.845,CONFIRMED,1.0,2.47,15.17026921
K01955.02,Kepler-342 d,9892816,292.67807,46.726711,745.23,108.845,CONFIRMED,0.9629629629629629,2.8,39.4576228
K01958.01,Kepler-66 b,9836149,293.98157,46.687752,1077.05,124.22,CONFIRMED,0.875,3.12,17.8159689
K01959.01,Kepler-1026 b,4813563,283.60526,39.997978,394.73,24.64,CONFIRMED,1.0,2.55,36.5157639
K02032.01,Kepler-1063 b,2985767,290.52676,38.142979,478.43,103.265,CONFIRMED,0.625,2.08,14.07969236
K02033.01,Kepler-1064 b,2304320,291.74164,37.688938,349.13,24.700000000000003,CONFIRMED,0.9629629629629629,1.57,16.54081386
K02034.01,Kepler-1065 b,3657758,294.51126,38.790501,1009.2,219.645,CONFIRMED,0.847457627118644,3.26,3.609313059
K02035.01,Kepler-1066 b,9790806,298.86658,46.502239,333.3,29.409999999999997,CONFIRMED,0.847457627118644,2.25,1.93155546
K02036.01,Kepler-353 c,6382217,296.85663,41.758179,292.27,26.759999999999998,CONFIRMED,0.9642857142857143,1.8,8.41100305
K01825.01,Kepler-964 b,5375194,295.30008,40.556591,438.85,37.045,CONFIRMED,0.9629629629629629,2.11,13.52252364
K01826.01,Kepler-965 b,6468138,298.51532,41.891201,616.54,95.215,CONFIRMED,1.0,3.43,134.2520474
K00199.01,Kepler-490 b,10019708,295.02567,46.956001,1772.85,351.21000000000004,CONFIRMED,0.9629629629629629,16.91,3.268695042
K01828.01,Kepler-966 b,11875734,297.27057,50.121811,699.64,201.1,CONFIRMED,0.9629629629629629,3.94,99.7468804
K01829.01,,7697568,296.52243,43.363369,1021.23,175.68,FALSE POSITIVE,0.008086253369272238,30.0,22.84156293
K00205.01,Kepler-492 b,7046804,295.49667,42.537891,506.89,65.25,CONFIRMED,0.9629629629629629,7.94,11.720123999
K01890.01,Kepler-1002 b,7449136,293.0795,43.073711,427.83,22.005000000000003,CONFIRMED,0.847457627118644,1.75,4.33643506
K01891.01,Kepler-330 c,8680979,288.44739,44.801682,697.95,45.39,CONFIRMED,1.0,2.18,15.95541913
K01891.02,Kepler-330 b,8680979,288.44739,44.801682,697.95,45.39,CONFIRMED,0.9642857142857143,1.35,8.25980352
K01892.01,Kepler-1674 b,9030537,294.8161,45.306122,991.08,195.79500000000002,CONFIRMED,0.847457627118644,3.54,62.5613879
K01960.01,Kepler-343 b,6949061,291.96069,42.43301,987.84,179.03500000000003,CONFIRMED,1.0,2.17,8.96847034
K01961.01,Kepler-1027 b,7269493,287.57117,42.813919,285.87,24.810000000000002,CONFIRMED,0.9629629629629629,0.91,1.907810683
K01962.01,,5513648,284.23398,40.79454,235.45,14.419999999999998,CANDIDATE,0.9629629629629629,2.31,32.85862571
K00213.01,,9164836,295.71225,45.589771,745.42,161.365,FALSE POSITIVE,0.0,45.18,48.118812545
K01964.01,,7887791,290.7037,43.607208,116.82,11.77,CANDIDATE,0.7333333333333333,0.6,2.229326354
K01965.01,Kepler-1028 b,11657891,289.59308,49.781158,619.37,116.805,CONFIRMED,0.847457627118644,1.27,2.514628496
K00219.01,Kepler-494 b,6305192,297.21408,41.66404,939.91,168.85,CONFIRMED,0.9629629629629629,7.79,8.025118521
K02036.02,Kepler-353 b,6382217,296.85663,41.758179,292.27,26.759999999999998,CONFIRMED,0.9629629629629629,1.05,5.79529495
K02037.01,Kepler-1995 b,9634821,284.34274,46.316551,771.28,176.385,CONFIRMED,0.9642857142857143,4.28,73.7578875
K02037.03,,9634821,284.34274,46.316551,771.28,176.385,CANDIDATE,1.0,2.26,8.56267266
K02038.01,Kepler-85 b,8950568,290.97342,45.290321,743.53,71.735,CONFIRMED,1.0,1.69,8.30537702
K01830.01,Kepler-967 b,3326377,286.55807,38.405369,501.87,38.97,CONFIRMED,1.0,2.22,13.22714056
K01831.01,Kepler-324 c,11601584,286.47147,49.649021,475.75,38.945,CONFIRMED,1.0,2.6,51.8098276
K01831.02,Kepler-324 b,11601584,286.47147,49.649021,475.75,38.945,CONFIRMED,1.0,1.15,4.38536428
K01831.03,Kepler-324 d,11601584,286.47147,49.649021,475.75,38.945,CONFIRMED,0.9642857142857143,1.1,34.205785079
K01831.04,Kepler-324 e,11601584,286.47147,49.649021,475.75,38.945,CONFIRMED,1.0,1.97,13.97945055
K01893.01,Kepler-1003 b,8689793,292.02045,44.876221,599.75,119.995,CONFIRMED,0.4883720930232558,1.29,3.554856338
K01894.01,Kepler-1004 b,11673802,297.35928,49.79755,1232.21,124.11000000000001,CONFIRMED,0.847457627118644,7.1,5.28790754
K01895.01,Kepler-331 b,4263293,291.83432,39.307362,421.1,48.14,CONFIRMED,1.0,1.87,8.45746636
K01895.02,Kepler-331 c,4263293,291.83432,39.307362,421.1,48.14,CONFIRMED,1.0,2.04,17.28116957
K01895.03,Kepler-331 d,4263293,291.83432,39.307362,421.1,48.14,CONFIRMED,0.9629629629629629,1.84,32.1340014
K01897.01,Kepler-1774 b,5695524,288.57443,40.988659,803.59,196.47,CONFIRMED,0.9629629629629629,3.17,59.7711433
K01967.01,Kepler-1029 b,6205897,292.13297,41.547539,337.22,20.744999999999997,CONFIRMED,0.6666666666666666,1.57,4.417692516
K01968.01,Kepler-1778 b,7948784,287.36127,43.738781,1352.28,307.395,CONFIRMED,0.7333333333333333,3.15,10.08744556
K01969.01,Kepler-1779 b,9244756,300.41751,45.605518,990.33,124.535,CONFIRMED,0.9629629629629629,3.26,16.34355902
K01970.01,Kepler-344 b,9650808,292.49963,46.324409,1104.87,249.905,CONFIRMED,0.9629629629629629,2.57,21.96401646
K01970.02,Kepler-344 c,9650808,292.49963,46.324409,1104.87,249.905,CONFIRMED,0.9642857142857143,2.89,125.602323
K02038.02,Kepler-85 c,8950568,290.97342,45.290321,743.53,71.735,CONFIRMED,1.0,1.88,12.51353325
K02038.03,Kepler-85 d,8950568,290.97342,45.290321,743.53,71.735,CONFIRMED,0.9629629629629629,1.39,17.9134215
K02038.04,Kepler-85 e,8950568,290.97342,45.290321,743.53,71.735,CONFIRMED,0.847457627118644,1.19,25.2149143
K02039.01,Kepler-1067 c,8804845,285.38742,45.049049,678.6,69.07,CONFIRMED,0.9642857142857143,1.48,5.42586901
K02040.01,Kepler-1785 b,10480915,295.79218,47.600101,698.16,87.75999999999999,CONFIRMED,0.9629629629629629,3.09,19.58561177
K01832.01,Kepler-325 b,11709244,289.83542,49.82563,906.28,89.83000000000001,CONFIRMED,1.0,3.0,4.544436472
K01832.02,Kepler-325 c,11709244,289.83542,49.82563,906.28,89.83000000000001,CONFIRMED,1.0,3.18,12.76220558
K01832.03,Kepler-325 d,11709244,289.83542,49.82563,906.28,89.83000000000001,CONFIRMED,1.0,2.62,38.7149617
K00199.02,,10019708,295.02567,46.956001,1772.85,351.21000000000004,FALSE POSITIVE,0.9642857142857143,2.6,8.78458274
K01833.01,Kepler-968 b,11853878,285.60254,50.112041,233.48,27.18,CONFIRMED,1.0,1.74,3.69298623
K00206.01,Kepler-433 b,5728139,297.59366,40.977268,1554.28,318.475,CONFIRMED,0.9629629629629629,13.08,5.334082429
K01898.01,Kepler-1005 b,7668663,286.28601,43.320461,515.2,76.345,CONFIRMED,0.847457627118644,1.87,6.4980147
K01899.01,Kepler-1006 b,7047922,295.75412,42.537479,916.1,283.7,CONFIRMED,0.9642857142857143,2.81,19.76169247
K01900.01,Kepler-1007 b,9353314,295.90656,45.80912,268.54,31.46,CONFIRMED,0.9642857142857143,1.15,5.18498961
K01901.01,Kepler-1775 b,3629967,286.40231,38.738541,854.11,158.35,CONFIRMED,0.9642857142857143,3.56,85.6542476
K01971.01,Kepler-1030 b,9347009,293.68192,45.817558,792.75,91.18,CONFIRMED,0.9642857142857143,2.26,19.32945602
K01972.01,,11253711,296.08975,48.955372,828.26,148.035,CANDIDATE,1.0,2.88,17.79108667
K01973.01,Kepler-1032 b,4917596,289.93085,40.097752,466.56,49.89,CONFIRMED,0.9629629629629629,1.49,3.290114076
K00024.01,,4743513,290.8154,39.819469,642.41,161.745,FALSE POSITIVE,0.018867924528301886,10.3,2.086075752
K00214.01,Kepler-424 b,11046458,298.62488,48.57745,602.52,55.31,CONFIRMED,0.847457627118644,9.06,3.311864148
K02042.01,,9111849,298.75018,45.4664,3047.11,1085.725,CANDIDATE,0.043478260869565216,17.8,63.0732241
K00220.01,Kepler-119 b,7132798,295.94641,42.65892,565.88,93.91,CONFIRMED,0.9629629629629629,3.55,2.422084188
K02043.01,Kepler-1786 b,3448130,292.5878,38.52203,962.36,161.575,CONFIRMED,1.0,3.55,78.5461106
K02044.01,Kepler-1068 b,9656252,294.64816,46.392361,1477.0,160.165,CONFIRMED,0.847457627118644,3.4,16.92342126
K02045.01,Kepler-354 b,6026438,285.75146,41.33564,574.79,56.334999999999994,CONFIRMED,1.0,2.01,5.47665801
K01835.01,Kepler-326 c,9471268,294.32553,46.002251,345.77,25.665,CONFIRMED,1.0,1.38,4.580346161
K01835.02,Kepler-326 b,9471268,294.32553,46.002251,345.77,25.665,CONFIRMED,1.0,1.25,2.248288213
K01835.03,Kepler-326 d,9471268,294.32553,46.002251,345.77,25.665,CONFIRMED,1.0,1.31,6.76690759
K01837.01,Kepler-969 b,10657406,288.3725,47.933559,409.42,33.025,CONFIRMED,1.0,2.37,34.1732156
K01838.01,Kepler-970 b,5526527,289.62524,40.708729,322.67,20.235,CONFIRMED,0.2916666666666667,2.73,16.7364755
K01902.01,,5809954,296.87683,41.080582,127.69,17.715,FALSE POSITIVE,0.008086253369272238,15.9,137.8645881
K01904.01,Kepler-1008 b,8766650,296.54752,44.941929,287.17,21.685000000000002,CONFIRMED,0.9629629629629629,1.3,12.43929428
K01905.01,Kepler-332 b,10328393,286.66296,47.4137,353.02,25.285,CONFIRMED,1.0,1.21,7.62635494
K01906.01,,11773328,296.62347,49.979172,651.59,112.65,CANDIDATE,0.9629629629629629,3.61,8.710442022
K01907.01,Kepler-1009 b,7094486,282.85992,42.66576,221.0,22.775,CONFIRMED,0.9629629629629629,1.75,11.35010642
K01974.01,Kepler-1780 b,7289577,294.08392,42.809589,760.18,70.84,CONFIRMED,0.847457627118644,3.04,109.4450597
K01975.01,Kepler-1033 b,8543100,283.84515,44.609089,1485.88,328.88,CONFIRMED,0.9629629629629629,2.4,7.56052209
K01976.01,Kepler-1034 b,2693736,286.11536,37.966999,742.79,57.845,CONFIRMED,0.9629629629629629,2.37,12.12401737
K01977.01,Kepler-345 c,9412760,295.22879,45.97102,248.59,16.275,CONFIRMED,1.0,1.69,9.38740646
K01977.02,Kepler-345 b,9412760,295.22879,45.97102,248.59,16.275,CONFIRMED,0.9629629629629629,0.79,7.41556471
K02045.02,Kepler-354 d,6026438,285.75146,41.33564,574.79,56.334999999999994,CONFIRMED,0.9642857142857143,1.5,24.2101973
K02046.01,Kepler-1069 b,10663396,290.97934,47.988998,799.69,173.985,CONFIRMED,0.4883720930232558,3.26,23.8990075
K02047.01,Kepler-1070 b,11457726,293.19537,49.316502,831.61,96.20500000000001,CONFIRMED,0.625,1.59,6.22161107
K02048.01,Kepler-1071 b,8956206,293.05801,45.248821,914.01,67.81,CONFIRMED,0.9629629629629629,2.12,6.17998508
K02049.01,Kepler-1072 b,9649706,292.04437,46.329029,928.55,164.16500000000002,CONFIRMED,0.847457627118644,1.68,1.569066598
K01839.01,Kepler-971 b,5856571,284.09457,41.182819,668.89,370.22,CONFIRMED,1.0,3.93,9.59068586
K01840.01,Kepler-972 b,7765528,295.8287,43.425491,1244.72,195.52,CONFIRMED,0.9629629629629629,4.67,7.03932913
K01841.01,Kepler-973 b,11760231,290.16525,49.923859,290.9,22.98,CONFIRMED,0.9629629629629629,2.12,49.6075771
K01842.01,Kepler-1770 b,7779077,299.25031,43.410439,690.21,144.275,CONFIRMED,0.9629629629629629,3.08,16.84183355
K00200.01,Kepler-74 b,6046540,293.09253,41.355518,1265.55,106.385,CONFIRMED,0.4883720930232558,14.31,7.340714946
K01908.01,Kepler-333 b,5706966,292.28607,40.913589,268.17,18.265,CONFIRMED,1.0,1.34,12.55111099
K00208.01,Kepler-493 b,3762468,295.30753,38.881641,1372.08,320.2,CONFIRMED,0.7333333333333333,10.96,3.003879547
K01908.02,Kepler-333 c,5706966,292.28607,40.913589,268.17,18.265,CONFIRMED,0.9642857142857143,1.16,24.0884178
K01909.01,Kepler-334 c,10130039,287.14066,47.115189,435.08,61.004999999999995,CONFIRMED,1.0,1.49,12.75800092
K01909.02,Kepler-334 b,10130039,287.14066,47.115189,435.08,61.004999999999995,CONFIRMED,1.0,1.15,5.47033376
K01978.01,Kepler-346 b,9518318,288.0119,46.117611,1159.63,277.165,CONFIRMED,0.9642857142857143,3.09,6.51112385
K01978.02,Kepler-346 c,9518318,288.0119,46.117611,1159.63,277.165,CONFIRMED,1.0,3.37,23.85163321
K01979.01,Kepler-1035 b,7273277,289.04221,42.882488,418.1,47.989999999999995,CONFIRMED,0.847457627118644,1.38,2.714078374
K01980.01,Kepler-1036 b,11769890,295.18164,49.945782,459.99,43.235,CONFIRMED,0.875,2.7,122.8799543
K01982.01,Kepler-1781 b,6862721,291.71146,42.341499,1234.77,244.575,CONFIRMED,0.860153431916388,2.45,4.88753111
K02059.01,Kepler-1076 b,12301181,287.59009,51.06057,210.35,15.205,CONFIRMED,1.0,0.79,6.14728341
K02060.01,Kepler-1788 b,9279354,291.22433,45.778091,537.83,56.735,CONFIRMED,0.9629629629629629,2.13,2.800111267
K02062.01,Kepler-1077 b,6774880,291.03363,42.26786,1047.13,247.25,CONFIRMED,0.9629629629629629,2.75,34.3511339
K00221.01,Kepler-495 b,3937519,285.93069,39.098141,825.95,155.54500000000002,CONFIRMED,1.0,6.62,3.413036353
K02063.01,Kepler-1078 b,7449541,293.20059,43.050041,1007.53,182.53,CONFIRMED,0.25,1.56,3.00725068
K01843.01,Kepler-974 b,5080636,285.01309,40.220749,132.5,12.995000000000001,CONFIRMED,1.0,1.57,4.194496867
K01843.02,,5080636,285.01309,40.220749,132.5,12.995000000000001,CANDIDATE,0.4883720930232558,0.86,6.35585682
K01845.01,Kepler-975 b,3338885,290.54855,38.495281,880.66,491.20000000000005,CONFIRMED,0.9642857142857143,3.97,1.970340203
K01845.02,Kepler-975 c,3338885,290.54855,38.495281,880.66,491.20000000000005,CONFIRMED,0.847457627118644,10.69,5.05821338
K01847.01,Kepler-977 b,6776401,291.5162,42.248192,682.05,123.845,CONFIRMED,0.9738568252294837,2.65,26.85323647
K01909.03,Kepler-334 d,10130039,287.14066,47.115189,435.08,61.004999999999995,CONFIRMED,1.0,1.59,25.0985083
K01910.01,Kepler-1010 b,8226050,289.19263,44.149319,613.63,45.515,CONFIRMED,1.0,2.44,34.2685741
K01911.01,Kepler-1011 b,9965957,297.40155,46.824001,900.22,170.725,CONFIRMED,0.9629629629629629,3.14,5.75321539
K01913.01,Kepler-1012 b,9704384,289.29626,46.457951,387.56,38.685,CONFIRMED,0.847457627118644,1.49,5.50860699
K01914.01,Kepler-1013 b,8426567,290.24805,44.435242,934.52,475.6,CONFIRMED,0.9642857142857143,4.41,18.93055119
K00215.01,,12508335,290.16513,51.467258,801.55,189.77499999999998,FALSE POSITIVE,0.008086253369272238,41.62,42.94386258
K01984.01,Kepler-1677 b,10094670,298.49329,47.013039,696.36,162.14,CONFIRMED,0.847457627118644,2.67,22.06402
K01985.01,Kepler-1782 b,8142942,280.92612,44.087929,302.42,21.805,CONFIRMED,1.0,2.24,5.756245244
K01986.01,Kepler-1038 b,8257205,298.97217,44.132381,606.33,41.64,CONFIRMED,0.9642857142857143,3.61,148.4601819
K01988.01,Kepler-1039 b,9044228,298.3266,45.31551,771.02,442.86,CONFIRMED,0.625,3.21,0.934885365
K02051.01,Kepler-355 c,7265298,285.79947,42.811779,1201.13,162.335,CONFIRMED,1.0,2.66,25.7626846
K02051.02,Kepler-355 b,7265298,285.79947,42.811779,1201.13,162.335,CONFIRMED,0.9642857142857143,1.45,11.0317836
K00220.02,Kepler-119 c,7132798,295.94641,42.65892,565.88,93.91,CONFIRMED,0.9629629629629629,0.88,4.12511935
K02052.01,,3248501,294.69772,38.364159,1525.21,366.21500000000003,CANDIDATE,0.25,4.31,4.22464216
K02053.01,Kepler-356 c,2307415,292.42108,37.682819,605.07,98.0,CONFIRMED,1.0,1.99,13.12162167
K01848.01,Kepler-978 b,7430034,286.71072,43.043449,650.55,89.31,CONFIRMED,0.875,3.33,49.6220669
K01849.01,Kepler-979 b,9735426,300.37128,46.408279,626.5,46.96,CONFIRMED,0.9642857142857143,2.94,8.08801663
K01850.01,Kepler-980 b,8826168,294.61301,45.060169,769.97,102.73,CONFIRMED,0.847457627118644,2.17,11.55103848
K01851.01,Kepler-981 b,10464050,289.2489,47.650101,894.34,190.265,CONFIRMED,0.625,2.26,4.469754641
K01852.01,Kepler-982 b,9763348,288.41769,46.590431,820.91,151.61,CONFIRMED,0.9642857142857143,2.72,15.77382794
K01915.01,Kepler-335 b,9101496,296.06433,45.428619,1199.78,244.835,CONFIRMED,0.9642857142857143,3.07,6.56226483
K01916.01,Kepler-336 d,6037581,290.23764,41.331379,724.09,121.53,CONFIRMED,1.0,2.42,20.67876365
K00209.01,Kepler-117 c,10723750,288.79303,48.04023,1231.73,227.745,CONFIRMED,1.0,10.6,50.79034648
K01916.02,Kepler-336 c,6037581,290.23764,41.331379,724.09,121.53,CONFIRMED,1.0,2.08,9.59993246
K01916.03,Kepler-336 b,6037581,290.23764,41.331379,724.09,121.53,CONFIRMED,1.0,1.01,2.0248205
K01989.01,Kepler-1040 b,10779233,283.11377,48.13139,459.47,54.61,CONFIRMED,0.9629629629629629,2.28,201.118319
K01990.01,Kepler-1041 b,11614617,293.88177,49.683151,867.91,187.02,CONFIRMED,0.847457627118644,2.44,24.7577652
K01992.01,Kepler-347 b,11450414,289.19958,49.305721,1193.55,223.25,CONFIRMED,1.0,2.88,12.7983174
K01996.01,Kepler-1042 b,4736569,288.66891,39.824009,499.86,50.71,CONFIRMED,1.0,1.67,10.13200555
K01997.01,Kepler-1043 b,10384798,281.66299,47.568581,855.07,180.10500000000002,CONFIRMED,0.9629629629629629,2.45,38.505224
K02053.02,Kepler-356 b,2307415,292.42108,37.682819,605.07,98.0,CONFIRMED,0.9642857142857143,1.6,4.6126736
K02055.01,Kepler-1073 b,3128552,294.15271,38.23304,859.4,131.38,CONFIRMED,1.0,2.56,8.67890312
K02056.01,Kepler-1787 b,10134152,289.06433,47.11742,814.55,169.83,CONFIRMED,0.9629629629629629,2.07,39.3135699
K02057.01,Kepler-1074 b,9573685,284.47653,46.252579,235.26,19.85,CONFIRMED,0.9642857142857143,1.12,5.94565516
K02058.01,Kepler-1075 b,10329835,287.50116,47.469269,229.88,23.825000000000003,CONFIRMED,0.875,1.26,1.52373073
K00201.01,Kepler-491 b,6849046,287.13058,42.350151,647.74,83.245,CONFIRMED,0.9642857142857143,9.0,4.225384543
K01853.01,Kepler-983 b,8804397,285.10406,45.008171,612.88,76.48,CONFIRMED,0.9629629629629629,2.4,60.0853848
K01854.01,Kepler-984 b,9662811,296.95886,46.394131,440.86,45.595,CONFIRMED,0.9629629629629629,2.5,43.0343364
K01856.01,,11570749,297.07861,49.502079,868.42,336.14,CANDIDATE,0.9642857142857143,4.33,46.2991052
K01857.01,Kepler-1771 b,11297236,292.0134,49.019119,536.13,61.845,CONFIRMED,0.9629629629629629,2.51,88.6440015
K01917.01,Kepler-1776 b,10074466,291.53439,47.0425,692.17,99.325,CONFIRMED,0.9629629629629629,2.97,35.01190875
K01920.01,Kepler-1014 b,8218379,285.12204,44.1106,619.09,106.37,CONFIRMED,1.0,2.03,16.57099265
K01921.01,Kepler-1015 b,7755636,292.75732,43.42691,890.57,221.185,CONFIRMED,0.9629629629629629,3.71,16.00496657
K01922.01,Kepler-1016 b,9411166,294.61365,45.984619,1360.13,201.51999999999998,CONFIRMED,0.9629629629629629,2.38,1.954525966
K01922.02,,9411166,294.61365,45.984619,1360.13,201.51999999999998,CANDIDATE,0.018867924528301886,,15.09521323
K01923.01,Kepler-1017 b,4989057,283.46936,40.13261,524.79,49.945,CONFIRMED,0.9629629629629629,1.78,7.23400381
K01998.01,Kepler-1044 b,9834040,293.14447,46.666241,1497.92,343.615,CONFIRMED,0.9629629629629629,2.5,6.77408984
K00216.01,Kepler-118 c,6152974,299.21317,41.424831,588.37,42.445,CONFIRMED,0.9849946194882703,6.24,20.172024672
K02000.01,Kepler-1045 b,8802693,284.18329,45.0741,863.56,133.08499999999998,CONFIRMED,0.9629629629629629,2.45,26.41044199
K02001.01,Kepler-1783 b,6061773,297.02109,41.377171,596.44,323.28,CONFIRMED,0.847457627118644,2.46,8.27745764
K02002.01,Kepler-1046 b,10024701,296.75574,46.998291,515.36,64.195,CONFIRMED,0.847457627118644,2.05,14.37504582
K02064.01,,2579043,292.13525,37.889622,1214.27,297.22,CANDIDATE,0.7333333333333333,2.17,6.31219171
K02066.01,Kepler-1678 b,3239671,292.59164,38.399658,906.74,107.995,CONFIRMED,0.875,3.33,147.97391
K02067.01,Kepler-1079 b,9304101,299.5495,45.769749,467.85,83.73500000000001,CONFIRMED,0.9629629629629629,1.77,13.24503482
K02069.01,Kepler-1080 b,11360571,296.46448,49.182907,842.47,223.115,CONFIRMED,0.847457627118644,3.7,77.2550726
K02071.01,Kepler-1081 b,6035124,289.44452,41.31776,398.23,30.0,CONFIRMED,0.847457627118644,0.93,3.85690686
K01858.01,Kepler-985 b,8160953,290.14432,44.04995,695.28,59.645,CONFIRMED,1.0,3.26,116.3311739
K01858.02,,8160953,290.14432,44.04995,695.28,59.645,CANDIDATE,0.008086253369272238,2.06,86.049055
K01860.01,Kepler-416 b,4157325,291.55695,39.227291,667.25,83.8,CONFIRMED,1.0,2.71,6.31943553
K01860.02,Kepler-416 c,4157325,291.55695,39.227291,667.25,83.8,CONFIRMED,1.0,2.61,12.20951755
K01860.03,Kepler-416 d,4157325,291.55695,39.227291,667.25,83.8,CONFIRMED,0.9642857142857143,1.61,3.07644709
K01924.01,,5108214,294.2869,40.21381,101.78,10.135,FALSE POSITIVE,0.25,1.35,2.11913005
K01925.01,Kepler-409 b,9955598,293.6792,46.85276,67.68,3.42,CONFIRMED,0.847457627118644,1.11,68.958447
K00209.02,Kepler-117 b,10723750,288.79303,48.04023,1231.73,227.745,CONFIRMED,0.9642857142857143,7.39,18.79591276
K01927.01,,7219761,296.98605,42.72998,185.18,39.685,FALSE POSITIVE,0.008086253369272238,,47.76397728
K01928.01,Kepler-1675 b,5770074,283.80954,41.041241,589.62,73.825,CONFIRMED,1.0,2.59,63.0380366
K01929.01,Kepler-337 c,10136549,290.06049,47.16396,528.11,100.00999999999999,CONFIRMED,0.9642857142857143,1.89,9.69315023
K02003.01,,9851271,298.83334,46.65453,890.93,215.315,FALSE POSITIVE,0.20026205380735265,2.58,8.48031229
K02004.01,Kepler-1047 b,12154526,288.64627,50.788979,571.83,84.35,CONFIRMED,1.0,2.56,56.1886436
K02005.01,Kepler-1048 b,6665512,281.89835,42.165791,320.37,35.89,CONFIRMED,0.847457627118644,1.48,6.92101452
K02006.01,Kepler-1049 b,10525027,287.34674,47.772961,127.77,13.55,CONFIRMED,0.9629629629629629,0.81,3.27344784
K02007.01,Kepler-1050 b,11069176,282.92499,48.626389,1001.75,250.27499999999998,CONFIRMED,0.9642857142857143,2.94,15.3789014
K01783.01,Kepler-1662 b,10005758,289.34143,46.988239,913.44,157.7,CONFIRMED,0.9629629629629629,10.52,134.4785189
K01784.01,,10158418,297.64606,47.167488,600.68,76.56,CANDIDATE,0.4883720930232558,8.8,5.007414194
K01786.01,,3128793,294.207,38.22345,2573.93,516.185,FALSE POSITIVE,0.043478260869565216,48.04,24.68662378
K01787.01,Kepler-950 b,5864975,287.95657,41.130329,1103.0,194.185,CONFIRMED,0.847457627118644,6.99,98.7179332
K01788.01,Kepler-951 b,2975770,287.73755,38.114559,436.71,25.985,CONFIRMED,0.9642857142857143,5.76,71.52543938
K01861.01,,3648437,292.16617,38.739052,872.02,149.51,CANDIDATE,1.0,3.56,17.50441726
K00202.01,Kepler-412 b,7877496,286.11032,43.680962,941.28,76.345,CONFIRMED,0.847457627118644,13.25,1.72086129
K01862.01,Kepler-986 b,7286173,293.09399,42.896431,542.23,71.875,CONFIRMED,0.9642857142857143,2.37,56.4349933
K01863.01,Kepler-1673 b,11126381,285.66711,48.719559,679.14,155.75,CONFIRMED,0.9642857142857143,2.71,33.7888028
K01864.01,Kepler-1772 b,4149450,289.43811,39.270359,433.6,46.675,CONFIRMED,0.2916666666666667,1.54,3.215109385
K01929.02,Kepler-337 b,10136549,290.06049,47.16396,528.11,100.00999999999999,CONFIRMED,0.9629629629629629,1.39,3.29276797
K01930.01,Kepler-338 b,5511081,282.97897,40.784351,520.14,36.135,CONFIRMED,1.0,2.38,13.72710334
K01930.02,Kepler-338 c,5511081,282.97897,40.784351,520.14,36.135,CONFIRMED,1.0,2.3,24.3110031
K01930.03,Kepler-338 d,5511081,282.97897,40.784351,520.14,36.135,CONFIRMED,1.0,2.61,44.4304059
K01930.04,Kepler-338 e,5511081,282.97897,40.784351,520.14,36.135,CONFIRMED,1.0,1.56,9.34145925
K01931.01,Kepler-339 b,10978763,293.35172,48.444641,757.39,108.07,CONFIRMED,1.0,1.75,4.97760447
K02007.02,Kepler-1050 c,11069176,282.92499,48.626389,1001.75,250.27499999999998,CONFIRMED,0.9629629629629629,2.88,21.1285655
K02008.01,,8098728,292.22629,43.995312,573.08,159.205,FALSE POSITIVE,0.018867924528301886,7.14,24.4851178
K00216.02,Kepler-118 b,6152974,299.21317,41.424831,588.37,42.445,CONFIRMED,0.9642857142857143,1.42,7.51854537
K02009.01,,2449431,292.77399,37.797691,562.78,67.565,CANDIDATE,0.9642857142857143,2.23,86.7490807
K02010.01,Kepler-1051 b,5631630,295.15811,40.898849,930.23,180.84500000000003,CONFIRMED,0.9629629629629629,3.25,25.96190067
K01790.01,Kepler-952 b,6504954,285.37195,41.993912,1219.37,283.51,CONFIRMED,0.847457627118644,7.7,130.3543929
K00196.01,Kepler-41 b,9410930,294.51324,45.98164,735.19,54.51,CONFIRMED,0.625,10.05,1.855557556
K01793.01,,5731623,298.31674,40.996101,1117.87,254.91000000000003,CANDIDATE,0.008086253369272238,8.01,3.261759866
K01794.01,,6153672,299.35651,41.414291,873.98,155.905,FALSE POSITIVE,0.008086253369272238,56.83,3.364425589
K01797.01,Kepler-954 b,10676014,295.85938,47.93951,215.14,14.555,CONFIRMED,1.0,2.25,16.78175788
K01866.01,Kepler-987 b,9520838,289.41107,46.130852,845.55,85.975,CONFIRMED,0.9629629629629629,3.18,105.3035093
K01867.01,Kepler-327 b,8167996,292.64236,44.087669,186.59,21.18,CONFIRMED,1.0,1.11,2.549562652
K01867.02,Kepler-327 d,8167996,292.64236,44.087669,186.59,21.18,CONFIRMED,1.0,2.04,13.96950181
K01867.03,Kepler-327 c,8167996,292.64236,44.087669,186.59,21.18,CONFIRMED,1.0,1.04,5.21230171
K01868.01,Kepler-988 b,6773862,290.7084,42.237251,230.39,22.43,CONFIRMED,0.9629629629629629,1.93,17.76076524
K01931.02,Kepler-339 d,10978763,293.35172,48.444641,757.39,108.07,CONFIRMED,1.0,1.41,10.55840479
K00210.01,,10602291,292.78235,47.800629,1132.16,292.23,CANDIDATE,0.008086253369272238,17.36,20.92735802
K01931.03,Kepler-339 c,10978763,293.35172,48.444641,757.39,108.07,CONFIRMED,1.0,1.39,6.98800953
K01932.01,Kepler-340 c,5202905,295.93347,40.300571,822.72,160.64999999999998,CONFIRMED,0.9629629629629629,3.36,22.8245144
K01933.01,Kepler-1018 b,9072190,283.59668,45.407879,1082.29,236.04,CONFIRMED,0.9642857142857143,3.28,49.1011093
K02011.01,Kepler-348 b,5384079,297.25504,40.54837,608.95,89.97,CONFIRMED,0.847457627118644,1.68,7.05675145
K02012.01,Kepler-1052 b,9839821,295.34271,46.602261,834.81,151.06,CONFIRMED,1.0,2.4,34.8536903
K02013.01,Kepler-1053 b,4056616,291.41864,39.127419,180.57,10.445,CONFIRMED,0.847457627118644,0.97,2.41434868
K02014.01,,6707908,296.05042,42.113239,1088.41,236.525,FALSE POSITIVE,0.008086253369272238,24.3,2.466070972
K02016.01,Kepler-1054 b,8492026,290.60114,44.556381,776.84,184.295,CONFIRMED,0.4883720930232558,1.95,4.30656389
K01798.01,,6867766,293.1962,42.370628,886.58,209.005,FALSE POSITIVE,0.008086253369272238,39.93,12.964717746
K01799.01,,6058614,296.30573,41.31712,1212.85,279.22,FALSE POSITIVE,0.0,56.05,1.731079436
K01800.01,Kepler-447 b,11017901,285.26859,48.560009,296.31,35.785,CONFIRMED,0.4883720930232558,16.51,7.794302043
K01801.01,Kepler-955 b,5088591,288.47144,40.269791,630.87,105.24,CONFIRMED,0.9629629629629629,3.11,14.5324483
K01802.01,Kepler-956 b,11298298,292.53082,49.06171,524.53,61.13,CONFIRMED,0.9629629629629629,2.84,5.248667607
K01870.01,Kepler-989 b,10187159,281.58292,47.233631,569.46,108.46,CONFIRMED,0.9629629629629629,2.44,7.96431492
K01871.01,Kepler-1996 c,9758089,285.25366,46.582191,401.15,28.66,CONFIRMED,0.9629629629629629,2.81,92.7297248
K00203.01,Kepler-17 b,10619192,298.39526,47.81501,698.96,48.07,CONFIRMED,0.2916666666666667,14.48,1.485710994
K01872.01,,9883311,288.31332,46.771431,1035.89,174.44,CANDIDATE,0.018867924528301886,11.26,30.5231459
K01873.01,Kepler-328 c,4939346,295.8093,40.008511,1538.52,346.42,CONFIRMED,0.9629629629629629,4.94,71.3116598
K01934.01,,4242147,284.96967,39.360291,420.66,25.314999999999998,CANDIDATE,0.847457627118644,2.11,28.78270955
K01935.01,,5396122,299.6517,40.545681,1414.76,286.26,FALSE POSITIVE,0.008086253369272238,37.58,15.44428875
K01937.01,Kepler-1019 b,10190777,283.71753,47.204449,228.37,13.335,CONFIRMED,0.847457627118644,1.71,1.411230023
K01938.01,Kepler-1020 b,9651234,292.67255,46.377419,424.9,33.510000000000005,CONFIRMED,0.9642857142857143,2.37,96.9151707
K01939.01,Kepler-1021 b,7045496,295.2049,42.559681,694.62,102.72,CONFIRMED,0.9629629629629629,1.96,13.47472742
K02017.01,Kepler-1055 b,8750043,290.48676,44.932621,393.29,44.504999999999995,CONFIRMED,0.2916666666666667,1.18,2.29503515
K02018.01,Kepler-1056 b,9973109,299.526,46.899261,691.21,154.975,CONFIRMED,0.9642857142857143,2.11,27.495634
K02019.01,Kepler-1057 b,6226290,297.45215,41.558128,1147.67,235.045,CONFIRMED,0.9629629629629629,2.66,14.08826442
K00217.01,Kepler-71 b,9595827,294.86551,46.285851,915.75,60.505,CONFIRMED,0.847457627118644,12.78,3.905081685
K02020.01,Kepler-1058 b,9349482,294.59579,45.875031,386.68,41.120000000000005,CONFIRMED,0.847457627118644,2.11,110.9643706
K01803.01,,4349442,286.63553,39.488621,241.51,16.8,CANDIDATE,1.0,2.34,4.539297295
K01805.01,Kepler-319 c,4644952,288.81195,39.77066,503.82,51.18,CONFIRMED,1.0,2.96,6.94135824
K00197.01,Kepler-489 b,2987027,290.83313,38.184349,356.47,25.47,CONFIRMED,0.9642857142857143,7.31,17.276296682
K01805.02,Kepler-319 d,4644952,288.81195,39.77066,503.82,51.18,CONFIRMED,1.0,2.08,31.7821117
K01805.03,Kepler-319 b,4644952,288.81195,39.77066,503.82,51.18,CONFIRMED,1.0,1.76,4.36273233
K01874.01,Kepler-329 c,8978528,299.26804,45.227428,319.75,25.77,CONFIRMED,0.9642857142857143,1.93,18.6848377
K01874.02,Kepler-329 b,8978528,299.26804,45.227428,319.75,25.77,CONFIRMED,1.0,1.24,7.41634701
K01875.01,Kepler-990 b,9967771,297.9382,46.881401,951.61,157.135,CONFIRMED,1.0,2.85,9.91724268
K01876.01,Kepler-991 b,11622600,297.09067,49.626572,331.19,23.615000000000002,CONFIRMED,0.9629629629629629,2.45,82.5341188
K01877.01,Kepler-992 b,10454632,284.4303,47.641781,264.59,18.94,CONFIRMED,0.9629629629629629,1.75,20.16037858
K01940.01,Kepler-1022 b,10005788,289.35202,46.973728,366.13,42.735,CONFIRMED,0.9642857142857143,1.71,10.99470891
K01940.02,,10005788,289.35202,46.973728,366.13,42.735,CANDIDATE,0.008086253369272238,,6.73679732
K00211.01,,10656508,287.97031,47.972099,1397.95,235.28,CANDIDATE,0.9629629629629629,11.13,124.03589939
K01941.01,,5213902,298.21765,40.341019,693.85,157.7,FALSE POSITIVE,0.018867924528301886,1.36,1.194812329
K01942.01,Kepler-1978 b,2832589,286.00674,38.009541,775.59,107.83000000000001,CONFIRMED,0.9642857142857143,2.67,10.84969477
K01944.01,Kepler-1777 b,2438513,290.32867,37.72311,721.09,93.495,CONFIRMED,0.9715126217276832,2.59,12.18420006
K02021.01,Kepler-1059 b,6356207,289.22021,41.706478,690.45,89.465,CONFIRMED,0.9629629629629629,1.7,3.76417012
K02022.01,Kepler-349 b,8564674,293.67648,44.615582,875.83,92.535,CONFIRMED,0.2916666666666667,1.92,5.92972237
K02022.02,Kepler-349 c,8564674,293.67648,44.615582,875.83,92.535,CONFIRMED,0.2916666666666667,1.9,12.2476121
K02023.01,Kepler-1784 b,8578780,297.95416,44.66748,882.35,187.495,CONFIRMED,0.9642857142857143,2.4,13.59051547
K02024.01,Kepler-1060 b,4544907,286.02518,39.630932,818.2,93.38999999999999,CONFIRMED,0.9629629629629629,2.62,46.8776724
K01808.01,Kepler-1769 b,7761918,294.74332,43.461208,496.82,82.195,CONFIRMED,0.9642857142857143,3.81,89.1935737
K01809.01,Kepler-321 c,8240797,294.45386,44.145973,365.85,41.25,CONFIRMED,1.0,2.2,13.09390911
K01809.02,Kepler-321 b,8240797,294.45386,44.145973,365.85,41.25,CONFIRMED,0.9629629629629629,1.46,4.915385452
K01810.01,,8164262,291.24683,44.00042,1637.95,426.885,FALSE POSITIVE,0.008086253369272238,70.11,87.455958
K01812.01,,6279974,290.12653,41.601082,1241.59,237.95499999999998,FALSE POSITIVE,0.0,63.55,0.805259257
K01813.01,Kepler-958 b,9455325,287.25668,46.066769,446.89,40.175,CONFIRMED,0.9642857142857143,2.54,9.76785911
K01878.01,Kepler-1773 b,3098810,286.22324,38.258171,623.24,88.87,CONFIRMED,0.9629629629629629,3.44,40.80957343
K01879.01,Kepler-993 b,8367644,292.61411,44.394661,314.37,26.4,CONFIRMED,0.9629629629629629,3.34,22.08551599
K01880.01,Kepler-994 b,10332883,289.07224,47.40707,167.42,14.83,CONFIRMED,0.875,1.28,1.151166776
K00023.01,,9071386,283.16632,45.403061,546.89,90.845,FALSE POSITIVE,0.4883720930232558,17.85,4.693305543
K00204.01,Kepler-44 b,9305831,300.10236,45.762138,1172.59,97.05,CONFIRMED,0.9629629629629629,12.4,3.246732048
K01944.02,,2438513,290.32867,37.72311,721.09,93.495,FALSE POSITIVE,0.2916666666666667,1.49,8.3606759
K01945.01,Kepler-1023 b,11656918,289.02975,49.769711,1123.33,351.92,CONFIRMED,1.0,5.14,62.1385979
K01945.02,,11656918,289.02975,49.769711,1123.33,351.92,CANDIDATE,0.018867924528301886,1.22,17.1181036
K01946.01,,10844890,283.34427,48.223911,721.14,166.065,CANDIDATE,0.875,2.76,8.29482811
K01948.01,,9536692,295.849,46.18129,897.29,148.48,FALSE POSITIVE,0.008086253369272238,27.64,26.635216
K02025.01,Kepler-350 c,4636578,285.41962,39.706108,971.98,182.91,CONFIRMED,1.0,3.29,17.84850835
K02025.02,Kepler-350 d,4636578,285.41962,39.706108,971.98,182.91,CONFIRMED,1.0,2.8,26.1363443
K02025.03,Kepler-350 b,4636578,285.41962,39.706108,971.98,182.91,CONFIRMED,1.0,1.81,11.1895709
K02026.01,Kepler-1061 b,11923284,296.23001,50.27523,508.66,62.815,CONFIRMED,0.4883720930232558,1.69,2.757977384
K00218.01,,9838975,295.03354,46.600151,867.31,107.225,FALSE POSITIVE,0.25,14.81,18.692860599
K01814.01,Kepler-959 b,5621125,292.17117,40.811378,3325.7,1022.085,CONFIRMED,0.018867924528301886,17.38,14.80075082
K01815.01,Kepler-960 b,9872283,281.45718,46.746471,733.6,418.68,CONFIRMED,0.9629629629629629,5.12,3.126861192
K00198.01,,10666242,292.09824,47.940819,689.25,70.285,FALSE POSITIVE,0.018867924528301886,15.86,87.24250316
K01816.01,,8624520,291.68329,44.75164,618.26,67.05,CANDIDATE,0.847457627118644,3.9,10.240611361
K01818.01,Kepler-961 b,7870032,282.03549,43.631271,554.39,56.129999999999995,CONFIRMED,0.9642857142857143,2.54,16.87725775
K01819.01,Kepler-962 b,9597058,295.31314,46.237492,404.64,35.269999999999996,CONFIRMED,0.847457627118644,1.96,12.05705659
K01881.01,Kepler-995 b,4035640,284.61572,39.131039,714.58,60.07,CONFIRMED,0.9629629629629629,2.93,28.26727385
K01882.01,Kepler-996 b,6205228,291.91281,41.533611,1074.6,172.73,CONFIRMED,0.9629629629629629,2.13,3.770590654
K01883.01,Kepler-997 b,11758544,289.23337,49.938931,473.04,92.97,CONFIRMED,0.847457627118644,1.36,2.7073064
K01884.01,,4851530,295.9024,39.918362,790.58,117.03,CANDIDATE,0.9629629629629629,4.37,23.11707222
K01884.02,,4851530,295.9024,39.918362,790.58,117.03,CANDIDATE,0.9629629629629629,1.73,4.77502117
K01950.01,Kepler-1024 b,3118797,291.95099,38.251701,1006.09,161.55,CONFIRMED,0.847457627118644,3.44,66.4159789
K01952.01,Kepler-341 c,7747425,289.86157,43.472771,923.41,138.88,CONFIRMED,1.0,1.88,8.0103929
K00212.01,,6300348,296.1398,41.60318,940.25,216.57000000000002,CANDIDATE,0.9629629629629629,6.61,5.69590202
K01952.02,Kepler-341 d,7747425,289.86157,43.472771,923.41,138.88,CONFIRMED,1.0,2.04,27.6666375
K01952.03,Kepler-341 b,7747425,289.86157,43.472771,923.41,138.88,CONFIRMED,1.0,1.18,5.19559398
K02028.01,Kepler-351 c,7102316,286.4527,42.657879,1254.29,269.695,CONFIRMED,1.0,3.19,57.2488518
K02028.02,Kepler-351 b,7102316,286.4527,42.657879,1254.29,269.695,CONFIRMED,0.9642857142857143,3.19,37.0551726
K02029.01,Kepler-352 c,9489524,299.89651,46.051971,261.89,20.445,CONFIRMED,1.0,1.61,16.33269981
K02029.02,Kepler-352 b,9489524,299.89651,46.051971,261.89,20.445,CONFIRMED,1.0,0.92,10.05550267
K02031.01,Kepler-1062 b,5940165,283.89941,41.221611,344.93,36.275,CONFIRMED,0.9629629629629629,1.67,9.30413878
K01820.01,Kepler-322 c,8277797,281.34882,44.295238,413.62,39.775000000000006,CONFIRMED,0.9642857142857143,1.63,4.33722007
K01820.02,Kepler-322 b,8277797,281.34882,44.295238,413.62,39.775000000000006,CONFIRMED,0.9629629629629629,0.97,1.653889476
K01822.01,Kepler-1672 b,5124667,297.94016,40.278629,557.5,134.83499999999998,CONFIRMED,0.9629629629629629,4.37,150.8783198
K01824.01,Kepler-323 c,2989404,291.38223,38.127468,440.4,58.53,CONFIRMED,0.9629629629629629,1.62,3.553831111
K01824.02,Kepler-323 b,2989404,291.38223,38.127468,440.4,58.53,CONFIRMED,0.4883720930232558,1.57,1.6783263
K01885.01,Kepler-998 b,11413812,296.75415,49.20874,758.15,169.8,CONFIRMED,0.4883720930232558,1.82,5.65378163
K01886.01,Kepler-999 b,9549648,299.66046,46.198421,548.55,105.62,CONFIRMED,0.4883720930232558,2.75,5.99185827
K01888.01,Kepler-1000 b,10063802,286.68552,47.098221,868.12,113.47,CONFIRMED,0.9629629629629629,4.54,120.0183551
K01889.01,Kepler-1001 b,11074178,286.27386,48.61871,994.84,204.71,CONFIRMED,0.9629629629629629,3.05,14.30517579
K01889.02,Kepler-1001 c,11074178,286.27386,48.61871,994.84,204.71,CONFIRMED,0.875,2.17,9.18189122
K02248.04,,11030475,292.23993,48.51157,809.32,62.435,CANDIDATE,0.4883720930232558,0.99,2.64622742
K02250.01,Kepler-1814 b,5942808,285.21667,41.282429,772.01,96.85,CONFIRMED,0.9629629629629629,3.15,2.935362067
K02252.01,Kepler-1158 b,6206214,292.23395,41.575211,1204.31,251.62,CONFIRMED,0.9629629629629629,2.32,13.53953595
K02253.01,Kepler-1159 b,8959839,294.26633,45.204311,922.27,216.605,CONFIRMED,0.9629629629629629,1.72,22.7082375
K02255.01,Kepler-1160 b,7672097,287.87939,43.364071,1186.76,220.54,CONFIRMED,0.875,1.81,7.97033985
K02336.01,,6142862,296.97107,41.46701,264.13,32.125,FALSE POSITIVE,0.625,0.79,5.33459393
K02337.01,Kepler-1195 b,5599774,284.3511,40.852982,838.08,105.08500000000001,CONFIRMED,0.9629629629629629,2.14,8.49640437
K02338.01,Kepler-1196 b,8099138,292.36957,43.910809,905.07,98.725,CONFIRMED,0.9629629629629629,2.72,66.1843646
K02339.01,Kepler-1197 b,7033233,291.66928,42.59071,464.74,31.88,CONFIRMED,0.875,1.12,2.032318856
K02339.02,,7033233,291.66928,42.59071,464.74,31.88,CANDIDATE,0.008086253369272238,,65.18703725
K00239.02,Kepler-501 c,6383785,297.20154,41.730209,1137.44,174.94,CONFIRMED,1.0,1.62,3.62275506
K02101.01,Kepler-1096 b,9411412,294.70938,45.969501,320.31,21.75,CONFIRMED,0.9629629629629629,1.31,2.892216772
K02102.01,Kepler-1097 b,7008211,281.59415,42.596409,711.77,109.855,CONFIRMED,0.847457627118644,2.95,187.746606
K02103.01,Kepler-1098 b,7620413,295.50269,43.232792,863.96,110.205,CONFIRMED,0.9629629629629629,1.26,2.543063763
K00223.01,Kepler-121 b,4545187,286.16205,39.678001,527.42,71.64,CONFIRMED,0.9642857142857143,2.65,3.177414601
K02104.01,Kepler-1099 b,10854546,288.74994,48.277168,1393.11,356.945,CONFIRMED,0.4883720930232558,2.41,2.168451063
K02173.01,Kepler-367 b,11774991,297.29242,49.981628,185.67,12.434999999999999,CONFIRMED,0.9642857142857143,1.21,37.8154157
K02173.02,Kepler-367 c,11774991,297.29242,49.981628,185.67,12.434999999999999,CONFIRMED,0.9629629629629629,1.16,53.5783052
K02174.01,,8261920,300.24222,44.141399,427.78,28.395,CANDIDATE,1.0,2.44,6.69332825
K02174.02,Kepler-1802 c,8261920,300.24222,44.141399,427.78,28.395,CONFIRMED,1.0,2.05,33.1362861
K02174.03,Kepler-1802 b,8261920,300.24222,44.141399,427.78,28.395,CONFIRMED,0.9629629629629629,1.71,7.72513619
K02256.01,Kepler-1161 b,9112931,299.07709,45.440639,377.8,29.42,CONFIRMED,0.9629629629629629,2.02,10.71253475
K02257.01,Kepler-1162 b,9071593,283.29214,45.434109,943.08,71.805,CONFIRMED,0.9642857142857143,2.05,32.5635249
K02259.01,Kepler-1815 b,8126558,300.1705,43.98497,979.92,214.65499999999997,CONFIRMED,0.9629629629629629,2.46,12.19140405
K02260.01,Kepler-1163 b,11811193,290.23584,50.03009,463.02,71.78,CONFIRMED,0.847457627118644,1.05,6.11784972
K02261.01,Kepler-1164 b,3734418,287.52963,38.894508,427.77,30.645,CONFIRMED,0.9642857142857143,1.11,3.97599629
K02340.01,Kepler-1198 b,8681734,288.83401,44.838249,738.5,66.41,CONFIRMED,0.9629629629629629,1.47,7.68478504
K02341.01,,10232693,299.84909,47.20256,1167.33,459.83,FALSE POSITIVE,0.018867924528301886,3.52,0.990516282
K02342.01,Kepler-1199 b,10212441,293.72586,47.24704,666.08,133.575,CONFIRMED,1.0,1.51,15.0447098
K02343.01,,6119141,290.37512,41.43375,797.19,187.45,CANDIDATE,0.9629629629629629,2.32,29.0726293
K02344.01,Kepler-1200 b,8247771,296.60342,44.129261,529.76,52.275000000000006,CONFIRMED,0.625,0.98,1.118547814
K02105.01,Kepler-1100 b,8165946,291.87134,44.087379,646.3,73.06,CONFIRMED,0.847457627118644,1.25,6.42199919
K02106.01,Kepler-1679 b,12017109,293.90057,50.427052,964.89,192.04500000000002,CONFIRMED,0.847457627118644,1.87,9.75374033
K02107.01,Kepler-1101 b,9225395,294.56937,45.671261,900.21,113.73,CONFIRMED,0.9629629629629629,2.55,81.3153052
K02108.01,Kepler-1102 b,10709622,281.32257,48.066502,1250.07,320.015,CONFIRMED,0.9629629629629629,3.06,51.3283527
K02109.01,Kepler-1103 b,11499228,287.38208,49.452389,840.97,204.65,CONFIRMED,0.847457627118644,2.58,19.7919389
K02175.01,Kepler-368 b,9022166,291.88004,45.387932,700.92,149.175,CONFIRMED,1.0,3.2,26.8475962
K02177.01,Kepler-1132 b,10965588,286.36746,48.423931,893.86,65.14,CONFIRMED,0.9629629629629629,2.5,62.8917493
K02179.01,Kepler-369 c,10670119,293.67422,47.908459,246.64,24.285,CONFIRMED,1.0,1.59,14.87149773
K02179.02,Kepler-369 b,10670119,293.67422,47.908459,246.64,24.285,CONFIRMED,1.0,1.42,2.732767897
K00231.01,,4043443,287.40244,39.190731,382.44,25.175,FALSE POSITIVE,0.008086253369272238,26.96,119.8401019
K00234.01,Kepler-498 b,8491277,290.35815,44.518749,886.54,213.515,CONFIRMED,0.9629629629629629,3.27,9.61375316
K02261.02,,3734418,287.52963,38.894508,427.77,30.645,CANDIDATE,0.2916666666666667,0.9,6.6254781
K02263.01,Kepler-1165 c,8613535,286.97128,44.708302,980.38,225.07,CONFIRMED,1.0,1.91,29.9685917
K02264.01,Kepler-1166 b,12256520,290.34851,50.902851,605.85,48.53,CONFIRMED,1.0,1.51,33.2407985
K02265.01,,3337432,290.13821,38.491184,1327.55,485.245,FALSE POSITIVE,0.2916666666666667,2.27,2.97600846
K02345.01,Kepler-1201 b,5629538,294.61481,40.833172,953.32,215.34,CONFIRMED,0.847457627118644,1.94,15.18727049
K02346.01,Kepler-1202 b,8561231,292.29062,44.653252,1079.21,196.87,CONFIRMED,0.847457627118644,2.69,28.6853212
K02347.01,Kepler-1203 b,8235924,292.77338,44.178131,227.01,19.18,CONFIRMED,0.7333333333333333,0.99,0.588001053
K02348.01,Kepler-1204 b,6941084,289.4415,42.498131,1338.33,321.385,CONFIRMED,0.9642857142857143,2.94,85.7357202
K02350.01,Kepler-1205 b,6200235,290.27969,41.515049,944.1,213.66,CONFIRMED,0.847457627118644,1.98,1.078389713
K02110.01,Kepler-1104 b,11460462,294.46854,49.33102,485.83,69.66499999999999,CONFIRMED,0.847457627118644,1.55,5.03728033
K02111.01,Kepler-360 b,8612275,286.28473,44.781551,820.36,83.925,CONFIRMED,0.9642857142857143,1.37,3.289726319
K02111.02,Kepler-360 c,8612275,286.28473,44.781551,820.36,83.925,CONFIRMED,1.0,2.19,7.18644594
K02113.01,Kepler-417 c,7207061,293.82431,42.779701,997.95,180.22500000000002,CONFIRMED,1.0,2.62,15.94248453
K00223.02,Kepler-121 c,4545187,286.16205,39.678001,527.42,71.64,CONFIRMED,0.9642857142857143,2.64,41.0081117
K02180.01,Kepler-1133 b,7286911,293.32242,42.86747,735.13,60.375,CONFIRMED,0.9629629629629629,2.11,11.55562042
K02181.01,Kepler-1804 b,8591173,301.34286,44.672211,959.18,473.16499999999996,CONFIRMED,0.625,3.22,12.2885046
K02182.01,Kepler-1134 b,6962109,295.56799,42.478298,997.26,186.535,CONFIRMED,0.9629629629629629,2.31,17.13263125
K02183.01,Kepler-370 c,5706595,292.17114,40.916309,1005.83,106.28999999999999,CONFIRMED,1.0,2.04,19.0231361
K02183.02,Kepler-370 b,5706595,292.17114,40.916309,1005.83,106.28999999999999,CONFIRMED,1.0,1.35,4.57948235
K02266.01,Kepler-1167 b,10489345,298.30273,47.694031,792.35,98.32,CONFIRMED,0.847457627118644,1.6,1.003931703
K02269.01,,11774303,297.01965,49.997379,1728.31,406.03,FALSE POSITIVE,0.018867924528301886,2.55,0.614083885
K02271.01,Kepler-1168 b,10329469,287.2977,47.455441,774.16,100.75999999999999,CONFIRMED,0.9629629629629629,2.13,55.8224775
K02272.01,,9654875,294.15366,46.309681,1359.45,379.65999999999997,CANDIDATE,0.008086253369272238,1.31,1.34145255
K02273.01,Kepler-1169 b,9717943,294.91156,46.491459,515.85,63.905,CONFIRMED,0.847457627118644,0.93,6.11010439
K00240.01,Kepler-502 b,8026752,291.08014,43.860199,1212.22,280.88,CONFIRMED,0.2916666666666667,4.14,4.286866229
K02351.01,Kepler-1828 b,1872821,292.42758,37.320808,866.08,63.44,CONFIRMED,0.9629629629629629,1.68,10.27380957
K02352.01,Kepler-381 c,8013439,285.1828,43.831078,372.29,77.4,CONFIRMED,0.9629629629629629,1.58,13.39155154
K02352.02,Kepler-381 b,8013439,285.1828,43.831078,372.29,77.4,CONFIRMED,0.9629629629629629,1.39,5.62904396
K02352.03,Kepler-381 d,8013439,285.1828,43.831078,372.29,77.4,CONFIRMED,0.847457627118644,1.49,8.2562857
K02113.02,Kepler-417 b,7207061,293.82431,42.779701,997.95,180.22500000000002,CONFIRMED,1.0,2.34,12.33087921
K02114.01,Kepler-1105 b,6921944,281.11176,42.45491,372.72,21.82,CONFIRMED,0.9629629629629629,2.19,4.421566535
K02115.01,Kepler-67 b,9532052,294.15332,46.166439,1070.69,89.235,CONFIRMED,0.9629629629629629,2.69,15.72585941
K02116.01,Kepler-1106 b,8164012,291.1452,44.062538,1619.16,303.90999999999997,CONFIRMED,0.2916666666666667,2.44,1.252753881
K02117.01,Kepler-1795 b,4140813,286.47934,39.269958,520.76,48.230000000000004,CONFIRMED,0.9629629629629629,1.84,13.36019864
K02185.01,Kepler-1135 b,8611781,286.00296,44.756592,807.32,192.91500000000002,CONFIRMED,0.847457627118644,2.09,76.957056
K02186.01,,3097926,285.90848,38.212719,822.41,114.23,CANDIDATE,0.7333333333333333,3.79,14.97974335
K02188.02,,10518424,283.75385,47.796951,1201.22,266.725,CANDIDATE,0.043478260869565216,0.86,6.7445683
K02189.01,,5730445,298.07474,40.94899,638.54,91.2,CANDIDATE,0.847457627118644,4.44,33.35859852
K02191.01,Kepler-1805 b,5601258,285.08655,40.898998,202.28,18.17,CONFIRMED,0.9629629629629629,1.15,8.84784273
K02274.01,Kepler-1170 b,7960980,292.16858,43.779671,1003.57,159.435,CONFIRMED,0.9629629629629629,2.48,9.98970266
K00235.01,Kepler-499 b,8107225,295.10995,43.915211,498.51,68.215,CONFIRMED,0.9629629629629629,2.04,5.63252508
K02276.01,Kepler-1171 b,3458028,294.95892,38.591572,632.86,188.575,CONFIRMED,0.4883720930232558,2.67,1.442592305
K02278.01,Kepler-376 c,3342794,291.60718,38.410389,808.86,137.5,CONFIRMED,1.0,2.39,14.17222858
K02278.02,Kepler-376 b,3342794,291.60718,38.410389,808.86,137.5,CONFIRMED,1.0,1.18,4.92031063
K02358.01,Kepler-1830 b,5716932,295.1391,40.979061,1220.24,250.75,CONFIRMED,0.9629629629629629,4.43,56.4931698
K00241.01,Kepler-124 c,11288051,286.75278,49.064911,352.99,24.775,CONFIRMED,1.0,2.2,13.82142084
K02360.01,,7515670,287.80408,43.168961,1114.65,229.755,FALSE POSITIVE,0.4883720930232558,1.3,2.30367952
K02361.01,Kepler-1831 b,11566256,295.30255,49.589119,1133.89,248.46999999999997,CONFIRMED,0.847457627118644,2.07,5.78387049
K02362.02,Kepler-1208 b,8495415,291.88126,44.555729,921.88,129.11,CONFIRMED,1.0,2.5,11.08507658
K02119.01,Kepler-1107 b,4055304,291.04993,39.14167,477.76,38.88,CONFIRMED,0.625,1.65,0.571038347
K02120.01,Kepler-1680 b,4857213,297.07465,39.933849,406.37,87.37,CONFIRMED,0.9642857142857143,1.75,8.77425786
K02121.01,Kepler-1108 b,9415108,296.04233,45.985142,912.35,130.75,CONFIRMED,0.9629629629629629,1.74,4.51005082
K02122.01,Kepler-1109 b,4262581,291.64624,39.396629,1768.08,455.985,CONFIRMED,0.9629629629629629,5.37,37.6468519
K02123.01,Kepler-1796 b,8591693,301.54297,44.60561,761.88,158.49,CONFIRMED,0.9629629629629629,2.19,29.4557841
K00232.01,Kepler-122 c,4833421,291.11188,39.949108,941.14,151.16500000000002,CONFIRMED,1.0,5.65,12.466004437
K02193.01,Kepler-1136 b,8282651,284.10779,44.245811,501.56,53.065,CONFIRMED,0.9629629629629629,1.53,2.361724472
K02194.01,Kepler-371 b,3548044,292.32645,38.657581,569.3,82.88,CONFIRMED,1.0,1.75,34.7630543
K02195.01,Kepler-372 c,11401767,291.2562,49.258949,1351.04,201.375,CONFIRMED,1.0,2.63,20.0545282
K02200.01,Kepler-1138 b,10909127,285.89923,48.307301,948.09,79.275,CONFIRMED,0.847457627118644,1.69,3.17059731
K02279.01,Kepler-377 c,3661886,295.422,38.735691,776.43,113.095,CONFIRMED,1.0,2.0,27.0142622
K02279.02,Kepler-377 b,3661886,295.422,38.735691,776.43,113.095,CONFIRMED,0.9629629629629629,1.54,12.50945798
K02280.01,Kepler-1172 b,2439243,290.47452,37.766602,1766.65,310.02,CONFIRMED,0.9642857142857143,4.53,26.0203329
K02281.01,Kepler-1173 b,9221517,293.1311,45.663551,398.84,52.035,CONFIRMED,0.847457627118644,0.93,0.769854899
K02282.01,Kepler-1174 b,6751874,281.83145,42.298908,1140.45,204.57,CONFIRMED,0.9629629629629629,2.13,6.89226333
K02368.01,Kepler-1210 b,10863608,292.83215,48.21936,1066.93,221.595,CONFIRMED,0.847457627118644,1.53,8.07127043
K02369.01,Kepler-1211 b,5602588,285.72079,40.85696,1615.44,373.64,CONFIRMED,1.0,2.64,11.01819178
K00241.02,Kepler-124 d,11288051,286.75278,49.064911,352.99,24.775,CONFIRMED,0.9642857142857143,1.51,30.9505927
K02369.02,,5602588,285.72079,40.85696,1615.44,373.64,CANDIDATE,0.4883720930232558,1.34,6.3143447
K02370.01,,5385304,297.5582,40.541309,1431.86,378.145,CANDIDATE,0.4883720930232558,7.76,78.7327023
K00224.01,,5547480,295.6402,40.794842,927.47,203.77,FALSE POSITIVE,0.008086253369272238,26.5,3.979867514
K02124.01,,11462341,295.28854,49.379791,198.22,14.809999999999999,CANDIDATE,0.875,1.45,42.3375799
K02125.01,Kepler-1797 b,9405595,292.46429,45.968288,1331.73,320.71500000000003,CONFIRMED,0.847457627118644,2.98,23.3593589
K02126.01,Kepler-1110 b,3546060,291.80801,38.6227,634.66,69.75,CONFIRMED,0.9629629629629629,2.12,9.69310837
K02128.01,,7019489,286.94415,42.580631,1109.24,204.59,FALSE POSITIVE,0.008086253369272238,25.42,24.2598301
K02201.01,,2141783,286.37,37.552521,930.7,176.16000000000003,FALSE POSITIVE,0.008086253369272238,44.41,116.5214317
K02202.01,Kepler-1139 b,4144576,287.94562,39.230572,507.18,39.435,CONFIRMED,0.4883720930232558,1.14,0.813166357
K02204.01,Kepler-1807 b,8494542,291.54941,44.52729,1093.28,304.1,CONFIRMED,0.4883720930232558,2.09,10.86062378
K02205.01,Kepler-1140 b,9992325,281.69397,46.946449,710.35,91.09,CONFIRMED,0.9629629629629629,2.78,24.08632177
K02206.01,,11073656,285.96802,48.67905,1035.24,234.54000000000002,CANDIDATE,0.2916666666666667,1.64,1.834277283
K02283.01,,10206675,291.37744,47.21257,326.05,21.62,FALSE POSITIVE,0.25,16.37,17.40208965
K02285.01,Kepler-1175 b,9945370,289.1427,46.812889,1310.23,297.765,CONFIRMED,0.847457627118644,2.79,37.9456138
K00027.01,,3832716,285.39404,38.904911,767.46,234.60000000000002,FALSE POSITIVE,0.0,88.62,1.141877248
K00236.01,,8453211,298.80206,44.420349,662.77,140.79,FALSE POSITIVE,0.008086253369272238,32.77,5.77675928
K02286.01,Kepler-1176 b,8973129,297.91974,45.274158,901.34,97.19999999999999,CONFIRMED,0.9629629629629629,2.21,24.1738244
K02353.01,Kepler-1829 b,12505654,288.66449,51.498421,658.64,90.34,CONFIRMED,0.9629629629629629,2.4,5.186737262
K02354.01,,7215678,296.06625,42.768219,790.48,176.455,CANDIDATE,0.008086253369272238,40.32,1.151244686
K02355.01,Kepler-1206 b,11670125,295.93842,49.791142,784.32,90.63,CONFIRMED,0.4883720930232558,1.58,1.217000383
K02356.01,Kepler-1207 b,11461844,295.06424,49.35899,905.71,203.915,CONFIRMED,0.847457627118644,1.43,13.6823798
K02357.01,,7449554,293.20377,43.057011,1967.76,380.365,CANDIDATE,0.9642857142857143,2.27,2.42088277
K02129.01,Kepler-1111 b,9351920,295.46338,45.81274,1029.57,205.54,CONFIRMED,0.847457627118644,1.77,8.79618433
K02130.01,Kepler-1798 b,2161536,291.7262,37.5289,338.61,25.2,CONFIRMED,0.9629629629629629,1.7,16.85592593
K02131.01,Kepler-1112 b,10549023,296.96881,47.751492,1341.61,294.845,CONFIRMED,0.9629629629629629,2.31,14.36270451
K02132.01,Kepler-1681 b,9661979,296.69727,46.371712,782.76,146.655,CONFIRMED,0.9642857142857143,3.04,69.8956789
K02133.01,Kepler-91 b,8219268,285.67288,44.11673,1208.2,113.85499999999999,CONFIRMED,0.847457627118644,14.93,6.24667547
K02208.01,Kepler-1141 b,10531955,290.54364,47.725887,383.14,55.995,CONFIRMED,0.4883720930232558,0.97,2.344512589
K00232.02,Kepler-122 b,4833421,291.11188,39.949108,941.14,151.16500000000002,CONFIRMED,1.0,2.27,5.766165573
K02209.01,Kepler-1142 b,8168187,292.71445,44.082329,1230.01,236.755,CONFIRMED,1.0,2.72,18.3027235
K02210.01,Kepler-1143 b,4142847,287.30283,39.289688,606.83,38.3,CONFIRMED,1.0,1.68,2.888904439
K02212.01,Kepler-1144 b,10203349,290.04327,47.25798,1396.7,262.26,CONFIRMED,0.9642857142857143,3.64,17.14648756
K02287.01,Kepler-378 b,9718066,294.94858,46.438641,139.62,10.335,CONFIRMED,0.9642857142857143,0.98,16.09227518
K02288.01,,3440978,290.703,38.567032,772.96,105.08,CANDIDATE,0.4883720930232558,4.08,38.103908
K02289.01,Kepler-379 c,3867615,295.70111,38.945831,684.12,108.44,CONFIRMED,1.0,2.28,62.7843981
K02290.01,Kepler-1816 b,12121570,296.85101,50.698929,436.09,31.7,CONFIRMED,0.875,1.82,91.500873
K02291.01,Kepler-1817 b,8410415,282.03329,44.478008,880.73,82.83500000000001,CONFIRMED,0.9642857142857143,2.68,44.2993483
K02363.01,Kepler-1832 b,7987866,299.85184,43.732182,438.59,60.785000000000004,CONFIRMED,0.847457627118644,0.97,3.13877646
K02364.01,,9532710,294.3847,46.157841,2118.2,1291.42,CANDIDATE,0.4883720930232558,3.86,5.24242029
K02365.01,Kepler-430 b,11560897,292.80865,49.579441,982.03,177.63,CONFIRMED,1.0,2.95,35.9682692
K02366.01,Kepler-1209 b,11342416,287.5849,49.154789,540.47,92.58,CONFIRMED,0.9642857142857143,1.67,25.3690868
K02367.01,Kepler-1833 b,9086251,290.87137,45.410301,581.2,93.1,CONFIRMED,0.2916666666666667,1.35,6.89213244
K02134.01,Kepler-1113 b,4254466,289.40671,39.33884,1037.88,144.27,CONFIRMED,0.9642857142857143,2.54,42.3006282
K00225.01,,5801571,294.9133,41.074711,1303.17,164.035,FALSE POSITIVE,0.008086253369272238,44.67,0.838597429
K02135.01,Kepler-361 c,9904006,296.80344,46.74115,764.6,124.07499999999999,CONFIRMED,1.0,2.47,55.1866213
K02136.01,,5288570,295.50107,40.410225,5791.81,2308.88,FALSE POSITIVE,0.018867924528301886,5.07,1.728528176
K02137.01,Kepler-1114 b,9364609,299.23694,45.834702,401.49,31.55,CONFIRMED,0.9629629629629629,1.28,14.97436238
K02213.01,Kepler-1145 b,7457296,295.30817,43.044411,748.31,105.03,CONFIRMED,0.847457627118644,1.6,3.97076603
K02214.01,Kepler-1146 b,10328458,286.71661,47.425629,754.77,77.225,CONFIRMED,0.847457627118644,1.29,2.352273912
K02215.01,,7050060,296.25507,42.53022,779.05,204.82,FALSE POSITIVE,0.008086253369272238,28.78,22.0425953
K02216.01,Kepler-1808 b,4248120,287.29251,39.383221,921.6,203.56,CONFIRMED,0.9629629629629629,2.21,23.34036251
K02217.01,,9580992,288.64252,46.21566,778.35,129.14,CANDIDATE,0.847457627118644,2.95,37.8034121
K02293.01,Kepler-1683 b,8321314,298.45013,44.284012,740.74,65.325,CONFIRMED,0.9629629629629629,1.7,15.03366411
K02294.01,,6934986,287.1532,42.421612,1222.95,204.36,CANDIDATE,0.9629629629629629,3.03,131.485184
K02295.01,,4049901,289.54514,39.164429,142.55,12.205,CANDIDATE,0.847457627118644,0.52,16.2908527
K02296.01,Kepler-1177 b,11498128,286.67145,49.406288,799.76,97.055,CONFIRMED,0.2916666666666667,2.01,106.247882
K00237.01,Kepler-500 b,8041216,295.95135,43.852051,720.29,92.185,CONFIRMED,0.9642857142857143,2.6,8.508333104
K02371.01,Kepler-1212 b,11824786,296.85342,50.03735,1037.76,226.01,CONFIRMED,0.9629629629629629,1.7,12.94123564
K02372.01,Kepler-1213 b,12254909,289.48581,50.94416,671.55,83.395,CONFIRMED,0.7333333333333333,1.29,5.349791
K02373.01,,10798331,292.31467,48.140461,914.93,126.51499999999999,CANDIDATE,0.847457627118644,2.28,147.281212
K02374.01,Kepler-382 b,9364290,299.13617,45.86993,1052.33,180.32999999999998,CONFIRMED,1.0,1.95,5.26211833
K02374.02,Kepler-382 c,9364290,299.13617,45.86993,1052.33,180.32999999999998,CONFIRMED,1.0,3.14,12.1628195
K02138.01,Kepler-1115 b,5022828,294.99176,40.144409,1260.87,409.45,CONFIRMED,0.847457627118644,2.33,23.5541012
K02140.01,Kepler-1116 b,8233702,291.93365,44.115501,948.17,187.485,CONFIRMED,0.9642857142857143,2.26,41.6977582
K02143.01,Kepler-1117 b,11403339,292.08478,49.23748,528.54,44.495,CONFIRMED,0.847457627118644,1.01,4.79029482
K02144.01,Kepler-1118 b,8260902,299.96567,44.160889,747.69,179.98,CONFIRMED,0.9629629629629629,2.45,38.6715843
K02145.01,Kepler-1119 b,8381204,297.01913,44.327518,1079.64,256.28999999999996,CONFIRMED,0.25,1.8,8.32651854
K02218.01,Kepler-373 b,12058204,289.388,50.59705,860.91,125.61,CONFIRMED,1.0,1.75,5.53533152
K02218.02,Kepler-373 c,12058204,289.388,50.59705,860.91,125.61,CONFIRMED,0.847457627118644,1.56,16.7261969
K00232.03,Kepler-122 d,4833421,291.11188,39.949108,941.14,151.16500000000002,CONFIRMED,1.0,2.18,21.58752788
K02219.01,Kepler-1809 b,5357545,290.26535,40.548649,361.49,24.27,CONFIRMED,0.847457627118644,1.23,3.757294695
K02220.01,Kepler-374 c,6871071,294.13791,42.370499,1292.03,243.115,CONFIRMED,1.0,1.79,3.2828024
K02297.01,Kepler-1818 b,5342473,284.32852,40.568909,919.59,235.49,CONFIRMED,0.9629629629629629,1.38,4.64495172
K02298.01,,9334893,288.45605,45.80212,214.97,18.57,CANDIDATE,0.9642857142857143,0.7,16.6671415
K02299.01,Kepler-1819 b,9963265,296.56006,46.857479,1360.14,291.685,CONFIRMED,0.018867924528301886,27.45,16.48686712
K02300.01,Kepler-1179 b,10583761,284.09763,47.810638,465.12,77.07499999999999,CONFIRMED,0.847457627118644,1.46,2.685054445
K02302.01,Kepler-1180 b,7542813,295.88751,43.156059,1076.8,229.54500000000002,CONFIRMED,0.847457627118644,1.71,16.8600805
K02072.01,Kepler-1082 b,12058147,289.35867,50.59848,680.01,122.645,CONFIRMED,0.847457627118644,1.23,1.54320541
K02073.01,Kepler-357 d,8164257,291.2431,44.00872,770.97,51.085,CONFIRMED,1.0,2.49,49.5004725
K02073.02,Kepler-357 b,8164257,291.2431,44.00872,770.97,51.085,CONFIRMED,1.0,1.92,6.47539108
K02073.03,Kepler-357 c,8164257,291.2431,44.00872,770.97,51.085,CONFIRMED,1.0,2.51,16.85825609
K00025.01,,10593759,289.26166,47.815521,697.79,169.96,FALSE POSITIVE,0.008086253369272238,48.73,3.132604547
K02146.01,Kepler-1120 b,6774537,290.91449,42.286579,688.77,80.705,CONFIRMED,0.6801505321690917,1.48,2.949029106
K02147.01,Kepler-362 c,10404582,291.77164,47.5299,834.23,98.525,CONFIRMED,0.9642857142857143,2.01,37.8658964
K00226.01,Kepler-496 b,5959753,291.6409,41.241039,626.81,46.485,CONFIRMED,1.0,2.42,8.30865307
K02148.01,Kepler-363 d,6021193,283.19208,41.305389,658.3,120.725,CONFIRMED,1.0,1.83,11.93205399
K02148.02,Kepler-363 c,6021193,283.19208,41.305389,658.3,120.725,CONFIRMED,1.0,1.59,7.54235832
K02220.02,Kepler-374 d,6871071,294.13791,42.370499,1292.03,243.115,CONFIRMED,1.0,2.03,5.02818253
K02220.03,Kepler-374 b,6871071,294.13791,42.370499,1292.03,243.115,CONFIRMED,0.9642857142857143,1.73,1.897828815
K02221.01,Kepler-1147 b,6287313,292.54752,41.64296,1277.2,313.355,CONFIRMED,0.7333333333333333,1.87,10.62788695
K02222.01,,9289704,295.24734,45.757401,3339.77,1586.725,CANDIDATE,0.008086253369272238,13.98,34.135676
K02223.01,Kepler-1148 b,9278725,290.95355,45.719528,649.15,78.22,CONFIRMED,0.4883720930232558,1.6,1.104462494
K02303.01,Kepler-1181 b,4458082,289.74731,39.523453,918.78,238.37,CONFIRMED,0.9629629629629629,1.6,4.89336495
K02304.01,Kepler-1182 b,8042453,296.30795,43.82135,1079.88,233.11,CONFIRMED,0.9629629629629629,1.64,11.17392077
K02305.01,Kepler-1820 b,10874215,296.71274,48.272308,1303.92,276.08500000000004,CONFIRMED,0.8664352024746698,2.64,31.0325991
K02306.01,,6666233,282.28439,42.15419,203.77,17.24,FALSE POSITIVE,0.25,1.03,0.512407185
K02307.01,,7661065,282.14923,43.37859,713.78,58.355000000000004,FALSE POSITIVE,0.2916666666666667,3.03,4.150297119
K00221.02,Kepler-495 c,3937519,285.93069,39.098141,825.95,155.54500000000002,CONFIRMED,1.0,1.28,5.89661966
K02074.01,Kepler-1083 b,8866137,283.16196,45.198311,871.17,112.77000000000001,CONFIRMED,0.847457627118644,3.13,33.4178173
K02075.01,Kepler-1084 b,10857519,290.10196,48.251141,444.4,77.62,CONFIRMED,0.4883720930232558,1.44,2.053341891
K02076.01,Kepler-1085 c,9517393,287.47763,46.141178,1314.34,264.1,CONFIRMED,1.0,3.21,56.7769831
K02078.01,Kepler-1086 b,9351316,295.25116,45.842972,423.55,27.84,CONFIRMED,1.0,2.14,18.78429232
K02148.03,Kepler-363 b,6021193,283.19208,41.305389,658.3,120.725,CONFIRMED,0.9642857142857143,1.14,3.61460279
K02149.01,Kepler-1121 b,10617017,297.78659,47.88612,516.28,97.86,CONFIRMED,0.875,1.87,13.15140223
K02150.01,Kepler-1979 b,3229150,289.84286,38.309601,1075.7,236.635,CONFIRMED,0.018867924528301886,29.33,18.5084526
K02151.01,,7989422,300.22519,43.758179,442.44,111.48,FALSE POSITIVE,0.4883720930232558,2.05,7.47763833
K02152.01,Kepler-1122 b,9641481,288.28052,46.3409,1090.62,157.765,CONFIRMED,0.9642857142857143,2.35,42.1918331
K02224.01,Kepler-1149 b,8892157,294.18927,45.151581,927.64,97.085,CONFIRMED,0.875,1.48,3.73090026
K02224.02,,8892157,294.18927,45.151581,927.64,97.085,CANDIDATE,0.018867924528301886,1.47,86.130534
K02225.01,Kepler-1150 b,11569782,296.72449,49.532711,893.79,507.46,CONFIRMED,0.847457627118644,2.33,2.787874175
K00232.04,Kepler-122 e,4833421,291.11188,39.949108,941.14,151.16500000000002,CONFIRMED,1.0,2.39,37.9962369
K02226.01,,11520459,297.52542,49.401451,891.48,171.19,CANDIDATE,0.9629629629629629,2.51,8.46354384
K00238.01,Kepler-123 b,7219825,296.99863,42.78196,881.18,139.74,CONFIRMED,1.0,2.79,17.23232894
K02308.01,Kepler-1183 b,3749978,292.23242,38.89222,1180.09,247.59,CONFIRMED,0.847457627118644,2.55,28.5057217
K02309.01,Kepler-1184 b,10010440,291.28207,46.965988,1183.52,275.035,CONFIRMED,0.9629629629629629,2.49,53.5991459
K02310.01,Kepler-1821 b,11718144,294.52545,49.872471,734.44,68.975,CONFIRMED,0.847457627118644,1.82,16.4581861
K02311.01,,4247991,287.24118,39.33276,293.22,30.465000000000003,CANDIDATE,0.043478260869565216,,191.86419296
K02311.02,,4247991,287.24118,39.33276,293.22,30.465000000000003,CANDIDATE,0.25,,13.72549689
K02312.01,,10026544,297.28317,46.90453,980.16,214.315,CANDIDATE,0.008086253369272238,2.38,176.331289
K02079.01,Kepler-1087 b,9473078,294.97882,46.00565,435.01,95.22,CONFIRMED,0.847457627118644,0.83,0.693842661
K02080.01,Kepler-358 c,10864531,293.23022,48.281368,1128.05,248.86,CONFIRMED,0.9642857142857143,2.95,83.4887405
K02080.02,Kepler-358 b,10864531,293.23022,48.281368,1128.05,248.86,CONFIRMED,0.9642857142857143,2.96,34.0607677
K02081.01,,2853780,291.72916,38.070019,1182.64,573.86,CANDIDATE,0.9629629629629629,4.27,6.2141496
K02082.01,Kepler-1790 b,9472000,294.56693,46.075802,997.64,180.385,CONFIRMED,0.9642857142857143,2.59,31.5888979
K02153.01,Kepler-364 c,10253547,281.56995,47.398689,900.83,156.915,CONFIRMED,1.0,2.81,59.9809868
K02153.02,Kepler-364 b,10253547,281.56995,47.398689,900.83,156.915,CONFIRMED,1.0,1.73,25.7457957
K02154.01,Kepler-1799 b,12505076,288.30869,51.478291,1407.32,311.19,CONFIRMED,0.847457627118644,2.43,11.92979348
K00227.01,,6185476,284.35202,41.519199,189.64,14.175,CANDIDATE,0.847457627118644,2.45,17.65737838
K02155.01,Kepler-1123 b,12116380,294.51767,50.670399,837.28,125.21,CONFIRMED,0.9629629629629629,2.11,4.3394569
K02156.01,Kepler-1124 b,2556650,286.59427,37.891258,236.19,31.42,CONFIRMED,0.875,1.66,2.852348262
K02227.01,Kepler-1151 b,10600955,292.2478,47.878448,1123.58,186.725,CONFIRMED,0.9629629629629629,3.93,65.6480892
K02228.01,,10801100,293.41794,48.198849,862.82,249.93,FALSE POSITIVE,0.008086253369272238,39.16,102.653705
K02229.01,Kepler-1682 b,4473226,293.98358,39.57288,1154.13,119.84,CONFIRMED,0.9629629629629629,2.54,14.83340944
K02230.01,,8914779,300.77875,45.110222,466.76,122.71000000000001,FALSE POSITIVE,0.25,0.98,0.987338654
K02232.01,Kepler-1810 b,2854181,291.81302,38.088181,1078.77,134.425,CONFIRMED,0.9642857142857143,3.87,101.1323475
K02233.01,,8963721,295.47537,45.239979,827.91,194.26,FALSE POSITIVE,0.008086253369272238,2.83,1.811460943
K02313.01,Kepler-1186 b,10132832,288.47964,47.101768,1208.05,263.46999999999997,CONFIRMED,0.847457627118644,2.14,16.07673148
K02314.01,Kepler-1187 b,3219995,286.892,38.31855,890.68,203.17000000000002,CONFIRMED,0.9629629629629629,2.67,18.87058705
K02315.01,Kepler-1822 b,6062929,297.28549,41.305592,735.58,90.725,CONFIRMED,0.7333333333333333,1.76,22.1334224
K02316.01,Kepler-1188 b,7504778,283.10385,43.148041,1266.59,306.715,CONFIRMED,0.9629629629629629,2.05,17.1369408
K00238.02,Kepler-123 c,7219825,296.99863,42.78196,881.18,139.74,CONFIRMED,1.0,1.4,26.6951944
K02083.01,Kepler-1791 b,7097965,284.49033,42.648289,643.52,104.92,CONFIRMED,0.9629629629629629,2.53,7.72085047
K00222.01,Kepler-120 b,4249725,287.89163,39.33913,263.65,75.185,CONFIRMED,1.0,2.0,6.312508525
K02084.01,Kepler-1792 b,3967326,294.84003,39.085991,856.66,203.07999999999998,CONFIRMED,0.9629629629629629,3.02,4.19577385
K02086.01,Kepler-60 b,6768394,288.96124,42.265011,854.09,153.18,CONFIRMED,1.0,1.64,7.1329472
K02086.02,Kepler-60 c,6768394,288.96124,42.265011,854.09,153.18,CONFIRMED,1.0,1.84,8.91901228
K02158.01,Kepler-1800 b,5211199,297.65143,40.352551,901.6,233.29500000000002,CONFIRMED,0.9629629629629629,2.82,4.5620407
K02159.01,,8804455,285.13831,45.004539,564.86,79.135,CANDIDATE,0.9642857142857143,1.32,7.5966998
K02159.02,,8804455,285.13831,45.004539,564.86,79.135,FALSE POSITIVE,0.9629629629629629,1.33,2.392630668
K02160.01,Kepler-1125 b,5546761,295.48123,40.731979,1187.63,197.055,CONFIRMED,1.0,2.89,17.6700291
K02160.02,,5546761,295.48123,40.731979,1187.63,197.055,CANDIDATE,0.008086253369272238,,15.40877383
K02162.01,Kepler-1126 b,9205938,285.69199,45.689388,629.12,84.62,CONFIRMED,0.9642857142857143,1.68,108.593113
K02236.01,Kepler-375 c,10723367,288.61792,48.098412,1690.73,307.71000000000004,CONFIRMED,0.9642857142857143,4.22,19.9865916
K02236.02,Kepler-375 b,10723367,288.61792,48.098412,1690.73,307.71000000000004,CONFIRMED,1.0,2.5,12.12580644
K02237.01,Kepler-1811 b,5005121,289.97934,40.14283,1279.29,205.70499999999998,CONFIRMED,1.0,2.81,76.421501
K00232.05,Kepler-122 f,4833421,291.11188,39.949108,941.14,151.16500000000002,CONFIRMED,1.0,2.22,56.2590881
K02238.01,Kepler-1152 b,8229458,290.43402,44.107651,170.45,17.53,CONFIRMED,0.9629629629629629,0.86,1.646801683
K02317.01,Kepler-1189 b,10684670,298.42633,47.946781,725.54,95.18,CONFIRMED,0.9629629629629629,1.23,3.78861833
K02318.01,Kepler-1190 b,11495458,284.99963,49.47998,386.9,22.605,CONFIRMED,0.875,1.25,10.45839865
K02319.01,Kepler-1823 b,9003401,283.75482,45.335178,628.32,90.42500000000001,CONFIRMED,0.9629629629629629,1.56,21.1033014
K02321.01,Kepler-1824 b,5978559,296.70724,41.203651,1042.69,117.035,CONFIRMED,1.0,2.37,95.6114617
K02323.01,,8872048,286.07202,45.136711,778.33,125.975,CANDIDATE,0.008086253369272238,,58.35512552
K02086.03,Kepler-60 d,6768394,288.96124,42.265011,854.09,153.18,CONFIRMED,1.0,1.69,11.8984948
K02087.01,Kepler-1088 b,6922710,281.56146,42.4505,283.63,38.075,CONFIRMED,0.875,1.44,23.1274171
K02090.01,Kepler-1089 b,11348997,291.09274,49.19006,282.43,21.59,CONFIRMED,0.847457627118644,1.69,5.132486123
K02091.01,Kepler-1793 b,5705819,291.91287,40.953892,897.02,122.22,CONFIRMED,0.9629629629629629,2.12,8.77997349
K02092.01,Kepler-359 c,6696580,293.29364,42.19635,1747.98,413.775,CONFIRMED,0.847457627118644,5.14,57.6896212
K02163.01,Kepler-365 b,11358389,295.62659,49.130428,935.8,219.88,CONFIRMED,1.0,1.76,10.66489514
K02164.01,Kepler-1127 b,7204981,293.21738,42.720711,941.33,110.65,CONFIRMED,0.9629629629629629,1.65,5.1233204
K00229.01,Kepler-497 b,3847907,290.76587,38.927959,974.14,238.14999999999998,CONFIRMED,0.9629629629629629,5.81,3.573202801
K02166.01,Kepler-1128 b,4370527,293.06335,39.40345,1153.62,115.41,CONFIRMED,0.875,3.36,61.6174528
K02167.01,Kepler-1129 b,6041734,291.60449,41.309361,1694.65,307.69,CONFIRMED,1.0,5.09,24.3398202
K02241.01,Kepler-1812 b,5125347,298.08453,40.283249,1336.02,315.98,CONFIRMED,0.847457627118644,2.31,7.16520428
K02242.01,Kepler-1153 b,9336200,289.14722,45.86618,1100.67,203.27499999999998,CONFIRMED,0.2916666666666667,1.94,1.755843555
K02243.01,Kepler-1154 b,4770617,297.47711,39.877239,1476.49,257.69,CONFIRMED,1.0,2.34,5.18560081
K02245.01,Kepler-1155 b,4454934,288.82059,39.52282,1027.31,252.83999999999997,CONFIRMED,0.9629629629629629,2.45,33.4698571
K02246.01,Kepler-1156 b,9458343,288.92401,46.057629,704.0,92.05,CONFIRMED,0.9629629629629629,1.33,11.89520436
K02325.01,Kepler-1825 b,7120108,292.51398,42.65176,500.97,35.245000000000005,CONFIRMED,0.4883720930232558,1.57,1.025857984
K02327.01,Kepler-1191 b,10730703,291.65778,48.009312,1030.47,125.83,CONFIRMED,0.9629629629629629,1.73,5.60013327
K02328.01,Kepler-1192 b,8007644,282.14056,43.89658,1321.41,292.195,CONFIRMED,0.9629629629629629,2.42,25.2034128
K02329.01,Kepler-1826 b,11192235,292.76993,48.89962,251.76,27.925,CONFIRMED,0.9629629629629629,1.37,1.615357809
K00239.01,Kepler-501 b,6383785,297.20154,41.730209,1137.44,174.94,CONFIRMED,1.0,4.59,5.640676975
K02092.02,Kepler-359 b,6696580,293.29364,42.19635,1747.98,413.775,CONFIRMED,0.9684497989581872,4.0,25.5638626
K02093.01,,6525946,292.95416,41.934799,9318.02,2343.3900000000003,CANDIDATE,0.4883720930232558,20.75,6.78341325
K00222.02,Kepler-120 c,4249725,287.89163,39.33913,263.65,75.185,CONFIRMED,1.0,1.6,12.7945474
K02094.01,Kepler-1090 c,8505920,295.66287,44.525841,854.55,130.64000000000001,CONFIRMED,0.9629629629629629,3.44,42.4269647
K02095.01,Kepler-1091 b,7918992,299.78546,43.67075,919.84,112.85999999999999,CONFIRMED,0.4883720930232558,1.5,1.434745129
K02167.02,,6041734,291.60449,41.309361,1694.65,307.69,CANDIDATE,0.2916666666666667,1.39,6.95787
K02168.01,Kepler-366 b,11308499,296.85205,49.084438,1147.72,163.44,CONFIRMED,1.0,1.6,3.28192056
K02168.02,Kepler-366 c,11308499,296.85205,49.084438,1147.72,163.44,CONFIRMED,1.0,1.87,12.51610549
K02169.01,Kepler-1130 b,9006186,285.20749,45.38435,244.45,22.785,CONFIRMED,1.0,0.92,5.45298742
K02169.02,Kepler-1130 c,9006186,285.20749,45.38435,244.45,22.785,CONFIRMED,0.9642857142857143,0.68,3.26662733
K02247.01,Kepler-1157 b,7802719,283.12103,43.525639,276.51,28.61,CONFIRMED,0.9629629629629629,0.79,4.45743267
K02248.01,Kepler-1813 b,11030475,292.23993,48.51157,809.32,62.435,CONFIRMED,0.9629629629629629,1.3,2.81814715
K02248.02,,11030475,292.23993,48.51157,809.32,62.435,CANDIDATE,0.4883720930232558,1.05,9.4907638
K02248.03,,11030475,292.23993,48.51157,809.32,62.435,CANDIDATE,0.9629629629629629,1.08,0.76196247
K00233.01,,5023956,295.24182,40.155209,727.13,95.445,FALSE POSITIVE,0.008086253369272238,5.31,1.824649
K02331.01,Kepler-1193 b,12401863,288.14478,51.27562,711.62,114.03,CONFIRMED,0.9629629629629629,1.37,2.832647249
K02332.01,Kepler-1827 b,5534941,292.25247,40.792721,505.22,127.595,CONFIRMED,0.25,1.24,3.70063251
K02333.01,Kepler-380 b,11121752,282.39462,48.75914,745.72,120.5,CONFIRMED,1.0,1.2,3.93083997
K02333.02,Kepler-380 c,11121752,282.39462,48.75914,745.72,120.5,CONFIRMED,0.9629629629629629,1.39,7.63008196
K02335.01,Kepler-1194 b,2990873,291.69955,38.145271,597.38,67.69,CONFIRMED,0.875,1.51,16.22378479
K02096.01,Kepler-1794 b,9307509,300.61969,45.788921,680.62,85.245,CONFIRMED,0.9629629629629629,1.94,9.76293284
K02097.01,Kepler-1092 b,10158729,297.72314,47.112659,965.33,229.99,CONFIRMED,0.847457627118644,2.06,58.601926
K02098.01,Kepler-1093 b,6105462,284.978,41.420158,904.75,239.565,CONFIRMED,0.9642857142857143,2.26,25.0823402
K02099.01,Kepler-1094 b,3120355,292.30124,38.26704,1309.88,219.61,CONFIRMED,1.0,3.37,78.0998908
K02100.01,Kepler-1095 b,6047072,293.26245,41.36512,765.67,173.14,CONFIRMED,0.875,1.22,4.27103727
K02169.03,Kepler-1130 d,9006186,285.20749,45.38435,244.45,22.785,CONFIRMED,0.9642857142857143,0.64,4.27226421
K02169.04,,9006186,285.20749,45.38435,244.45,22.785,CANDIDATE,0.4883720930232558,0.37,2.19251903
K02171.01,Kepler-1131 b,11410904,295.65149,49.261292,969.7,106.99000000000001,CONFIRMED,0.2916666666666667,1.43,3.53232429
K00026.01,,5021737,294.73282,40.150341,465.08,117.86000000000001,FALSE POSITIVE,0.043478260869565216,12.36,15.03946326
K00230.01,,3862246,294.51746,38.956341,765.31,134.22,FALSE POSITIVE,0.008086253369272238,37.24,4.702495974
K02172.01,Kepler-1801 b,4173026,295.164,39.201408,981.54,218.185,CONFIRMED,0.9642857142857143,3.41,10.44087398
K02554.01,,10471621,292.37979,47.644611,357.83,38.305,CANDIDATE,0.25,13.72,39.7557642
K02554.02,,10471621,292.37979,47.644611,357.83,38.305,CANDIDATE,0.9642857142857143,0.94,10.27127527
K02555.01,Kepler-1276 b,5350244,287.85699,40.54718,535.67,80.875,CONFIRMED,0.9629629629629629,1.09,12.5722897
K02556.01,Kepler-1277 b,5374403,295.10242,40.572392,587.14,63.46,CONFIRMED,0.9629629629629629,1.5,40.8366307
K02557.01,,10925113,294.1239,48.348999,531.31,71.91499999999999,FALSE POSITIVE,0.4883720930232558,1.31,11.7761073
K02633.01,,11769801,295.14294,49.993069,496.19,128.745,FALSE POSITIVE,0.008086253369272238,46.43,29.7123181
K00253.02,Kepler-2000 c,11752906,285.57434,49.962269,252.65,20.665,CONFIRMED,1.0,1.57,20.6180348
K02634.01,Kepler-1299 b,1995519,286.15015,37.411369,1099.7,167.8,CONFIRMED,0.847457627118644,2.42,19.9401211
K02635.01,Kepler-1300 b,4914566,289.03302,40.086891,856.34,179.355,CONFIRMED,0.847457627118644,2.04,22.2420032
K02636.01,Kepler-1864 b,6198182,289.68671,41.588928,285.82,33.775,CONFIRMED,0.875,0.59,3.88148385
K02409.01,Kepler-1228 b,10024051,296.55307,46.96629,540.9,74.255,CONFIRMED,0.847457627118644,1.42,0.577369336
K02410.01,,8676038,285.74298,44.85783,1053.58,128.985,FALSE POSITIVE,0.008086253369272238,,186.65435483
K00244.01,Kepler-25 c,4349452,286.6384,39.487881,224.78,13.004999999999999,CONFIRMED,1.0,4.75,12.720370263
K02410.02,,8676038,285.74298,44.85783,1053.58,128.985,FALSE POSITIVE,0.008086253369272238,,86.59322294
K02411.01,Kepler-1835 b,8073806,280.31488,43.98571,1208.95,283.34,CONFIRMED,0.847457627118644,3.21,11.96407399
K02412.01,,10419312,297.11157,47.534691,1740.96,656.6,FALSE POSITIVE,0.25,9.48,2.493237866
K02413.01,Kepler-383 b,3234598,291.34259,38.363129,449.07,25.375,CONFIRMED,1.0,1.49,12.90467523
K02484.01,Kepler-1253 b,10453588,283.8851,47.637218,414.2,78.045,CONFIRMED,0.9629629629629629,1.47,68.8861017
K02485.01,Kepler-1254 b,11125613,285.17334,48.770039,686.39,44.715,CONFIRMED,1.0,1.68,9.99115241
K02486.01,,8074328,280.69046,43.919182,608.06,152.525,CANDIDATE,0.250975119474644,1.42,4.267961416
K02487.01,Kepler-1255 b,7212184,295.23926,42.726479,1816.64,348.15999999999997,CONFIRMED,1.0,3.1,36.292017
K00031.01,,6956014,294.0318,42.468845,1639.37,335.98,FALSE POSITIVE,0.008086253369272238,50.6,0.925589891
K00250.02,Kepler-26 c,9757613,284.94098,46.56654,274.92,24.66,CONFIRMED,1.0,2.64,17.25121397
K02558.01,,5307858,299.41333,40.428478,1385.6,307.97,FALSE POSITIVE,0.008086253369272238,31.18,1.867281146
K02559.01,Kepler-1686 b,6605493,291.60675,42.035919,669.84,91.015,CONFIRMED,0.7333333333333333,1.21,9.30991834
K02560.01,,4670217,295.70517,39.75684,679.5,85.785,CANDIDATE,0.7255792746796326,1.68,18.1209388
K02561.01,Kepler-1278 b,7259298,282.95694,42.825619,539.74,109.66999999999999,CONFIRMED,0.2916666666666667,0.77,3.23941775
K02637.01,,9574179,284.72894,46.206478,1239.93,198.52,CANDIDATE,0.625,1.15,3.98864999
K02638.01,Kepler-1865 b,6211812,293.94116,41.5905,985.98,183.35500000000002,CONFIRMED,0.847457627118644,1.5,2.524017517
K02639.01,,11391755,285.36517,49.201561,1607.28,413.23,CANDIDATE,0.847457627118644,2.22,25.1123362
K02639.02,,11391755,285.36517,49.201561,1607.28,413.23,CANDIDATE,0.008086253369272238,5.75,2.121023807
K02640.01,,9088780,291.80984,45.435478,2019.94,255.78500000000003,CANDIDATE,0.008086253369272238,,33.18089453
K02641.01,,8894646,294.99585,45.119579,673.84,159.3,CANDIDATE,0.847457627118644,0.84,3.55557922
K02413.02,Kepler-383 c,3234598,291.34259,38.363129,449.07,25.375,CONFIRMED,0.9629629629629629,1.47,31.2012202
K02414.01,Kepler-384 b,8611832,286.02612,44.782871,583.92,94.01499999999999,CONFIRMED,1.0,1.3,22.5968256
K02414.02,Kepler-384 c,8611832,286.02612,44.782871,583.92,94.01499999999999,CONFIRMED,0.9642857142857143,1.61,45.3486381
K02415.01,Kepler-1836 b,5621586,292.31512,40.838821,1446.79,349.405,CONFIRMED,0.847457627118644,2.12,5.25419589
K02416.01,Kepler-1837 b,9210387,288.20764,45.683479,1232.35,286.2,CONFIRMED,0.043478260869565216,1.77,5.90608902
K00247.01,Kepler-1712 b,11852982,284.9986,50.14679,132.06,13.870000000000001,CONFIRMED,0.9629629629629629,1.91,13.81504449
K02488.01,Kepler-1256 b,8559152,291.4743,44.68351,773.28,136.535,CONFIRMED,0.847457627118644,1.5,12.4128518
K02489.01,Kepler-1844 b,2718778,292.6904,37.93457,1143.15,224.88,CONFIRMED,0.2916666666666667,1.82,3.92453009
K02490.01,Kepler-1845 b,3122913,292.90161,38.297081,655.89,39.644999999999996,CONFIRMED,0.625,1.88,11.60653061
K02491.01,Kepler-1257 b,9229657,296.07568,45.62706,1137.44,215.485,CONFIRMED,0.4883720930232558,1.48,2.66831274
K02562.01,,10415227,295.85266,47.503578,1397.2,306.65500000000003,FALSE POSITIVE,0.043478260869565216,1.33,2.9322509
K02563.01,Kepler-1279 b,5175024,288.09564,40.365971,833.14,194.89000000000001,CONFIRMED,0.9642857142857143,1.34,23.4772553
K02564.01,Kepler-1280 b,9026749,293.57394,45.384541,2331.25,599.0699999999999,CONFIRMED,0.9642857142857143,4.96,66.5576728
K02565.01,,12216278,295.5582,50.828388,1157.53,274.4,FALSE POSITIVE,0.008086253369272238,2.15,2.01948607
K02566.01,,9159242,293.67426,45.517239,583.37,164.45499999999998,FALSE POSITIVE,0.018867924528301886,0.86,3.04468229
K02642.01,,12061096,291.13638,50.575939,1419.24,303.335,FALSE POSITIVE,0.625,2.46,15.05028313
K00254.01,Kepler-45 b,5794240,292.87289,41.06427,336.59,27.939999999999998,CONFIRMED,0.875,10.6,2.455240626
K02643.01,Kepler-1301 b,6933567,286.60416,42.440319,796.09,130.675,CONFIRMED,0.7333333333333333,1.35,9.08233411
K02644.01,,9993529,282.40594,46.90448,481.14,51.41,FALSE POSITIVE,0.4883720930232558,1.24,0.790539912
K02645.01,,11303815,295.06241,49.049278,1003.27,229.885,FALSE POSITIVE,0.018867924528301886,1.82,1.705782214
K02646.01,,6044553,292.48703,41.311119,699.43,91.425,FALSE POSITIVE,0.008086253369272238,16.99,0.532086296
K02417.01,Kepler-1684 b,9654468,294.00543,46.310692,589.37,37.44,CONFIRMED,0.847457627118644,2.89,47.7052566
K00244.02,Kepler-25 b,4349452,286.6384,39.487881,224.78,13.004999999999999,CONFIRMED,1.0,2.53,6.238535444
K02418.01,Kepler-1229 b,10027247,297.48669,46.996712,198.44,25.405,CONFIRMED,0.847457627118644,1.68,86.829519
K02419.01,Kepler-1230 b,6343170,283.2645,41.711449,1491.91,361.835,CONFIRMED,0.625,3.41,9.95667035
K02420.01,Kepler-1231 b,7107802,288.58835,42.605659,1004.84,152.98,CONFIRMED,1.0,1.64,10.41728722
K02492.01,Kepler-1258 b,11752632,285.40494,49.99474,1076.26,211.84,CONFIRMED,0.4883720930232558,1.49,0.984941669
K02493.01,Kepler-1259 b,10028535,297.84149,46.967682,707.59,98.595,CONFIRMED,0.7333333333333333,1.6,0.663085361
K02494.01,Kepler-1260 b,7047207,295.59125,42.555241,1355.09,243.62,CONFIRMED,0.9642857142857143,2.33,19.1187425
K02495.01,,5212220,297.85938,40.326939,1363.55,407.41999999999996,FALSE POSITIVE,0.008086253369272238,4.91,1.08749101
K02496.01,,9964748,297.04852,46.867981,904.47,206.105,FALSE POSITIVE,0.25,0.91,1.183818383
K02567.01,,9842937,296.44901,46.623589,1025.52,237.145,FALSE POSITIVE,0.018867924528301886,1.33,4.98845099
K00250.03,Kepler-26 d,9757613,284.94098,46.56654,274.92,24.66,CONFIRMED,1.0,1.21,3.543919702
K02569.01,,8247770,296.603,44.14082,803.7,124.25,CANDIDATE,0.8885309397810617,1.37,8.28157072
K02571.01,,6867588,293.13705,42.350479,541.04,40.075,CANDIDATE,0.4883720930232558,0.96,0.82628442
K02572.01,,7501646,281.59235,43.177879,1224.58,243.965,CANDIDATE,0.4883720930232558,2.15,6.37705295
K02647.01,Kepler-1302 b,11962284,290.98923,50.30806,764.6,129.57999999999998,CONFIRMED,0.9629629629629629,1.94,8.83929462
K02648.01,,2573056,290.84714,37.864052,1572.42,284.155,FALSE POSITIVE,0.008086253369272238,1.88,0.631795416
K02649.01,Kepler-1303 b,6842682,284.28714,42.35561,794.49,165.215,CONFIRMED,0.847457627118644,1.2,7.56126152
K02650.01,Kepler-395 c,8890150,293.51108,45.136589,309.8,31.335,CONFIRMED,0.9629629629629629,1.14,34.9897847
K02650.02,Kepler-395 b,8890150,293.51108,45.136589,309.8,31.335,CONFIRMED,0.9629629629629629,1.0,7.05429483
K02421.01,,8838950,298.41931,45.071442,270.46,23.955,CANDIDATE,0.847457627118644,0.55,2.27050106
K02422.01,Kepler-1232 b,11360805,296.55005,49.102322,669.29,50.835,CONFIRMED,0.9642857142857143,1.59,26.7838935
K02423.01,Kepler-1233 b,9845898,297.37509,46.662209,1206.07,279.05,CONFIRMED,0.875,2.32,45.126216
K02424.01,Kepler-1234 b,12453581,287.52203,51.375858,852.84,112.42500000000001,CONFIRMED,0.847457627118644,1.86,11.94019101
K02425.01,,11922678,295.96283,50.24025,739.23,173.6,FALSE POSITIVE,0.2916666666666667,1.1,3.51295674
K02497.01,Kepler-1261 b,11179076,285.23245,48.806721,786.88,53.99,CONFIRMED,0.9629629629629629,2.78,48.4313003
K00248.01,Kepler-49 b,5364071,292.29459,40.591789,246.24,22.165,CONFIRMED,1.0,2.25,7.203855862
K02498.01,Kepler-390 b,5959719,291.62878,41.208599,399.69,30.75,CONFIRMED,1.0,0.73,6.73808701
K02499.01,,5544903,295.0174,40.728001,1788.33,443.38,FALSE POSITIVE,0.2894419150439126,2.45,7.57571414
K02501.01,,5542983,294.50977,40.726452,973.34,248.62,FALSE POSITIVE,0.25,2.11,4.76887671
K02573.01,,8256453,298.77756,44.119942,819.19,99.425,FALSE POSITIVE,0.008086253369272238,23.45,1.347512632
K02574.01,,9474493,295.46658,46.012402,915.16,154.215,FALSE POSITIVE,0.008086253369272238,1.32,0.512581697
K02576.01,,4551663,288.77112,39.66798,506.14,83.91499999999999,FALSE POSITIVE,0.2916666666666667,1.03,12.07760884
K02577.01,,12257999,291.28772,50.909149,5454.64,1578.82,CANDIDATE,0.25,20.83,18.55581565
K02578.01,,6922203,281.26013,42.40329,1010.36,248.91,CANDIDATE,0.018867924528301886,25.95,13.33094869
K02651.01,,11752908,285.57492,49.960892,762.63,117.355,FALSE POSITIVE,0.9629629629629629,2.35,6.38315744
K00255.01,Kepler-505 b,7021681,287.85812,42.542629,203.03,20.765,CONFIRMED,1.0,2.47,27.52194772
K02652.01,Kepler-1304 b,4346178,285.27643,39.446911,943.58,179.2,CONFIRMED,0.7333333333333333,2.94,16.1289679
K02654.01,Kepler-1305 b,9664142,297.33945,46.347252,1248.96,256.215,CONFIRMED,0.2916666666666667,1.75,13.5631157
K02655.01,Kepler-1306 b,10018233,294.47833,46.945862,1038.17,112.245,CONFIRMED,0.4883720930232558,1.83,16.2959916
K02426.01,Kepler-1235 b,8081899,284.90302,43.95396,465.24,71.39500000000001,CONFIRMED,0.847457627118644,0.7,4.16056658
K02427.01,,10189557,283.02725,47.249882,870.96,138.32999999999998,FALSE POSITIVE,0.25,1.15,2.93101771
K00245.01,Kepler-37 d,8478994,284.05954,44.518215,63.35,3.33,CONFIRMED,1.0,1.9,39.79220077
K02428.01,,9965184,297.18564,46.825298,841.53,168.18,FALSE POSITIVE,0.9629629629629629,2.11,16.2276756
K02429.01,,9911882,299.07828,46.78616,727.4,114.405,FALSE POSITIVE,0.008086253369272238,17.94,1.595630597
K02503.01,Kepler-1846 b,8631504,294.39105,44.762959,346.31,24.095,CONFIRMED,0.847457627118644,0.96,14.8200596
K02504.01,Kepler-1685 b,8110767,296.18829,43.936852,1312.86,282.755,CONFIRMED,0.9642857142857143,2.34,20.49041
K02505.01,,5471574,297.68881,40.643661,1700.75,454.5,FALSE POSITIVE,0.008086253369272238,29.27,0.962827066
K02506.01,Kepler-1262 b,6767840,288.77182,42.213219,1243.33,302.8,CONFIRMED,0.847457627118644,1.79,8.679037
K02507.01,Kepler-1847 b,8379705,296.60141,44.32526,1524.17,359.19,CONFIRMED,0.4883720930232558,1.93,11.1296971
K02579.01,Kepler-1859 b,9896018,293.98871,46.718021,1398.81,218.99,CONFIRMED,1.0,1.53,2.7296036
K02580.01,Kepler-1281 b,11037511,295.35446,48.5154,1150.07,230.94,CONFIRMED,0.4883720930232558,1.59,3.11604194
K00250.04,Kepler-26 e,9757613,284.94098,46.56654,274.92,24.66,CONFIRMED,0.9629629629629629,2.13,46.82767725
K02581.01,Kepler-1860 b,11818872,294.35092,50.081089,403.56,38.8,CONFIRMED,0.847457627118644,0.87,12.7372371
K02582.01,Kepler-1861 b,11771430,295.84653,49.936131,806.86,140.265,CONFIRMED,0.9629629629629629,2.01,40.0306267
K02668.01,Kepler-1310 b,5513012,283.92004,40.740131,588.35,56.599999999999994,CONFIRMED,0.7333333333333333,1.4,0.679336747
K02669.01,,11761199,290.75183,49.972301,1180.91,220.38,FALSE POSITIVE,0.0,46.07,213.6103207
K02670.01,,8074805,281.05594,43.92374,1129.72,199.575,FALSE POSITIVE,0.008086253369272238,24.4,170.8658492
K02672.01,Kepler-396 c,11253827,296.13281,48.977402,227.89,25.840000000000003,CONFIRMED,1.0,4.7,88.5122014
K02430.01,,3533469,288.10608,38.659061,657.04,69.75,FALSE POSITIVE,0.9629629629629629,1.5,10.21507506
K02431.01,,8956706,293.24487,45.298279,858.78,113.805,FALSE POSITIVE,0.008086253369272238,1.91,8.3806973
K02432.01,Kepler-1236 b,7047363,295.62469,42.545898,954.86,141.195,CONFIRMED,0.9629629629629629,1.85,31.0572947
K02433.01,Kepler-385 c,11968463,294.33847,50.33654,1468.5,383.25,CONFIRMED,0.9629629629629629,3.12,15.1622287
K02433.02,Kepler-385 b,11968463,294.33847,50.33654,1468.5,383.25,CONFIRMED,0.847457627118644,2.94,10.04378351
K02508.01,,8836888,297.90738,45.03231,765.86,129.38,CANDIDATE,0.625,1.51,7.10397925
K02509.01,Kepler-1263 b,9880190,286.48364,46.752621,680.64,48.675,CONFIRMED,0.9629629629629629,1.13,4.5513988
K00248.02,Kepler-49 c,5364071,292.29459,40.591789,246.24,22.165,CONFIRMED,1.0,2.13,10.91274065
K02510.01,,5392702,299.03641,40.583172,900.0,144.305,FALSE POSITIVE,0.018867924528301886,18.13,12.2141545
K02511.01,,8429566,291.35867,44.424252,798.03,163.38,FALSE POSITIVE,0.25,1.09,3.732261
K02583.01,Kepler-1998 b,10387742,283.42911,47.59251,320.92,36.625,CONFIRMED,0.9629629629629629,0.6,3.03267135
K02585.01,Kepler-392 b,7673841,288.66077,43.36808,613.16,100.15,CONFIRMED,1.0,0.95,5.34182466
K02586.01,Kepler-1282 b,9827149,290.17618,46.698341,1338.66,301.53499999999997,CONFIRMED,0.847457627118644,1.66,2.131945045
K02587.01,Kepler-1283 b,5546691,295.46234,40.77697,954.39,188.29500000000002,CONFIRMED,0.25,1.13,12.9462567
K02588.01,Kepler-1687 b,12156347,289.74277,50.787041,333.74,26.49,CONFIRMED,0.9629629629629629,1.5,5.77957133
K02656.01,,8636539,296.00543,44.71851,1260.82,278.87,CANDIDATE,0.4883720930232558,1.33,6.77367892
K02657.01,,9283156,292.76175,45.727242,307.45,28.604999999999997,CANDIDATE,0.847457627118644,0.58,5.22402436
K02658.01,Kepler-1866 b,8547429,286.22464,44.654469,880.13,115.375,CONFIRMED,0.4883720930232558,2.08,11.6601667
K02659.01,,8803882,284.79694,45.099091,777.02,162.305,FALSE POSITIVE,0.018867924528301886,2.57,89.465468
K02660.01,Kepler-1307 b,9893318,292.86984,46.741859,1383.85,346.52,CONFIRMED,0.9629629629629629,2.39,18.0161227
K02434.01,,6864885,292.35745,42.389149,1251.58,282.44,FALSE POSITIVE,0.008086253369272238,29.55,40.8777605
K02435.01,,5097868,291.37408,40.263371,896.05,173.335,FALSE POSITIVE,0.2916666666666667,2.6,6.80243431
K02436.01,Kepler-1237 b,8570333,295.62927,44.69062,1067.8,192.92000000000002,CONFIRMED,0.9642857142857143,2.59,84.5733346
K00245.02,Kepler-37 c,8478994,284.05954,44.518215,63.35,3.33,CONFIRMED,1.0,0.72,21.30181863
K02437.01,Kepler-1238 b,5036705,297.90579,40.162861,1368.95,220.7,CONFIRMED,0.847457627118644,1.93,4.14789051
K02512.01,,9574158,284.71988,46.25079,1035.68,201.78,CANDIDATE,0.7333333333333333,3.14,15.92108138
K02513.01,Kepler-2002 b,9653622,293.66885,46.37925,1124.11,260.315,CONFIRMED,0.4883720930232558,28.47,19.0054098
K02514.01,,4391348,297.40906,39.490292,1272.81,313.21500000000003,FALSE POSITIVE,0.2916666666666667,1.33,1.96433113
K02516.01,,7294743,295.45367,42.858799,876.93,174.815,CANDIDATE,0.7333333333333333,1.43,2.81043228
K02517.01,Kepler-1264 b,8947520,289.88437,45.211498,699.18,66.555,CONFIRMED,0.625,1.21,0.968527683
K02589.01,Kepler-1284 b,10468885,291.27899,47.687649,851.53,114.39500000000001,CONFIRMED,0.4883720930232558,1.19,0.664074145
K02590.01,,12016267,293.50702,50.450119,441.13,81.135,FALSE POSITIVE,0.25,1.01,11.7489907
K02592.01,,6765135,287.75229,42.244781,1172.42,268.82,CANDIDATE,0.4883720930232558,2.87,175.603366
K00004.01,Kepler-1658 b,3861595,294.35654,38.94738,706.35,155.79000000000002,CONFIRMED,0.25,12.94,3.849371737
K00033.01,,5725087,296.9679,40.926769,1874.4,238.985,FALSE POSITIVE,0.008086253369272238,51.34,0.366197145
K00251.01,Kepler-125 b,10489206,298.25812,47.604939,167.57,17.3,CONFIRMED,1.0,2.54,4.164384505
K02662.01,Kepler-1308 b,3426367,285.92889,38.520981,101.38,14.525,CONFIRMED,0.9629629629629629,0.79,2.10433534
K02664.01,Kepler-1309 b,5562090,298.73523,40.76416,802.51,106.66499999999999,CONFIRMED,0.847457627118644,2.66,28.8431751
K00256.01,,11548140,285.18512,49.565369,142.11,18.39,FALSE POSITIVE,0.7333333333333333,6.51,1.378649746
K02665.01,,12110786,291.5321,50.681599,636.25,139.83499999999998,FALSE POSITIVE,0.008086253369272238,0.73,1.112207126
K02666.01,,5342061,284.11978,40.524281,889.84,162.52,CANDIDATE,0.25,3.47,64.034363
K02667.01,,3654095,293.62442,38.732479,937.78,203.56,FALSE POSITIVE,0.25,1.51,1.303576682
K02438.01,,5078939,284.14609,40.272331,1080.73,194.57,FALSE POSITIVE,0.25,1.8,1.958577398
K02439.01,Kepler-1239 b,6867555,293.12738,42.320099,1599.07,390.37,CONFIRMED,0.9629629629629629,1.92,5.19103699
K02440.01,Kepler-1240 b,5339567,282.99973,40.557449,699.02,101.85,CONFIRMED,0.847457627118644,1.32,4.86638504
K02441.01,,4459924,290.23987,39.564529,472.68,33.18,FALSE POSITIVE,0.018867924528301886,0.81,4.79176993
K02442.01,Kepler-386 c,11080405,289.85889,48.693851,871.32,62.57,CONFIRMED,0.9642857142857143,1.95,25.1933989
K02518.01,,5529738,290.53607,40.705849,1277.37,285.965,FALSE POSITIVE,0.0,24.2,0.759762021
K02519.01,,4047631,288.9039,39.154209,303.54,18.700000000000003,CANDIDATE,0.9629629629629629,2.25,4.790912471
K02520.01,Kepler-1265 b,10059645,284.58578,47.079529,647.13,67.365,CONFIRMED,0.9629629629629629,1.75,6.49441464
K00248.03,Kepler-49 d,5364071,292.29459,40.591789,246.24,22.165,CONFIRMED,1.0,1.57,2.576571021
K02521.01,Kepler-1266 b,7183745,285.86929,42.728088,942.77,64.975,CONFIRMED,1.0,2.64,28.4750006
K02593.01,Kepler-1285 b,8212002,281.83533,44.155918,368.68,50.095,CONFIRMED,1.0,0.98,14.7966306
K02594.01,Kepler-1286 b,8004903,280.25839,43.835758,1327.43,334.015,CONFIRMED,0.9629629629629629,2.42,11.25401871
K02595.01,Kepler-393 b,8883329,290.99527,45.192211,730.08,118.54,CONFIRMED,1.0,1.24,9.18244299
K02595.02,Kepler-393 c,8883329,290.99527,45.192211,730.08,118.54,CONFIRMED,1.0,1.12,14.6134781
K02596.01,,3644653,291.20081,38.747849,1371.42,271.435,FALSE POSITIVE,0.008086253369272238,30.39,119.682075
K02672.02,Kepler-396 b,11253827,296.13281,48.977402,227.89,25.840000000000003,CONFIRMED,1.0,3.32,42.9923284
K00257.01,Kepler-506 b,5514383,284.63519,40.71983,225.37,8.475,CONFIRMED,0.9629629629629629,2.63,6.88341278
K02673.01,,10747445,297.46594,48.089329,1550.16,340.15500000000003,FALSE POSITIVE,0.0,44.14,4.593595496
K02674.01,Kepler-1311 d,8022489,289.65125,43.824421,783.0,156.33499999999998,CONFIRMED,0.9642857142857143,9.52,197.5111484
K02674.02,Kepler-1311 b,8022489,289.65125,43.824421,783.0,156.33499999999998,CONFIRMED,1.0,1.5,11.1726723
K02674.03,Kepler-1311 c,8022489,289.65125,43.824421,783.0,156.33499999999998,CONFIRMED,1.0,1.36,2.53573284
K02443.01,Kepler-387 b,9209624,287.79819,45.656712,678.07,103.81,CONFIRMED,0.9642857142857143,1.01,6.79164656
K02443.02,Kepler-387 c,9209624,287.79819,45.656712,678.07,103.81,CONFIRMED,0.9629629629629629,1.0,11.8376933
K02444.01,Kepler-1241 b,3354846,294.57623,38.45697,995.62,200.095,CONFIRMED,0.847457627118644,2.53,18.5525162
K02445.01,,6516185,289.88446,41.906551,1260.18,277.65,CANDIDATE,0.25,11.97,47.3659328
K00245.03,Kepler-37 b,8478994,284.05954,44.518215,63.35,3.33,CONFIRMED,0.847457627118644,0.27,13.3669309
K02447.01,,3946023,289.0787,39.04034,591.77,143.35500000000002,FALSE POSITIVE,0.018867924528301886,0.83,1.045492348
K02521.02,Kepler-1266 c,7183745,285.86929,42.728088,942.77,64.975,CONFIRMED,0.9924807976881278,1.94,4.86634094
K02522.01,Kepler-1848 b,9177629,299.38159,45.592239,289.94,19.41,CONFIRMED,0.9629629629629629,1.25,5.60402307
K02523.01,Kepler-1267 b,7778767,299.16953,43.44109,1328.59,190.8,CONFIRMED,0.9642857142857143,2.88,13.0313583
K02524.01,Kepler-1268 b,7515762,287.83847,43.153229,1718.52,317.275,CONFIRMED,0.9642857142857143,2.41,40.9905002
K02525.01,Kepler-1849 b,5942949,285.29193,41.255692,670.51,71.57499999999999,CONFIRMED,0.847457627118644,1.95,57.2932309
K02597.01,Kepler-394 b,12120307,296.30197,50.672321,1198.43,298.73,CONFIRMED,0.9642857142857143,1.52,8.00504749
K02597.02,Kepler-394 c,12120307,296.30197,50.672321,1198.43,298.73,CONFIRMED,0.9642857142857143,1.61,12.13070414
K02597.03,Kepler-394 d,12120307,296.30197,50.672321,1198.43,298.73,CONFIRMED,0.9629629629629629,1.41,5.61357653
K02598.01,,7446631,292.32419,43.033451,763.36,180.685,CANDIDATE,0.625,1.35,29.2254372
K02600.01,,9777251,294.53516,46.506149,1067.26,270.7,FALSE POSITIVE,0.008086253369272238,1.19,1.33255087
K02375.01,,6864893,292.36026,42.398022,609.58,87.455,FALSE POSITIVE,0.847457627118644,1.62,40.8792243
K02376.01,Kepler-1214 b,11701407,285.14264,49.800671,786.18,129.035,CONFIRMED,0.9629629629629629,2.34,18.8262877
K02377.01,,5906426,299.29227,41.15308,574.49,116.93,CANDIDATE,0.847457627118644,1.55,13.9034057
K00241.03,Kepler-124 b,11288051,286.75278,49.064911,352.99,24.775,CONFIRMED,0.9642857142857143,1.06,3.41045981
K02378.01,Kepler-1215 b,10813132,297.46362,48.181412,690.14,144.255,CONFIRMED,0.847457627118644,1.19,4.76702759
K02448.01,Kepler-1242 b,5857540,284.6062,41.196381,815.91,123.39500000000001,CONFIRMED,0.875,3.28,13.62801048
K02449.01,,12208631,291.55051,50.825611,1066.36,149.3,CANDIDATE,0.9642857142857143,3.41,53.3580444
K02450.01,Kepler-1243 b,7289317,294.00946,42.880772,887.3,103.45,CONFIRMED,0.9642857142857143,1.86,16.83203175
K02451.01,,6500206,283.1788,41.989922,727.39,84.03,FALSE POSITIVE,0.25,2.01,13.37499553
K02452.01,,5545815,295.26068,40.766392,877.26,193.11,FALSE POSITIVE,0.043478260869565216,1.33,4.35370136
K02526.01,,3116302,291.39886,38.228611,564.13,134.175,FALSE POSITIVE,0.008086253369272238,0.87,134.96694
K02527.01,Kepler-1850 b,7879433,287.1427,43.616051,206.88,14.33,CONFIRMED,0.25,0.55,1.385787741
K02528.01,Kepler-1851 b,9205907,285.67377,45.639858,1300.37,280.33500000000004,CONFIRMED,0.9629629629629629,3.28,12.02295362
K02529.01,Kepler-436 c,8463346,301.72076,44.41206,617.39,35.795,CONFIRMED,0.9642857142857143,2.75,16.79716262
K00248.04,Kepler-49 e,5364071,292.29459,40.591789,246.24,22.165,CONFIRMED,1.0,1.53,18.59611518
K00251.02,Kepler-125 c,10489206,298.25812,47.604939,167.57,17.3,CONFIRMED,0.9629629629629629,0.8,5.77440326
K02601.01,,7531677,292.99469,43.180672,895.59,161.255,FALSE POSITIVE,0.25,1.64,2.622134451
K02602.01,Kepler-1287 b,10068659,289.13467,47.062988,1074.68,139.935,CONFIRMED,0.9629629629629629,1.58,11.47685263
K02603.01,,2443393,291.45755,37.742935,634.03,111.65,CANDIDATE,0.9629629629629629,1.77,73.711039
K02604.01,,9019191,290.82437,45.355019,580.6,65.555,CANDIDATE,0.043478260869565216,16.25,14.43348326
K02379.01,,9718379,295.06583,46.466389,1146.64,260.5,FALSE POSITIVE,0.043478260869565216,20.75,40.0088894
K02380.01,,3002478,294.18561,38.108669,715.95,157.76,CANDIDATE,0.7333333333333333,1.59,6.35705314
K02381.01,,4055774,291.17999,39.10508,1013.52,197.0,FALSE POSITIVE,0.043478260869565216,1.35,6.58738839
K02382.01,,6670075,284.03293,42.168709,1388.2,349.96000000000004,FALSE POSITIVE,0.008086253369272238,1.38,0.759706632
K02383.01,Kepler-1216 b,9395024,287.40533,45.918011,1284.54,197.84,CONFIRMED,0.9629629629629629,1.56,4.37033233
K02453.01,,8631751,294.46848,44.75396,102.5,22.98,CANDIDATE,0.9629629629629629,0.84,1.530515205
K02454.01,,11401822,291.28632,49.24308,1246.25,247.93,FALSE POSITIVE,0.008086253369272238,1.04,1.08070294
K02455.01,,6507427,286.50739,41.922131,869.52,182.805,FALSE POSITIVE,0.4883720930232558,1.77,4.74254518
K02456.01,,5521300,287.76083,40.742771,1185.23,279.65,FALSE POSITIVE,0.018867924528301886,24.49,18.13559979
K00245.04,Kepler-37 e,8478994,284.05954,44.518215,63.35,3.33,CONFIRMED,0.625,,51.20690303
K02457.01,Kepler-1244 b,9753154,282.30121,46.516201,800.82,203.035,CONFIRMED,0.7333333333333333,1.45,3.70429015
K02530.01,Kepler-1269 b,9011825,287.80557,45.340549,874.66,167.525,CONFIRMED,0.9629629629629629,2.5,37.3331165
K02531.01,,4172746,295.10391,39.268749,604.2,68.77,CANDIDATE,0.4883720930232558,1.96,17.6997392
K02532.01,Kepler-1852 b,5174858,288.02969,40.344151,834.99,116.22,CONFIRMED,0.9629629629629629,2.27,7.9709719
K02533.01,Kepler-1270 b,11074835,286.71564,48.645279,1232.6,231.76,CONFIRMED,1.0,3.34,6.03355539
K02534.01,Kepler-1271 b,1996180,286.3443,37.411968,886.45,140.84,CONFIRMED,0.9629629629629629,1.62,3.02558494
K02605.01,,10407221,292.84448,47.550419,536.93,58.73,FALSE POSITIVE,0.008086253369272238,1.3,0.933746783
K02606.01,,5991936,299.54865,41.241371,1763.86,452.835,FALSE POSITIVE,0.008086253369272238,45.49,6.09740316
K02607.01,,5095635,290.68469,40.255451,949.21,155.025,CANDIDATE,0.25,2.07,0.754457729
K02608.01,Kepler-1288 b,6269070,285.7135,41.605885,1229.86,410.17,CONFIRMED,0.2916666666666667,1.84,2.7612237
K02609.01,,6705137,295.43375,42.16766,739.76,156.565,FALSE POSITIVE,0.25,1.26,5.59727625
K02384.01,,12254688,289.37381,50.934341,1828.64,480.925,CANDIDATE,0.008086253369272238,39.8,62.6825769
K02385.01,,8345172,282.0174,44.38578,970.72,138.535,FALSE POSITIVE,0.2916666666666667,2.74,50.5715805
K02386.01,,4172013,294.94009,39.232571,1292.83,176.715,CANDIDATE,0.018867924528301886,28.42,16.2707207
K02387.01,Kepler-1217 b,12254378,289.18668,50.937561,1339.17,325.67,CONFIRMED,0.4883720930232558,1.87,2.032319072
K00028.01,,4247791,287.16486,39.376942,374.58,107.965,FALSE POSITIVE,0.0,82.46,4.100870416
K02458.01,Kepler-1245 b,7604328,290.74432,43.26078,945.39,198.75,CONFIRMED,0.9629629629629629,1.63,4.35407371
K02460.01,Kepler-1246 b,11236244,287.65741,48.982159,390.33,40.739999999999995,CONFIRMED,0.847457627118644,1.51,11.32269749
K02461.01,Kepler-1247 b,9837685,294.53354,46.618271,1126.9,229.305,CONFIRMED,0.9629629629629629,2.47,13.71218522
K02462.01,Kepler-1838 b,5042210,298.9917,40.142422,487.94,96.51,CONFIRMED,0.847457627118644,1.75,12.14684625
K02463.01,Kepler-1248 b,12454461,288.0593,51.35445,515.51,66.695,CONFIRMED,0.847457627118644,1.04,7.46718958
K02534.02,,1996180,286.3443,37.411968,886.45,140.84,CANDIDATE,0.875,1.39,5.42204257
K02535.01,Kepler-1853 b,9635606,284.74792,46.373619,547.51,33.870000000000005,CONFIRMED,0.2916666666666667,2.96,48.8882668
K02536.01,Kepler-1272 b,3728701,285.21985,38.805882,904.79,224.515,CONFIRMED,0.9629629629629629,2.43,51.1319346
K02537.01,,10861715,292.02341,48.226959,1059.83,189.695,FALSE POSITIVE,0.008086253369272238,2.01,133.516435
K02538.01,Kepler-1854 b,1849702,286.28595,37.387058,408.53,29.305,CONFIRMED,0.4883720930232558,1.46,39.8312536
K00249.01,Kepler-504 b,9390653,284.92184,45.972401,88.66,14.67,CONFIRMED,0.9642857142857143,1.57,9.549277089
K02610.01,,2305866,292.09332,37.61348,1011.42,334.495,CANDIDATE,0.875,2.74,24.1073172
K00252.01,Kepler-1663 b,11187837,290.40149,48.82259,254.99,26.490000000000002,CONFIRMED,0.847457627118644,2.64,17.60461401
K02611.01,,8885673,291.85318,45.11092,764.85,84.68,FALSE POSITIVE,0.4883720930232558,1.62,1.228721184
K02613.01,,9712350,292.70343,46.415871,1073.31,187.04500000000002,CANDIDATE,0.4883720930232558,2.41,51.5738653
K02615.01,Kepler-1290 b,8025596,290.68524,43.859638,1399.74,308.74,CONFIRMED,0.847457627118644,1.49,4.69505576
K02616.01,,5956787,290.65125,41.234505,140.85,17.12,FALSE POSITIVE,0.008086253369272238,1.8,0.569115976
K00242.01,Kepler-503 b,3642741,290.63651,38.707668,781.28,164.505,FALSE POSITIVE,0.25,5.53,7.258450123
K02388.01,,12071037,296.1181,50.51659,601.34,121.065,FALSE POSITIVE,0.008086253369272238,0.99,6.0959841
K02389.01,Kepler-1218 b,8494617,291.57898,44.531712,621.92,89.88499999999999,CONFIRMED,0.7333333333333333,1.33,22.9221181
K02390.01,Kepler-1219 b,10289119,297.21579,47.378521,863.62,221.34,CONFIRMED,0.847457627118644,3.21,16.10474503
K02392.01,Kepler-1220 b,7382313,297.07037,42.977741,910.18,100.37,CONFIRMED,0.847457627118644,1.4,7.42697378
K02464.01,,9887224,290.30295,46.79081,445.6,56.68,FALSE POSITIVE,0.22171354274276242,0.72,0.874629873
K02465.01,,7542369,295.78381,43.1824,800.79,167.235,FALSE POSITIVE,0.25,1.25,5.46091846
K02466.01,Kepler-388 b,8544992,284.82803,44.60873,372.86,39.87,CONFIRMED,1.0,0.88,3.17323012
K02466.02,Kepler-388 c,8544992,284.82803,44.60873,372.86,39.87,CONFIRMED,0.9629629629629629,0.91,13.2970695
K00246.01,Kepler-68 b,11295426,291.03232,49.040272,138.63,8.24,CONFIRMED,1.0,2.21,5.398752862
K02539.01,,7289162,293.96689,42.841888,666.72,153.35,FALSE POSITIVE,0.25,1.07,5.26648126
K02540.01,,3001885,294.0704,38.181702,664.26,68.22,FALSE POSITIVE,0.25,1.57,2.67596808
K02541.01,Kepler-391 b,12306058,290.62183,51.057301,1007.31,182.38,CONFIRMED,0.9638927138453826,3.36,7.41683033
K02542.01,Kepler-1855 b,6183511,283.40195,41.516331,123.11,23.625,CONFIRMED,0.847457627118644,0.67,0.727331746
K02543.01,Kepler-1856 b,12469800,295.90921,51.347939,705.69,45.02,CONFIRMED,0.847457627118644,1.37,1.302017467
K02617.01,Kepler-1291 b,4915638,289.37704,40.00116,937.75,143.47,CONFIRMED,0.7333333333333333,1.43,8.63050092
K02618.01,,6351097,287.13828,41.77771,736.67,158.805,FALSE POSITIVE,0.847457627118644,1.36,12.49117388
K02619.01,Kepler-1292 b,8081905,284.90573,43.949162,1502.29,335.595,CONFIRMED,0.847457627118644,1.71,3.27645723
K02620.01,Kepler-1862 b,11465950,296.75339,49.378109,1139.34,200.5,CONFIRMED,0.875,2.27,16.0573291
K02621.01,,9996632,284.28259,46.991638,1337.83,322.11,FALSE POSITIVE,0.4883720930232558,1.97,8.44326557
K02393.01,Kepler-1834 b,4665571,294.6647,39.783829,519.91,32.185,CONFIRMED,0.9642857142857143,1.32,4.60300256
K02395.01,,4829935,290.06293,39.922272,1157.12,276.715,FALSE POSITIVE,0.847457627118644,2.46,16.9329284
K02397.01,Kepler-1221 b,9269042,285.82233,45.711891,719.71,88.63499999999999,CONFIRMED,0.847457627118644,1.47,12.00089667
K02398.01,,6199056,289.93927,41.502659,3512.69,919.155,FALSE POSITIVE,0.0,91.91,1.169010526
K02399.01,Kepler-1222 b,11461433,294.88965,49.379768,470.87,36.675,CONFIRMED,0.4883720930232558,0.89,1.916940872
K02467.01,Kepler-1839 b,11818607,294.22446,50.075588,844.35,185.95499999999998,CONFIRMED,0.4883720930232558,1.15,5.05661302
K02468.01,Kepler-1249 b,8380709,296.89484,44.37178,1204.16,256.025,CONFIRMED,0.9629629629629629,1.74,24.3344939
K02469.01,Kepler-1840 b,6149910,298.59482,41.43594,580.73,37.644999999999996,CONFIRMED,0.875,2.34,131.187921
K02470.01,,9108085,297.78647,45.41748,632.34,86.625,FALSE POSITIVE,0.018867924528301886,1.08,2.17489806
K02471.01,Kepler-1841 b,5436013,287.70688,40.685242,632.74,56.15,CONFIRMED,0.875,1.66,25.8859397
K02544.01,Kepler-1273 b,8676148,285.80322,44.873428,1410.27,309.37,CONFIRMED,0.9642857142857143,2.38,28.6253502
K02545.01,Kepler-1274 b,9696358,284.59372,46.44978,579.77,45.58,CONFIRMED,0.7333333333333333,1.42,6.98141327
K02546.01,,5039129,298.34653,40.13979,920.11,198.75,FALSE POSITIVE,0.018867924528301886,1.13,1.319677953
K02547.01,Kepler-1857 b,4484336,296.45575,39.598591,728.67,167.3,CONFIRMED,0.847457627118644,1.48,8.94337724
K02548.01,,9580167,288.18198,46.246181,6831.95,1173.59,CANDIDATE,0.008086253369272238,19.1,0.827151296
K00250.01,Kepler-26 b,9757613,284.94098,46.56654,274.92,24.66,CONFIRMED,1.0,2.83,12.282998287
K02622.01,,10527135,288.41684,47.731091,851.15,153.79500000000002,FALSE POSITIVE,0.043478260869565216,1.11,0.328686504
K00253.01,Kepler-2000 b,11752906,285.57434,49.962269,252.65,20.665,CONFIRMED,1.0,2.73,6.383159135
K02623.01,Kepler-1293 b,10916600,290.02591,48.335949,728.18,112.89,CONFIRMED,0.9629629629629629,0.92,5.57654782
K02624.01,Kepler-1294 b,8429314,291.2681,44.48819,1301.43,196.98000000000002,CONFIRMED,0.9642857142857143,3.52,115.6863392
K02625.01,Kepler-1295 b,9153570,291.39786,45.588558,1129.42,212.015,CONFIRMED,0.2916666666666667,1.37,3.81371423
K02626.01,Kepler-1652 b,11768142,294.36609,49.915058,186.13,29.589999999999996,CONFIRMED,0.847457627118644,1.58,38.0970717
K02400.01,,7984574,299.06168,43.720329,1094.34,216.505,CANDIDATE,0.847457627118644,2.21,11.6191707
K00243.01,,9592579,293.6701,46.29567,1202.99,293.315,FALSE POSITIVE,0.008086253369272238,9.16,2.637574744
K02401.01,,10336951,290.83627,47.444939,339.07,35.76,CANDIDATE,0.9629629629629629,1.51,38.2292037
K02402.01,Kepler-1223 b,8481129,285.29575,44.55275,480.89,46.64,CONFIRMED,0.9629629629629629,1.54,16.3012727
K02403.01,Kepler-1224 b,2142522,286.62576,37.5373,556.75,74.50999999999999,CONFIRMED,0.9629629629629629,1.32,13.32354078
K02472.01,Kepler-1250 b,9395719,287.79385,45.98024,1618.32,375.58,CONFIRMED,0.4883720930232558,2.07,2.607545159
K02473.01,Kepler-389 b,8753896,291.95999,44.900021,1016.71,78.775,CONFIRMED,0.9642857142857143,1.84,3.24417541
K02474.01,,8240617,294.39749,44.124199,521.19,46.11,CANDIDATE,0.008086253369272238,42.05,176.845697
K02475.01,,8746295,288.88123,44.959209,766.6,167.78,FALSE POSITIVE,0.2916666666666667,1.27,6.85567248
K02476.01,,10090257,297.22394,47.025162,496.46,51.595,FALSE POSITIVE,0.008086253369272238,1.01,2.28607282
K00246.02,Kepler-68 c,11295426,291.03232,49.040272,138.63,8.24,CONFIRMED,0.9642857142857143,0.91,9.60505976
K02549.01,,10679583,296.96017,47.964771,765.17,102.84,FALSE POSITIVE,0.25,0.99,3.54789928
K02550.01,,11622985,297.24017,49.616859,1135.38,256.905,CANDIDATE,0.4883720930232558,1.98,18.0243482
K02551.01,,11361283,296.72305,49.106659,800.44,98.4,CANDIDATE,0.847457627118644,1.53,16.4793229
K02552.01,Kepler-1275 b,8757824,293.50049,44.932461,1129.64,167.905,CONFIRMED,0.847457627118644,1.32,3.65690909
K02553.01,Kepler-1858 b,9832208,292.30743,46.62664,842.81,54.879999999999995,CONFIRMED,0.9629629629629629,2.4,88.0712769
K02627.01,Kepler-1296 b,6124512,292.12521,41.40781,1918.83,439.08000000000004,CONFIRMED,0.7333333333333333,3.24,8.38395796
K02628.01,Kepler-1297 b,10070468,289.95651,47.02039,1347.6,235.025,CONFIRMED,0.847457627118644,1.27,1.68189051
K02629.01,,10031656,298.75491,46.941589,1036.63,212.325,FALSE POSITIVE,0.4883720930232558,1.82,8.59000355
K02631.01,Kepler-1863 b,7584650,282.23969,43.244049,537.75,54.08,CONFIRMED,0.847457627118644,1.59,44.9977604
K02632.01,Kepler-1298 b,11337566,284.42273,49.10622,479.92,102.4,CONFIRMED,0.847457627118644,1.36,7.12815163
K02404.01,,6364215,291.87799,41.769581,1172.66,251.71499999999997,CANDIDATE,0.4883720930232558,1.65,2.10081629
K02405.01,,10202759,289.80298,47.259159,926.82,233.245,FALSE POSITIVE,0.0,25.5,0.872952088
K02406.01,Kepler-1225 b,5007345,290.6333,40.13699,2336.72,543.075,CONFIRMED,0.4883720930232558,3.76,7.01074295
K02407.01,Kepler-1226 b,12120484,296.37692,50.621471,973.08,153.225,CONFIRMED,0.9629629629629629,2.13,17.2922631
K02408.01,Kepler-1227 b,6429812,287.06638,41.874908,619.04,58.065,CONFIRMED,0.847457627118644,2.11,94.289223
K02477.01,Kepler-1842 b,6846911,286.25165,42.378479,1055.49,263.155,CONFIRMED,0.875,2.66,14.02634692
K02478.01,,5385439,297.58801,40.57798,567.21,122.65,FALSE POSITIVE,0.008086253369272238,2.12,12.425866431
K02479.01,Kepler-1843 b,5963582,292.88528,41.27924,616.63,110.2,CONFIRMED,0.9629629629629629,2.11,25.5433704
K02481.01,,4476423,294.78235,39.596519,3452.07,853.635,FALSE POSITIVE,0.008086253369272238,15.96,33.8542586
K02482.01,Kepler-1251 b,11403389,292.11517,49.256432,891.83,189.585,CONFIRMED,0.847457627118644,2.44,45.0909201
K02483.01,Kepler-1252 b,9851662,298.95032,46.692799,580.64,103.38,CONFIRMED,0.847457627118644,1.44,15.0539886
K02840.01,,6467363,298.35361,41.820068,499.35,97.25999999999999,CANDIDATE,0.866056155433261,0.92,3.67936863
K02840.02,,6467363,298.35361,41.820068,499.35,97.25999999999999,CANDIDATE,0.847457627118644,0.77,7.4464635
K02841.01,Kepler-1881 b,8758204,293.6394,44.982529,1030.01,79.345,CONFIRMED,0.847457627118644,2.73,159.388788
K02842.01,Kepler-446 b,8733898,282.25021,44.921108,157.21,21.89,CONFIRMED,1.0,1.73,1.565412613
K02842.02,Kepler-446 d,8733898,282.25021,44.921108,157.21,21.89,CONFIRMED,1.0,1.72,5.14892346
K02917.01,,3228945,289.7934,38.385078,1177.78,298.395,FALSE POSITIVE,0.008086253369272238,1.37,0.730943372
K02918.01,,7008149,281.55936,42.520489,781.38,109.185,FALSE POSITIVE,0.008086253369272238,13.96,0.515552803
K02919.01,Kepler-1885 b,10332213,288.75073,47.490921,753.07,143.605,CONFIRMED,0.018867924528301886,25.82,2.522590567
K02920.01,Kepler-1386 b,7090524,280.82339,42.636051,882.1,152.56,CONFIRMED,0.847457627118644,1.48,6.73968289
K00276.01,Kepler-509 b,11133306,289.6644,48.706211,318.29,17.82,CONFIRMED,0.9642857142857143,2.4,41.74598855
K02702.01,,6307063,297.62936,41.637459,590.88,82.09,FALSE POSITIVE,0.4883720930232558,3.82,75.378004
K02703.01,Kepler-1318 b,5871985,290.37631,41.150742,417.18,48.650000000000006,CONFIRMED,0.847457627118644,2.72,213.258526
K00260.02,Kepler-126 d,8292840,289.34732,44.208511,214.15,12.615,CONFIRMED,1.0,2.51,100.2830675
K02704.01,Kepler-445 c,9730163,298.73611,46.498634,75.22,24.54,CONFIRMED,0.9642857142857143,1.56,4.871223664
K02704.02,Kepler-445 b,9730163,298.73611,46.498634,75.22,24.54,CONFIRMED,0.9642857142857143,0.92,2.984157711
K02705.01,Kepler-1319 b,11453592,290.95615,49.366398,75.39,13.83,CONFIRMED,0.9629629629629629,1.24,2.8867624
K02763.01,,3834322,286.0499,38.960201,579.65,61.735,FALSE POSITIVE,0.25,1.08,0.498434645
K02764.01,,10073672,291.23148,47.033932,339.94,25.95,CANDIDATE,0.9629629629629629,1.19,2.252976718
K02765.01,,11188249,290.63736,48.883133,1202.26,389.89,FALSE POSITIVE,0.25,1.74,2.75505467
K02766.01,,4677282,297.11057,39.703911,2340.38,676.185,FALSE POSITIVE,0.0,77.12,1.572181216
K02767.01,,5097470,291.25308,40.216671,898.38,131.655,FALSE POSITIVE,0.018867924528301886,1.08,1.28805834
K02844.01,,4858610,297.38028,39.941071,756.38,145.605,FALSE POSITIVE,0.2916666666666667,1.06,2.72288246
K02845.01,Kepler-1367 b,10591855,288.41653,47.878731,412.89,24.08,CONFIRMED,0.4883720930232558,0.93,1.574090323
K02846.01,,4832175,290.73154,39.920269,494.15,57.730000000000004,FALSE POSITIVE,0.25,0.88,0.947738312
K02848.01,Kepler-1882 b,7749773,290.66412,43.49984,465.94,99.785,CONFIRMED,0.9629629629629629,1.55,13.7872627
K00271.03,Kepler-127 b,9451706,285.19,46.027962,334.29,13.745000000000001,CONFIRMED,1.0,1.46,14.4359459
K02849.01,Kepler-1692 b,10064256,286.92429,47.053741,658.45,122.815,CONFIRMED,0.847457627118644,1.02,5.95958637
K02921.01,,6842807,284.35434,42.388371,831.28,128.745,CANDIDATE,0.25,1.49,16.6146221
K02922.01,,4381282,295.53534,39.40818,636.43,59.365,FALSE POSITIVE,0.008086253369272238,0.76,0.497581917
K02923.01,,9815053,283.39825,46.689789,552.63,79.905,CANDIDATE,0.6757575964237899,1.19,5.83892993
K02924.01,Kepler-1387 b,7609553,292.4404,43.209431,494.46,63.879999999999995,CONFIRMED,0.847457627118644,0.87,2.279523364
K02926.01,Kepler-1388 b,10122538,283.33606,47.174541,424.89,35.375,CONFIRMED,1.0,2.21,12.2854718
K02926.02,Kepler-1388 c,10122538,283.33606,47.174541,424.89,35.375,CONFIRMED,1.0,2.2,5.53609368
K02706.01,,9697131,285.07767,46.419601,285.08,14.875,CANDIDATE,0.2916666666666667,1.75,3.09756897
K02707.01,Kepler-399 d,5480640,299.50174,40.670799,814.67,137.76,CONFIRMED,1.0,3.21,58.0337426
K02707.02,Kepler-399 b,5480640,299.50174,40.670799,814.67,137.76,CONFIRMED,1.0,1.68,14.4252635
K02707.03,Kepler-399 c,5480640,299.50174,40.670799,814.67,137.76,CONFIRMED,1.0,2.69,26.6757818
K02708.01,Kepler-1320 b,5175986,288.43359,40.380878,697.91,76.635,CONFIRMED,0.4883720930232558,1.52,0.868386354
K02768.01,Kepler-404 b,9008737,286.39862,45.343529,903.03,172.54000000000002,CONFIRMED,0.847457627118644,1.18,11.8288843
K02768.02,Kepler-404 c,9008737,286.39862,45.343529,903.03,172.54000000000002,CONFIRMED,0.847457627118644,1.63,14.7512034
K02769.01,,9692128,282.01251,46.4282,640.76,157.675,FALSE POSITIVE,0.25,1.46,1.480323978
K02770.01,,10917043,290.25385,48.360821,448.0,52.99,CANDIDATE,0.4883720930232558,2.11,205.385912
K00041.02,Kepler-100 b,6521045,291.38599,41.990269,280.05,18.775,CONFIRMED,1.0,1.3,6.88707073
K00267.01,,8167959,292.62637,44.02113,274.68,51.185,FALSE POSITIVE,0.008086253369272238,15049.8,165.75597
K02850.01,,4075015,295.86008,39.140839,971.83,188.92000000000002,FALSE POSITIVE,0.008086253369272238,1.07,1.11431205
K02851.01,Kepler-1985 b,6697605,293.56635,42.13258,1015.27,109.62,CONFIRMED,0.9629629629629629,2.27,3.42064689
K02851.02,,6697605,293.56635,42.13258,1015.27,109.62,CANDIDATE,0.4883720930232558,1.5,1.23935745
K02852.01,Kepler-1368 b,6294819,294.76697,41.64468,1497.22,347.6,CONFIRMED,0.25,1.36,0.675650404
K02853.01,,12602314,290.43323,51.626041,651.13,48.41,CANDIDATE,0.4883720930232558,1.12,1.407020118
K02927.01,,5787131,290.54007,41.09304,1754.31,394.82,CANDIDATE,0.9629629629629629,2.31,24.4359956
K02928.01,,3230753,290.2471,38.33939,608.05,98.605,FALSE POSITIVE,0.2916666666666667,1.24,17.7337356
K02929.01,,8358012,288.96942,44.359009,707.03,112.61500000000001,FALSE POSITIVE,0.847457627118644,1.49,10.06478627
K02930.01,,4664046,294.30652,39.765282,816.44,112.10499999999999,FALSE POSITIVE,0.008086253369272238,0.83,1.12976597
K00277.01,Kepler-36 c,11401755,291.25018,49.231834,488.63,23.21,CONFIRMED,1.0,3.54,16.23191704
K02709.01,,4180401,296.54736,39.222542,544.34,83.2,FALSE POSITIVE,0.043478260869565216,2.82,15.4126766
K02710.01,,6350476,286.86526,41.796021,492.54,78.61,FALSE POSITIVE,0.4883720930232558,1.07,1.110599919
K00260.03,Kepler-126 c,8292840,289.34732,44.208511,214.15,12.615,CONFIRMED,1.0,1.51,21.86965714
K02711.01,Kepler-400 b,5272233,290.94449,40.480042,656.21,92.655,CONFIRMED,1.0,1.62,9.02436414
K02711.02,Kepler-400 c,5272233,290.94449,40.480042,656.21,92.655,CONFIRMED,0.9629629629629629,1.43,17.3408735
K02771.01,,11456382,292.49802,49.329006,430.19,123.32499999999999,FALSE POSITIVE,0.008086253369272238,1.91,0.814280672
K02773.01,,3130548,294.57697,38.265518,846.54,187.345,FALSE POSITIVE,0.018867924528301886,1.57,0.878855771
K02775.01,,6346809,285.09872,41.775921,851.52,182.155,CANDIDATE,0.018867924528301886,27.21,17.57704569
K02776.01,,4275117,294.63834,39.39798,848.75,182.67,FALSE POSITIVE,0.018867924528301886,1.03,1.00652785
K02777.01,,6545051,297.82056,41.96693,876.29,117.71,FALSE POSITIVE,0.008086253369272238,1.11,1.99566293
K02855.01,,4547603,287.19247,39.626148,765.98,118.61,CANDIDATE,0.2916666666666667,1.3,1.400755743
K02856.01,Kepler-1369 b,5688910,285.79724,40.93618,1406.01,345.87,CONFIRMED,0.9642857142857143,2.88,25.8730914
K02857.01,Kepler-1370 b,6345732,284.56567,41.778481,818.12,132.535,CONFIRMED,1.0,2.12,20.2642023
K00272.01,,5716763,295.10114,40.986679,472.63,120.67999999999999,CANDIDATE,0.043478260869565216,4.52,1.28132831
K02857.02,Kepler-1370 c,6345732,284.56567,41.778481,818.12,132.535,CONFIRMED,0.9629629629629629,1.33,7.44136102
K02931.01,Kepler-1389 b,8611257,285.71741,44.758419,480.43,33.03,CONFIRMED,0.847457627118644,2.17,99.2532336
K02932.01,,3861611,294.36057,38.948181,1374.73,296.71500000000003,FALSE POSITIVE,0.2916666666666667,2.12,3.84933401
K02933.01,,12416987,295.67798,51.257839,510.06,61.94,CANDIDATE,0.008086253369272238,22.19,119.0833042
K02935.01,,8259713,299.6611,44.112381,679.16,152.985,CANDIDATE,0.847457627118644,1.54,27.8813154
K02936.01,Kepler-1390 b,10880507,298.66235,48.24876,712.94,83.545,CONFIRMED,0.4883720930232558,1.26,6.4802138
K02712.01,,11098013,297.74728,48.694309,298.64,39.230000000000004,CANDIDATE,0.25,1.77,7.50790041
K02713.01,,5443604,290.28503,40.689362,479.56,53.91,FALSE POSITIVE,0.9642857142857143,1.72,21.3910125
K02714.01,Kepler-401 b,12206313,290.08276,50.86348,698.64,118.11500000000001,CONFIRMED,0.9629629629629629,1.84,14.3832267
K02714.02,Kepler-401 c,12206313,290.08276,50.86348,698.64,118.11500000000001,CONFIRMED,1.0,2.1,47.3186631
K02715.01,Kepler-1321 b,9837661,294.52859,46.640968,454.78,53.269999999999996,CONFIRMED,1.0,4.04,11.12827427
K02778.01,Kepler-1342 b,7769819,297.02008,43.432549,908.47,183.70499999999998,CONFIRMED,0.7333333333333333,1.7,2.21571296
K02779.01,Kepler-1875 b,11874577,296.77283,50.188419,954.01,188.645,CONFIRMED,0.4883720930232558,1.88,34.4585495
K02780.01,Kepler-1343 b,12164564,294.29453,50.725368,1501.55,346.7,CONFIRMED,0.7333333333333333,1.88,3.35184041
K02781.01,,8190354,299.05725,44.074902,693.3,168.2,FALSE POSITIVE,0.22921159109823933,1.31,1.615758517
K00268.01,,3425851,285.72879,38.506973,236.74,12.64,CANDIDATE,1.0,3.02,110.3783828
K02859.01,Kepler-1371 b,10397751,288.83136,47.551991,381.11,51.28,CONFIRMED,0.9629629629629629,0.7,3.4462125
K02859.02,Kepler-1371 c,10397751,288.83136,47.551991,381.11,51.28,CONFIRMED,0.9629629629629629,0.65,2.005414293
K02859.03,,10397751,288.83136,47.551991,381.11,51.28,CANDIDATE,0.847457627118644,0.57,4.28886792
K02861.01,,7815931,289.64764,43.579182,1074.41,248.96,FALSE POSITIVE,0.018867924528301886,1.4,1.868564038
K02862.01,,6679295,287.94861,42.156139,278.36,24.86,CANDIDATE,0.4883720930232558,1.64,24.5752524
K02946.01,Kepler-1392 b,9642292,288.76697,46.394421,1226.3,269.25,CONFIRMED,0.9629629629629629,1.93,15.1408916
K02948.01,Kepler-1888 b,6356692,289.39474,41.782349,300.71,58.545,CONFIRMED,0.847457627118644,1.02,11.39169531
K02949.01,,6026737,285.87579,41.332432,676.46,120.73,CANDIDATE,0.9629629629629629,1.04,10.1747037
K02951.01,Kepler-1393 b,4991208,284.45947,40.142559,419.63,44.825,CONFIRMED,0.4883720930232558,0.67,2.44358543
K02952.01,,8243283,295.23151,44.1129,1031.66,231.99,FALSE POSITIVE,0.043478260869565216,1.21,1.7592691
K02715.02,Kepler-1321 c,9837661,294.52859,46.640968,454.78,53.269999999999996,CONFIRMED,0.9642857142857143,2.1,2.226496196
K02715.03,Kepler-1321 d,9837661,294.52859,46.640968,454.78,53.269999999999996,CONFIRMED,0.9629629629629629,1.78,5.72084599
K02716.01,Kepler-1322 b,9092504,293.20453,45.435398,1136.35,208.335,CONFIRMED,0.2916666666666667,1.52,0.962864171
K00261.01,Kepler-96 b,5383248,297.06961,40.525131,128.45,15.75,CONFIRMED,0.9642857142857143,2.76,16.23847733
K02716.02,Kepler-1322 c,9092504,293.20453,45.435398,1136.35,208.335,CONFIRMED,0.9642857142857143,1.8,6.46004728
K02785.01,Kepler-1344 b,10001368,287.0863,46.945808,843.33,218.8,CONFIRMED,0.9629629629629629,1.78,4.76831033
K02786.01,Kepler-1345 b,9466429,292.47797,46.022831,1063.58,278.16,CONFIRMED,0.875,2.31,44.616751
K02787.01,,4365442,291.68573,39.42886,1317.08,363.785,FALSE POSITIVE,0.008086253369272238,1.84,1.714410345
K02789.01,Kepler-1346 b,8885643,291.84131,45.17918,813.18,176.7,CONFIRMED,0.4883720930232558,1.34,3.40165617
K02790.01,Kepler-1347 b,5652893,299.65961,40.843849,309.4,23.56,CONFIRMED,0.9642857142857143,0.98,14.00948631
K02863.01,,3241557,293.07806,38.359081,557.17,115.94,FALSE POSITIVE,0.2916666666666667,0.69,1.703359172
K02864.01,,3957082,292.23782,39.00507,2323.44,569.475,FALSE POSITIVE,0.018867924528301886,3.99,3.77881664
K02865.01,Kepler-1372 b,8681833,288.88663,44.83955,1169.26,268.57,CONFIRMED,0.4883720930232558,1.15,1.311558909
K02866.01,Kepler-1373 b,4138951,285.75204,39.24921,899.51,196.57999999999998,CONFIRMED,0.25,0.89,1.291233083
K00273.01,Kepler-454 b,3102384,287.47852,38.22884,232.66,8.99,CONFIRMED,0.875,2.07,10.573751447
K02961.01,Kepler-1395 b,10471515,292.33755,47.6642,469.33,64.08,CONFIRMED,0.7333333333333333,0.7,3.7847507
K02962.01,,4935172,294.86319,40.007511,847.35,192.465,CANDIDATE,0.043478260869565216,0.93,2.17291055
K02963.01,Kepler-1396 b,8760040,294.33646,44.918289,1144.18,183.36,CONFIRMED,1.0,1.78,18.2206024
K02963.02,,8760040,294.33646,44.918289,1144.18,183.36,CANDIDATE,0.9629629629629629,1.42,7.35101287
K02964.01,Kepler-1397 b,10098844,299.67587,47.07584,767.1,110.55,CONFIRMED,0.9642857142857143,1.61,47.4497134
K02717.01,Kepler-1323 b,9467404,292.87228,46.098881,502.92,88.16499999999999,CONFIRMED,0.847457627118644,1.48,0.929906166
K02718.01,,5308666,299.55634,40.460297,11175.33,1424.49,FALSE POSITIVE,0.008086253369272238,131.4,0.784513087
K02719.01,Kepler-1324 b,5184911,291.18497,40.311211,586.95,61.864999999999995,CONFIRMED,1.0,1.93,4.11585514
K02720.01,,8176564,295.43967,44.039162,199.66,9.665,CANDIDATE,0.847457627118644,1.26,6.57159435
K02721.01,Kepler-1325 b,6587105,285.01721,42.085381,1106.6,152.315,CONFIRMED,0.9629629629629629,3.52,33.878639
K02791.01,Kepler-1348 b,11662184,292.08746,49.788761,1054.87,130.645,CONFIRMED,0.9629629629629629,1.94,27.5722144
K02792.01,Kepler-1349 b,11127479,286.33835,48.744099,269.56,12.465,CONFIRMED,0.9629629629629629,0.7,2.12821621
K02794.01,,5428668,284.4447,40.693508,1320.59,290.415,FALSE POSITIVE,0.008086253369272238,2.15,0.703399912
K02795.01,,5041569,298.85361,40.131088,1386.3,323.355,FALSE POSITIVE,0.008086253369272238,2.7,2.5355023
K02797.01,,10604521,293.68356,47.833141,1705.0,398.575,CANDIDATE,0.25,1.65,0.868122253
K02867.01,,9899181,295.15051,46.772305,177.99,12.735,FALSE POSITIVE,0.018867924528301886,0.4,1.332560553
K02867.02,,9899181,295.15051,46.772305,177.99,12.735,FALSE POSITIVE,0.008086253369272238,0.34,18.936061
K02868.01,Kepler-1374 b,8884274,291.34998,45.172272,1180.71,209.91500000000002,CONFIRMED,0.875,2.2,10.65275054
K02869.01,Kepler-1375 b,7767162,296.29355,43.403271,947.28,145.6,CONFIRMED,0.9629629629629629,1.43,3.30040818
K02870.01,,4861791,298.03931,39.901939,1323.5,262.4,FALSE POSITIVE,0.25,2.11,5.62950902
K02942.01,,4385148,296.26456,39.40596,1002.04,198.695,CANDIDATE,0.9629629629629629,1.98,13.84301228
K02942.02,Kepler-1886 b,4385148,296.26456,39.40596,1002.04,198.695,CONFIRMED,0.9629629629629629,2.25,24.2758992
K02943.01,Kepler-1391 b,9838468,294.83102,46.659592,701.36,106.43,CONFIRMED,0.9629629629629629,1.56,54.4099612
K02944.01,,6781548,293.07834,42.277039,1314.74,304.15500000000003,FALSE POSITIVE,0.008086253369272238,28.17,9.12209336
K02945.01,Kepler-1887 b,8617363,288.95551,44.7057,1387.81,241.065,CONFIRMED,0.4883720930232558,2.52,19.94752741
K00277.02,Kepler-36 b,11401755,291.25018,49.231834,488.63,23.21,CONFIRMED,1.0,1.45,13.84984567
K02722.01,Kepler-402 c,7673192,288.37024,43.35461,649.16,104.36,CONFIRMED,1.0,1.51,6.12479773
K02722.02,Kepler-402 e,7673192,288.37024,43.35461,649.16,104.36,CONFIRMED,1.0,1.44,11.24284815
K02722.03,Kepler-402 b,7673192,288.37024,43.35461,649.16,104.36,CONFIRMED,1.0,1.21,4.02877097
K02722.04,Kepler-402 d,7673192,288.37024,43.35461,649.16,104.36,CONFIRMED,1.0,1.27,8.92114318
K00262.01,Kepler-50 b,11807274,288.10086,50.033718,244.91,12.989999999999998,CONFIRMED,0.9642857142857143,1.68,7.81285862
K00269.01,Kepler-1713 b,7670943,287.34573,43.378391,296.66,16.05,CONFIRMED,0.625,1.83,18.01164974
K02798.01,Kepler-1351 b,6697756,293.60873,42.197681,217.87,23.54,CONFIRMED,0.4883720930232558,0.6,0.916142298
K02799.01,,5649833,299.07883,40.832291,713.16,139.445,FALSE POSITIVE,0.008086253369272238,1.24,0.597933473
K02800.01,,10518399,283.73706,47.797131,883.68,248.48,FALSE POSITIVE,0.25,1.24,2.69636494
K02801.01,Kepler-1876 b,5905822,299.16049,41.14373,253.3,49.49,CONFIRMED,0.847457627118644,1.06,6.99205021
K02871.01,Kepler-1693 b,10793172,290.20163,48.185822,952.48,143.68,CONFIRMED,1.0,1.39,12.0999065
K02871.02,Kepler-1693 c,10793172,290.20163,48.185822,952.48,143.68,CONFIRMED,1.0,1.15,5.36375016
K02872.01,,7136729,296.88654,42.655079,469.47,68.805,FALSE POSITIVE,0.2916666666666667,0.91,3.17319407
K02873.01,,6364276,291.89893,41.744492,327.3,36.195,FALSE POSITIVE,0.008086253369272238,0.91,5.24368302
K02876.01,,4367854,292.37903,39.435841,542.17,66.05,CANDIDATE,0.9642857142857143,1.37,5.1952021
K02955.01,,5108946,294.47125,40.278759,1291.68,280.345,FALSE POSITIVE,0.008086253369272238,1.3,0.591280187
K02956.01,Kepler-1394 b,8801316,283.45319,45.084141,826.5,167.69,CONFIRMED,0.4883720930232558,1.36,3.93766786
K02958.01,,10597693,290.9288,47.887249,1108.18,269.36,CANDIDATE,0.847457627118644,1.89,31.6084371
K02959.01,,7466270,297.27222,43.098721,427.43,48.155,CANDIDATE,0.847457627118644,2.04,16.1558656
K02960.01,,10876237,297.3176,48.239368,1096.68,311.725,FALSE POSITIVE,0.008086253369272238,1.6,1.465943491
K00279.01,Kepler-450 b,12314973,295.48651,51.0135,426.21,27.5,CONFIRMED,1.0,6.08,28.45489091
K02723.01,Kepler-1871 b,3346154,292.42749,38.472912,766.09,159.235,CONFIRMED,0.4883720930232558,2.58,1.952711161
K02724.01,,5308387,299.50751,40.477428,741.34,207.99,FALSE POSITIVE,0.0,29.28,0.620739667
K02725.01,,6233573,299.06491,41.508301,1324.44,562.005,FALSE POSITIVE,0.0,51.02,0.587470828
K02726.01,,10363281,299.62952,47.479809,972.32,262.01,FALSE POSITIVE,0.008086253369272238,2.29,0.934924739
K02727.01,,4861527,297.98141,39.900162,703.65,152.51,FALSE POSITIVE,0.2916666666666667,1.75,25.7054557
K02802.01,Kepler-1691 b,5775129,286.25443,41.02187,1265.39,181.9,CONFIRMED,0.847457627118644,1.72,3.84822189
K02803.01,Kepler-1877 b,9898447,294.86688,46.790562,272.11,28.86,CONFIRMED,0.847457627118644,0.53,2.37752442
K02804.01,,5307568,299.35519,40.43306,709.43,150.65,FALSE POSITIVE,0.4883720930232558,1.01,2.62838097
K02805.01,Kepler-1352 b,11135308,290.69373,48.701481,613.28,116.685,CONFIRMED,0.5257599395190494,0.78,1.877878538
K02807.01,,2985587,290.48007,38.136688,905.64,231.38,CANDIDATE,0.4883720930232558,2.34,3.375716723
K00041.03,Kepler-100 d,6521045,291.38599,41.990269,280.05,18.775,CONFIRMED,1.0,1.55,35.3331932
K00274.01,Kepler-128 b,8077137,282.49222,43.980209,364.98,21.424999999999997,CONFIRMED,0.9642857142857143,1.42,15.0896415
K02877.01,Kepler-1376 b,7019524,286.95844,42.541382,850.41,198.04999999999998,CONFIRMED,0.847457627118644,1.08,5.30873978
K02878.01,Kepler-1694 b,5106313,293.79358,40.240929,575.64,41.19,CONFIRMED,0.847457627118644,1.13,3.89524296
K02880.01,Kepler-1377 b,9825174,289.19547,46.651699,1097.07,221.365,CONFIRMED,0.625,1.22,0.740926358
K02882.01,,5642620,297.59085,40.81496,432.49,51.815,CANDIDATE,0.4883720930232558,2.72,75.8580035
K02965.01,,8429415,291.30753,44.457619,793.85,201.735,FALSE POSITIVE,0.008086253369272238,1.45,1.352564873
K02966.01,,5014903,292.90903,40.152039,1223.79,268.185,FALSE POSITIVE,0.25,1.89,7.72768833
K02967.01,Kepler-1889 b,5980783,297.19928,41.226429,947.64,188.03,CONFIRMED,0.847457627118644,2.31,37.3033197
K02968.01,,8873090,286.58014,45.163822,660.99,142.70499999999998,CANDIDATE,0.4883720930232558,1.99,10.16435076
K02969.01,,8560804,292.11945,44.657928,646.04,124.155,FALSE POSITIVE,0.9629629629629629,2.41,31.9729501
K02729.01,Kepler-1327 b,12008872,289.06485,50.460972,765.4,186.38,CONFIRMED,0.847457627118644,1.96,14.8877665
K02730.01,Kepler-1328 b,8415200,284.67538,44.41777,770.54,133.715,CONFIRMED,0.9642857142857143,1.31,4.52158614
K02731.01,,4072333,295.33014,39.16254,1079.85,188.47,FALSE POSITIVE,0.2916666666666667,1.64,2.007750531
K02732.01,Kepler-403 b,9886361,289.92145,46.74456,670.66,121.81,CONFIRMED,1.0,1.38,7.03146295
K02732.03,Kepler-403 c,9886361,289.92145,46.74456,670.66,121.81,CONFIRMED,1.0,2.07,54.2811949
K02808.01,,3730335,285.91943,38.871815,1042.71,342.515,FALSE POSITIVE,0.008086253369272238,1.92,0.596087893
K00270.01,Kepler-449 b,6528464,293.73282,41.900829,260.11,13.08,CONFIRMED,1.0,1.53,12.58229808
K02809.01,,7428316,285.98483,43.090912,915.03,180.87,FALSE POSITIVE,0.7333333333333333,1.38,7.12684695
K02810.01,,10275766,292.5448,47.37191,1728.18,394.02,FALSE POSITIVE,0.008086253369272238,23.92,0.661749944
K02810.02,,10275766,292.5448,47.37191,1728.18,394.02,FALSE POSITIVE,0.008086253369272238,2.53,354.95118
K02811.01,,6370120,293.72894,41.70121,415.89,40.175,FALSE POSITIVE,0.2916666666666667,0.8,1.35477049
K02882.02,,5642620,297.59085,40.81496,432.49,51.815,FALSE POSITIVE,0.4883720930232558,1.4,0.493393859
K02883.01,Kepler-1378 b,5209845,297.37332,40.366402,535.22,60.305,CONFIRMED,0.9629629629629629,2.1,11.95401876
K02884.01,,9652649,293.25812,46.305729,543.71,102.63,FALSE POSITIVE,0.018867924528301886,0.64,2.48883033
K02885.01,,11100670,298.76404,48.64492,383.16,61.86,FALSE POSITIVE,0.25,0.99,20.2340219
K02886.01,Kepler-1379 b,6129524,293.67047,41.410252,926.06,147.345,CONFIRMED,0.4883720930232558,1.24,0.88184263
K02675.01,Kepler-1312 b,5794570,292.97125,41.03577,300.1,31.96,CONFIRMED,0.9642857142857143,2.17,5.448321078
K02675.02,Kepler-1312 c,5794570,292.97125,41.03577,300.1,31.96,CONFIRMED,0.847457627118644,1.0,1.116127169
K02676.01,,5649325,298.98038,40.87204,1116.41,390.31500000000005,FALSE POSITIVE,0.25,10.65,195.613824
K02677.01,,9958387,294.75769,46.83112,875.8,258.325,CANDIDATE,0.4883720930232558,9.91,237.787237
K02678.01,Kepler-1313 b,6779260,292.38855,42.233261,180.04,16.655,CONFIRMED,0.9642857142857143,2.25,3.833087643
K00262.02,Kepler-50 c,11807274,288.10086,50.033718,244.91,12.989999999999998,CONFIRMED,0.875,1.89,9.37663713
K02733.01,Kepler-1688 b,5953297,289.55301,41.297852,331.49,19.82,CONFIRMED,0.847457627118644,1.45,5.62006198
K02734.01,Kepler-1872 b,7659389,281.04916,43.322601,1059.66,181.38,CONFIRMED,0.4883720930232558,3.45,3.8259005
K02735.01,Kepler-1873 b,9472074,294.59656,46.048302,830.63,104.76,CONFIRMED,0.7333333333333333,1.33,0.558841234
K02736.01,Kepler-1329 b,10842192,281.64774,48.271049,567.35,63.72,CONFIRMED,0.9629629629629629,2.39,9.33648141
K02812.01,Kepler-1354 b,2442448,291.24518,37.75906,859.72,203.56,CONFIRMED,0.847457627118644,2.61,76.6139446
K02813.01,,11197853,295.34222,48.856152,4537.38,1024.56,CANDIDATE,0.008086253369272238,14.81,0.698461304
K02815.01,,9665922,297.86011,46.386261,412.37,68.16499999999999,FALSE POSITIVE,0.008086253369272238,0.56,1.545388842
K02816.01,Kepler-1355 b,11283615,283.74142,49.067982,932.86,159.565,CONFIRMED,0.2916666666666667,1.38,1.289590179
K02817.01,Kepler-1356 b,7605093,290.99536,43.243938,838.2,126.36500000000001,CONFIRMED,0.6813178395662898,1.35,0.634003002
K02887.01,,3859363,293.81381,38.926201,1143.84,264.12,FALSE POSITIVE,0.008086253369272238,23.41,1.56859048
K00274.02,Kepler-128 c,8077137,282.49222,43.980209,364.98,21.424999999999997,CONFIRMED,0.9642857142857143,1.29,22.8030252
K02888.01,,12023078,296.58734,50.490761,853.25,411.65,FALSE POSITIVE,0.008086253369272238,13.89,0.623441939
K02889.01,,6364162,291.85898,41.728489,1202.71,306.435,FALSE POSITIVE,0.008086253369272238,25.01,5.24364571
K02890.01,Kepler-1884 b,7463685,296.74643,43.045441,1030.83,233.095,CONFIRMED,0.847457627118644,1.39,8.98826122
K02679.01,,6716021,297.84125,42.118252,1547.41,428.46500000000003,CANDIDATE,0.008086253369272238,29.64,110.7556272
K00258.01,,11231334,284.54184,48.961281,395.99,103.36,FALSE POSITIVE,0.0,96.99,4.15743922
K02680.01,,8326342,299.7915,44.281231,544.43,76.44,CANDIDATE,0.008086253369272238,23.4,14.4079035
K02681.01,Kepler-397 c,6878240,295.8941,42.380451,983.36,77.16999999999999,CONFIRMED,0.847457627118644,6.01,135.4978256
K02681.02,Kepler-397 b,6878240,295.8941,42.380451,983.36,77.16999999999999,CONFIRMED,0.847457627118644,2.07,22.2508509
K02737.01,,6614629,294.25339,42.062382,576.22,141.01500000000001,FALSE POSITIVE,0.043478260869565216,1.46,0.526615152
K02738.01,,6630943,298.03104,42.052479,523.64,73.63499999999999,FALSE POSITIVE,0.14210579379786742,1.04,0.690405794
K02739.01,Kepler-1330 b,4831728,290.57672,39.95689,1098.45,199.12,CONFIRMED,1.0,1.98,10.10773789
K02739.02,,4831728,290.57672,39.95689,1098.45,199.12,CANDIDATE,0.875,1.2,7.0956395
K02740.01,,3336765,289.95581,38.463631,591.72,133.375,FALSE POSITIVE,0.25,0.97,1.844857057
K02819.01,,4270565,293.60394,39.388599,1055.96,220.66000000000003,FALSE POSITIVE,0.2916666666666667,2.02,18.0116764
K00270.02,Kepler-449 c,6528464,293.73282,41.900829,260.11,13.08,CONFIRMED,1.0,1.86,33.67280658
K02820.01,Kepler-1357 b,11963206,291.5481,50.35331,1015.84,91.66,CONFIRMED,0.847457627118644,1.22,3.00912491
K02821.01,,4249611,287.84833,39.358429,1004.19,224.0,CANDIDATE,0.847457627118644,3.33,79.2450351
K02822.01,Kepler-1878 b,8263545,300.73239,44.107059,1030.68,206.31,CONFIRMED,0.7333333333333333,1.94,4.44589508
K02891.01,,10068024,288.84711,47.022911,552.2,136.935,FALSE POSITIVE,0.008086253369272238,0.92,2.023126394
K02892.01,,9636563,285.33636,46.31237,820.15,133.715,FALSE POSITIVE,0.9629629629629629,1.36,10.63609504
K02894.01,Kepler-1380 b,6937402,288.11606,42.440418,1137.1,244.155,CONFIRMED,0.625,1.27,10.3108232
K02895.01,,5475641,298.55927,40.604858,433.63,51.04,FALSE POSITIVE,0.008086253369272238,1.77,1.069842837
K02896.01,,2853828,291.74017,38.014912,448.06,99.8,FALSE POSITIVE,0.008086253369272238,31.06,1.077467951
K02683.01,,7899070,294.53934,43.60778,946.6,152.98,CANDIDATE,0.25,4.49,126.4451275
K02684.01,,4035667,284.6232,39.182411,676.27,242.84,FALSE POSITIVE,0.018867924528301886,6.47,2.8736467
K02685.01,,9612825,300.08737,46.200695,112.51,33.47,FALSE POSITIVE,0.018867924528301886,1.88,2.846517614
K02686.01,Kepler-1868 b,7826659,293.29837,43.55587,266.67,17.51,CONFIRMED,0.847457627118644,3.43,211.032819
K02687.01,Kepler-1869 c,7202957,292.61511,42.764252,108.57,12.525,CONFIRMED,0.7333333333333333,0.74,1.716828304
K02741.01,,5513893,284.36902,40.718491,952.1,250.325,FALSE POSITIVE,0.018867924528301886,1.49,0.755103143
K00263.01,,10514430,281.2738,47.774399,215.55,13.15,FALSE POSITIVE,0.2916666666666667,2.51,20.71927223
K02743.01,Kepler-1332 b,8095441,291.02859,43.91367,490.52,49.754999999999995,CONFIRMED,0.847457627118644,1.32,11.87457664
K02744.01,Kepler-1333 b,5881813,293.52756,41.111439,1382.1,340.32,CONFIRMED,1.0,4.85,109.6469948
K02745.01,Kepler-1334 b,12456601,289.31149,51.320862,1079.1,233.7,CONFIRMED,0.9642857142857143,2.18,15.64588656
K02823.01,,10341917,292.77954,47.452099,1003.99,173.595,FALSE POSITIVE,0.008086253369272238,3.18,0.93375241
K02824.01,,3241604,293.09113,38.3521,1032.33,238.42000000000002,FALSE POSITIVE,0.25,1.67,1.70336496
K02825.01,,9591070,293.07663,46.21801,1020.86,249.155,FALSE POSITIVE,0.008086253369272238,1.18,0.764174368
K02827.01,Kepler-1358 b,7428736,286.17053,43.008911,583.19,93.47999999999999,CONFIRMED,0.847457627118644,1.21,7.06321927
K02897.01,,5817986,298.55576,41.034061,1007.18,218.845,FALSE POSITIVE,0.008086253369272238,23.09,0.584310213
K02898.01,Kepler-1381 b,11129258,287.53577,48.727791,1457.83,337.96000000000004,CONFIRMED,0.847457627118644,2.44,25.384175
K00275.01,Kepler-129 b,10586004,285.31125,47.848564,408.14,25.79,CONFIRMED,1.0,2.4,15.79196594
K02899.01,,4939533,295.84747,40.006721,1109.12,186.72000000000003,CANDIDATE,0.847457627118644,1.54,5.77207177
K02900.01,,4846856,294.8418,39.91888,685.22,101.645,CANDIDATE,0.875,2.08,46.151253
K02687.02,Kepler-1869 b,7202957,292.61511,42.764252,108.57,12.525,CONFIRMED,0.9629629629629629,1.03,8.16733851
K00041.01,Kepler-100 c,6521045,291.38599,41.990269,280.05,18.775,CONFIRMED,1.0,2.26,12.81590421
K00259.01,,5790807,291.77182,41.098068,352.66,73.72999999999999,FALSE POSITIVE,0.008086253369272238,40.73,79.99623328
K02688.01,Kepler-1314 b,8892303,294.23764,45.197105,449.28,60.785,CONFIRMED,0.9629629629629629,5.15,5.424749327
K02689.01,,10265602,288.17789,47.36668,1000.91,192.29,CANDIDATE,0.4883720930232558,6.98,165.3447044
K02690.01,Kepler-1870 b,5369827,293.93347,40.59074,394.23,37.265,CONFIRMED,0.9629629629629629,2.04,3.606940379
K02746.01,,5302643,298.41934,40.440819,1978.92,423.82000000000005,FALSE POSITIVE,0.008086253369272238,45.24,69.2002312
K02747.01,Kepler-1335 b,6586746,284.83841,42.070431,711.76,86.72,CONFIRMED,0.875,1.55,6.26404774
K02748.01,Kepler-1336 b,9962455,296.27771,46.89986,1046.93,196.49,CONFIRMED,1.0,2.61,23.1985852
K02748.02,Kepler-1336 c,9962455,296.27771,46.89986,1046.93,196.49,CONFIRMED,0.9629629629629629,2.17,5.77721259
K02749.01,,8687088,291.00287,44.899452,394.29,121.785,FALSE POSITIVE,0.008086253369272238,1.1,0.905037231
K02828.01,Kepler-1359 b,6436029,289.53882,41.892818,769.36,94.995,CONFIRMED,1.0,2.92,59.4969009
K02829.01,Kepler-1879 b,6197215,289.36441,41.53323,565.15,100.82,CONFIRMED,0.847457627118644,1.77,10.61345333
K00271.01,Kepler-127 d,9451706,285.19,46.027962,334.29,13.745000000000001,CONFIRMED,1.0,2.48,48.6303805
K02830.01,Kepler-1360 b,9244508,300.34406,45.623219,2209.06,419.725,CONFIRMED,0.847457627118644,5.92,40.5289885
K02831.01,,9692557,282.31351,46.419399,793.68,222.39,FALSE POSITIVE,0.008086253369272238,1.88,0.571940563
K02901.01,,9366886,299.93927,45.83321,326.11,36.06,FALSE POSITIVE,0.4883720930232558,0.81,0.633514386
K02903.01,,3657176,294.37619,38.75787,926.08,201.145,FALSE POSITIVE,0.25,1.84,17.4166143
K02904.01,Kepler-1382 b,3969687,295.37738,39.048031,720.56,138.66500000000002,CONFIRMED,0.847457627118644,2.23,16.3583482
K02905.01,,9369366,300.66025,45.853519,1273.92,320.02,FALSE POSITIVE,0.25,3.33,36.0054414
K02906.01,Kepler-1383 b,6716545,297.94476,42.191879,880.86,155.535,CONFIRMED,1.0,1.33,13.9093544
K02691.01,,4552729,289.10992,39.68539,447.31,51.155,CANDIDATE,0.9629629629629629,3.05,97.4463194
K02692.01,,2989706,291.44766,38.149281,925.13,177.565,FALSE POSITIVE,0.25,2.45,1.257689465
K02693.01,Kepler-398 b,5185897,291.46866,40.343849,170.32,11.145,CONFIRMED,1.0,1.0,4.081411554
K02693.02,Kepler-398 c,5185897,291.46866,40.343849,170.32,11.145,CONFIRMED,1.0,0.99,11.41941928
K02693.03,Kepler-398 d,5185897,291.46866,40.343849,170.32,11.145,CONFIRMED,1.0,1.01,6.83440674
K02750.01,,3663173,295.66913,38.795841,3675.92,722.51,CANDIDATE,0.847457627118644,11.12,174.636181
K02751.01,Kepler-1337 b,9881077,287.00909,46.796101,594.33,62.349999999999994,CONFIRMED,0.9629629629629629,2.47,24.4004378
K00264.01,,3097346,285.68408,38.262817,365.32,111.175,FALSE POSITIVE,0.4883720930232558,1.77,4.029810359
K02752.01,,5717567,295.32401,40.902191,315.82,44.44,FALSE POSITIVE,0.018867924528301886,0.87,1.287622419
K02753.01,Kepler-1338 b,6265792,284.04233,41.699139,749.06,123.14,CONFIRMED,0.4883720930232558,1.05,0.935115863
K02832.01,Kepler-1361 b,9995402,283.56531,46.904251,469.56,90.645,CONFIRMED,0.625,0.89,3.57551429
K02833.01,,9109857,298.21527,45.406891,750.73,163.91500000000002,CANDIDATE,0.008086253369272238,1.48,1.791877025
K02834.01,Kepler-1362 b,5609593,288.53854,40.87711,636.4,75.00999999999999,CONFIRMED,0.9629629629629629,2.35,136.205112
K02835.01,Kepler-1880 b,5436338,287.82639,40.696602,446.01,50.065,CONFIRMED,0.9629629629629629,1.37,6.30922043
K02836.01,Kepler-1363 b,11414465,296.99655,49.25642,598.37,72.38,CONFIRMED,0.7333333333333333,1.22,2.94194296
K02906.02,,6716545,297.94476,42.191879,880.86,155.535,CANDIDATE,0.875,1.8,145.881936
K02907.01,,2708885,290.47311,37.9062,1001.0,198.255,FALSE POSITIVE,0.2916666666666667,1.39,1.146934644
K02908.01,,6612284,293.6076,42.058998,1434.06,322.225,FALSE POSITIVE,0.018867924528301886,1.48,1.245353252
K00275.02,Kepler-129 c,10586004,285.31125,47.848564,408.14,25.79,CONFIRMED,1.0,2.57,82.2001239
K02910.01,Kepler-1384 b,4483138,296.21518,39.52705,724.76,105.97,CONFIRMED,0.847457627118644,1.8,15.3626052
K02694.01,Kepler-1315 b,9475552,295.82144,46.053028,573.62,68.94,CONFIRMED,0.847457627118644,1.7,0.843379985
K02694.02,Kepler-1315 c,9475552,295.82144,46.053028,573.62,68.94,CONFIRMED,1.0,1.83,6.56606941
K00260.01,Kepler-126 b,8292840,289.34732,44.208511,214.15,12.615,CONFIRMED,1.0,1.34,10.49566303
K02695.01,,5196864,294.54373,40.313862,848.39,124.27000000000001,CANDIDATE,0.018867924528301886,20.23,2.50343279
K02696.01,,11071200,284.41592,48.65802,1613.42,405.615,CANDIDATE,0.9629629629629629,9.1,96.4562198
K02696.02,,11071200,284.41592,48.65802,1613.42,405.615,CANDIDATE,0.847457627118644,5.8,44.5643831
K02754.01,Kepler-1339 b,10905911,283.74582,48.373432,283.83,33.085,CONFIRMED,0.4883720930232558,0.74,1.34155642
K02755.01,Kepler-1689 b,3545135,291.57422,38.655949,279.33,31.15,CONFIRMED,0.847457627118644,0.8,8.48299282
K02756.01,Kepler-1340 b,6964929,296.23282,42.47279,984.7,116.21,CONFIRMED,0.25,1.11,0.665025941
K02757.01,Kepler-1690 b,6432345,288.15671,41.877972,707.23,70.985,CONFIRMED,0.9629629629629629,2.56,234.635652
K02758.01,,8703129,296.7236,44.853142,1084.82,458.53000000000003,CANDIDATE,0.043478260869565216,19.25,253.374581
K02837.01,Kepler-1364 b,11565924,295.15219,49.587601,1427.01,361.1,CONFIRMED,0.4883720930232558,2.88,13.32191461
K02838.01,Kepler-1365 b,6607357,292.19971,42.046089,550.73,81.1,CONFIRMED,1.0,0.92,7.69994466
K02838.02,Kepler-1365 c,6607357,292.19971,42.046089,550.73,81.1,CONFIRMED,0.9629629629629629,0.81,4.77466043
K00271.02,Kepler-127 c,9451706,285.19,46.027962,334.29,13.745000000000001,CONFIRMED,1.0,2.5,29.39337161
K02839.01,Kepler-1366 b,6186964,285.06491,41.554871,342.35,27.48,CONFIRMED,0.9629629629629629,1.27,2.164570593
K02911.01,,5471202,297.58987,40.60194,1041.37,216.23,FALSE POSITIVE,0.008086253369272238,2.75,12.4258343
K02912.01,,9640439,287.69272,46.366928,1471.81,366.46,FALSE POSITIVE,0.008086253369272238,1.68,0.873227249
K02913.01,Kepler-1385 b,9693006,282.63138,46.48111,528.29,93.56,CONFIRMED,0.9629629629629629,0.84,2.88878583
K02914.01,,6837283,281.69159,42.397549,911.1,247.59,CANDIDATE,0.4883720930232558,2.89,21.1181653
K02915.01,,5613821,289.91742,40.828606,466.23,50.925,CANDIDATE,0.847457627118644,0.98,5.06092282
K02697.01,,6627507,297.2952,42.011681,1308.53,333.275,FALSE POSITIVE,0.008086253369272238,87.08,7.37453336
K02698.01,Kepler-1316 b,5128673,298.83588,40.29314,746.09,113.72,CONFIRMED,0.9629629629629629,3.39,87.9724227
K02699.01,Kepler-1317 b,6690836,291.61188,42.115971,714.4,97.87,CONFIRMED,0.625,1.49,0.568874717
K02700.01,,8639908,297.00354,44.775089,337.04,41.51,CANDIDATE,0.2916666666666667,1.12,0.910020582
K02701.01,,5481148,299.59561,40.622822,852.43,184.46499999999997,FALSE POSITIVE,0.043478260869565216,4.79,22.023514
K02759.01,,11076400,287.72565,48.651379,442.11,30.330000000000002,CANDIDATE,0.2916666666666667,1.01,1.07808492
K02760.01,Kepler-1874 b,7877978,286.3718,43.691921,472.81,28.33,CONFIRMED,0.9629629629629629,2.69,56.5732318
K02761.01,,7903086,295.77368,43.671951,1145.54,229.68,FALSE POSITIVE,0.4883720930232558,2.23,1.846861455
K00265.01,Kepler-507 b,12024120,297.01883,50.408981,395.81,65.02,CONFIRMED,0.847457627118644,1.36,3.568099612
K02762.01,Kepler-1341 b,8210018,280.51175,44.159351,397.89,45.11,CONFIRMED,0.875,2.51,132.9955503
K00301.01,Kepler-135 b,3642289,290.49512,38.795479,581.89,91.33500000000001,CONFIRMED,0.9629629629629629,2.33,6.002548291
K00301.02,Kepler-135 c,3642289,290.49512,38.795479,581.89,91.33500000000001,CONFIRMED,0.9642857142857143,1.32,11.44865823
K00302.01,Kepler-516 b,3662838,295.6088,38.735741,911.37,227.785,CONFIRMED,0.875,7.61,24.85466504
K00303.01,Kepler-517 b,5966322,293.67532,41.295361,289.23,41.75,CONFIRMED,1.0,2.78,60.92818866
K00304.01,Kepler-518 b,6029239,287.08997,41.373878,314.78,33.4,CONFIRMED,0.9642857142857143,2.14,8.512037736
K00359.01,,12106929,289.1702,50.627621,444.08,59.635,FALSE POSITIVE,0.018867924528301886,1.84,5.93720557
K00360.01,,12107021,289.21481,50.650921,464.75,53.2,FALSE POSITIVE,0.2916666666666667,1.47,5.93719982
K00061.01,,8248939,296.93594,44.161045,374.1,91.455,FALSE POSITIVE,0.008086253369272238,24.87,1.63345402
K00361.01,Kepler-537 b,12404954,289.88065,51.277081,441.58,47.035,CONFIRMED,0.9629629629629629,1.41,3.247548814
K00362.01,,1571511,290.99692,37.199219,573.63,131.70499999999998,FALSE POSITIVE,0.018867924528301886,14.93,14.022451457
K00363.01,,2438070,290.27777,37.78933,781.84,225.315,FALSE POSITIVE,0.008086253369272238,38.29,2.442945167
K03005.01,,3747262,291.534,38.816261,1062.43,296.27,FALSE POSITIVE,0.008086253369272238,1.65,1.312459403
K03007.01,,10190075,283.33533,47.208832,789.38,89.055,CANDIDATE,0.6617834062184971,1.47,11.1916199
K03008.01,Kepler-1408 b,9070666,282.69995,45.42577,477.11,103.375,CONFIRMED,0.4883720930232558,1.12,2.99792926
K03010.01,Kepler-1410 b,3642335,290.51019,38.743542,283.53,24.605,CONFIRMED,0.9629629629629629,1.39,60.8660974
K03011.01,,3328052,287.19815,38.42897,1460.15,348.675,FALSE POSITIVE,0.008086253369272238,1.66,2.11547854
K03086.01,,10749059,297.88464,48.00145,1006.28,84.84,CANDIDATE,0.847457627118644,3.0,174.731515
K03087.01,,9119568,300.93738,45.49007,270.22,23.13,FALSE POSITIVE,0.7333333333333333,0.68,5.54867998
K03087.02,,9119568,300.93738,45.49007,270.22,23.13,FALSE POSITIVE,0.008086253369272238,0.46,1.22174063
K03088.01,Kepler-1901 b,9020114,291.16437,45.318291,910.05,93.755,CONFIRMED,0.847457627118644,1.16,3.48412874
K00285.01,Kepler-92 b,6196457,289.08606,41.562958,432.96,28.6,CONFIRMED,1.0,3.63,13.74883059
K03089.01,,7668416,286.14804,43.369202,788.62,137.405,CANDIDATE,0.25,0.88,0.858546796
K00304.02,,6029239,287.08997,41.373878,314.78,33.4,CANDIDATE,0.4883720930232558,0.46,5.518195
K00305.01,Kepler-99 b,6063220,297.354,41.300049,203.5,13.940000000000001,CONFIRMED,1.0,1.51,4.603575293
K00306.01,Kepler-519 b,6071903,299.31955,41.38464,244.03,20.13,CONFIRMED,0.9629629629629629,2.14,24.30784323
K00307.01,Kepler-520 b,6289257,293.18033,41.61776,444.29,54.105000000000004,CONFIRMED,0.9642857142857143,1.78,19.67409703
K00046.01,Kepler-101 b,10905239,283.25549,48.355232,838.04,164.75,CONFIRMED,1.0,5.64,3.487688776
K00365.01,Kepler-538 b,11623629,297.48691,49.623451,155.75,16.78,CONFIRMED,1.0,2.16,81.737872
K00366.01,,3545478,291.66418,38.619255,926.54,161.58,CANDIDATE,0.043478260869565216,23.23,75.1122132
K00367.01,Kepler-1656 b,4815520,284.47217,39.911812,184.84,22.56,CONFIRMED,0.9629629629629629,4.52,31.578651216
K00368.01,,6603043,290.85458,42.086922,909.42,287.45,FALSE POSITIVE,0.2916666666666667,18.6,110.32167272
K00369.01,Kepler-144 b,7175184,281.91568,42.775509,441.36,78.705,CONFIRMED,0.875,1.59,5.88527364
K03012.01,,7109851,289.32925,42.655811,781.69,198.465,FALSE POSITIVE,0.008086253369272238,1.69,1.086486129
K03013.01,,11565544,294.96811,49.556511,751.99,142.42499999999998,CANDIDATE,0.018867924528301886,19.39,3.76562031
K03014.01,Kepler-1411 b,7347246,286.36157,42.963921,1739.92,421.635,CONFIRMED,0.9629629629629629,3.11,86.1160885
K03015.01,Kepler-1412 b,11403530,292.18011,49.20248,661.99,120.57000000000001,CONFIRMED,0.9629629629629629,0.9,3.61460332
K00282.02,Kepler-130 b,5088536,288.45065,40.245327,306.25,14.685,CONFIRMED,1.0,1.02,8.45744892
K03017.01,,12072872,296.85925,50.560162,471.58,104.565,CANDIDATE,0.4883720930232558,0.67,2.46288834
K03090.01,Kepler-1902 b,6609270,292.73764,42.014832,257.54,21.46,CONFIRMED,0.9629629629629629,1.05,3.82223397
K03091.01,Kepler-1903 b,12406807,290.88831,51.248169,1414.12,323.305,CONFIRMED,0.847457627118644,1.62,17.067644
K03092.01,,8046689,297.42636,43.816502,1714.88,410.005,FALSE POSITIVE,0.25,1.91,5.78542702
K03093.01,Kepler-1424 b,5096590,290.99167,40.229321,633.49,93.745,CONFIRMED,0.625,1.74,29.6099055
K03095.01,Kepler-1905 b,9650989,292.57336,46.36684,1068.51,125.585,CONFIRMED,0.847457627118644,1.25,3.42390809
K00307.02,Kepler-520 c,6289257,293.18033,41.61776,444.29,54.105000000000004,CONFIRMED,0.875,1.18,5.21104597
K00308.01,Kepler-1715 b,6291837,293.92972,41.602871,432.89,63.335,CONFIRMED,0.9629629629629629,3.72,35.5969684
K00309.01,,7024222,288.82303,42.542728,159.28,16.485,FALSE POSITIVE,0.4883720930232558,0.53,1.633107509
K00311.01,,7024511,288.9256,42.531509,763.18,88.065,FALSE POSITIVE,0.25,3.33,66.1544958
K00312.01,Kepler-136 b,7050989,296.46732,42.598785,366.31,53.18000000000001,CONFIRMED,0.9642857142857143,2.06,11.57890926
K00369.02,Kepler-144 c,7175184,281.91568,42.775509,441.36,78.705,CONFIRMED,0.9629629629629629,1.59,10.10463142
K00370.01,Kepler-145 c,8494142,291.38776,44.52911,515.25,31.759999999999998,CONFIRMED,1.0,3.61,42.88247951
K00063.01,Kepler-63 b,11554435,289.22617,49.548199,188.57,20.085,CONFIRMED,0.847457627118644,5.73,9.43414171
K00370.02,Kepler-145 b,8494142,291.38776,44.52911,515.25,31.759999999999998,CONFIRMED,0.875,2.17,22.95062278
K00371.01,,5652983,299.67615,40.856491,664.51,51.375,FALSE POSITIVE,0.4883720930232558,17.14,498.391282
K00372.01,Kepler-539 b,6471021,299.12244,41.86676,367.46,51.93,CONFIRMED,0.847457627118644,10.02,125.6291479
K03018.01,,7906671,296.78445,43.619011,820.14,198.615,FALSE POSITIVE,0.847457627118644,2.78,45.1178526
K03019.01,Kepler-1893 b,8709688,298.40137,44.838181,1026.91,152.19,CONFIRMED,0.9642857142857143,1.52,4.17939037
K03020.01,,8241079,294.54041,44.190979,1047.1,182.75,CANDIDATE,0.7333333333333333,1.9,10.9192653
K03021.01,,3348285,292.97775,38.42078,682.87,153.285,FALSE POSITIVE,0.008086253369272238,0.78,0.803835923
K03022.01,Kepler-1894 b,11618601,295.58649,49.666851,1039.99,221.415,CONFIRMED,0.4883720930232558,1.25,2.76263737
K03097.01,Kepler-431 d,7582689,281.11234,43.227791,318.05,39.19,CONFIRMED,0.9629629629629629,0.87,11.9216035
K03097.02,Kepler-431 b,7582689,281.11234,43.227791,318.05,39.19,CONFIRMED,0.9629629629629629,0.73,6.80257947
K03097.03,Kepler-431 c,7582689,281.11234,43.227791,318.05,39.19,CONFIRMED,0.875,0.72,8.70312154
K03098.01,,9959589,295.2374,46.81963,1434.33,314.97,FALSE POSITIVE,0.008086253369272238,19.88,1.332557603
K00285.02,Kepler-92 c,6196457,289.08606,41.562958,432.96,28.6,CONFIRMED,1.0,2.31,26.723169
K00312.02,Kepler-136 c,7050989,296.46732,42.598785,366.31,53.18000000000001,CONFIRMED,1.0,1.94,16.39926461
K00313.01,Kepler-137 c,7419318,282.13553,43.039101,274.0,22.145,CONFIRMED,1.0,2.1,18.73577127
K00313.02,Kepler-137 b,7419318,282.13553,43.039101,274.0,22.145,CONFIRMED,1.0,1.5,8.43639829
K00314.01,Kepler-138 c,7603200,290.3815,43.292988,61.54,6.475,CONFIRMED,1.0,1.42,13.78109471
K00314.02,Kepler-138 d,7603200,290.3815,43.292988,61.54,6.475,CONFIRMED,1.0,1.24,23.08902241
K00046.02,Kepler-101 c,10905239,283.25549,48.355232,838.04,164.75,CONFIRMED,0.9629629629629629,1.18,6.02977241
K00373.01,Kepler-1718 b,7364176,292.23492,42.909458,350.07,42.42,CONFIRMED,0.9642857142857143,2.32,135.1879934
K00374.01,Kepler-540 b,8686097,290.62524,44.873959,349.15,56.510000000000005,CONFIRMED,0.9642857142857143,2.85,172.7046083
K00375.01,Kepler-1704 b,12356617,291.2012,51.144279,665.26,112.09,CONFIRMED,0.847457627118644,10.81,988.8811177
K00376.01,,12643589,288.32147,51.726601,906.87,204.625,FALSE POSITIVE,0.008086253369272238,121.48,44.14599042
K00376.02,,12643589,288.32147,51.726601,906.87,204.625,FALSE POSITIVE,0.25,2.99,1.411627439
K00377.01,Kepler-9 b,3323887,285.57397,38.400902,598.25,67.305,CONFIRMED,1.0,7.74,19.270825843
K03022.02,Kepler-1894 c,11618601,295.58649,49.666851,1039.99,221.415,CONFIRMED,0.7333333333333333,1.21,5.05368985
K03023.01,,7732285,282.25177,43.493759,1006.07,340.885,FALSE POSITIVE,0.25,2.07,4.39049637
K03025.01,Kepler-1413 b,9716391,294.34164,46.49876,1237.29,211.53,CONFIRMED,0.875,1.84,13.1829329
K03026.01,Kepler-1414 b,6929841,284.92859,42.42231,658.42,118.695,CONFIRMED,0.4883720930232558,1.35,3.51575492
K00282.03,Kepler-130 d,5088536,288.45065,40.245327,306.25,14.685,CONFIRMED,0.9642857142857143,1.85,87.5177787
K03099.01,,5124254,297.85632,40.218102,412.1,41.155,FALSE POSITIVE,0.847457627118644,1.45,14.0498182
K03101.01,Kepler-1426 b,11508644,292.54575,49.416969,1241.64,303.28999999999996,CONFIRMED,0.847457627118644,1.73,14.2563272
K03105.01,,12168993,296.28064,50.755669,632.18,78.28999999999999,CANDIDATE,0.043478260869565216,1.04,4.21223579
K03106.01,Kepler-1427 b,8895758,295.34967,45.114552,1205.38,274.325,CONFIRMED,0.25,1.08,0.968980781
K03107.01,,10031500,298.71362,46.903118,1008.49,237.26,FALSE POSITIVE,0.043478260869565216,15.95,8.589562
K00314.03,Kepler-138 b,7603200,290.3815,43.292988,61.54,6.475,CONFIRMED,1.0,0.59,10.31282204
K00315.01,Kepler-1716 b,7700622,297.27188,43.333309,196.83,14.02,CONFIRMED,0.9642857142857143,2.03,35.58349688
K00316.01,Kepler-139 b,8008067,282.39194,43.889351,409.68,57.760000000000005,CONFIRMED,1.0,2.62,15.77111067
K00316.02,Kepler-139 c,8008067,282.39194,43.889351,409.68,57.760000000000005,CONFIRMED,1.0,2.63,157.0659976
K00316.03,Kepler-139 d,8008067,282.39194,43.889351,409.68,57.760000000000005,CONFIRMED,1.0,2.11,7.305706326
K00377.02,Kepler-9 c,3323887,285.57397,38.400902,598.25,67.305,CONFIRMED,0.9642857142857143,7.98,38.90787517
K00064.01,,7051180,296.51059,42.54744,862.29,80.245,CANDIDATE,0.043478260869565216,10.35,1.951082219
K00377.03,Kepler-9 d,3323887,285.57397,38.400902,598.25,67.305,CONFIRMED,0.9629629629629629,1.48,1.59295975
K00378.01,,2449074,292.6933,37.705513,1318.73,413.005,FALSE POSITIVE,0.008086253369272238,32.92,4.94402197
K00379.01,,2446113,292.05676,37.776192,757.02,145.67,FALSE POSITIVE,1.0,2.78,6.71725648
K00379.02,,2446113,292.05676,37.776192,757.02,145.67,CANDIDATE,0.847457627118644,1.83,23.1375919
K03027.01,Kepler-1895 b,11137180,291.6756,48.762562,734.77,90.14500000000001,CONFIRMED,0.4883720930232558,1.36,6.07032548
K03028.01,,9838804,294.96246,46.676289,1154.27,226.98,FALSE POSITIVE,0.008086253369272238,1.06,1.33256952
K03029.01,,5903749,298.75836,41.159882,819.59,106.25,CANDIDATE,0.9629629629629629,2.24,18.9763286
K03029.02,,5903749,298.75836,41.159882,819.59,106.25,CANDIDATE,0.847457627118644,1.35,6.34724702
K03030.01,,5524881,289.09106,40.751122,1726.41,430.62,FALSE POSITIVE,0.625,1.67,7.19552624
K03108.01,Kepler-1906 b,3756264,293.82663,38.856621,911.76,171.895,CONFIRMED,0.4883720930232558,1.86,7.36272124
K03109.01,Kepler-1428 b,11572193,297.64227,49.594978,874.22,116.86500000000001,CONFIRMED,0.8125065102181567,1.79,10.6761592
K03110.01,Kepler-1429 b,11285870,285.36624,49.044868,1156.17,287.35,CONFIRMED,0.625,1.23,4.48494315
K03111.01,,8581240,298.57687,44.621609,435.91,63.06999999999999,CANDIDATE,0.9629629629629629,0.92,10.76800074
K03111.02,,8581240,298.57687,44.621609,435.91,63.06999999999999,CANDIDATE,0.847457627118644,0.66,4.32848303
K00285.03,Kepler-92 d,6196457,289.08606,41.562958,432.96,28.6,CONFIRMED,1.0,1.91,49.3567907
K00317.01,Kepler-521 b,8121310,298.81638,43.998039,666.06,92.46000000000001,CONFIRMED,1.0,3.02,22.20809549
K00318.01,Kepler-522 b,8156120,288.15399,44.068821,689.79,142.31,CONFIRMED,0.625,8.56,38.5833679
K00319.01,,8684730,290.11752,44.87294,591.63,36.875,CANDIDATE,0.847457627118644,10.02,46.15119482
K00320.01,,8700558,295.94781,44.827831,398.15,70.995,FALSE POSITIVE,0.008086253369272238,26.26,4.79179893
K00321.01,Kepler-406 b,8753657,291.84805,44.96822,322.62,36.435,CONFIRMED,0.9629629629629629,1.41,2.426304127
K00005.01,,8554498,289.73972,44.647419,426.88,27.2,CANDIDATE,0.9629629629629629,7.14,4.780327581
K00389.01,,3847708,290.70102,38.954681,422.0,54.645,FALSE POSITIVE,0.875,1.55,3.741231778
K00390.01,,3849155,291.12799,38.914688,491.0,92.19,FALSE POSITIVE,0.2559907226911312,1.43,1.168310132
K00391.01,,3858804,293.67245,38.985699,1234.04,272.53999999999996,FALSE POSITIVE,0.008086253369272238,74.69,25.9525478
K00392.01,Kepler-147 c,3942670,287.97577,39.087181,944.39,169.375,CONFIRMED,1.0,2.98,33.4160553
K00392.02,Kepler-147 b,3942670,287.97577,39.087181,944.39,169.375,CONFIRMED,0.9629629629629629,1.33,12.6119685
K03031.01,,6949898,292.22739,42.451969,915.89,176.985,CANDIDATE,0.625,1.19,7.64809462
K03032.01,Kepler-1415 b,10585738,285.15692,47.873329,1106.83,192.68,CONFIRMED,0.4883720930232558,1.31,0.636424848
K03033.01,,7186665,287.12234,42.70694,819.54,174.04500000000002,FALSE POSITIVE,0.2916666666666667,1.21,8.55935323
K03034.01,,2973386,286.98013,38.165218,237.38,25.255,CANDIDATE,0.9629629629629629,1.66,31.0209175
K03035.01,,6388770,298.36188,41.781109,876.89,222.43,FALSE POSITIVE,0.008086253369272238,,21.3419702
K03112.01,,7022573,288.21072,42.556808,1097.51,214.23000000000002,CANDIDATE,0.043478260869565216,1.41,2.118893997
K03113.01,Kepler-1430 b,7676423,289.69748,43.372089,462.28,54.489999999999995,CONFIRMED,0.847457627118644,1.03,2.46050095
K03114.01,,9288237,294.71677,45.781269,594.85,151.455,CANDIDATE,0.847457627118644,1.01,7.49133777
K03115.01,Kepler-1431 b,11714231,292.65839,49.865189,1271.43,309.525,CONFIRMED,0.4883720930232558,1.45,5.8660127
K03116.01,Kepler-1432 b,11720424,295.52417,49.829552,1511.05,347.405,CONFIRMED,0.625,1.91,23.9107056
K00048.01,,7837302,296.55386,43.543179,1091.0,382.685,FALSE POSITIVE,0.008086253369272238,59.31,23.836808884
K00321.02,Kepler-406 c,8753657,291.84805,44.96822,322.62,36.435,CONFIRMED,0.9642857142857143,0.77,4.62334491
K00323.01,Kepler-523 b,9139084,284.06113,45.506851,254.39,23.505000000000003,CONFIRMED,0.4883720930232558,1.92,5.83599485
K00324.01,,9641041,288.02454,46.30587,546.96,129.145,FALSE POSITIVE,0.25,1.96,1.089077863
K00325.01,,9724984,297.30969,46.449471,736.17,186.535,FALSE POSITIVE,0.018867924528301886,7.84,7.86335883
K00380.01,,2452450,293.44879,37.722641,768.43,116.035,FALSE POSITIVE,0.008086253369272238,4.83,8.0970583
K00381.01,,3230578,290.20364,38.374931,912.45,255.89,FALSE POSITIVE,0.043478260869565216,9.57,6.337614357
K00382.01,,3231137,290.34735,38.377899,608.28,133.83499999999998,FALSE POSITIVE,0.008086253369272238,23.78,3.900140077
K00384.01,Kepler-541 b,3353050,294.14966,38.458271,1185.26,249.42000000000002,CONFIRMED,0.847457627118644,3.95,5.0800579
K00385.01,Kepler-542 b,3446746,292.21509,38.548592,411.1,41.315,CONFIRMED,0.9629629629629629,1.59,13.14496741
K00283.01,Kepler-131 b,5695396,288.53082,40.942299,222.4,27.415,CONFIRMED,1.0,2.13,16.09196369
K03036.01,,5217891,298.97055,40.382729,944.52,168.225,FALSE POSITIVE,0.018867924528301886,3.48,161.239891
K03037.01,,6593150,287.60223,42.075741,1105.53,213.505,CANDIDATE,0.4883720930232558,1.23,5.4654174
K03038.01,Kepler-1416 b,8051946,298.66348,43.89407,953.77,172.175,CONFIRMED,0.847457627118644,1.44,1.4951513
K03039.01,Kepler-1417 b,5445681,290.94989,40.605221,638.08,143.54,CONFIRMED,0.7333333333333333,1.01,20.3504704
K03117.01,,6523351,292.1218,41.927029,382.76,40.75,CANDIDATE,0.625,0.87,6.06664931
K03119.01,,5551672,296.58719,40.722988,168.07,27.165,CANDIDATE,0.847457627118644,0.94,2.184437698
K03120.01,Kepler-1433 b,11499192,287.36328,49.45689,1199.77,169.76999999999998,CONFIRMED,0.847457627118644,1.43,4.13592927
K03122.01,Kepler-1434 b,12416661,295.53839,51.202961,653.12,140.67000000000002,CONFIRMED,0.847457627118644,1.28,8.05337912
K03123.01,,8197793,301.04813,44.037689,1223.67,177.51,CANDIDATE,0.847457627118644,1.94,15.2311195
K00286.01,,8258171,299.22189,44.180519,1154.74,392.515,FALSE POSITIVE,0.625,3.84,23.6272223
K00326.01,,9880467,286.65604,46.783543,14514.72,2882.25,FALSE POSITIVE,0.043478260869565216,36.0,8.97349999
K00326.02,,9880467,286.65604,46.783543,14514.72,2882.25,FALSE POSITIVE,0.043478260869565216,29.67,108.546946
K00327.01,Kepler-140 b,9881662,287.36948,46.768219,507.85,64.785,CONFIRMED,0.9642857142857143,1.38,3.254277742
K00327.02,Kepler-140 c,9881662,287.36948,46.768219,507.85,64.785,CONFIRMED,1.0,1.57,91.3514816
K00328.01,,9895004,293.57629,46.775471,432.17,66.93,FALSE POSITIVE,0.008086253369272238,30.03,2.250826647
K00386.01,Kepler-146 b,3656121,294.11075,38.710232,739.36,111.58,CONFIRMED,1.0,3.56,31.1588249
K00066.01,,10620329,298.70923,47.840019,812.59,143.22,FALSE POSITIVE,0.0,83.25,0.436282594
K00386.02,Kepler-146 c,3656121,294.11075,38.710232,739.36,111.58,CONFIRMED,0.9642857142857143,3.08,76.7324556
K00387.01,Kepler-543 b,3733628,287.21872,38.862522,198.65,12.925,CONFIRMED,0.9629629629629629,2.46,13.89963233
K00388.01,Kepler-1719 b,3831053,284.70691,38.936821,842.54,169.74,CONFIRMED,0.9629629629629629,3.26,6.14955931
K03040.01,,6357290,289.56802,41.771561,1382.61,294.14,CANDIDATE,0.4883720930232558,1.59,4.8099878
K03041.01,,4072955,295.46259,39.16848,849.7,200.98499999999999,CANDIDATE,0.25,1.15,5.08288076
K03042.01,,8695311,294.16644,44.886311,1650.34,362.6,CANDIDATE,0.6564305542123311,1.91,31.0259489
K03043.01,,9834731,293.43079,46.692089,1135.07,122.85999999999999,CANDIDATE,0.7333333333333333,1.07,3.08942807
K03045.01,Kepler-1896 b,5092266,289.67856,40.249641,1505.22,349.16,CONFIRMED,0.4883720930232558,2.56,44.8702042
K03124.01,,4076976,296.25168,39.18399,245.22,21.58,FALSE POSITIVE,0.018867924528301886,0.48,4.8807805
K03125.01,Kepler-1435 b,8751796,291.17328,44.921131,614.08,95.57,CONFIRMED,0.625,0.9,4.45342418
K03126.01,,7097534,284.29959,42.604321,776.65,171.985,FALSE POSITIVE,0.008086253369272238,0.84,2.21396685
K03127.01,Kepler-1436 b,9907129,297.71158,46.768021,1366.46,243.57999999999998,CONFIRMED,0.847457627118644,2.07,9.705693
K03128.01,,7609674,292.47977,43.227024,1308.4,277.94,CANDIDATE,0.6816678652661813,2.62,21.2360024
K00049.01,Kepler-461 b,9527334,292.24902,46.164822,494.21,56.395,CONFIRMED,0.9642857142857143,2.74,8.31377304
K00329.01,,10031885,298.81821,46.94035,491.25,105.985,FALSE POSITIVE,0.008086253369272238,20.8,8.58969597
K00330.01,Kepler-524 b,11361646,296.85922,49.162048,698.66,93.005,CONFIRMED,0.9629629629629629,1.85,7.97420583
K00330.02,Kepler-524 c,11361646,296.85922,49.162048,698.66,93.005,CONFIRMED,0.7333333333333333,0.83,1.88899036
K00331.01,Kepler-525 b,10285631,296.18344,47.358761,770.57,151.215,CONFIRMED,1.0,3.64,18.68405716
K00393.01,Kepler-544 b,3964109,294.02911,39.051849,725.28,102.89999999999999,CONFIRMED,0.9629629629629629,2.09,21.41624083
K00394.01,,4159347,292.03107,39.24548,1328.81,389.785,FALSE POSITIVE,0.008086253369272238,74.76,12.28351275
K00069.01,Kepler-93 b,3544595,291.4183,38.672359,91.52,4.84,CONFIRMED,0.9629629629629629,1.56,4.72674037
K00395.01,,4165960,293.57086,39.25264,1018.66,154.08999999999997,FALSE POSITIVE,0.008086253369272238,29.41,6.77449545
K00396.01,,4252322,288.75781,39.350571,645.38,174.7,CANDIDATE,0.008086253369272238,36.85,14.591504451
K00397.01,,4376644,294.5123,39.462139,616.23,139.2,FALSE POSITIVE,0.018867924528301886,14.41,27.677680103
K03047.01,,9301506,298.78799,45.77422,579.41,77.97999999999999,FALSE POSITIVE,0.2596116533168894,1.14,0.605223042
K00283.02,Kepler-131 c,5695396,288.53082,40.942299,222.4,27.415,CONFIRMED,1.0,0.83,25.5172744
K03048.01,Kepler-1695 b,9714550,293.61926,46.413342,661.56,102.615,CONFIRMED,0.625,0.97,4.73292061
K03049.01,Kepler-1418 b,6263593,282.9975,41.678551,362.59,37.57,CONFIRMED,0.847457627118644,1.21,22.4765952
K03050.01,,5475042,298.44647,40.624882,867.31,146.975,CANDIDATE,0.25,1.02,1.242639742
K03129.01,,6964159,296.04401,42.454708,773.43,162.72,FALSE POSITIVE,0.847457627118644,1.61,25.503628
K03130.01,Kepler-1907 c,10252275,280.70853,47.32806,361.23,49.36,CONFIRMED,0.847457627118644,2.9,14.8638496
K03130.02,Kepler-1907 b,10252275,280.70853,47.32806,361.23,49.36,CONFIRMED,0.9642857142857143,1.05,5.65245733
K03131.01,Kepler-1437 b,11455181,291.86493,49.32592,1163.54,255.115,CONFIRMED,0.4883720930232558,1.21,10.9294815
K03132.01,,9541295,297.32971,46.136089,766.14,198.835,CANDIDATE,0.018867924528301886,1.35,0.536650319
K00332.01,Kepler-526 b,10290666,297.65094,47.39629,507.93,57.245,CONFIRMED,0.9629629629629629,1.91,5.45849914
K00333.01,Kepler-527 b,10337258,290.95792,47.406281,1160.06,298.09,CONFIRMED,0.4883720930232558,4.03,13.28536452
K00334.01,,10383687,280.88184,47.564243,576.52,138.35500000000002,FALSE POSITIVE,0.2916666666666667,1.23,8.4879444
K00335.01,,10470206,291.81857,47.675282,904.8,250.15,FALSE POSITIVE,0.7333333333333333,5.25,46.56675437
K00336.01,,10518725,283.91089,47.787048,1600.86,408.155,FALSE POSITIVE,0.018867924528301886,2.8,19.5148412
K00279.02,Kepler-450 c,12314973,295.48651,51.0135,426.21,27.5,CONFIRMED,1.0,2.59,15.4130812
K02970.01,Kepler-1890 b,5450893,292.57779,40.667858,608.03,112.815,CONFIRMED,0.625,1.08,4.82051088
K02971.01,,4770174,297.39371,39.829041,649.26,98.825,CANDIDATE,0.847457627118644,1.26,6.09595681
K02972.01,,8949925,290.73447,45.297791,1286.99,205.8,CANDIDATE,1.0,1.98,13.2511214
K02973.01,,5091016,289.29266,40.270611,1389.18,338.95500000000004,FALSE POSITIVE,0.625,1.66,5.76556718
K03051.01,,9959492,295.19968,46.832321,1455.58,252.45,CANDIDATE,0.847457627118644,1.45,11.682369
K03052.01,,8827575,295.09027,45.081181,397.98,34.505,CANDIDATE,0.9629629629629629,0.78,10.12956201
K03052.02,Kepler-1992 b,8827575,295.09027,45.081181,397.98,34.505,CONFIRMED,0.9629629629629629,0.91,15.6112238
K03053.01,Kepler-1419 b,2716801,292.25464,37.97142,1289.68,291.72,CONFIRMED,0.9629629629629629,2.45,42.5217006
K03055.01,,7281454,291.60175,42.86388,364.83,29.18,FALSE POSITIVE,0.008086253369272238,0.08,0.566805887
K03056.01,Kepler-1420 b,7216284,296.20383,42.777828,956.13,140.425,CONFIRMED,0.875,1.24,6.69958851
K00287.01,,8703887,296.935,44.850269,373.43,78.315,FALSE POSITIVE,0.008086253369272238,20.88,14.170972781
K03135.01,,9899352,295.21036,46.749321,1237.94,227.495,FALSE POSITIVE,0.008086253369272238,24.29,1.332562831
K03136.01,Kepler-1909 b,6945786,290.88931,42.45966,698.1,79.765,CONFIRMED,0.625,0.93,2.39161966
K03140.01,Kepler-1910 b,5978170,296.61725,41.281189,389.48,42.1,CONFIRMED,0.7333333333333333,0.99,5.68879083
K03141.01,Kepler-1438 b,5440317,289.28979,40.681671,1084.13,178.34,CONFIRMED,0.25,1.24,2.31941571
K00337.01,Kepler-528 b,10545066,295.68481,47.748081,702.36,98.755,CONFIRMED,1.0,2.1,19.7830259
K00338.01,Kepler-141 c,10552611,297.97089,47.731682,289.84,19.384999999999998,CONFIRMED,1.0,1.5,7.0106324
K00338.02,Kepler-141 b,10552611,297.97089,47.731682,289.84,19.384999999999998,CONFIRMED,0.9629629629629629,0.73,3.10762684
K00339.01,Kepler-529 b,10587105,285.88837,47.880379,807.66,130.76,CONFIRMED,0.9629629629629629,2.1,1.980356674
K00339.02,Kepler-529 c,10587105,285.88837,47.880379,807.66,130.76,CONFIRMED,1.0,2.55,12.8344771
K02975.01,,6948480,291.78754,42.469528,1136.62,255.1,FALSE POSITIVE,0.008086253369272238,27.03,175.329014
K02976.01,,6438099,290.22067,41.868721,793.4,86.995,CANDIDATE,0.4883720930232558,1.94,21.61313362
K02977.01,Kepler-1398 b,11090556,294.86618,48.638981,847.47,154.62,CONFIRMED,1.0,1.02,2.7881793
K02977.02,Kepler-1398 c,11090556,294.86618,48.638981,847.47,154.62,CONFIRMED,0.9629629629629629,1.13,4.13827684
K02978.01,,10686814,299.03448,47.90485,416.48,43.765,FALSE POSITIVE,0.008086253369272238,1.03,2.61846258
K03057.01,Kepler-405 c,3234843,291.40945,38.340019,1241.68,275.15,CONFIRMED,0.9642857142857143,3.02,29.72722
K00284.01,Kepler-132 d,6021275,283.23581,41.34304,296.24,43.85,CONFIRMED,1.0,1.93,18.01019956
K03057.02,Kepler-405 b,3234843,291.40945,38.340019,1241.68,275.15,CONFIRMED,0.9642857142857143,2.06,10.61368712
K03058.01,,8192911,299.72845,44.031811,677.58,82.38,FALSE POSITIVE,0.4883720930232558,1.33,7.53887442
K03059.01,,10554967,298.65317,47.713711,964.57,174.425,FALSE POSITIVE,0.018867924528301886,1.81,0.53633519
K03142.01,,3752110,292.80722,38.884232,1788.1,422.705,CANDIDATE,0.9629629629629629,2.21,27.9430245
K03144.01,Kepler-1439 b,5688790,285.73981,40.980049,204.22,29.97,CONFIRMED,0.875,1.59,8.07394097
K03145.01,Kepler-1977 b,1717722,290.61798,37.289089,628.13,67.94500000000001,CONFIRMED,1.0,1.66,4.53702121
K03145.02,,1717722,290.61798,37.289089,628.13,67.94500000000001,CANDIDATE,0.7333333333333333,1.06,0.977311489
K03146.01,Kepler-1440 b,10908248,285.34695,48.312248,886.3,156.265,CONFIRMED,0.9629629629629629,1.62,39.859505
K00340.01,,10616571,297.66467,47.801392,492.93,71.505,FALSE POSITIVE,0.008086253369272238,17.74,23.6731242
K00341.01,Kepler-414 c,10878263,297.96155,48.244362,419.68,50.155,CONFIRMED,1.0,2.73,7.170710381
K00341.02,Kepler-414 b,10878263,297.96155,48.244362,419.68,50.155,CONFIRMED,0.9629845955674097,1.74,4.699652821
K00343.01,Kepler-142 c,10982872,295.1189,48.481281,576.39,97.24000000000001,CONFIRMED,1.0,2.75,4.761705895
K00343.02,Kepler-142 b,10982872,295.1189,48.481281,576.39,97.24000000000001,CONFIRMED,0.9642857142857143,1.94,2.024143568
K02979.01,,2720514,293.0708,37.98687,596.02,140.42000000000002,FALSE POSITIVE,0.25,1.15,1.371288853
K00280.01,Kepler-1655 b,4141376,286.68945,39.21191,208.74,10.74,CONFIRMED,0.9629629629629629,2.25,11.87290814
K02980.01,Kepler-1399 b,9468551,293.31168,46.04171,1317.82,319.23,CONFIRMED,0.043478260869565216,1.29,1.638652525
K02981.01,Kepler-1400 b,9076971,286.27167,45.440811,872.15,127.26500000000001,CONFIRMED,0.7333333333333333,1.9,9.06687613
K02982.01,Kepler-1891 b,8360640,290.04388,44.370602,550.89,98.295,CONFIRMED,0.25,1.37,4.0223109
K03060.01,Kepler-1421 b,11019987,286.5806,48.544189,664.63,119.77,CONFIRMED,0.847457627118644,0.91,6.9131732
K03061.01,Kepler-1983 b,4857058,297.04208,39.912231,507.24,39.5,CONFIRMED,0.9629629629629629,2.33,7.32851947
K03063.01,Kepler-1422 b,10924562,293.8902,48.336121,2142.76,497.80500000000006,CONFIRMED,0.847457627118644,1.94,18.6052046
K03064.01,,9899505,295.26227,46.78138,1548.13,357.87,FALSE POSITIVE,0.0,29.1,1.332562787
K03065.01,,5040077,298.53967,40.183659,692.31,134.84,CANDIDATE,0.008086253369272238,1.0,0.896382269
K03147.01,Kepler-1441 b,7534267,293.71912,43.124592,1282.5,255.56,CONFIRMED,0.9629629629629629,2.51,39.4420781
K00288.01,Kepler-1714 b,9592705,293.71646,46.226654,406.19,24.674999999999997,CONFIRMED,0.9629629629629629,3.04,10.27532513
K03148.01,,10611420,296.11734,47.879829,1428.41,322.1,FALSE POSITIVE,0.018867924528301886,1.83,11.50528603
K00289.01,Kepler-511 c,10386922,282.94565,47.574905,524.31,100.16,CONFIRMED,1.0,3.13,26.62941953
K00289.02,Kepler-511 b,10386922,282.94565,47.574905,524.31,100.16,CONFIRMED,0.9642857142857143,7.56,296.6375817
K00343.03,Kepler-142 d,10982872,295.1189,48.481281,576.39,97.24000000000001,CONFIRMED,1.0,1.67,41.8085031
K00052.01,,3558981,294.97745,38.678352,406.5,64.38,FALSE POSITIVE,0.018867924528301886,17.82,2.98786272
K00344.01,Kepler-530 b,11015108,283.34027,48.549042,436.41,46.735,CONFIRMED,0.9642857142857143,2.87,39.30944096
K00345.01,Kepler-531 b,11074541,286.52481,48.683601,252.55,17.32,CONFIRMED,0.9642857142857143,2.81,29.88487723
K00346.01,Kepler-532 b,11100383,298.66092,48.606369,305.3,22.415,CONFIRMED,0.9642857142857143,2.62,12.92489803
K02984.01,,7918652,299.707,43.622601,648.26,89.125,CANDIDATE,0.9629629629629629,1.12,11.45541896
K02985.01,,8847111,300.71927,45.09605,890.99,216.175,FALSE POSITIVE,0.0,31.17,0.575884418
K02986.01,,4568298,293.53629,39.69009,1255.8,228.36,FALSE POSITIVE,0.008086253369272238,1.21,0.562555067
K03429.04,,9230021,296.19614,45.634331,1296.98,201.8,CANDIDATE,0.4883720930232558,1.85,44.433726
K02987.01,,4374339,293.98346,39.43042,1394.6,361.81,FALSE POSITIVE,0.008086253369272238,2.32,0.993703494
K02989.01,Kepler-1892 b,6636320,299.08099,42.018139,790.59,114.795,CONFIRMED,0.847457627118644,1.31,6.33125228
K03066.01,Kepler-1897 b,4067925,294.29004,39.126869,896.43,126.025,CONFIRMED,0.4883720930232558,2.1,24.2204192
K03067.01,,4847782,295.06442,39.960659,602.3,85.36,FALSE POSITIVE,0.018867924528301886,16.63,30.9597053
K00284.02,Kepler-132 c,6021275,283.23581,41.34304,296.24,43.85,CONFIRMED,1.0,1.4,6.41491277
K01175.03,,10350571,295.92065,47.448608,670.12,132.465,FALSE POSITIVE,0.9629629629629629,2.02,93.881556
K03068.01,,3230805,290.26028,38.354988,492.96,55.415000000000006,CANDIDATE,0.9642857142857143,0.85,3.91679553
K03069.01,,4676964,297.03922,39.785259,1030.44,244.15,CANDIDATE,0.9629629629629629,1.88,43.1024434
K00290.01,,10488450,298.04419,47.627918,603.93,157.825,FALSE POSITIVE,0.25,2.55,2.683395376
K00291.01,Kepler-133 c,10933561,297.27798,48.320332,527.17,99.345,CONFIRMED,1.0,2.72,31.51779463
K00291.02,Kepler-133 b,10933561,297.27798,48.320332,527.17,99.345,CONFIRMED,1.0,2.04,8.12999858
K02243.03,,4770617,297.47711,39.877239,1476.49,257.69,CANDIDATE,1.0,4.55,31.4452709
K00044.01,,8845026,300.15186,45.089611,505.49,113.48,FALSE POSITIVE,0.25,11.97,66.46746217
K00292.01,Kepler-97 b,11075737,287.32663,48.673431,389.06,48.665,CONFIRMED,0.847457627118644,1.44,2.586639524
K00347.01,,11189127,291.15738,48.861145,692.63,171.675,FALSE POSITIVE,0.008086253369272238,22.36,2.671942657
K00348.01,Kepler-533 b,11194032,293.68573,48.825142,284.56,18.41,CONFIRMED,0.9629629629629629,3.27,28.51117639
K00349.01,Kepler-1664 b,11394027,286.85266,49.261681,593.62,84.72,CONFIRMED,0.9642857142857143,2.54,14.38682567
K02924.02,,7609553,292.4404,43.209431,494.46,63.879999999999995,CANDIDATE,0.9629629629629629,1.88,8.85686712
K00350.01,,11395587,287.86142,49.264462,528.25,67.665,CANDIDATE,0.847457627118644,2.02,12.99065074
K00351.01,Kepler-90 h,11442793,284.4335,49.305161,808.63,118.35999999999999,CONFIRMED,0.9642857142857143,10.89,331.5972732
K02990.01,Kepler-1401 b,5520547,287.46606,40.75845,985.1,202.535,CONFIRMED,0.4883720930232558,1.7,11.20058855
K02991.01,,4848424,295.21753,39.933128,581.67,86.72,FALSE POSITIVE,0.008086253369272238,0.72,1.50179931
K00042.01,Kepler-410 A b,8866102,283.1507,45.139832,133.26,7.665,CONFIRMED,0.9629629629629629,2.43,17.83367834
K00281.01,Kepler-510 b,4143755,287.655,39.244289,351.76,14.125,CONFIRMED,0.9639645485451442,2.45,19.55662003
K02992.01,,8509442,296.73724,44.50148,364.22,38.405,CANDIDATE,0.7333333333333333,2.03,82.6595174
K02994.01,Kepler-1402 b,11244137,291.84781,48.968128,1398.63,250.095,CONFIRMED,0.625,1.6,2.03387483
K03070.01,,6072593,299.44733,41.398121,785.82,183.11,FALSE POSITIVE,0.4883720930232558,1.74,5.07538255
K03071.01,Kepler-1423 b,5865654,288.24377,41.110081,1061.31,589.255,CONFIRMED,0.847457627118644,2.84,23.9553986
K03072.01,,3219643,286.76147,38.34351,813.63,110.81,CANDIDATE,0.4883720930232558,1.95,24.3367026
K03073.01,,8546542,285.7485,44.632462,617.01,111.89,CANDIDATE,0.625,1.18,7.40985182
K03074.01,,8197560,300.97794,44.089069,1288.38,207.27,FALSE POSITIVE,0.008086253369272238,29.83,1.02425556
K00293.01,,11200415,296.35733,48.86372,547.65,140.63,FALSE POSITIVE,0.25,1.52,4.63958598
K02263.03,,8613535,286.97128,44.708302,980.38,225.07,CANDIDATE,0.7333333333333333,1.08,15.5943758
K00294.01,Kepler-512 b,11259686,298.26895,48.91674,531.58,90.475,CONFIRMED,1.0,2.78,34.4359387
K00295.01,Kepler-134 b,11547513,284.73904,49.5984,350.54,49.39,CONFIRMED,0.9629629629629629,1.94,5.317440164
K00295.02,Kepler-134 c,11547513,284.73904,49.5984,350.54,49.39,CONFIRMED,0.9642857142857143,1.28,10.10575764
K00296.01,Kepler-513 b,11802615,285.04169,50.075378,454.94,69.38,CONFIRMED,0.9642857142857143,2.53,28.86236571
K00351.02,Kepler-90 g,11442793,284.4335,49.305161,808.63,118.35999999999999,CONFIRMED,1.0,7.7,210.6013843
K02926.05,,10122538,283.33606,47.174541,424.89,35.375,CANDIDATE,0.847457627118644,3.47,75.731195
K00351.03,Kepler-90 d,11442793,284.4335,49.305161,808.63,118.35999999999999,CONFIRMED,1.0,2.84,59.7371443
K00352.01,Kepler-143 c,11521793,298.06769,49.412601,770.42,131.52499999999998,CONFIRMED,1.0,3.25,27.08239734
K00353.01,,11566064,295.21268,49.56218,960.23,188.125,CANDIDATE,0.9629629629629629,11.58,152.1060435
K00353.02,Kepler-1717 b,11566064,295.21268,49.56218,960.23,188.125,CONFIRMED,1.0,2.86,30.6528935
K03646.02,,6531496,294.59052,41.94651,1434.89,325.435,FALSE POSITIVE,0.008086253369272238,31.12,0.512869432
K02995.01,Kepler-1403 b,3848275,290.86771,38.960121,1958.95,455.215,CONFIRMED,0.9629629629629629,2.03,5.19492747
K02996.01,Kepler-1404 b,12021625,296.00943,50.498379,852.22,122.03999999999999,CONFIRMED,0.847457627118644,1.77,15.9314412
K02997.01,,9777256,294.53619,46.50983,1147.07,317.125,FALSE POSITIVE,0.008086253369272238,1.3,1.33251589
K02998.01,Kepler-1405 b,4175630,295.68484,39.256142,1211.72,237.085,CONFIRMED,0.9629629629629629,2.82,28.227413
K02999.01,,7433585,288.14764,43.099709,951.5,214.085,FALSE POSITIVE,0.008086253369272238,0.93,0.545544979
K01232.02,,6665223,281.74261,42.123081,553.83,50.96,FALSE POSITIVE,0.008086253369272238,1.53,419.97507836
K03075.01,Kepler-1898 b,3328080,287.20587,38.498055,493.89,146.265,CONFIRMED,0.7333333333333333,0.92,4.76559056
K03078.01,Kepler-1900 b,8430964,291.88632,44.478981,1344.33,329.055,CONFIRMED,0.25,1.16,2.98618134
K03081.01,,3654719,293.77737,38.775459,763.59,101.34,FALSE POSITIVE,0.043478260869565216,1.28,25.9200092
K00284.03,Kepler-132 b,6021275,283.23581,41.34304,296.24,43.85,CONFIRMED,0.9642857142857143,1.22,6.17817366
K03082.01,,10619142,298.38052,47.836048,4513.95,1379.4850000000001,FALSE POSITIVE,0.018867924528301886,2.9,2.04516705
K02264.02,,12256520,290.34851,50.902851,605.85,48.53,CANDIDATE,0.9642857142857143,0.91,7.25101997
K00297.01,Kepler-514 b,11905011,286.24719,50.242409,490.81,81.09,CONFIRMED,0.875,2.03,5.65178922
K00298.01,Kepler-515 b,12785320,290.49426,52.055519,234.62,18.7,CONFIRMED,1.0,1.5,19.96367208
K00298.02,,12785320,290.49426,52.055519,234.62,18.7,CANDIDATE,1.0,1.62,57.3840375
K00299.01,Kepler-98 b,2692377,285.66165,37.9645,406.69,62.24,CONFIRMED,0.4883720930232558,1.88,1.541676547
K00300.01,,3438975,290.12018,38.50951,562.52,147.64,FALSE POSITIVE,0.4883720930232558,2.07,2.976020742
K00354.01,Kepler-534 b,11568987,296.41855,49.5401,463.08,47.7,CONFIRMED,1.0,2.27,15.95995611
K00354.02,Kepler-534 c,11568987,296.41855,49.5401,463.08,47.7,CONFIRMED,0.9629629629629629,1.11,7.37867551
K00355.01,Kepler-535 b,11621223,296.56662,49.696251,652.3,106.00999999999999,CONFIRMED,0.9642857142857143,2.37,4.903321801
K00356.01,Kepler-536 b,11624249,297.73639,49.63715,837.64,486.63,CONFIRMED,0.4883720930232558,5.95,1.82708193
K00358.01,,12017140,293.91489,50.46933,908.2,159.82999999999998,FALSE POSITIVE,0.008086253369272238,30.35,22.845241036
K04146.02,,10000941,286.81937,46.91169,371.42,52.290000000000006,CANDIDATE,0.6666666666666666,0.57,2.5738437
K03000.01,,5702939,290.97223,40.994678,671.39,91.025,FALSE POSITIVE,0.7333333333333333,1.26,18.3980827
K03002.01,Kepler-1406 b,3852655,292.08185,38.915031,555.86,86.18,CONFIRMED,0.847457627118644,1.31,11.62904159
K03003.01,,11255231,296.61996,48.9058,964.7,225.015,FALSE POSITIVE,0.875,1.35,13.6550963
K00282.01,Kepler-130 c,5088536,288.45065,40.245327,306.25,14.685,CONFIRMED,1.0,2.98,27.50871575
K03004.01,Kepler-1407 b,6103377,283.94244,41.4716,1630.82,312.04499999999996,CONFIRMED,1.0,3.2,20.0708757
K01236.04,Kepler-279 e,6677841,287.3912,42.194832,1157.82,227.2,CONFIRMED,0.9629629629629629,4.13,98.353149
K03083.01,,7106173,287.97885,42.679359,445.44,51.995000000000005,CANDIDATE,0.9629629629629629,0.79,10.18318233
K03083.02,,7106173,287.97885,42.679359,445.44,51.995000000000005,CANDIDATE,0.847457627118644,0.61,6.2321233
K03083.03,,7106173,287.97885,42.679359,445.44,51.995000000000005,CANDIDATE,0.847457627118644,0.65,8.2942929
K03084.01,,3324986,286.01587,38.411339,823.65,159.635,FALSE POSITIVE,0.018867924528301886,0.92,1.540411479
K03085.01,,11912932,290.9725,50.267948,654.04,136.135,FALSE POSITIVE,0.25,0.89,3.74785358
K00520.03,Kepler-176 d,8037145,294.66797,43.85326,514.86,34.17,CONFIRMED,1.0,2.27,25.75274977
K00521.01,Kepler-1989 b,8162789,290.73517,44.09132,1006.6,236.065,CONFIRMED,0.9642857142857143,4.62,10.161023528
K00522.01,,8265218,301.14789,44.104542,686.22,123.41,CANDIDATE,0.9629629629629629,3.31,12.82993461
K00523.01,Kepler-177 c,8806123,286.04712,45.053211,1073.62,129.17000000000002,CONFIRMED,0.847457627118644,6.77,49.41121127
K00523.02,Kepler-177 b,8806123,286.04712,45.053211,1073.62,129.17000000000002,CONFIRMED,0.9642857142857143,2.68,36.8567758
K02964.02,,10098844,299.67587,47.07584,767.1,110.55,FALSE POSITIVE,0.25,1.21,35.080928
K00574.02,Kepler-189 b,8355239,287.56473,44.305,595.11,39.45,CONFIRMED,1.0,1.5,10.39986173
K00090.01,,9210823,288.44153,45.609001,764.06,253.75,FALSE POSITIVE,0.018867924528301886,3.88,0.828206212
K00575.01,Kepler-606 b,8367113,292.4274,44.381271,1040.26,243.20000000000002,CONFIRMED,0.9629629629629629,2.8,24.31574009
K00576.01,,8474898,281.76578,44.57637,930.54,160.16,FALSE POSITIVE,0.25,9.3,199.443024
K00577.01,Kepler-607 c,8558011,291.05722,44.632381,556.83,111.165,CONFIRMED,1.0,2.29,39.6766071
K04260.03,,7429287,286.39584,43.075821,281.81,14.125,FALSE POSITIVE,0.7333333333333333,1.62,358.66044
K00421.01,Kepler-548 b,9115800,299.90591,45.439678,765.38,163.33499999999998,CONFIRMED,0.847457627118644,11.76,4.454194254
K00422.01,,9214713,290.38983,45.665329,1048.87,256.79999999999995,CANDIDATE,0.03510105838364667,14.38,809.0141881
K00423.01,Kepler-39 b,9478990,296.96027,46.034302,1269.06,235.60999999999999,CONFIRMED,0.9629629629629629,14.43,21.0871953
K00424.01,,9597411,295.43478,46.203129,850.66,176.855,FALSE POSITIVE,0.0,28.66,1.575631524
K00070.04,Kepler-20 e,6850504,287.698,42.338718,282.25,31.955,CONFIRMED,1.0,0.84,6.09855603
K01278.05,,8609450,284.67728,44.79768,978.57,111.78,FALSE POSITIVE,0.043478260869565216,1.35,203.250506
K00477.01,Kepler-567 b,10934674,297.67261,48.302311,620.77,88.225,CONFIRMED,0.9642857142857143,2.31,16.54295261
K00478.01,Kepler-568 b,10990886,298.10571,48.40115,129.04,12.350000000000001,CONFIRMED,0.9629629629629629,2.46,11.023474798
K00479.01,Kepler-569 b,11015323,283.50726,48.552601,608.56,69.44,CONFIRMED,0.9642857142857143,2.97,34.18884323
K00480.01,Kepler-570 b,11134879,290.43759,48.791882,600.64,110.06,CONFIRMED,0.9629629629629629,2.42,4.30165843
K00481.01,Kepler-166 b,11192998,293.16016,48.881191,574.14,89.015,CONFIRMED,1.0,2.3,7.650243513
K02298.03,,9334893,288.45605,45.80212,214.97,18.57,CANDIDATE,0.4883720930232558,0.36,2.47240869
K00524.01,Kepler-1721 b,8934495,283.54416,45.225552,669.09,102.935,CONFIRMED,0.9629629629629629,2.51,4.592393816
K00525.01,,9119458,300.90778,45.45787,883.69,215.075,CANDIDATE,0.9629629629629629,3.98,11.53029332
K00085.01,Kepler-65 c,5866724,288.68869,41.15118,288.92,16.115000000000002,CONFIRMED,1.0,2.56,5.859935955
K00526.01,Kepler-586 b,9157634,293.05722,45.551189,766.79,150.065,CONFIRMED,0.847457627118644,2.89,2.104721971
K00527.01,,9636569,285.3385,46.309872,621.68,110.42,FALSE POSITIVE,0.2916666666666667,1.58,10.63624422
K03091.02,,12406807,290.88831,51.248169,1414.12,323.305,CANDIDATE,0.043478260869565216,1.13,7.9069765
K00578.01,Kepler-608 b,8565266,293.88293,44.638088,1031.15,250.915,CONFIRMED,0.7333333333333333,3.89,6.412512953
K00579.01,Kepler-190 b,8616637,288.58405,44.733799,431.4,32.135000000000005,CONFIRMED,0.9629629629629629,1.46,2.019997006
K00579.02,Kepler-190 c,8616637,288.58405,44.733799,431.4,32.135000000000005,CONFIRMED,1.0,1.63,3.763041531
K00580.01,Kepler-609 b,8625925,292.22031,44.700031,859.51,162.64,CONFIRMED,0.9629629629629629,2.54,6.521209629
K00581.01,Kepler-610 b,8822216,293.17133,45.065601,820.77,147.94,CONFIRMED,1.0,3.21,6.996926239
K04288.04,,4548011,287.37125,39.603569,417.82,65.89,CANDIDATE,0.9642857142857143,0.75,13.9509565
K00425.01,,9967884,297.97424,46.804562,880.69,191.31,FALSE POSITIVE,0.018867924528301886,14.88,5.428344915
K00426.01,,10016874,294.02298,46.99955,1090.5,272.83,CANDIDATE,0.9642857142857143,3.84,16.30141333
K00427.01,Kepler-549 d,10189546,283.0228,47.261131,740.16,92.445,CONFIRMED,1.0,4.2,24.61480613
K00427.02,Kepler-549 b,10189546,283.0228,47.261131,740.16,92.445,CONFIRMED,1.0,2.98,42.949522
K00427.03,Kepler-549 c,10189546,283.0228,47.261131,740.16,92.445,CONFIRMED,1.0,2.68,117.033521
K01289.02,,10748393,297.71039,48.083832,678.31,103.9,FALSE POSITIVE,0.008086253369272238,2.2,386.39833
K00481.02,Kepler-166 d,11192998,293.16016,48.881191,574.14,89.015,CONFIRMED,1.0,1.59,1.55400389
K00481.03,Kepler-166 c,11192998,293.16016,48.881191,574.14,89.015,CONFIRMED,1.0,2.41,34.25951418
K00081.01,,8823868,293.78574,45.01849,1211.26,318.485,FALSE POSITIVE,0.4883720930232558,10.45,23.8761144
K00482.01,,11255761,296.80893,48.965389,902.69,199.64,FALSE POSITIVE,0.008086253369272238,26.6,4.99270186
K00483.01,Kepler-571 b,11497977,286.55103,49.418739,710.24,139.72,CONFIRMED,0.9629629629629629,2.51,4.79860021
K00255.03,,7021681,287.85812,42.542629,203.03,20.765,FALSE POSITIVE,0.25,0.57,7.7333361
K00528.01,Kepler-178 b,9941859,287.1011,46.896481,807.72,140.49,CONFIRMED,1.0,2.88,9.57665962
K00528.02,Kepler-178 d,9941859,287.1011,46.896481,807.72,140.49,CONFIRMED,1.0,3.29,96.6781852
K00528.03,Kepler-178 c,9941859,287.1011,46.896481,807.72,140.49,CONFIRMED,1.0,2.99,20.55280311
K00529.01,,10068030,288.84903,47.021969,750.72,130.1,FALSE POSITIVE,0.4883720930232558,2.87,2.023123903
K00530.01,Kepler-587 b,10266615,288.67068,47.399139,837.37,155.60500000000002,CONFIRMED,0.847457627118644,2.08,10.94026745
K00531.01,,10395543,287.69119,47.546902,203.83,15.225,CANDIDATE,0.847457627118644,5.78,3.687469832
K00581.02,Kepler-610 c,8822216,293.17133,45.065601,820.77,147.94,CONFIRMED,1.0,2.41,151.863949
K00582.01,Kepler-191 d,9020160,291.18338,45.32317,648.97,49.144999999999996,CONFIRMED,1.0,2.69,5.945043548
K00092.01,Kepler-1709 b,7941200,283.37482,43.788219,261.05,35.275,CONFIRMED,0.9629629629629629,2.78,65.7045275
K00582.02,Kepler-191 c,9020160,291.18338,45.32317,648.97,49.144999999999996,CONFIRMED,1.0,2.47,17.73842886
K04260.04,,7429287,286.39584,43.075821,281.81,14.125,CANDIDATE,0.9629629629629629,1.16,84.799829
K00582.03,Kepler-191 b,9020160,291.18338,45.32317,648.97,49.144999999999996,CONFIRMED,1.0,1.93,9.93962361
K00428.01,Kepler-40 b,10418224,296.81369,47.526611,2186.25,186.32,CONFIRMED,0.9629629629629629,13.44,6.8731664
K00429.01,Kepler-550 b,10616679,297.70023,47.86375,532.88,74.52,CONFIRMED,0.9629629629629629,4.17,8.600099313
K00430.01,Kepler-551 b,10717241,285.48505,48.054321,288.52,20.05,CONFIRMED,1.0,2.53,12.37646897
K00430.02,,10717241,285.48505,48.054321,288.52,20.05,CANDIDATE,0.847457627118644,0.84,9.340538
K01353.03,Kepler-289 e,7303287,297.46533,42.882839,751.47,105.99,CONFIRMED,0.2916666666666667,2.94,330.071558
K00431.01,Kepler-153 b,10843590,282.46051,48.257118,558.83,104.755,CONFIRMED,1.0,2.82,18.87022157
K00070.05,Kepler-20 f,6850504,287.698,42.338718,282.25,31.955,CONFIRMED,1.0,0.9,19.5776073
K00484.01,Kepler-572 b,12061222,291.2211,50.581299,458.54,60.260000000000005,CONFIRMED,0.9642857142857143,2.22,17.20522898
K00485.01,,12316431,296.10959,51.005501,772.07,176.94,FALSE POSITIVE,0.018867924528301886,4.89,17.90766147
K00486.01,Kepler-573 b,12404305,289.52115,51.237309,715.2,103.25,CONFIRMED,1.0,2.78,22.18332255
K02342.02,,10212441,293.72586,47.24704,666.08,133.575,FALSE POSITIVE,0.008086253369272238,30.53,354.78194
K00487.01,Kepler-574 b,12834874,290.24704,52.149132,688.61,139.265,CONFIRMED,0.9642857142857143,2.19,7.65880048
K00488.01,Kepler-575 b,2557816,286.9639,37.829708,698.16,117.155,CONFIRMED,0.847457627118644,2.03,9.3789167
K00532.01,Kepler-588 b,10454313,284.2572,47.68895,975.38,228.445,CONFIRMED,0.625,2.87,4.221626193
K00533.01,Kepler-589 b,10513530,280.64136,47.751942,702.71,139.165,CONFIRMED,0.9642857142857143,2.95,16.54967098
K00085.02,Kepler-65 b,5866724,288.68869,41.15118,288.92,16.115000000000002,CONFIRMED,1.0,1.42,2.154911236
K00317.02,,8121310,298.81638,43.998039,666.06,92.46000000000001,CANDIDATE,0.9629629629629629,0.99,11.505879
K00533.02,Kepler-589 c,10513530,280.64136,47.751942,702.71,139.165,CONFIRMED,0.9629629629629629,1.46,3.52467888
K00534.01,Kepler-179 c,10554999,298.66373,47.762039,557.38,77.38,CONFIRMED,1.0,2.52,6.400157105
K00583.01,Kepler-611 b,9076513,286.00494,45.480389,1114.08,207.81,CONFIRMED,0.9629629629629629,2.04,2.437029217
K00584.01,Kepler-192 b,9146018,287.91791,45.592869,631.13,76.94,CONFIRMED,1.0,2.76,9.9267215
K00584.02,Kepler-192 c,9146018,287.91791,45.592869,631.13,76.94,CONFIRMED,1.0,2.63,21.22349325
K00584.03,Kepler-192 d,9146018,287.91791,45.592869,631.13,76.94,CONFIRMED,0.9642857142857143,1.15,6.47027706
K00585.01,Kepler-612 b,9279669,291.35464,45.747898,746.15,131.97,CONFIRMED,0.9629629629629629,2.33,3.722158895
K00431.02,Kepler-153 c,10843590,282.46051,48.257118,558.83,104.755,CONFIRMED,1.0,2.6,46.9026431
K00432.01,Kepler-552 b,10858832,290.74768,48.242008,847.5,207.325,CONFIRMED,0.847457627118644,3.77,5.263415218
K00433.01,Kepler-553 b,10937029,298.55084,48.332451,705.54,56.445,CONFIRMED,1.0,4.48,4.030466786
K01437.02,,11599038,284.84662,49.692402,1200.92,286.12,FALSE POSITIVE,0.4883720930232558,1.29,9.27989
K00433.02,Kepler-553 c,10937029,298.55084,48.332451,705.54,56.445,CONFIRMED,0.847457627118644,10.99,328.240201
K00434.01,,11656302,288.6925,49.72353,638.71,126.385,FALSE POSITIVE,0.008086253369272238,12.34,22.264806569
K00489.01,,2576197,291.54099,37.816559,1357.99,303.95,FALSE POSITIVE,0.625,3.23,2.217038096
K00489.02,,2576197,291.54099,37.816559,1357.99,303.95,FALSE POSITIVE,0.25,1.24,8.874603
K00490.01,Kepler-167 b,3239945,292.65842,38.34539,307.93,21.509999999999998,CONFIRMED,1.0,1.41,4.393157678
K02583.02,,10387742,283.42911,47.59251,320.92,36.625,FALSE POSITIVE,0.043478260869565216,1.25,251.7512
K00082.01,Kepler-102 e,10187017,281.48273,47.208031,111.93,7.98,CONFIRMED,1.0,2.48,16.145671932
K00490.02,Kepler-167 e,3239945,292.65842,38.34539,307.93,21.509999999999998,CONFIRMED,0.9629629629629629,9.27,1071.232624
K00534.02,Kepler-179 b,10554999,298.66373,47.762039,557.38,77.38,CONFIRMED,0.9642857142857143,1.56,2.735900074
K00535.01,Kepler-590 b,10873260,296.38553,48.233452,843.93,198.965,CONFIRMED,0.847457627118644,3.46,5.852968845
K00536.01,Kepler-591 b,10965008,286.02402,48.43177,909.46,164.42000000000002,CONFIRMED,0.875,4.71,81.1701587
K03191.02,,10467815,290.81604,47.682892,1432.01,533.325,FALSE POSITIVE,0.008086253369272238,4.07,371.17573
K00537.01,Kepler-592 b,11073351,285.79068,48.683262,1081.58,149.995,CONFIRMED,0.847457627118644,2.53,2.820190603
K00538.01,Kepler-593 b,11090765,294.95145,48.651192,921.87,213.41,CONFIRMED,0.875,2.97,21.21712312
K00539.01,,11246364,292.97882,48.99667,749.7,180.94,FALSE POSITIVE,0.0,,200.0
K00586.01,Kepler-613 b,9570741,282.7868,46.244991,836.34,180.67000000000002,CONFIRMED,0.9642857142857143,2.11,15.77980122
K00587.01,Kepler-614 b,9607164,298.38483,46.276039,543.55,75.045,CONFIRMED,0.9642857142857143,2.41,14.03490255
K00588.01,Kepler-615 b,9631762,282.45059,46.3214,367.3,21.505000000000003,CONFIRMED,0.847457627118644,1.92,10.35586478
K00094.01,Kepler-89 d,6462863,297.33307,41.891121,447.43,76.175,CONFIRMED,1.0,9.99,22.342964828
K00590.01,Kepler-193 b,9782691,296.4986,46.57724,1323.32,238.43,CONFIRMED,1.0,3.04,11.38840217
K00435.01,Kepler-154 d,11709124,289.78052,49.89653,809.63,101.28999999999999,CONFIRMED,1.0,4.04,20.5498184
K00435.02,,11709124,289.78052,49.89653,809.63,101.28999999999999,CANDIDATE,0.7333333333333333,7.89,934.09418462
K00436.01,,11805075,286.65689,50.021568,708.56,130.23,CANDIDATE,0.008086253369272238,21.48,199.83920527
K01437.03,,11599038,284.84662,49.692402,1200.92,286.12,FALSE POSITIVE,0.4883720930232558,1.42,17.4217322
K00437.01,,11824222,296.61859,50.022011,462.12,57.78,CANDIDATE,0.018867924528301886,16.84,15.84132627
K00438.01,Kepler-155 b,12302530,288.49582,51.08194,192.37,16.61,CONFIRMED,0.9642857142857143,2.01,5.931196562
K00072.01,Kepler-10 b,11904151,285.67938,50.241299,178.53,9.370000000000001,CONFIRMED,0.9629629629629629,1.43,0.837491225
K00490.03,Kepler-167 c,3239945,292.65842,38.34539,307.93,21.509999999999998,CONFIRMED,1.0,1.37,7.40611676
K00490.04,Kepler-167 d,3239945,292.65842,38.34539,307.93,21.509999999999998,CONFIRMED,1.0,1.11,21.803708
K00491.01,,3541800,290.62134,38.695499,876.44,189.095,FALSE POSITIVE,0.008086253369272238,24.12,4.66229074
K00492.01,Kepler-576 b,3559935,295.18292,38.654228,639.69,69.37,CONFIRMED,1.0,2.9,29.9111886
K00493.01,,3834360,286.0705,38.975101,753.67,150.995,FALSE POSITIVE,0.008086253369272238,19.44,2.908453928
K00494.01,Kepler-577 b,3966801,294.71194,39.073761,239.33,52.06,CONFIRMED,0.9629629629629629,1.7,25.69581456
K00540.01,,11521048,297.76697,49.446659,727.87,130.135,FALSE POSITIVE,0.008086253369272238,33.1,25.70280003
K00541.01,Kepler-594 b,11656721,288.92157,49.762032,706.63,124.28,CONFIRMED,0.9629629629629629,2.06,13.64617478
K00007.01,Kepler-4 b,11853905,285.61533,50.13575,471.41,31.939999999999998,CONFIRMED,0.9642857142857143,4.13,3.213668926
K00085.03,Kepler-65 d,5866724,288.68869,41.15118,288.92,16.115000000000002,CONFIRMED,1.0,1.58,8.13121389
K00542.01,Kepler-180 c,11669239,295.57135,49.774578,736.66,179.755,CONFIRMED,0.9642857142857143,3.28,41.8854433
K00542.02,Kepler-180 b,11669239,295.57135,49.774578,736.66,179.755,CONFIRMED,0.9642857142857143,2.04,13.81733587
K00597.03,Kepler-194 d,10600261,291.97144,47.86417,1396.53,270.4,CONFIRMED,1.0,3.33,52.8148051
K00598.01,Kepler-195 b,10656823,288.12097,47.966671,649.34,97.19,CONFIRMED,1.0,2.15,8.30783912
K00598.02,Kepler-195 c,10656823,288.12097,47.966671,649.34,97.19,CONFIRMED,1.0,1.71,34.0963441
K00599.01,Kepler-1724 b,10676824,296.12073,47.921478,945.08,205.98,CONFIRMED,0.847457627118644,2.48,6.45442931
K00600.01,Kepler-618 b,10718726,286.24982,48.06094,1159.09,176.92000000000002,CONFIRMED,1.0,2.39,3.595769013
K00438.02,Kepler-155 c,12302530,288.49582,51.08194,192.37,16.61,CONFIRMED,1.0,1.87,52.6615266
K00439.01,Kepler-554 b,12470954,296.40686,51.35815,632.67,69.905,CONFIRMED,0.9642857142857143,4.45,1.902208647
K01613.03,,6268648,285.47659,41.632717,327.5,16.025,CANDIDATE,0.9629629629629629,0.85,20.605501
K00440.01,Kepler-156 c,2438264,290.29651,37.749489,437.06,32.144999999999996,CONFIRMED,1.0,2.35,15.90688891
K00440.02,Kepler-156 b,2438264,290.29651,37.749489,437.06,32.144999999999996,CONFIRMED,1.0,2.46,4.973455252
K00441.01,,3340312,290.96353,38.472542,1097.55,140.58499999999998,FALSE POSITIVE,0.008086253369272238,30.74,30.5528972
K00495.01,,4049108,289.31018,39.132221,688.54,117.7,FALSE POSITIVE,0.018867924528301886,3.35,4.804469031
K00496.01,Kepler-578 b,4454752,288.75494,39.563648,1084.12,412.055,CONFIRMED,0.625,4.47,1.616883373
K02593.02,,8212002,281.83533,44.155918,368.68,50.095,CANDIDATE,0.9642857142857143,0.68,9.5539134
K00497.01,Kepler-168 c,4757437,294.71017,39.8251,1094.19,157.55,CONFIRMED,1.0,2.94,13.19322809
K00082.02,Kepler-102 d,10187017,281.48273,47.208031,111.93,7.98,CONFIRMED,1.0,1.34,10.31174786
K00497.02,Kepler-168 b,4757437,294.71017,39.8251,1094.19,157.55,CONFIRMED,1.0,1.63,4.42535097
K00543.01,Kepler-181 c,11823054,296.1514,50.09581,615.54,45.64,CONFIRMED,1.0,2.46,4.302139338
K00543.02,Kepler-181 b,11823054,296.1514,50.09581,615.54,45.64,CONFIRMED,0.9642857142857143,1.5,3.137845914
K03209.02,,7017274,285.92322,42.54985,736.79,196.04500000000002,CANDIDATE,0.9629629629629629,1.9,6.77067637
K00544.01,,11913012,291.02252,50.259109,1071.84,246.68,FALSE POSITIVE,0.008086253369272238,25.59,3.74782314
K00545.01,,11972666,296.25949,50.344372,588.11,87.115,FALSE POSITIVE,0.018867924528301886,1.07,1.09173174
K00546.01,Kepler-182 c,12058931,289.83011,50.586239,1243.66,294.65000000000003,CONFIRMED,1.0,3.28,20.68420772
K00590.02,Kepler-193 c,9782691,296.4986,46.57724,1323.32,238.43,CONFIRMED,1.0,3.58,50.6985408
K00591.01,,9886221,289.8533,46.787151,662.92,127.62,FALSE POSITIVE,0.2916666666666667,0.89,2.9926465
K00787.03,,12366084,295.81616,51.121738,1219.47,142.06,CANDIDATE,0.13876377833690046,0.93,0.589376952
K00592.01,Kepler-1723 b,9957627,294.46268,46.821449,812.03,184.715,CONFIRMED,0.9642857142857143,2.37,39.7529915
K00593.01,Kepler-616 b,9958962,294.98914,46.838329,1036.43,226.535,CONFIRMED,1.0,2.82,9.99760285
K00593.02,Kepler-616 c,9958962,294.98914,46.838329,1036.43,226.535,CONFIRMED,0.9926447258663417,3.96,90.4117992
K00442.01,Kepler-157 c,3745690,291.09723,38.87561,691.58,87.31,CONFIRMED,1.0,2.17,13.54057461
K00442.02,Kepler-157 b,3745690,291.09723,38.87561,691.58,87.31,CONFIRMED,0.9642857142857143,1.37,1.732346403
K01815.02,,9872283,281.45718,46.746471,733.6,418.68,CANDIDATE,0.018867924528301886,1.24,1.74610057
K00442.03,Kepler-157 d,3745690,291.09723,38.87561,691.58,87.31,CONFIRMED,1.0,1.56,7.0257409
K00443.01,Kepler-555 b,3833007,285.51685,38.9324,575.1,113.87,CONFIRMED,0.9629629629629629,2.22,16.21774917
K00444.01,Kepler-556 b,3847138,290.52942,38.942661,655.4,77.84,CONFIRMED,0.9629629629629629,2.08,11.72291212
K00498.01,,4833135,291.02249,39.917629,969.84,214.9,FALSE POSITIVE,0.008086253369272238,1.32,8.661374
K00499.01,Kepler-579 b,4847534,295.00204,39.95293,535.57,86.195,CONFIRMED,0.9629629629629629,1.9,9.66857386
K00500.01,Kepler-80 b,4852528,296.11258,39.978779,250.41,19.865000000000002,CONFIRMED,1.0,2.16,7.053527145
K00500.02,Kepler-80 c,4852528,296.11258,39.978779,250.41,19.865000000000002,CONFIRMED,1.0,2.16,9.521644639
K00500.03,Kepler-80 d,4852528,296.11258,39.978779,250.41,19.865000000000002,CONFIRMED,1.0,1.3,3.072146607
K00500.04,Kepler-80 e,4852528,296.11258,39.978779,250.41,19.865000000000002,CONFIRMED,1.0,1.33,4.645382149
K00546.02,Kepler-182 b,12058931,289.83011,50.586239,1243.66,294.65000000000003,CONFIRMED,0.9629629629629629,2.66,9.82578495
K00547.01,Kepler-595 b,12116489,294.5704,50.673019,642.18,54.01,CONFIRMED,1.0,3.95,25.30291816
K00548.01,Kepler-596 b,12600735,289.50067,51.68573,900.5,121.475,CONFIRMED,1.0,2.99,21.30020491
K00087.01,Kepler-22 b,10593626,289.2175,47.88446,195.55,19.689999999999998,CONFIRMED,0.9629629629629629,2.34,289.864067
K00549.01,,3437776,289.79907,38.555061,1291.25,248.74,FALSE POSITIVE,0.018867924528301886,39.14,10.29767658
K00593.03,Kepler-616 d,9958962,294.98914,46.838329,1036.43,226.535,CONFIRMED,1.0,2.44,51.0674355
K00596.01,Kepler-617 b,10388286,283.74069,47.516289,144.74,17.619999999999997,CONFIRMED,0.9642857142857143,1.23,1.682695938
K00597.01,Kepler-194 c,10600261,291.97144,47.86417,1396.53,270.4,CONFIRMED,1.0,3.56,17.30795548
K00094.02,Kepler-89 c,6462863,297.33307,41.891121,447.43,76.175,CONFIRMED,1.0,3.72,10.423677439
K00597.02,Kepler-194 b,10600261,291.97144,47.86417,1396.53,270.4,CONFIRMED,0.9642857142857143,2.06,2.09227115
K00072.02,Kepler-10 c,11904151,285.67938,50.241299,178.53,9.370000000000001,CONFIRMED,1.0,2.26,45.29422297
K00445.01,,4384675,296.18063,39.435452,870.62,173.4,FALSE POSITIVE,0.0,,260.20717331
K00446.01,Kepler-158 b,4633570,284.03223,39.78133,320.35,33.55,CONFIRMED,1.0,2.27,16.70920628
K00446.02,Kepler-158 c,4633570,284.03223,39.78133,320.35,33.55,CONFIRMED,1.0,1.97,28.55158187
K00447.01,,5021176,294.58817,40.165051,827.3,165.23000000000002,FALSE POSITIVE,0.008086253369272238,30.33,4.045057186
K00448.01,Kepler-159 b,5640085,297.07016,40.86879,223.08,21.765,CONFIRMED,1.0,1.68,10.13958818
K00448.02,Kepler-159 c,5640085,297.07016,40.86879,223.08,21.765,CONFIRMED,0.9642857142857143,2.05,43.5859419
K00500.05,Kepler-80 f,4852528,296.11258,39.978779,250.41,19.865000000000002,CONFIRMED,1.0,1.19,0.986785834
K00501.01,,4951877,298.47321,40.075871,940.78,125.65,CANDIDATE,0.9629629629629629,2.7,24.7962801
K00502.01,,5282051,293.83701,40.41275,558.13,112.4,FALSE POSITIVE,0.2916666666666667,1.38,5.91037674
K00082.03,Kepler-102 f,10187017,281.48273,47.208031,111.93,7.98,CONFIRMED,1.0,0.95,27.4536146
K00503.01,Kepler-580 b,5340644,283.49982,40.552799,306.45,20.95,CONFIRMED,0.9642857142857143,2.28,8.22241355
K00549.02,,3437776,289.79907,38.555061,1291.25,248.74,FALSE POSITIVE,0.008086253369272238,28.58,0.635587392
K00550.01,Kepler-597 b,4165473,293.47012,39.252811,633.34,72.75,CONFIRMED,0.9642857142857143,2.3,13.02363236
K00551.01,Kepler-183 c,4270253,293.53085,39.315891,1114.75,178.41,CONFIRMED,1.0,2.9,11.6370303
K03226.02,,5544450,294.89734,40.798168,603.63,96.66,CANDIDATE,0.4883720930232558,1.51,6.93650854
K00551.02,Kepler-183 b,4270253,293.53085,39.315891,1114.75,178.41,CONFIRMED,1.0,2.76,5.68798675
K00552.01,,5122112,297.39825,40.229191,966.53,215.815,FALSE POSITIVE,0.008086253369272238,35.24,3.055171082
K00601.01,Kepler-619 b,10973664,290.84906,48.416012,943.41,211.0,CONFIRMED,1.0,2.85,5.40426917
K00601.02,Kepler-619 d,10973664,290.84906,48.416012,943.41,211.0,CONFIRMED,1.0,4.17,11.67894236
K00601.03,Kepler-619 c,10973664,290.84906,48.416012,943.41,211.0,CONFIRMED,0.7333333333333333,1.64,1.208462378
K00929.02,Kepler-730 c,9141746,285.55481,45.578861,1656.16,418.15999999999997,CONFIRMED,0.2509302740475639,1.23,2.85188338
K00602.01,Kepler-620 b,12459913,291.15939,51.334862,994.28,227.785,CONFIRMED,0.847457627118644,2.49,12.91385906
K00094.03,Kepler-89 e,6462863,297.33307,41.891121,447.43,76.175,CONFIRMED,1.0,6.07,54.31996151
K00449.01,,5779852,288.19809,41.09417,843.02,199.885,FALSE POSITIVE,0.008086253369272238,41.07,252.0792347
K00450.01,,6042214,291.75223,41.311241,744.37,159.195,FALSE POSITIVE,0.4883720930232558,3.54,27.04627886
K00451.01,,6200715,290.41916,41.525372,1459.99,316.26,FALSE POSITIVE,0.043478260869565216,3.46,3.723560726
K01910.02,,8226050,289.19263,44.149319,613.63,45.515,CANDIDATE,0.847457627118644,1.15,18.3848331
K00452.01,Kepler-557 b,6291033,293.70847,41.615131,990.26,235.38,CONFIRMED,0.4883720930232558,2.43,3.705991661
K00074.01,,6889235,298.32425,42.38847,725.73,233.10000000000002,FALSE POSITIVE,0.043478260869565216,5.2,5.188671659
K00453.01,,6758917,285.11969,42.299129,617.11,120.56,FALSE POSITIVE,0.0,55.59,2.236100588
K00504.01,Kepler-581 b,5461440,295.4328,40.648239,794.75,99.92500000000001,CONFIRMED,0.9642857142857143,2.67,40.606895
K00505.01,Kepler-169 e,5689351,285.99988,40.919319,407.23,29.14,CONFIRMED,1.0,2.24,13.76710058
K02678.02,,6779260,292.38855,42.233261,180.04,16.655,CANDIDATE,0.25,0.48,2.2165905
K00505.02,Kepler-169 c,5689351,285.99988,40.919319,407.23,29.14,CONFIRMED,1.0,1.37,6.1954595
K00505.03,Kepler-169 b,5689351,285.99988,40.919319,407.23,29.14,CONFIRMED,1.0,1.19,3.25058201
K00505.04,Kepler-169 d,5689351,285.99988,40.919319,407.23,29.14,CONFIRMED,1.0,1.45,8.34819209
K00553.01,,5303551,298.57642,40.491669,862.51,196.575,FALSE POSITIVE,0.25,1.78,2.399069173
K00554.01,,5443837,290.35114,40.687,1572.02,303.315,CANDIDATE,0.25,14.61,3.65849707
K03337.02,,7692093,294.90594,43.381889,1157.55,212.59,FALSE POSITIVE,0.25,1.58,91.172033
K00555.01,Kepler-598 b,5709725,293.12341,40.934769,685.61,68.455,CONFIRMED,0.9629629629629629,1.63,3.701765401
K00555.02,Kepler-598 c,5709725,293.12341,40.934769,685.61,68.455,CONFIRMED,1.0,3.07,86.4943704
K00088.01,,7700871,297.31979,43.332722,207.01,30.675,FALSE POSITIVE,0.008086253369272238,18.91,5.17968868
K00398.01,Kepler-148 d,9946525,289.78622,46.858791,805.18,58.935,CONFIRMED,0.9642857142857143,8.73,51.84688984
K00398.02,Kepler-148 c,9946525,289.78622,46.858791,805.18,58.935,CONFIRMED,1.0,3.44,4.180048081
K01022.02,,2716853,292.26813,37.955639,1139.6,238.85500000000002,FALSE POSITIVE,0.043478260869565216,2.35,68.832195
K00398.03,Kepler-148 b,9946525,289.78622,46.858791,805.18,58.935,CONFIRMED,0.9629629629629629,1.82,1.729367077
K00399.01,,7289157,293.96606,42.837269,514.83,79.07,FALSE POSITIVE,0.0,38.05,5.26640614
K00400.01,,2695110,286.5242,37.985432,979.61,219.845,FALSE POSITIVE,0.008086253369272238,14.0,44.18938922
K00454.01,Kepler-558 b,7098355,284.65787,42.652679,650.13,95.67,CONFIRMED,0.9629629629629629,2.64,29.00789166
K00455.01,,7101828,286.2406,42.670231,212.38,24.12,FALSE POSITIVE,0.25,8.15,47.878243
K01942.02,,2832589,286.00674,38.009541,775.59,107.83000000000001,CANDIDATE,0.847457627118644,1.66,2.433703498
K00456.01,Kepler-160 c,7269974,287.77356,42.869282,912.06,132.24,CONFIRMED,1.0,3.85,13.69942266
K00456.02,Kepler-160 b,7269974,287.77356,42.869282,912.06,132.24,CONFIRMED,1.0,1.89,4.309381978
K00457.01,Kepler-161 b,7440748,290.51648,43.08382,443.1,32.660000000000004,CONFIRMED,0.9642857142857143,2.14,4.9213639
K00505.05,Kepler-169 f,5689351,285.99988,40.919319,407.23,29.14,CONFIRMED,1.0,2.95,87.0912594
K00506.01,,5780715,288.50888,41.09589,979.62,233.715,FALSE POSITIVE,0.4883720930232558,3.27,1.583160478
K02871.04,,10793172,290.20163,48.185822,952.48,143.68,CANDIDATE,0.847457627118644,0.99,7.9788198
K00507.01,Kepler-582 b,5812960,297.50369,41.057018,656.61,103.21000000000001,CONFIRMED,0.9629629629629629,3.34,18.49234792
K00508.01,Kepler-170 b,6266741,284.52118,41.629601,777.46,93.4,CONFIRMED,1.0,3.05,7.930583519
K00082.04,Kepler-102 c,10187017,281.48273,47.208031,111.93,7.98,CONFIRMED,1.0,0.63,7.07136119
K00556.01,,5738496,299.67938,40.965141,840.17,176.45,FALSE POSITIVE,0.008086253369272238,25.77,9.50150926
K00557.01,Kepler-599 b,5774349,285.9115,41.069439,663.56,96.33,CONFIRMED,0.9642857142857143,2.55,15.65563866
K00331.02,,10285631,296.18344,47.358761,770.57,151.215,CANDIDATE,0.2916666666666667,23.26,10.52286678
K00558.01,Kepler-1722 b,5978361,296.66275,41.261238,643.68,108.46499999999999,CONFIRMED,0.9629629629629629,2.3,9.17858526
K00559.01,,6422367,283.4711,41.873211,577.41,77.33000000000001,FALSE POSITIVE,0.4883720930232558,1.07,4.33144839
K00560.01,Kepler-600 b,6501635,283.83307,41.978649,604.21,86.545,CONFIRMED,0.875,2.76,23.67513153
K00401.01,Kepler-149 b,3217264,285.85367,38.384121,540.97,56.355,CONFIRMED,1.0,4.15,29.19899219
K00401.02,Kepler-149 d,3217264,285.85367,38.384121,540.97,56.355,CONFIRMED,1.0,4.28,160.0191598
K00005.02,,8554498,289.73972,44.647419,426.88,27.2,FALSE POSITIVE,0.008086253369272238,,7.05185637
K00070.01,Kepler-20 c,6850504,287.698,42.338718,282.25,31.955,CONFIRMED,1.0,2.99,10.854095934
K00401.03,Kepler-149 c,3217264,285.85367,38.384121,540.97,56.355,CONFIRMED,1.0,1.67,55.3291399
K00402.01,,3342592,291.5563,38.446289,964.8,212.055,FALSE POSITIVE,0.018867924528301886,15.29,17.177328207
K00457.02,Kepler-161 c,7440748,290.51648,43.08382,443.1,32.660000000000004,CONFIRMED,1.0,2.37,7.064252021
K00458.01,,7504328,282.88269,43.191952,15960.58,2024.4099999999999,CANDIDATE,0.008086253369272238,155.12,53.71798494
K02133.02,,8219268,285.67288,44.11673,1208.2,113.85499999999999,FALSE POSITIVE,0.25,10.1,43.501748
K00459.01,Kepler-162 c,7977197,297.2789,43.724018,683.1,143.135,CONFIRMED,1.0,3.24,19.44639139
K00459.02,Kepler-162 b,7977197,297.2789,43.724018,683.1,143.135,CONFIRMED,0.9629629629629629,1.39,6.91986988
K00075.01,,7199397,291.49722,42.728481,399.01,42.480000000000004,CANDIDATE,0.847457627118644,10.16,105.8817667
K00508.02,Kepler-170 c,6266741,284.52118,41.629601,777.46,93.4,CONFIRMED,1.0,2.85,16.6658994
K00509.01,Kepler-171 b,6381846,296.77191,41.755539,809.28,79.83,CONFIRMED,1.0,2.74,4.16696628
K02876.02,,4367854,292.37903,39.435841,542.17,66.05,FALSE POSITIVE,0.008086253369272238,1.09,0.535224793
K00509.02,Kepler-171 c,6381846,296.77191,41.755539,809.28,79.83,CONFIRMED,1.0,3.0,11.46347165
K00509.03,Kepler-171 d,6381846,296.77191,41.755539,809.28,79.83,CONFIRMED,1.0,2.22,39.6034
K00510.01,Kepler-172 b,6422155,283.36841,41.821861,778.28,110.435,CONFIRMED,0.9642857142857143,2.59,2.940304817
K00561.01,Kepler-601 b,6665695,282.00461,42.176529,407.76,29.509999999999998,CONFIRMED,0.9629629629629629,1.86,5.378868001
K00563.01,Kepler-602 b,6707833,296.03198,42.14196,1102.88,192.24,CONFIRMED,0.9642857142857143,2.7,15.28467725
K03372.02,,9785921,297.4809,46.589142,1408.59,331.71000000000004,FALSE POSITIVE,0.2916666666666667,2.37,73.506021
K00564.01,Kepler-603 b,6786037,294.28098,42.29097,1139.07,177.83,CONFIRMED,1.0,2.75,21.05349939
K00564.02,Kepler-603 c,6786037,294.28098,42.29097,1139.07,177.83,CONFIRMED,1.0,8.03,127.905412
K00564.03,Kepler-603 d,6786037,294.28098,42.29097,1139.07,177.83,CONFIRMED,1.0,1.81,6.21716039
K00403.01,,4247092,286.87967,39.378391,831.8,116.255,FALSE POSITIVE,0.4883720930232558,5.05,21.05647572
K00404.01,,4949751,298.04453,40.086361,733.4,135.155,FALSE POSITIVE,0.008086253369272238,34.82,31.80514278
K01083.02,,10157458,297.39319,47.164631,983.05,209.715,CANDIDATE,0.4883720930232558,0.96,4.57797412
K00405.01,,5003117,289.36136,40.128819,544.59,107.505,FALSE POSITIVE,0.018867924528301886,15.8,37.60936976
K00406.01,,5035972,297.77219,40.15506,899.8,208.365,FALSE POSITIVE,0.008086253369272238,929.36,49.26678528
K00407.01,,5218441,299.07513,40.35833,873.94,182.95000000000002,FALSE POSITIVE,0.018867924528301886,7.05,3.613757526
K00408.01,Kepler-150 c,5351250,288.2341,40.520901,899.58,102.675,CONFIRMED,1.0,3.42,7.381980206
K00460.01,Kepler-559 b,8043638,296.63684,43.802792,879.88,142.08499999999998,CONFIRMED,1.0,4.03,17.58751692
K02174.04,,8261920,300.24222,44.141399,427.78,28.395,CANDIDATE,0.7333333333333333,0.96,3.01609637
K00461.01,,8621348,290.53214,44.77512,539.42,92.695,FALSE POSITIVE,0.008086253369272238,17.21,11.34436822
K00462.01,,8773869,298.42087,44.950802,852.59,423.71000000000004,FALSE POSITIVE,0.25,2.96,1.576341127
K00463.01,Kepler-560 b,8845205,300.20609,45.018139,72.44,16.1,CONFIRMED,0.9642857142857143,1.55,18.47762694
K00464.01,Kepler-561 b,8890783,293.7471,45.10722,671.6,140.445,CONFIRMED,1.0,7.02,58.36205791
K00464.02,Kepler-561 c,8890783,293.7471,45.10722,671.6,140.445,CONFIRMED,1.0,2.6,5.350156114
K02906.03,,6716545,297.94476,42.191879,880.86,155.535,CANDIDATE,0.9629629629629629,1.23,21.9424316
K00510.02,Kepler-172 c,6422155,283.36841,41.821861,778.28,110.435,CONFIRMED,1.0,2.89,6.38899658
K00510.03,Kepler-172 d,6422155,283.36841,41.821861,778.28,110.435,CONFIRMED,1.0,2.7,14.62709685
K00510.04,Kepler-172 e,6422155,283.36841,41.821861,778.28,110.435,CONFIRMED,1.0,3.26,35.1184432
K00511.01,Kepler-173 c,6451936,294.6467,41.884109,700.66,149.345,CONFIRMED,1.0,2.36,8.00579096
K00511.02,Kepler-173 b,6451936,294.6467,41.884109,700.66,149.345,CONFIRMED,0.875,1.28,4.26374378
K07624.01,,1723078,291.86801,37.269878,1299.62,351.96,CANDIDATE,0.008086253369272238,5.92,330.025002
K00089.01,Kepler-462 b,8056665,299.82117,43.81427,577.7,113.695,CONFIRMED,0.9642857142857143,3.37,84.6877524
K00565.01,,7025846,289.35855,42.526192,784.7,175.51,FALSE POSITIVE,0.043478260869565216,1.4,2.340523247
K00566.01,Kepler-604 b,7119481,292.31601,42.626251,922.58,217.155,CONFIRMED,1.0,2.4,25.85499978
K00567.01,Kepler-184 b,7445445,291.9519,43.074711,625.43,128.01,CONFIRMED,1.0,2.64,10.68758211
K00567.02,Kepler-184 c,7445445,291.9519,43.074711,625.43,128.01,CONFIRMED,1.0,2.16,20.30303506
K04772.03,,8397947,301.57855,44.31218,1480.52,194.235,FALSE POSITIVE,0.9629629629629629,2.99,39.0930875
K00408.02,Kepler-150 d,5351250,288.2341,40.520901,899.58,102.675,CONFIRMED,1.0,2.74,12.56096618
K00408.03,Kepler-150 e,5351250,288.2341,40.520901,899.58,102.675,CONFIRMED,1.0,3.18,30.8261043
K00070.02,Kepler-20 b,6850504,287.698,42.338718,282.25,31.955,CONFIRMED,1.0,1.78,3.696121272
K00408.04,Kepler-150 b,5351250,288.2341,40.520901,899.58,102.675,CONFIRMED,1.0,1.21,3.42806306
K00409.01,Kepler-545 b,5444548,290.56631,40.692039,787.79,112.14,CONFIRMED,0.9642857142857143,2.86,13.24931848
K00082.06,,10187017,281.48273,47.208031,111.93,7.98,FALSE POSITIVE,0.9642857142857143,0.73,22.4098677
K00465.01,,8891318,293.9285,45.142509,869.21,208.075,FALSE POSITIVE,0.043478260869565216,5.26,363.706662
K00466.01,,9008220,286.15198,45.332561,1462.72,283.375,CANDIDATE,0.25,11.73,9.391039263
K00467.01,Kepler-562 b,9583881,290.11963,46.273811,814.08,180.78,CONFIRMED,0.847457627118644,4.96,18.00932214
K00468.01,Kepler-563 b,9589524,292.44626,46.289768,599.93,80.21,CONFIRMED,0.875,3.18,22.18431824
K00076.01,,9955262,293.54199,46.82214,451.36,114.975,CANDIDATE,0.7333333333333333,10.33,77.4794704
K06048.02,,8019043,288.08749,43.876141,826.78,224.86,FALSE POSITIVE,0.008086253369272238,,0.80489537
K06245.03,,11775507,297.51782,49.917702,407.95,101.16499999999999,FALSE POSITIVE,0.018867924528301886,1.21,276.32360146
K00082.05,Kepler-102 b,10187017,281.48273,47.208031,111.93,7.98,CONFIRMED,0.9642857142857143,0.51,5.28691996
K00512.01,Kepler-583 b,6838050,282.11133,42.3545,1031.9,246.465,CONFIRMED,0.9642857142857143,2.78,6.51003001
K00513.01,Kepler-584 b,6937692,288.23059,42.41362,1442.18,340.08500000000004,CONFIRMED,0.9629629629629629,4.17,35.18105723
K00514.01,,7602070,290.02872,43.261089,588.95,98.45,FALSE POSITIVE,0.008086253369272238,22.39,11.75560012
K00515.01,,7812179,288.02509,43.544579,580.72,105.31,FALSE POSITIVE,0.008086253369272238,25.27,17.79421914
K07625.01,,1868404,291.48425,37.397282,493.91,157.33499999999998,FALSE POSITIVE,0.008086253369272238,0.83,6.12601169
K00567.03,Kepler-184 d,7445445,291.9519,43.074711,625.43,128.01,CONFIRMED,1.0,2.55,29.02235217
K00568.01,Kepler-605 b,7595157,287.29544,43.279869,602.23,78.89,CONFIRMED,0.9629629629629629,1.65,3.383540239
K00568.02,Kepler-605 c,7595157,287.29544,43.279869,602.23,78.89,CONFIRMED,0.9629629629629629,0.96,2.358952404
K00569.01,Kepler-185 c,8008206,282.46811,43.889912,496.47,32.015,CONFIRMED,1.0,1.94,20.72904234
K00569.02,Kepler-185 b,8008206,282.46811,43.889912,496.47,32.015,CONFIRMED,0.875,1.13,1.632916419
K04773.02,,7906892,296.8432,43.697441,622.07,87.94,CANDIDATE,0.2916666666666667,0.75,11.1438086
K00410.01,,5449777,292.24802,40.696049,912.34,210.58499999999998,FALSE POSITIVE,0.008086253369272238,41.57,7.216951388
K00411.01,,5478055,299.00867,40.662231,796.89,195.825,FALSE POSITIVE,0.008086253369272238,32.21,15.85238672
K00412.01,Kepler-546 b,5683743,283.2576,40.990501,893.05,223.91000000000003,CONFIRMED,0.9642857142857143,7.31,4.147021189
K00413.01,Kepler-151 b,5791986,292.16278,41.023239,640.48,115.75,CONFIRMED,1.0,3.0,15.22895514
K00413.02,Kepler-151 c,5791986,292.16278,41.023239,640.48,115.75,CONFIRMED,1.0,2.33,24.67458244
K04846.02,,8320630,298.28214,44.27206,909.52,179.955,CANDIDATE,0.4883720930232558,1.26,32.526674
K00469.01,,9703198,288.63785,46.421471,1091.18,245.97000000000003,CANDIDATE,0.4883720930232558,6.17,10.32906563
K00470.01,Kepler-564 b,9844088,296.83838,46.6264,861.49,171.355,CONFIRMED,0.9629629629629629,4.61,3.750832927
K00471.01,Kepler-163 c,10019643,295.00281,46.987331,766.65,116.44,CONFIRMED,1.0,3.2,21.34736612
K00471.02,Kepler-163 b,10019643,295.00281,46.987331,766.65,116.44,CONFIRMED,0.9642857142857143,1.36,7.81100952
K00472.01,Kepler-565 b,10123064,283.61795,47.196678,921.5,192.29,CONFIRMED,0.847457627118644,3.16,4.243748097
K06612.02,,5653126,299.702,40.896271,1037.19,357.53499999999997,FALSE POSITIVE,0.008086253369272238,0.48,2.404483552
K00516.01,,7840044,297.27911,43.567871,829.07,178.78,FALSE POSITIVE,0.4883720930232558,2.01,13.54204116
K00517.01,Kepler-585 b,8015907,286.5285,43.873402,552.52,51.22,CONFIRMED,0.9629629629629629,2.54,2.752359689
K00518.01,Kepler-174 b,8017703,287.43918,43.832088,343.23,22.25,CONFIRMED,1.0,2.09,13.98177862
K00518.02,Kepler-174 c,8017703,287.43918,43.832088,343.23,22.25,CONFIRMED,1.0,1.56,44.0003975
K00518.03,Kepler-174 d,8017703,287.43918,43.832088,343.23,22.25,CONFIRMED,0.9642857142857143,2.29,247.354914
K07626.01,,1995712,286.21048,37.465591,1020.39,227.48,FALSE POSITIVE,0.008086253369272238,2.46,462.12069
K00570.01,,8106610,294.90851,43.986568,1129.81,280.78499999999997,FALSE POSITIVE,0.043478260869565216,4.06,12.39894005
K00089.02,Kepler-462 c,8056665,299.82117,43.81427,577.7,113.695,CONFIRMED,0.875,4.52,207.5829306
K00571.01,Kepler-186 c,8120608,298.65271,43.955021,141.28,17.6,CONFIRMED,1.0,1.14,7.26731094
K00571.02,Kepler-186 d,8120608,298.65271,43.955021,141.28,17.6,CONFIRMED,1.0,1.29,13.3430025
K00571.03,Kepler-186 b,8120608,298.65271,43.955021,141.28,17.6,CONFIRMED,1.0,0.97,3.886795001
K00571.04,Kepler-186 e,8120608,298.65271,43.955021,141.28,17.6,CONFIRMED,1.0,1.15,22.40777833
K00414.01,,5872150,290.42538,41.139149,1009.99,242.8,FALSE POSITIVE,0.2916666666666667,17.53,20.35509657
K00414.02,,5872150,290.42538,41.139149,1009.99,242.8,FALSE POSITIVE,0.847457627118644,2.77,5.92240377
K00415.01,,6289650,293.30606,41.606369,725.3,95.85,CANDIDATE,0.9629629629629629,7.03,166.7876551
K00070.03,Kepler-20 d,6850504,287.698,42.338718,282.25,31.955,CONFIRMED,1.0,2.59,77.6114427
K00416.01,Kepler-152 b,6508221,286.86548,41.989079,432.5,30.945,CONFIRMED,1.0,3.08,18.20795835
K04896.02,,11135694,290.90042,48.74614,1407.5,326.63,CANDIDATE,0.25,1.48,49.537365
K00473.01,Kepler-1720 b,10155434,296.80865,47.17194,671.01,122.20500000000001,CONFIRMED,0.9642857142857143,2.75,12.70636123
K00474.01,Kepler-164 c,10460984,287.78085,47.62991,892.47,136.345,CONFIRMED,1.0,2.84,10.94577783
K00474.02,Kepler-164 d,10460984,287.78085,47.62991,892.47,136.345,CONFIRMED,1.0,2.7,28.9869016
K00474.03,Kepler-164 e,10460984,287.78085,47.62991,892.47,136.345,CONFIRMED,0.9642857142857143,4.24,94.886902
K00474.04,Kepler-164 b,10460984,287.78085,47.62991,892.47,136.345,CONFIRMED,1.0,1.63,5.03505665
K06707.02,,6436505,289.70703,41.84354,1042.04,162.44,FALSE POSITIVE,0.25,1.31,24.7222403
K00519.01,Kepler-175 b,8022244,289.55328,43.876179,1059.33,239.32999999999998,CONFIRMED,1.0,2.56,11.90352088
K00084.01,Kepler-19 b,2571238,290.42081,37.851799,197.28,19.19,CONFIRMED,1.0,2.1,9.286964466
K00519.02,Kepler-175 c,8022244,289.55328,43.876179,1059.33,239.32999999999998,CONFIRMED,1.0,2.76,34.0350605
K00520.01,Kepler-176 c,8037145,294.66797,43.85326,514.86,34.17,CONFIRMED,1.0,2.58,12.75934489
K00520.02,Kepler-176 b,8037145,294.66797,43.85326,514.86,34.17,CONFIRMED,1.0,1.61,5.433132902
K07627.01,,2140389,285.91641,37.59428,788.96,109.67500000000001,FALSE POSITIVE,0.008086253369272238,29.01,0.967427812
K00572.01,Kepler-187 c,8193178,299.79645,44.08931,885.8,140.735,CONFIRMED,1.0,2.87,10.64021008
K00572.02,Kepler-187 b,8193178,299.79645,44.08931,885.8,140.735,CONFIRMED,0.9642857142857143,1.44,4.93883135
K00573.01,Kepler-188 c,8344004,281.27972,44.315529,970.29,141.05,CONFIRMED,1.0,2.96,5.996533443
K00573.02,Kepler-188 b,8344004,281.27972,44.315529,970.29,141.05,CONFIRMED,0.847457627118644,1.63,2.06190864
K00574.01,Kepler-189 c,8355239,287.56473,44.305,595.11,39.45,CONFIRMED,1.0,2.98,20.13490007
K04838.03,,8216763,284.26859,44.19754,345.15,38.12,CANDIDATE,0.4883720930232558,1.1,24.0721647
K00416.02,Kepler-152 c,6508221,286.86548,41.989079,432.5,30.945,CONFIRMED,1.0,2.96,88.2553729
K00417.01,,6879865,296.24954,42.33548,840.6,172.565,CANDIDATE,0.018867924528301886,12.23,19.193103549
K00418.01,,7975727,296.89938,43.707218,537.66,81.97,FALSE POSITIVE,0.043478260869565216,9.94,22.418319842
K00419.01,,8219673,285.89124,44.181728,824.67,172.315,FALSE POSITIVE,0.008086253369272238,39.89,20.131477716
K00420.01,Kepler-547 b,8352537,286.11868,44.34528,358.78,39.81,CONFIRMED,0.9642857142857143,3.8,6.010383339
K05007.02,,3758499,294.36734,38.846889,1071.01,344.17,CANDIDATE,0.9629629629629629,2.27,80.881757
K00006.01,,3248033,294.59955,38.366772,536.97,101.33500000000001,FALSE POSITIVE,0.4883720930232558,1.74,1.334101467
K00080.01,,9552608,300.53757,46.10434,1085.0,401.265,CANDIDATE,0.0,96.08,9.250572762
K00475.01,Kepler-165 b,10577994,280.69101,47.809738,581.03,39.965,CONFIRMED,1.0,2.1,8.1808949
K00475.02,Kepler-165 c,10577994,280.69101,47.809738,581.03,39.965,CONFIRMED,1.0,2.34,15.31296388
K00476.01,Kepler-566 b,10599206,291.5545,47.81448,556.91,34.29,CONFIRMED,0.9642857142857143,2.24,18.42794957
K06765.02,,6768616,289.04434,42.280022,1144.38,263.93,FALSE POSITIVE,0.25,1.1,8.8249556
K00725.01,,10068383,289.0058,47.040421,847.45,118.165,FALSE POSITIVE,0.008086253369272238,10.86,7.30497811
K00726.01,,10157573,297.43201,47.128551,1373.36,331.955,FALSE POSITIVE,0.008086253369272238,60.74,5.115750935
K00727.01,,10191070,283.8757,47.231918,651.68,74.66499999999999,FALSE POSITIVE,0.018867924528301886,21.69,1.213745575
K00728.01,,10221013,296.6423,47.230331,1429.32,345.44,CANDIDATE,0.4883720930232558,11.94,7.189379172
K00729.01,,10225800,298.00024,47.243649,1391.22,305.91,FALSE POSITIVE,0.043478260869565216,4.69,1.423799421
K07628.01,,2299738,290.71725,37.64901,346.06,41.67,CANDIDATE,0.008086253369272238,0.69,1.8134378
K00730.01,Kepler-223 d,10227020,298.31836,47.279491,1442.88,227.25,CONFIRMED,1.0,3.46,14.78767172
K00627.02,Kepler-625 c,4563268,292.15045,39.637581,439.16,45.885,CONFIRMED,0.9629629629629629,1.0,4.16536757
K00628.01,Kepler-626 b,4644604,288.69864,39.70829,695.26,98.53999999999999,CONFIRMED,0.9629629629629629,2.88,14.48584765
K00629.01,Kepler-627 b,4656049,292.10428,39.76791,1004.57,257.22,CONFIRMED,0.9629629629629629,3.2,40.6992062
K00630.01,,4659405,293.08734,39.799122,672.61,157.09,FALSE POSITIVE,0.25,3.69,4.532402495
K05449.02,,7941635,283.5701,43.736118,673.87,148.19,FALSE POSITIVE,0.4637340776522534,24.74,25.273355
K00631.01,Kepler-628 b,4742414,290.44928,39.854801,634.36,111.32,CONFIRMED,0.9629629629629629,9.11,15.458056682
K00682.01,,7619236,295.198,43.269508,719.49,115.7,CANDIDATE,0.4883720930232558,10.9,562.1725914
K00683.01,,7630229,297.82431,43.258381,622.14,77.42,CANDIDATE,0.625,5.86,278.1243979
K00684.01,,7730747,281.29028,43.413342,972.02,319.99,CANDIDATE,0.4883720930232558,6.95,4.034914368
K00685.01,Kepler-644 b,7764367,295.47574,43.493141,1189.19,336.235,CONFIRMED,0.7333333333333333,3.07,3.173914037
K07124.02,,9024857,292.87848,45.344372,913.99,165.515,FALSE POSITIVE,0.008086253369272238,2.74,379.11996
K00686.01,,7906882,296.84076,43.647121,482.29,60.775000000000006,CANDIDATE,0.847457627118644,12.43,52.513548727
K00687.01,,7976520,297.11713,43.71143,948.12,165.935,CANDIDATE,0.4883720930232558,3.13,4.17838675
K00730.02,Kepler-223 c,10227020,298.31836,47.279491,1442.88,227.25,CONFIRMED,1.0,2.68,9.84824649
K00730.03,Kepler-223 e,10227020,298.31836,47.279491,1442.88,227.25,CONFIRMED,1.0,3.57,19.7243672
K00111.03,Kepler-104 d,6678383,287.60461,42.166779,383.28,49.235,CONFIRMED,1.0,2.61,51.75530504
K07630.01,,2302997,291.4549,37.67712,188.08,16.155,CANDIDATE,0.018867924528301886,0.78,16.2982201
K00730.04,Kepler-223 b,10227020,298.31836,47.279491,1442.88,227.25,CONFIRMED,1.0,2.42,7.38443269
K00731.01,,10259031,284.67569,47.339211,1159.17,206.395,FALSE POSITIVE,0.008086253369272238,171.85,7.06115081
K00099.01,,8505215,295.43433,44.53112,223.22,15.89,CANDIDATE,0.847457627118644,3.12,2190.7010353
K00632.01,Kepler-629 b,4827723,289.41782,39.945011,369.32,33.24,CONFIRMED,0.9642857142857143,1.34,7.23858162
K00633.01,Kepler-630 b,4841374,293.42703,39.942429,634.95,84.8,CONFIRMED,0.9629629629629629,3.25,161.4746786
K00634.01,,4861736,298.02615,39.918331,590.69,121.095,FALSE POSITIVE,0.008086253369272238,4.87,6.277827312
K00635.01,Kepler-1725 b,5020319,294.37354,40.19463,522.62,68.185,CONFIRMED,0.9629629629629629,2.52,16.71987303
K00636.01,,5090690,289.19144,40.263184,1444.13,459.65000000000003,FALSE POSITIVE,0.0,55.2,12.011661094
K00688.01,Kepler-645 b,8161561,290.32278,44.035809,1449.18,318.29499999999996,CONFIRMED,0.625,3.54,3.275821982
K00689.01,Kepler-646 b,8361905,290.47134,44.387081,410.69,71.55,CONFIRMED,0.9629629629629629,1.53,15.87360981
K00547.03,Kepler-595 c,12116489,294.5704,50.673019,642.18,54.01,CONFIRMED,0.847457627118644,1.11,12.3860474
K00690.01,,8409588,281.50342,44.409458,553.99,116.435,FALSE POSITIVE,0.008086253369272238,7.24,1.360834768
K00107.01,Kepler-464 b,11250587,294.83517,48.982361,603.71,33.754999999999995,CONFIRMED,0.9629629629629629,3.53,7.256962446
K00691.01,Kepler-647 c,8480285,284.7883,44.591679,765.94,114.4,CONFIRMED,1.0,2.83,29.66631669
K00691.02,Kepler-647 b,8480285,284.7883,44.591679,765.94,114.4,CONFIRMED,0.9642857142857143,1.21,16.2254975
K00732.01,Kepler-656 b,10265898,288.32791,47.381592,1063.61,220.2,CONFIRMED,0.847457627118644,3.57,1.260258822
K00732.02,,10265898,288.32791,47.381592,1063.61,220.2,CANDIDATE,0.847457627118644,1.23,3.29534567
K07629.01,,2302758,291.40289,37.676689,886.58,92.24000000000001,FALSE POSITIVE,0.043478260869565216,0.94,0.542122617
K00732.03,Kepler-656 c,10265898,288.32791,47.381592,1063.61,220.2,CONFIRMED,0.9629629629629629,1.41,5.25449393
K00733.01,Kepler-224 c,10271806,290.9343,47.357601,706.44,48.599999999999994,CONFIRMED,0.9642857142857143,3.15,5.924993927
K00733.02,Kepler-224 d,10271806,290.9343,47.357601,706.44,48.599999999999994,CONFIRMED,1.0,2.39,11.34934848
K00637.01,,5098444,291.56332,40.26778,202.12,16.99,FALSE POSITIVE,0.018867924528301886,7.37,26.94927489
K00638.01,Kepler-199 b,5113822,295.55942,40.236271,484.96,47.125,CONFIRMED,1.0,2.9,23.6421965
K00638.02,Kepler-199 c,5113822,295.55942,40.236271,484.96,47.125,CONFIRMED,0.9629629629629629,3.51,67.0930642
K00639.01,Kepler-631 b,5120087,296.88577,40.22823,809.09,115.9,CONFIRMED,1.0,2.89,17.97979816
K00640.01,Kepler-632 b,5121511,297.25262,40.288601,354.22,30.54,CONFIRMED,1.0,2.43,30.99664113
K00692.01,Kepler-213 b,8557374,290.82419,44.647179,565.45,65.155,CONFIRMED,0.9629629629629629,1.33,2.462344253
K00692.02,Kepler-213 c,8557374,290.82419,44.647179,565.45,65.155,CONFIRMED,0.9629629629629629,2.22,4.822969318
K00548.02,,12600735,289.50067,51.68573,900.5,121.475,CANDIDATE,0.4883720930232558,0.86,6.0799457
K00693.01,Kepler-214 c,8738735,284.75485,44.956032,758.13,97.075,CONFIRMED,0.9629629629629629,1.95,28.7796446
K00693.02,Kepler-214 b,8738735,284.75485,44.956032,758.13,97.075,CONFIRMED,0.9629629629629629,2.05,15.66057688
K00694.01,Kepler-648 b,8802165,283.89966,45.016891,628.51,70.95,CONFIRMED,0.9642857142857143,3.11,17.42115972
K00733.03,Kepler-224 b,10271806,290.9343,47.357601,706.44,48.599999999999994,CONFIRMED,1.0,1.39,3.13295351
K00733.04,Kepler-224 e,10271806,290.9343,47.357601,706.44,48.599999999999994,CONFIRMED,1.0,2.14,18.64349986
K00408.05,,5351250,288.2341,40.520901,899.58,102.675,FALSE POSITIVE,0.4883720930232558,2.05,93.803766
K00734.01,Kepler-657 b,10272442,291.1973,47.3078,1114.12,229.22,CONFIRMED,0.9629629629629629,3.08,24.5434566
K00112.01,Kepler-466 b,10984090,295.64871,48.49556,407.34,52.959999999999994,CONFIRMED,1.0,2.75,51.07926451
K00734.02,,10272442,291.1973,47.3078,1114.12,229.22,CANDIDATE,0.847457627118644,2.54,70.2780911
K00100.01,,4055765,291.17792,39.19949,1296.72,250.015,CANDIDATE,0.008086253369272238,16.89,9.9664004
K00641.01,,5131180,299.29947,40.235069,157.58,9.315000000000001,CANDIDATE,0.9629629629629629,2.73,14.85185526
K00642.01,,5181817,290.2316,40.356571,424.38,87.48,FALSE POSITIVE,0.25,1.26,4.350413063
K00643.01,,5309353,299.6813,40.428425,479.96,69.975,FALSE POSITIVE,0.4883720930232558,1.47,1.376384817
K00644.01,,5356593,289.96674,40.532661,525.83,80.25999999999999,FALSE POSITIVE,0.25,17.09,45.977861823
K00695.01,Kepler-649 b,8805348,285.65594,45.079559,476.33,52.629999999999995,CONFIRMED,0.9642857142857143,2.16,29.90721859
K00696.01,,8869680,284.88037,45.134621,1070.55,281.33,FALSE POSITIVE,0.7259984614705217,2.61,7.03380109
K07378.02,,10843431,282.37042,48.259289,642.19,77.355,CANDIDATE,0.4883720930232558,3.58,56.391062
K00697.01,Kepler-650 b,8878187,289.00089,45.15427,834.93,156.225,CONFIRMED,0.625,3.62,3.032147946
K00108.01,Kepler-103 b,4914423,288.98456,40.064529,455.69,28.445,CONFIRMED,1.0,3.33,15.96532718
K00698.01,,8891278,293.91364,45.189793,1307.78,413.6,FALSE POSITIVE,0.008086253369272238,120.02,12.718711489
K00735.01,,10287242,296.69336,47.392151,740.86,92.65,CANDIDATE,0.008086253369272238,5.19,22.34213536
K00736.01,Kepler-225 c,10340423,292.19397,47.457088,444.9,30.87,CONFIRMED,1.0,2.33,18.79418506
K00736.02,Kepler-225 b,10340423,292.19397,47.457088,444.9,30.87,CONFIRMED,1.0,1.44,6.73893544
K00737.01,,10345478,294.121,47.408791,839.33,117.6,FALSE POSITIVE,0.043478260869565216,5.16,14.49839316
K00738.01,Kepler-29 b,10358759,298.34833,47.49123,1009.55,74.865,CONFIRMED,0.9642857142857143,2.98,10.3392408
K00645.01,Kepler-633 b,5374854,295.21744,40.592251,696.35,118.24000000000001,CONFIRMED,1.0,1.95,8.50339249
K00645.02,Kepler-633 c,5374854,295.21744,40.592251,696.35,118.24000000000001,CONFIRMED,1.0,2.01,23.7832097
K00646.01,,5384802,297.44904,40.510899,878.97,120.94,FALSE POSITIVE,0.0,60.05,3.041547148
K00647.01,Kepler-634 b,5531694,291.19507,40.702702,817.49,152.47,CONFIRMED,1.0,2.06,5.16949729
K00648.01,,5596440,282.72067,40.899181,1799.54,480.885,CANDIDATE,0.0,15.45,10.47490332
K00699.01,,8908102,298.83603,45.11652,1564.05,571.345,FALSE POSITIVE,0.008086253369272238,116.93,5.41460536
K00700.01,Kepler-215 d,8962094,294.97351,45.213692,442.69,44.13,CONFIRMED,1.0,2.23,30.86436512
K00700.02,Kepler-215 b,8962094,294.97351,45.213692,442.69,44.13,CONFIRMED,1.0,1.42,9.36059705
K00700.03,Kepler-215 c,8962094,294.97351,45.213692,442.69,44.13,CONFIRMED,1.0,1.21,14.6672293
K00700.04,Kepler-215 e,8962094,294.97351,45.213692,442.69,44.13,CONFIRMED,1.0,1.45,68.1609897
K00738.02,Kepler-29 c,10358759,298.34833,47.49123,1009.55,74.865,CONFIRMED,1.0,2.78,13.28689997
K00739.01,Kepler-658 b,10386984,282.9838,47.57859,262.83,25.604999999999997,CONFIRMED,0.847457627118644,1.39,1.287076693
K04388.02,,9588822,292.13428,46.202419,672.88,299.895,CANDIDATE,0.25,2.47,61.858947
K00740.01,Kepler-659 b,10395381,287.60818,47.509682,615.94,69.38,CONFIRMED,0.9629629629629629,2.44,17.6717714
K00741.01,,10418797,296.95724,47.55381,1024.99,209.39499999999998,FALSE POSITIVE,0.008086253369272238,21.55,23.355341391
K00649.01,Kepler-635 b,5613330,289.77325,40.80072,820.15,142.995,CONFIRMED,1.0,2.71,23.44970494
K00102.01,Kepler-1990 b,8456679,299.70474,44.435749,368.89,48.239999999999995,CONFIRMED,0.9642857142857143,3.27,1.73513619
K00650.01,Kepler-1665 b,5786676,290.39618,41.040081,668.87,223.105,CONFIRMED,0.847457627118644,5.15,11.95474513
K00651.01,,5796186,293.45612,41.048222,613.75,62.394999999999996,FALSE POSITIVE,0.847457627118644,5.45,42.55930625
K00652.01,Kepler-636 b,5796675,293.59189,41.095161,368.0,30.03,CONFIRMED,0.9629629629629629,4.43,16.080657264
K00701.01,Kepler-62 d,9002278,283.21274,45.349861,279.23,18.72,CONFIRMED,1.0,1.98,18.16407304
K07521.02,,12306808,291.11057,51.058929,386.81,65.21,FALSE POSITIVE,0.25,1.42,7.334073405
K00701.02,Kepler-62 b,9002278,283.21274,45.349861,279.23,18.72,CONFIRMED,1.0,1.33,5.71489692
K00701.03,Kepler-62 e,9002278,283.21274,45.349861,279.23,18.72,CONFIRMED,1.0,1.72,122.3858681
K00702.01,,9053112,300.72702,45.305538,1273.4,606.965,FALSE POSITIVE,0.0,66.76,1.274840187
K00108.02,Kepler-103 c,4914423,288.98456,40.064529,455.69,28.445,CONFIRMED,1.0,5.47,179.609803
K00703.01,,9162741,294.91202,45.566685,858.82,244.56,FALSE POSITIVE,0.008086253369272238,1.84,1.368617188
K00653.01,,5893123,296.43567,41.134602,761.59,105.19500000000001,FALSE POSITIVE,0.018867924528301886,1.41,1.125963085
K00654.01,Kepler-200 b,5941160,284.40991,41.237461,601.11,73.16,CONFIRMED,0.9642857142857143,1.75,8.59481851
K00654.02,Kepler-200 c,5941160,284.40991,41.237461,601.11,73.16,CONFIRMED,0.9642857142857143,1.72,10.22215697
K00655.01,Kepler-201 b,5966154,293.62604,41.27282,566.32,75.65,CONFIRMED,0.9642857142857143,2.68,25.6721559
K00655.02,Kepler-201 c,5966154,293.62604,41.27282,566.32,75.65,CONFIRMED,0.9629629629629629,2.47,151.8851881
K07544.02,,3749508,292.1059,38.83622,4992.23,1953.415,FALSE POSITIVE,0.008086253369272238,384.26,1.065731229
K00704.01,Kepler-1726 b,9266431,284.38617,45.719711,400.4,33.105000000000004,CONFIRMED,0.9642857142857143,2.47,18.39629744
K00705.01,,9300285,298.45319,45.746101,965.32,238.08999999999997,FALSE POSITIVE,0.008086253369272238,5.89,1.012672041
K00706.01,,9426071,299.28305,45.964439,1005.05,250.96499999999997,FALSE POSITIVE,0.0,42.19,28.714216138
K00707.01,Kepler-33 d,9458613,289.07755,46.005219,1154.38,243.39999999999998,CONFIRMED,1.0,4.76,21.77568158
K00707.02,Kepler-33 f,9458613,289.07755,46.005219,1154.38,243.39999999999998,CONFIRMED,1.0,3.92,41.0283424
K04453.02,,10729472,291.16476,48.052429,1063.42,211.29,FALSE POSITIVE,0.008086253369272238,0.64,0.83442282
K00656.01,,5966660,293.7756,41.228489,818.1,97.725,FALSE POSITIVE,0.008086253369272238,2.72,1.906633332
K00657.01,Kepler-202 b,6020753,282.97342,41.32201,269.03,18.82,CONFIRMED,1.0,1.53,4.069425638
K00102.02,Kepler-1990 c,8456679,299.70474,44.435749,368.89,48.239999999999995,CONFIRMED,0.9629629629629629,0.98,4.06844957
K00657.02,Kepler-202 c,6020753,282.97342,41.32201,269.03,18.82,CONFIRMED,1.0,1.88,16.28247625
K00658.01,Kepler-203 b,6062088,297.09,41.388031,716.61,102.415,CONFIRMED,1.0,2.61,3.162692075
K00707.03,Kepler-33 e,9458613,289.07755,46.005219,1154.38,243.39999999999998,CONFIRMED,1.0,3.55,31.7848157
K00707.04,Kepler-33 c,9458613,289.07755,46.005219,1154.38,243.39999999999998,CONFIRMED,1.0,2.82,13.17555999
K00707.05,Kepler-33 b,9458613,289.07755,46.005219,1154.38,243.39999999999998,CONFIRMED,1.0,1.85,5.66815821
K00708.01,Kepler-216 c,9530945,293.72806,46.12915,881.34,144.72,CONFIRMED,1.0,2.95,17.40665216
K04577.02,,10610039,295.6709,47.830399,869.21,174.055,CANDIDATE,0.4883720930232558,0.79,3.07365139
K00109.01,,4752451,293.45428,39.803928,417.31,87.71,FALSE POSITIVE,0.008086253369272238,25.79,6.41496453
K00658.02,Kepler-203 c,6062088,297.09,41.388031,716.61,102.415,CONFIRMED,1.0,2.54,5.370639542
K00658.03,Kepler-203 d,6062088,297.09,41.388031,716.61,102.415,CONFIRMED,1.0,1.37,11.32977062
K00659.01,Kepler-637 b,6125481,292.41721,41.41687,1652.51,437.53999999999996,CONFIRMED,0.847457627118644,5.86,23.20579353
K00660.01,Kepler-638 b,6267535,284.91943,41.617191,618.72,131.075,CONFIRMED,0.625,2.32,6.07972016
K07621.01,,1025986,291.03369,36.771042,132.2,25.035,CANDIDATE,0.008086253369272238,1.86,275.07365
K00661.01,Kepler-204 b,6347299,285.3472,41.761921,798.24,130.415,CONFIRMED,1.0,2.71,14.40090414
K00708.02,Kepler-216 b,9530945,293.72806,46.12915,881.34,144.72,CONFIRMED,1.0,2.12,7.69363627
K00709.01,Kepler-651 b,9578686,287.33279,46.20351,477.58,42.625,CONFIRMED,0.9629629629629629,2.17,21.3851584
K00710.01,Kepler-217 b,9590976,293.03775,46.277519,926.16,176.70499999999998,CONFIRMED,1.0,2.12,5.37493289
K00710.02,Kepler-217 c,9590976,293.03775,46.277519,926.16,176.70499999999998,CONFIRMED,0.9642857142857143,1.84,8.58600968
K04622.02,,11284772,284.56689,49.01255,279.2,18.625,CANDIDATE,0.7333333333333333,0.73,4.50158249
K00710.03,Kepler-217 d,9590976,293.03775,46.277519,926.16,176.70499999999998,CONFIRMED,1.0,1.29,3.88688862
K00603.01,,2441151,290.93726,37.703972,874.75,188.07999999999998,FALSE POSITIVE,0.008086253369272238,35.9,2.192009479
K00604.01,,3970233,295.48187,39.017288,491.01,76.085,FALSE POSITIVE,0.018867924528301886,11.86,8.254912972
K00605.01,Kepler-621 b,4832837,290.92731,39.91415,260.46,63.114999999999995,CONFIRMED,1.0,1.77,2.628117322
K00605.02,,4832837,290.92731,39.91415,260.46,63.114999999999995,CANDIDATE,0.7333333333333333,0.62,5.06546874
K00606.01,,5014753,292.87039,40.105331,821.74,191.435,FALSE POSITIVE,0.008086253369272238,14.37,3.170626881
K00607.01,,5441980,289.80908,40.615841,670.41,54.795,CANDIDATE,0.4883720930232558,11.16,5.89399142
K00661.02,Kepler-204 c,6347299,285.3472,41.761921,798.24,130.415,CONFIRMED,1.0,1.78,25.6613816
K00662.01,Kepler-639 b,6365156,292.18689,41.727051,667.26,109.28,CONFIRMED,0.9642857142857143,2.29,10.21418792
K00663.01,Kepler-205 b,6425957,285.28711,41.861172,135.82,10.88,CONFIRMED,1.0,1.37,2.755637216
K07622.01,,1293046,291.02655,36.91637,375.01,42.765,FALSE POSITIVE,0.008086253369272238,1.5,36.2671673
K00103.01,Kepler-1710 b,2444412,291.68335,37.751591,306.57,33.125,CONFIRMED,1.0,2.62,14.91095177
K00663.02,Kepler-205 c,6425957,285.28711,41.861172,135.82,10.88,CONFIRMED,1.0,1.58,20.30652862
K00711.01,Kepler-218 c,9597345,295.41281,46.266472,624.81,81.86500000000001,CONFIRMED,1.0,3.05,44.6996563
K00711.02,Kepler-218 b,9597345,295.41281,46.266472,624.81,81.86500000000001,CONFIRMED,1.0,1.47,3.619309734
K00711.03,Kepler-218 d,9597345,295.41281,46.266472,624.81,81.86500000000001,CONFIRMED,1.0,2.69,124.5245224
K04692.02,,10972902,290.44476,48.462891,778.06,158.475,CANDIDATE,0.25,0.72,7.6720844
K00712.01,,9640976,287.99124,46.35688,492.73,92.925,FALSE POSITIVE,0.2916666666666667,1.11,2.178150857
K00713.01,,9640985,287.99609,46.32943,1039.48,254.865,FALSE POSITIVE,0.0,34.19,2.178150567
K00608.01,,5562784,298.86972,40.71991,312.57,32.089999999999996,FALSE POSITIVE,0.25,3.47,25.33709016
K00609.01,,5608566,288.16071,40.878891,957.83,245.06,FALSE POSITIVE,0.008086253369272238,13.57,4.396999852
K00610.01,Kepler-622 b,5686174,284.47849,40.933102,238.78,17.93,CONFIRMED,0.9629629629629629,1.82,14.28228147
K00611.01,,6309763,298.29404,41.6838,824.74,179.85,CANDIDATE,0.2916666666666667,9.83,3.251659087
K00008.01,,5903312,298.66101,41.13789,339.08,39.775,FALSE POSITIVE,0.25,1.4,1.16015259
K00094.04,Kepler-89 b,6462863,297.33307,41.891121,447.43,76.175,CONFIRMED,1.0,1.5,3.743166733
K00664.01,Kepler-206 c,6442340,291.63467,41.833858,594.66,91.7,CONFIRMED,1.0,1.85,13.13747785
K00664.02,Kepler-206 b,6442340,291.63467,41.833858,594.66,91.7,CONFIRMED,1.0,1.32,7.78199862
K07623.01,,1434395,291.85648,37.065651,4437.8,1048.345,FALSE POSITIVE,0.008086253369272238,34.14,2.2227289
K00664.03,Kepler-206 d,6442340,291.63467,41.833858,594.66,91.7,CONFIRMED,0.9642857142857143,1.29,23.4433748
K00665.01,Kepler-207 d,6685609,290.03052,42.16605,748.13,145.725,CONFIRMED,1.0,3.6,5.868066282
K00665.02,Kepler-207 b,6685609,290.03052,42.16605,748.13,145.725,CONFIRMED,0.847457627118644,1.72,1.61189046
K00110.01,Kepler-465 b,9450647,284.55573,46.063831,547.18,79.36,CONFIRMED,1.0,2.87,9.940666412
K00714.01,Kepler-652 b,9702072,288.00812,46.47356,395.36,34.85,CONFIRMED,0.9642857142857143,2.46,4.182001885
K04700.02,,9413156,295.36145,45.914841,1101.09,199.72,CANDIDATE,0.25,1.83,66.47762
K00715.01,,9834719,293.42636,46.68792,648.1,152.955,FALSE POSITIVE,0.0,32.76,1.621668852
K00716.01,,9846348,297.49216,46.694519,571.13,126.12,CANDIDATE,0.018867924528301886,6.78,26.89316101
K00717.01,Kepler-653 b,9873254,282.21292,46.717819,626.36,109.3,CONFIRMED,1.0,2.04,14.70749512
K00612.01,Kepler-196 b,6587002,284.96851,42.079201,430.02,33.254999999999995,CONFIRMED,1.0,2.11,20.73989406
K00612.02,Kepler-196 c,6587002,284.96851,42.079201,430.02,33.254999999999995,CONFIRMED,1.0,2.33,47.4277116
K00613.01,,6960456,295.19717,42.416939,685.59,120.905,FALSE POSITIVE,0.25,1.38,5.07442951
K00614.01,Kepler-434 b,7368664,293.58636,42.928909,1241.82,222.22,CONFIRMED,0.847457627118644,11.26,12.874712426
K00615.01,,8374580,295.0256,44.330189,910.57,177.89,FALSE POSITIVE,0.008086253369272238,48.15,176.2432946
K00665.03,Kepler-207 c,6685609,290.03052,42.16605,748.13,145.725,CONFIRMED,0.9629629629629629,1.65,3.07155284
K00666.01,Kepler-640 b,6707835,296.0322,42.131672,522.42,57.465,CONFIRMED,0.9629629629629629,2.72,22.24814617
K07636.01,,2696205,286.89841,37.93745,681.82,106.195,CANDIDATE,0.008086253369272238,0.73,0.702739679
K00668.01,,6805146,298.59164,42.206429,1514.02,399.95,FALSE POSITIVE,0.008086253369272238,47.58,13.779711352
K00104.01,Kepler-94 b,10318874,281.19473,47.497131,192.7,12.18,CONFIRMED,0.9629629629629629,3.25,2.508057497
K00669.01,,6960445,295.19562,42.417068,523.13,105.005,FALSE POSITIVE,0.008086253369272238,23.71,5.07437786
K00717.02,Kepler-653 c,9873254,282.21292,46.717819,626.36,109.3,CONFIRMED,0.847457627118644,0.82,0.900375925
K00718.01,Kepler-219 b,9884104,288.73898,46.762562,922.17,167.83,CONFIRMED,1.0,3.29,4.585466941
K00718.02,Kepler-219 c,9884104,288.73898,46.762562,922.17,167.83,CONFIRMED,1.0,4.01,22.71443351
K00718.03,Kepler-219 d,9884104,288.73898,46.762562,922.17,167.83,CONFIRMED,1.0,3.55,47.903427
K00719.01,Kepler-220 c,9950612,291.50616,46.895741,149.01,9.445,CONFIRMED,1.0,1.8,9.034190783
K00616.01,,9714696,293.68912,46.41288,1009.16,225.73499999999999,FALSE POSITIVE,0.2916666666666667,2.08,1.433339604
K00617.01,,9846086,297.41867,46.64426,811.83,170.79,FALSE POSITIVE,0.008086253369272238,40.36,37.86511904
K00618.01,Kepler-623 b,10353968,296.98672,47.47739,895.14,185.64,CONFIRMED,0.9629629629629629,2.94,9.07098164
K00619.01,,10384962,281.77554,47.59325,720.54,155.395,FALSE POSITIVE,0.008086253369272238,21.02,2.879243323
K00620.01,Kepler-51 b,11773022,296.47977,49.937679,926.78,203.685,CONFIRMED,1.0,7.65,45.15535633
K00670.01,Kepler-641 b,7033671,291.82349,42.516209,689.41,111.76,CONFIRMED,0.9629629629629629,2.16,9.48965527
K00671.01,Kepler-208 b,7040629,293.8902,42.527966,882.62,166.52499999999998,CONFIRMED,1.0,1.83,4.22865217
K07637.01,,2711131,291.01727,37.975368,297.33,19.355,FALSE POSITIVE,0.043478260869565216,0.73,2.85889907
K00671.02,Kepler-208 c,7040629,293.8902,42.527966,882.62,166.52499999999998,CONFIRMED,1.0,1.65,7.46662068
K00671.03,Kepler-208 e,7040629,293.8902,42.527966,882.62,166.52499999999998,CONFIRMED,1.0,1.72,16.25951967
K00671.04,Kepler-208 d,7040629,293.8902,42.527966,882.62,166.52499999999998,CONFIRMED,1.0,1.47,11.1317901
K00719.02,Kepler-220 d,9950612,291.50616,46.895741,149.01,9.445,CONFIRMED,1.0,0.9,28.1224393
K00111.01,Kepler-104 b,6678383,287.60461,42.166779,383.28,49.235,CONFIRMED,1.0,2.35,11.427550984
K07631.01,,2308411,292.63766,37.64188,1413.09,305.125,FALSE POSITIVE,0.008086253369272238,1.1,0.983304511
K00719.03,Kepler-220 e,9950612,291.50616,46.895741,149.01,9.445,CONFIRMED,1.0,1.18,45.9029768
K00719.04,Kepler-220 b,9950612,291.50616,46.895741,149.01,9.445,CONFIRMED,1.0,0.86,4.159816554
K00720.01,Kepler-221 c,9963524,296.65475,46.83527,397.08,30.86,CONFIRMED,1.0,3.1,5.69059163
K00097.01,Kepler-7 b,5780885,288.58151,41.089809,823.25,47.495000000000005,CONFIRMED,0.847457627118644,16.66,4.885488596
K00620.02,Kepler-51 d,11773022,296.47977,49.937679,926.78,203.685,CONFIRMED,1.0,10.44,130.17802962
K00620.03,Kepler-51 c,11773022,296.47977,49.937679,926.78,203.685,CONFIRMED,0.847457627118644,6.34,85.3162004
K00621.01,,12251650,287.46097,50.975071,481.4,55.33,CANDIDATE,0.008086253369272238,14.25,17.761998411
K00622.01,,12417486,295.88028,51.26379,2467.45,447.585,CANDIDATE,0.25,26.44,155.042265
K00623.01,Kepler-197 c,12068975,295.22644,50.558979,303.23,13.645,CONFIRMED,0.9642857142857143,1.44,10.34973276
K00672.01,Kepler-209 b,7115785,291.16953,42.640808,561.9,58.065,CONFIRMED,1.0,2.56,16.08786246
K07638.01,,2834805,286.70145,38.042191,623.72,152.62,CANDIDATE,0.4883720930232558,1.47,25.0032023
K00672.02,Kepler-209 c,7115785,291.16953,42.640808,561.9,58.065,CONFIRMED,1.0,2.94,41.74938613
K00672.03,,7115785,291.16953,42.640808,561.9,58.065,FALSE POSITIVE,0.018867924528301886,1.02,0.56680081
K00673.01,Kepler-642 b,7124613,293.83456,42.624962,1350.5,370.96,CONFIRMED,0.847457627118644,3.95,4.41746257
K00105.01,Kepler-463 b,8711794,298.93704,44.85791,362.52,52.72,CONFIRMED,0.9629629629629629,3.14,8.981014925
K00674.01,Kepler-643 b,7277317,290.32733,42.898281,1035.67,105.12,CONFIRMED,0.847457627118644,10.47,16.33888067
K07632.01,,2446134,292.06082,37.770191,912.77,213.725,FALSE POSITIVE,0.008086253369272238,1.54,39.1307086
K00720.02,Kepler-221 d,9963524,296.65475,46.83527,397.08,30.86,CONFIRMED,1.0,2.97,10.04157214
K00720.03,Kepler-221 e,9963524,296.65475,46.83527,397.08,30.86,CONFIRMED,1.0,3.58,18.36974658
K00720.04,Kepler-221 b,9963524,296.65475,46.83527,397.08,30.86,CONFIRMED,0.9642857142857143,1.66,2.79590004
K00721.01,Kepler-654 b,9964801,297.06842,46.834278,666.28,102.36,CONFIRMED,0.847457627118644,2.13,13.72462702
K00722.01,Kepler-655 b,9965439,297.25909,46.843189,720.98,115.52,CONFIRMED,1.0,2.66,46.40626
K07634.01,,2569995,290.22925,37.840961,3682.03,1149.695,CANDIDATE,0.4883720930232558,15.11,80.84069
K00623.02,Kepler-197 d,12068975,295.22644,50.558979,303.23,13.645,CONFIRMED,1.0,1.42,15.67750191
K00623.03,Kepler-197 b,12068975,295.22644,50.558979,303.23,13.645,CONFIRMED,0.9642857142857143,1.22,5.59931543
K00623.04,Kepler-197 e,12068975,295.22644,50.558979,303.23,13.645,CONFIRMED,0.9777355802032582,0.95,25.2100146
K00624.01,Kepler-198 b,3541946,290.67313,38.69101,487.43,53.72,CONFIRMED,1.0,2.7,17.79001678
K00624.02,Kepler-198 c,3541946,290.67313,38.69101,487.43,53.72,CONFIRMED,1.0,2.91,49.5674085
K00098.01,Kepler-14 b,10264660,287.70883,47.33305,690.24,43.129999999999995,CONFIRMED,0.847457627118644,9.86,6.790120801
K00675.01,,7385509,297.74799,42.995205,232.62,25.685000000000002,FALSE POSITIVE,0.008086253369272238,2.17,1.655467295
K00676.01,Kepler-210 c,7447200,292.50339,43.083149,145.69,13.21,CONFIRMED,0.9629629629629629,3.22,7.972510087
K00676.02,Kepler-210 b,7447200,292.50339,43.083149,145.69,13.21,CONFIRMED,1.0,2.26,2.453236139
K00677.01,,7466863,297.40097,43.042782,951.24,271.09,FALSE POSITIVE,0.008086253369272238,5.84,11.9710626
K00678.01,Kepler-211 c,7509886,285.43915,43.16848,331.47,25.655,CONFIRMED,0.9642857142857143,1.3,6.0404622
K00678.02,Kepler-211 b,7509886,285.43915,43.16848,331.47,25.655,CONFIRMED,1.0,1.3,4.13852825
K00723.01,Kepler-222 b,10002866,287.9061,46.937771,780.67,141.26,CONFIRMED,1.0,3.36,3.936993144
K00723.02,Kepler-222 d,10002866,287.9061,46.937771,780.67,141.26,CONFIRMED,1.0,3.63,28.08185982
K00111.02,Kepler-104 c,6678383,287.60461,42.166779,383.28,49.235,CONFIRMED,1.0,2.32,23.66834635
K00723.03,Kepler-222 c,10002866,287.9061,46.937771,780.67,141.26,CONFIRMED,0.9642857142857143,4.71,10.08881066
K07635.01,,2577353,291.78079,37.811508,966.37,233.51999999999998,CANDIDATE,0.25,1.59,60.458443
K00724.01,,10005020,288.98038,46.95406,1085.51,234.85500000000002,FALSE POSITIVE,0.4883720930232558,2.07,6.97106919
K00624.03,Kepler-198 d,3541946,290.67313,38.69101,487.43,53.72,CONFIRMED,0.9629629629629629,1.43,1.311842968
K00625.01,,4449034,286.56378,39.53447,1489.14,523.245,FALSE POSITIVE,0.008086253369272238,68.75,38.13853099
K00626.01,Kepler-624 b,4478168,295.19339,39.539669,699.29,112.205,CONFIRMED,1.0,2.45,14.58649856
K00626.02,,4478168,295.19339,39.539669,699.29,112.205,CANDIDATE,0.847457627118644,0.99,8.0292018
K07639.01,,2854839,291.95761,38.070049,232.07,29.755000000000003,FALSE POSITIVE,0.008086253369272238,0.45,1.05569286
K00627.01,Kepler-625 b,4563268,292.15045,39.637581,439.16,45.885,CONFIRMED,0.9642857142857143,1.89,7.75192755
K00679.01,Kepler-212 c,7515212,287.62082,43.141647,604.43,106.16499999999999,CONFIRMED,1.0,2.99,31.80475991
K00679.02,Kepler-212 b,7515212,287.62082,43.141647,604.43,106.16499999999999,CONFIRMED,0.9629629629629629,0.92,16.2580276
K00680.01,Kepler-435 b,7529266,292.28732,43.197281,2380.53,565.5699999999999,CONFIRMED,0.7333333333333333,26.52,8.600153929
K00009.01,,11553706,288.80377,49.530788,1225.68,331.11,FALSE POSITIVE,0.008086253369272238,87.21,3.719809197
K07633.01,,2449053,292.68985,37.774361,815.99,154.565,FALSE POSITIVE,0.008086253369272238,2.09,0.73975345
K00106.01,,10489525,298.35434,47.672081,1182.25,317.235,FALSE POSITIVE,0.0,50.98,1.612249049
K00681.01,,7598128,288.54199,43.255421,1280.24,348.825,FALSE POSITIVE,0.008086253369272238,37.38,44.258173075
K04062.01,,11858979,288.90887,50.16283,865.48,218.39,FALSE POSITIVE,0.008086253369272238,36.0,3.05933906
K04063.01,,5900390,298.04318,41.195,1576.29,522.78,FALSE POSITIVE,0.008086253369272238,1.28,0.624677585
K04064.01,,5444334,290.50125,40.6945,1153.25,195.67499999999998,FALSE POSITIVE,0.008086253369272238,1.2,0.759763198
K04065.01,,10139620,291.26672,47.114769,1385.73,323.9,FALSE POSITIVE,0.018867924528301886,2.68,372.37369
K04066.01,Kepler-1936 b,8686373,290.73001,44.836121,1155.11,378.48,CONFIRMED,0.847457627118644,4.59,126.55719
K04135.01,,5386264,297.77292,40.589088,393.14,42.28,FALSE POSITIVE,0.008086253369272238,0.52,12.435190544
K02289.02,Kepler-379 b,3867615,295.70111,38.945831,684.12,108.44,CONFIRMED,1.0,1.58,20.0983676
K07646.01,,3218844,286.46753,38.385971,1400.98,321.865,FALSE POSITIVE,0.008086253369272238,2.21,85.112898
K04136.01,,7256914,281.82318,42.811169,826.4,148.73000000000002,CANDIDATE,0.8481887339080428,1.19,2.41750021
K04136.02,,7256914,281.82318,42.811169,826.4,148.73000000000002,CANDIDATE,0.9629629629629629,1.23,4.03357434
K04137.01,,3542222,290.74918,38.659111,1030.24,215.70000000000002,FALSE POSITIVE,0.0,33.96,0.504426087
K02220.04,,6871071,294.13791,42.370499,1292.03,243.115,CANDIDATE,1.0,1.6,7.66462913
K04067.01,Kepler-1937 b,5530112,290.65839,40.778542,1003.85,257.195,CONFIRMED,0.875,3.09,9.6887216
K04068.01,Kepler-1546 b,6226908,297.58392,41.541229,1075.06,265.79999999999995,CONFIRMED,0.875,3.78,19.597317
K04069.01,Kepler-1938 b,5906694,299.3519,41.19574,381.08,39.435,CONFIRMED,0.9629629629629629,1.36,13.06243545
K04070.01,,10186945,281.44067,47.246471,523.21,65.94500000000001,FALSE POSITIVE,0.25,1.14,0.793663156
K04138.01,,4636565,285.41519,39.776009,596.31,155.91500000000002,FALSE POSITIVE,0.25,1.51,2.81401302
K04139.01,Kepler-1557 b,9956082,293.88141,46.838879,1402.88,310.235,CONFIRMED,0.847457627118644,1.38,3.74031708
K07650.01,,3241647,293.10153,38.340618,962.53,216.13,FALSE POSITIVE,0.008086253369272238,0.85,0.851678507
K04140.01,,7761585,294.64081,43.45393,1547.56,335.565,FALSE POSITIVE,0.008086253369272238,2.48,205.30627
K04141.01,,3241248,292.99329,38.319489,1391.81,498.86,FALSE POSITIVE,0.0,129.67,0.978046982
K04142.01,,9716302,294.30887,46.413052,1148.47,167.575,FALSE POSITIVE,0.008086253369272238,1.49,1.332566763
K04071.01,,2708286,290.31827,37.91098,1175.71,226.76,FALSE POSITIVE,0.018867924528301886,6.4,1.89131005
K04072.01,Kepler-1547 b,6755944,283.76407,42.222172,1267.25,361.915,CONFIRMED,0.4883720930232558,2.24,0.692978457
K04073.01,,10419797,297.25598,47.550491,1363.76,293.645,FALSE POSITIVE,0.0,,87.140633
K04074.01,,6515335,289.61908,41.927189,1227.08,226.71499999999997,FALSE POSITIVE,0.008086253369272238,28.39,185.53285
K04075.01,,7777471,298.86102,43.417679,714.64,143.07999999999998,FALSE POSITIVE,0.008086253369272238,0.9,0.885131111
K04143.01,,10294509,298.71082,47.369911,862.45,124.63,FALSE POSITIVE,0.018867924528301886,1.33,1.85447373
K04144.01,,3112129,290.33719,38.205009,784.01,70.28999999999999,CANDIDATE,0.018867924528301886,0.99,0.487656278
K07642.01,,3003019,294.29196,38.138771,924.99,213.195,FALSE POSITIVE,0.008086253369272238,1.41,0.502622858
K02298.02,Kepler-1178 b,9334893,288.45605,45.80212,214.97,18.57,CONFIRMED,0.847457627118644,0.63,31.8055128
K04145.01,,3103212,287.75903,38.281551,734.62,88.9,CANDIDATE,0.043478260869565216,0.96,3.25424652
K04146.01,Kepler-1558 b,10000941,286.81937,46.91169,371.42,52.290000000000006,CONFIRMED,1.0,0.8,3.50472344
K04076.01,Kepler-1548 b,9455677,287.47122,46.080662,1095.89,184.03,CONFIRMED,0.875,2.57,124.827797
K02220.05,,6871071,294.13791,42.370499,1292.03,243.115,CANDIDATE,0.9629629629629629,1.05,11.9294568
K04077.01,,7690855,294.53149,43.398659,171.95,22.35,FALSE POSITIVE,0.018867924528301886,15.72,0.786260569
K04078.01,,5649837,299.07944,40.825642,989.52,200.225,FALSE POSITIVE,0.008086253369272238,23.2,0.597934463
K04079.01,,10141938,292.16028,47.166649,579.97,85.815,FALSE POSITIVE,0.008086253369272238,60.3,360.76458
K04147.01,,8029197,291.9632,43.88166,549.05,151.995,FALSE POSITIVE,0.25,1.02,2.15292788
K04148.01,,12257886,291.22729,50.921791,1172.63,266.87,FALSE POSITIVE,0.008086253369272238,1.28,2.61585431
K04149.01,,10875007,296.9621,48.25639,1065.57,273.285,CANDIDATE,0.9642857142857143,1.71,9.54699216
K04149.02,,10875007,296.9621,48.25639,1065.57,273.285,CANDIDATE,1.0,1.82,14.708641
K04150.01,Kepler-1941 b,11465651,296.62704,49.353901,1221.22,268.005,CONFIRMED,0.847457627118644,1.99,31.3351094
K04080.01,,5036480,297.86734,40.10257,963.27,183.32,FALSE POSITIVE,0.018867924528301886,1.06,1.061002863
K04081.01,,10275077,292.27005,47.307362,1123.74,660.38,FALSE POSITIVE,0.018867924528301886,3.45,363.35755
K04082.01,,6592832,287.47369,42.00375,1200.36,278.725,FALSE POSITIVE,0.008086253369272238,1.1,0.924821319
K04083.01,,8524346,300.61877,44.594391,683.06,167.585,FALSE POSITIVE,0.008086253369272238,2.43,4.4697452
K04084.01,Kepler-1549 b,3937814,286.05243,39.09605,925.31,114.36500000000001,CONFIRMED,0.9642857142857143,2.68,214.881456
K04154.02,,5551228,296.49731,40.765629,1024.71,212.57,FALSE POSITIVE,0.4883720930232558,3.55,122.906853
K04155.01,,5471271,297.60681,40.656479,661.77,147.7,FALSE POSITIVE,0.2916666666666667,0.8,12.422216754
K04156.01,Kepler-1943 b,5881120,293.31827,41.116669,619.8,136.185,CONFIRMED,0.25,1.1,4.85018974
K07651.01,,3248696,294.74246,38.301811,725.88,117.60499999999999,FALSE POSITIVE,0.043478260869565216,2.53,383.43595
K04157.01,Kepler-1982 b,4548098,287.41006,39.65868,485.67,62.30499999999999,CONFIRMED,0.4883720930232558,0.77,3.82315697
K04158.01,,5306383,299.12286,40.489071,469.98,102.275,FALSE POSITIVE,0.008086253369272238,0.9,0.842336445
K00142.02,,5446285,291.14807,40.669399,392.33,45.71,FALSE POSITIVE,0.008086253369272238,,339.42934084
K00255.02,,7021681,287.85812,42.542629,203.03,20.765,CANDIDATE,0.4883720930232558,0.75,13.6032081
K04085.01,,5041847,298.91278,40.110851,794.12,174.56,FALSE POSITIVE,0.008086253369272238,36.84,0.914468919
K04086.01,,3836558,286.99091,38.916222,694.01,185.675,FALSE POSITIVE,0.008086253369272238,1.08,1.54039744
K02243.02,Kepler-1154 c,4770617,297.47711,39.877239,1476.49,257.69,CONFIRMED,1.0,2.52,8.45805119
K04087.01,Kepler-440 b,6106282,285.34995,41.452209,256.34,20.07,CONFIRMED,0.847457627118644,1.61,101.1107014
K04088.01,,4946584,297.36047,40.056141,797.13,180.005,FALSE POSITIVE,0.0,49.37,0.907943645
K04163.01,,6463499,297.49054,41.8326,1350.16,583.945,FALSE POSITIVE,0.625,7.13,94.446856
K04164.01,,8254882,298.38754,44.151962,683.34,202.765,FALSE POSITIVE,0.018867924528301886,0.88,0.92565941
K04165.01,,6042031,291.69067,41.332878,917.61,236.4,FALSE POSITIVE,0.0,32.19,0.537110149
K04166.01,Kepler-1944 b,4078311,296.5105,39.173321,1032.97,200.64000000000001,CONFIRMED,0.875,2.41,9.84262076
K04167.01,,5475735,298.57779,40.681438,470.07,63.415,FALSE POSITIVE,0.043478260869565216,0.78,2.99194823
K00435.05,Kepler-154 c,11709124,289.78052,49.89653,809.63,101.28999999999999,CONFIRMED,1.0,3.05,62.3026877
K02175.02,Kepler-368 c,9022166,291.88004,45.387932,700.92,149.175,CONFIRMED,1.0,4.21,72.3826983
K04019.01,,10075409,291.90503,47.094929,824.99,106.27,FALSE POSITIVE,0.008086253369272238,2.34,360.33012
K04020.01,,7038096,293.18408,42.528019,1077.95,237.53500000000003,FALSE POSITIVE,0.008086253369272238,1.93,0.566803149
K07652.01,,3345973,292.38293,38.40057,1698.24,351.66499999999996,FALSE POSITIVE,0.2916666666666667,3.64,15.3466028
K04021.01,,11967788,294.03436,50.371651,648.63,104.11,CANDIDATE,0.847457627118644,1.53,7.23531329
K04089.01,,11972872,296.34622,50.390789,592.39,72.38499999999999,FALSE POSITIVE,0.008086253369272238,7.54,0.531106622
K04090.01,,9899233,295.16696,46.754341,1193.26,240.22500000000002,FALSE POSITIVE,0.008086253369272238,1.23,1.332547503
K04091.01,Kepler-1550 b,3103227,287.76456,38.294701,1436.86,242.9,CONFIRMED,0.9642857142857143,3.71,225.585245
K04092.01,Kepler-1551 b,4850961,295.78552,39.907921,1467.07,326.89,CONFIRMED,0.9629629629629629,2.74,24.4972683
K07643.01,,3102309,287.45532,38.23959,539.46,140.21,FALSE POSITIVE,0.043478260869565216,0.71,4.20253859
K04093.01,,8521059,299.75021,44.561981,968.86,231.83999999999997,FALSE POSITIVE,0.0,33.97,0.535578808
K04151.01,,5217574,298.90012,40.303589,1153.55,244.64499999999998,FALSE POSITIVE,0.008086253369272238,1.19,0.89486317
K04152.01,,7199060,291.38602,42.709129,1504.05,377.195,CANDIDATE,0.2916666666666667,8.0,64.1862264
K04153.01,Kepler-1942 b,8439323,294.98059,44.425301,687.57,129.14499999999998,CONFIRMED,0.625,1.65,4.62602867
K02303.02,Kepler-1181 c,4458082,289.74731,39.523453,918.78,238.37,CONFIRMED,0.847457627118644,1.83,8.93484887
K07647.01,,3230095,290.0831,38.398472,765.06,119.03,FALSE POSITIVE,0.25,1.1,7.04716175
K04154.01,,5551228,296.49731,40.765629,1024.71,212.57,FALSE POSITIVE,0.008086253369272238,91.06,368.71479
K04021.02,,11967788,294.03436,50.371651,648.63,104.11,CANDIDATE,0.25,1.02,4.93211932
K04022.01,,7733731,283.12854,43.45686,1216.04,345.70000000000005,CANDIDATE,0.847457627118644,2.04,4.85819429
K04023.01,,6862332,291.58517,42.367229,1186.52,251.98499999999999,FALSE POSITIVE,0.27466544903045254,4.44,119.0192648
K04024.01,Kepler-1541 b,10714072,283.78702,48.02956,781.24,308.90999999999997,CONFIRMED,0.018867924528301886,1.95,8.40693068
K07644.01,,3110177,289.84286,38.237049,817.72,180.89499999999998,CANDIDATE,0.008086253369272238,0.81,3.39904814
K04025.01,,10992011,298.53549,48.419479,526.24,68.89,FALSE POSITIVE,0.4883720930232558,1.19,0.974479091
K04094.01,,8128247,300.60422,43.902946,5638.42,705.615,FALSE POSITIVE,0.008086253369272238,57.36,3.57017774
K04095.01,,6276994,289.17761,41.695171,879.96,217.27999999999997,FALSE POSITIVE,0.008086253369272238,0.77,1.10601182
K04096.01,,9674564,300.4068,46.378941,583.44,117.69,FALSE POSITIVE,0.018867924528301886,1.21,6.873655305
K02250.02,Kepler-1814 c,5942808,285.21667,41.282429,772.01,96.85,CONFIRMED,0.847457627118644,1.76,0.626281766
K07648.01,,3232249,290.6864,38.355598,651.11,70.64,CANDIDATE,0.008086253369272238,0.8,1.183505016
K04097.01,Kepler-1939 b,5688683,285.69,40.99453,161.55,17.765,CONFIRMED,0.9642857142857143,0.99,2.790643481
K04159.01,Kepler-1559 b,6607644,292.28659,42.07246,600.36,51.095,CONFIRMED,0.25,0.79,0.971915957
K04160.01,Kepler-1560 b,7610663,292.78461,43.215981,497.35,111.61500000000001,CONFIRMED,0.625,0.9,3.03196812
K04161.01,,5565707,299.42017,40.73838,3256.61,1282.7849999999999,FALSE POSITIVE,0.0,5.27,1.2940561
K04162.01,,1293031,291.02097,36.903648,2257.63,491.255,FALSE POSITIVE,0.0,9.19,0.53936593
K07640.01,,2859299,292.88342,38.074951,708.49,171.07,FALSE POSITIVE,0.008086253369272238,1.48,0.643703667
K02357.02,,7449554,293.20377,43.057011,1967.76,380.365,CANDIDATE,0.9642857142857143,3.79,15.9042402
K04026.01,,4067110,294.08896,39.128101,3687.89,1418.095,FALSE POSITIVE,0.0,168.34,0.735146413
K04027.01,,8694309,293.8067,44.867352,492.51,119.5,FALSE POSITIVE,0.043478260869565216,0.9,0.827351796
K02193.02,,8282651,284.10779,44.245811,501.56,53.065,CANDIDATE,0.625,1.32,4.16288745
K04029.01,,11569475,296.61078,49.567039,8088.31,2429.4599999999996,FALSE POSITIVE,0.0,125.56,1.31723412
K04097.02,,5688683,285.69,40.99453,161.55,17.765,CANDIDATE,0.4883720930232558,0.55,4.44902309
K04098.01,,8222627,287.50375,44.167259,1196.93,662.655,CANDIDATE,0.018867924528301886,2.39,1.121733366
K04099.01,Kepler-1940 b,8951205,291.20419,45.238392,733.54,103.175,CONFIRMED,0.847457627118644,1.28,4.95060632
K04100.01,,5700900,290.31039,40.98143,1457.77,321.895,FALSE POSITIVE,0.008086253369272238,23.99,379.08202
K04101.01,,7026477,289.55566,42.572048,1286.16,353.49,FALSE POSITIVE,0.008086253369272238,2.87,366.31509
K04168.01,,9402583,291.24924,45.92149,826.03,101.775,FALSE POSITIVE,0.008086253369272238,0.9,0.536544193
K04169.01,Kepler-1561 b,7838675,296.92361,43.566471,735.05,139.67000000000002,CONFIRMED,0.4883720930232558,0.85,1.005205893
K04170.01,,8700537,295.93921,44.837379,771.27,161.685,FALSE POSITIVE,0.018867924528301886,20.79,43.796785
K04171.01,,10858785,290.72519,48.210411,1530.0,303.485,FALSE POSITIVE,0.008086253369272238,21.96,0.952371227
K04172.01,,9640907,287.95279,46.33176,1717.54,432.195,FALSE POSITIVE,0.008086253369272238,1.28,1.089088292
K02360.02,,7515670,287.80408,43.168961,1114.65,229.755,FALSE POSITIVE,0.008086253369272238,,1.1518407
K04030.01,,9551430,300.18863,46.185768,883.44,148.39499999999998,FALSE POSITIVE,0.018867924528301886,22.2,7.7553808
K04031.01,,3228986,289.80322,38.366692,972.75,119.845,FALSE POSITIVE,0.21464404516212754,1.27,0.730949487
K04032.01,Kepler-1542 b,7100673,285.72849,42.65453,358.13,52.370000000000005,CONFIRMED,1.0,0.83,3.95116635
K04032.02,Kepler-1542 c,7100673,285.72849,42.65453,358.13,52.370000000000005,CONFIRMED,1.0,0.7,2.89223998
K04033.01,,4138557,285.5921,39.206268,517.94,136.07,FALSE POSITIVE,0.008086253369272238,37.93,0.991552822
K04102.01,,2708278,290.31589,37.977779,650.13,58.31,FALSE POSITIVE,0.008086253369272238,0.93,1.89124187
K07641.01,,2984990,290.32401,38.111111,1169.93,448.1,CANDIDATE,0.018867924528301886,1.36,3.79437277
K04103.01,Kepler-1552 b,3747817,291.67682,38.874908,641.92,52.31,CONFIRMED,0.9642857142857143,2.41,184.77271
K04104.01,,8483366,286.58932,44.5247,1266.93,247.01999999999998,FALSE POSITIVE,0.018867924528301886,2.82,392.49728
K04105.01,,7758018,293.53253,43.406151,1304.54,291.515,CANDIDATE,0.2916666666666667,3.14,363.41165
K02257.02,Kepler-1162 c,9071593,283.29214,45.434109,943.08,71.805,CONFIRMED,0.9629629629629629,1.81,59.284064
K04034.01,Kepler-1543 b,10089911,297.1243,47.037022,2177.46,416.485,CONFIRMED,0.847457627118644,6.14,6.96704926
K04036.01,Kepler-1544 b,11415243,297.285,49.21246,320.45,20.665,CONFIRMED,0.4883720930232558,1.69,168.81133
K02194.02,Kepler-371 c,3548044,292.32645,38.657581,569.3,82.88,CONFIRMED,1.0,1.71,67.968656
K04037.01,,8264402,300.94568,44.164688,603.38,93.9,CANDIDATE,0.847457627118644,3.36,215.956008
K04038.01,,7773179,297.81674,43.440411,953.44,211.40500000000003,FALSE POSITIVE,0.008086253369272238,1.06,2.15681538
K04106.01,,11017094,284.74942,48.558128,560.75,68.56,FALSE POSITIVE,0.008086253369272238,15.38,0.708563091
K07645.01,,3129238,294.3035,38.203011,205.36,31.13,CANDIDATE,0.008086253369272238,0.55,2.00870696
K04107.01,,5956633,290.60129,41.26902,1120.21,202.09,FALSE POSITIVE,0.018867924528301886,2.4,366.24282
K04108.01,,9899065,295.10251,46.732922,706.39,74.5,FALSE POSITIVE,0.008086253369272238,0.81,1.33256418
K04109.01,,7907808,297.08301,43.679951,995.91,526.92,CANDIDATE,0.2916666666666667,1.48,0.655939788
K04110.01,,5471792,297.75125,40.647388,698.79,323.655,FALSE POSITIVE,0.018867924528301886,2.19,12.4258833
K04039.01,,11145831,295.64212,48.773071,1289.42,312.385,FALSE POSITIVE,0.018867924528301886,1.24,1.387838134
K04040.01,,11444952,285.81662,49.352699,571.42,105.525,FALSE POSITIVE,0.008086253369272238,19.06,0.678349364
K04041.01,,8647295,298.84119,44.749889,614.78,113.55000000000001,FALSE POSITIVE,0.008086253369272238,26.91,1.022028468
K04042.01,,3444098,291.55807,38.546219,4052.49,1416.37,FALSE POSITIVE,0.008086253369272238,6.73,0.72359699
K04043.01,,5112567,295.31842,40.208961,1426.99,402.225,FALSE POSITIVE,0.0,34.69,1.6156052
K04111.01,,2708343,290.33362,37.911171,398.97,41.055,FALSE POSITIVE,0.008086253369272238,0.9,1.8913182
K07649.01,,3235282,291.51395,38.365471,1673.74,373.94,FALSE POSITIVE,0.008086253369272238,4.5,494.165759
K04112.01,,3348090,292.92432,38.44228,1895.07,500.395,FALSE POSITIVE,0.008086253369272238,2.6,2.43585046
K04113.01,,9282762,292.6069,45.701408,1520.72,355.44,FALSE POSITIVE,0.008086253369272238,1.12,1.33255441
K04114.01,,3117046,291.56772,38.267109,1146.82,246.79500000000002,FALSE POSITIVE,0.008086253369272238,2.37,359.1015
K04115.01,,6311520,298.67731,41.640282,819.72,180.0,FALSE POSITIVE,0.008086253369272238,27.05,0.941840589
K04044.01,,5201115,295.5571,40.321209,420.45,109.56,FALSE POSITIVE,0.018867924528301886,1.19,1.728521892
K04045.01,,2708203,290.29932,37.908932,607.88,112.36,FALSE POSITIVE,0.008086253369272238,0.81,1.89125855
K04046.01,,4150496,289.71487,39.283871,1128.93,255.22500000000002,FALSE POSITIVE,0.25,20.38,8.65312868
K02195.02,Kepler-372 d,11401767,291.2562,49.258949,1351.04,201.375,CONFIRMED,1.0,2.25,30.0899459
K04047.01,,9655005,294.20068,46.327221,1471.85,346.365,FALSE POSITIVE,0.008086253369272238,2.39,1.39862757
K00435.06,Kepler-154 f,11709124,289.78052,49.89653,809.63,101.28999999999999,CONFIRMED,1.0,1.32,9.91937693
K07671.01,,3851194,291.71054,38.96273,1433.43,356.5,FALSE POSITIVE,0.018867924528301886,1.77,0.918510251
K02263.02,Kepler-1165 b,8613535,286.97128,44.708302,980.38,225.07,CONFIRMED,0.9642857142857143,1.47,9.47850818
K04116.01,,5092655,289.79135,40.299431,746.9,101.0,FALSE POSITIVE,0.008086253369272238,1.28,0.783258387
K04117.01,Kepler-1553 b,3955817,291.91916,39.02227,682.55,46.57,CONFIRMED,0.847457627118644,1.1,4.24263096
K04119.01,,5513857,284.34839,40.72826,916.13,164.245,FALSE POSITIVE,0.008086253369272238,0.91,0.755101928
K04048.01,,10272389,291.1781,47.322941,478.43,65.82000000000001,FALSE POSITIVE,0.018867924528301886,1.13,4.56447463
K04049.01,,4679687,297.58023,39.702702,875.85,184.13,FALSE POSITIVE,0.008086253369272238,30.48,1.027904857
K04050.01,,7968683,294.78763,43.739021,672.97,71.005,FALSE POSITIVE,0.018867924528301886,3.62,367.95566
K04051.01,Kepler-1545 b,10360722,298.89877,47.463089,674.91,47.515,CONFIRMED,0.7333333333333333,2.75,163.692336
K04052.01,,9091755,292.93121,45.40427,909.59,152.785,FALSE POSITIVE,0.008086253369272238,1.91,1.106529843
K07672.01,,3852476,292.03525,38.945911,1492.25,381.40999999999997,FALSE POSITIVE,0.008086253369272238,6.88,111.741576
K04120.01,,9700449,287.03952,46.481701,1311.48,309.665,CANDIDATE,0.7333333333333333,1.93,110.461746
K04121.01,Kepler-1554 b,6349881,286.57617,41.741459,1163.84,143.745,CONFIRMED,0.875,3.24,198.088873
K04122.01,,9851970,299.0473,46.68557,649.83,74.485,FALSE POSITIVE,0.0,0.77,1.08193721
K04123.01,,6140059,296.3566,41.455391,705.51,174.22,CANDIDATE,0.625,1.73,44.6226725
K04124.01,,5726910,297.35278,40.958141,727.56,176.775,FALSE POSITIVE,0.043478260869565216,1.17,2.43142974
K04053.01,Kepler-1934 b,1718958,290.91934,37.28717,432.07,56.625,CONFIRMED,0.008086253369272238,0.85,1.41975831
K04054.01,Kepler-1701 b,6428794,286.60889,41.889339,559.35,43.495000000000005,CONFIRMED,0.847457627118644,2.21,169.135056
K04055.01,,3228825,289.76492,38.38345,536.76,92.57,FALSE POSITIVE,0.008086253369272238,0.88,0.73095491
K04056.01,Kepler-1935 b,4673628,296.40375,39.722649,636.31,130.53,CONFIRMED,0.4883720930232558,23.51,3.951383138
K02195.03,Kepler-372 b,11401767,291.2562,49.258949,1351.04,201.375,CONFIRMED,1.0,1.83,6.84978728
K07673.01,,3852872,292.13876,38.94154,515.35,270.79,CANDIDATE,0.008086253369272238,1.87,80.769893
K04125.01,,9099950,295.60934,45.484451,1049.92,291.73,FALSE POSITIVE,0.008086253369272238,2.86,1.111362442
K02287.02,Kepler-378 c,9718066,294.94858,46.438641,139.62,10.335,CONFIRMED,0.9629629629629629,0.79,28.9060526
K04126.01,Kepler-1555 b,9272070,287.63547,45.716061,1318.89,309.245,CONFIRMED,0.7333333333333333,1.45,8.10503551
K04127.01,Kepler-1556 b,5088400,288.397,40.213188,939.44,90.47,CONFIRMED,0.625,1.67,8.82715783
K04128.01,,4669402,295.53394,39.762249,713.11,167.585,FALSE POSITIVE,0.2916666666666667,6.64,143.196381
K04057.01,,3757407,294.09555,38.885059,2214.36,542.38,FALSE POSITIVE,0.008086253369272238,4.35,9.089151782
K04058.01,,4769931,297.34418,39.88501,420.68,61.785,FALSE POSITIVE,0.008086253369272238,1.04,1.87886973
K04059.01,,9220612,292.79333,45.628262,782.02,121.965,FALSE POSITIVE,0.008086253369272238,1.03,0.979161676
K04060.01,,9086154,290.83389,45.43565,725.74,119.53,CANDIDATE,0.847457627118644,2.36,225.26213
K04061.01,,6806695,298.90161,42.212799,567.2,83.41499999999999,FALSE POSITIVE,0.4883720930232558,0.87,0.855922327
K07674.01,,3858943,293.70847,38.958012,800.86,189.97,FALSE POSITIVE,0.06060169731183851,1.53,25.9528725
K04129.01,,11970988,295.52948,50.370399,384.02,73.65,CANDIDATE,0.4883720930232558,0.69,2.31482311
K04130.01,,10858803,290.73364,48.207378,726.18,71.97,FALSE POSITIVE,0.008086253369272238,1.13,0.952374508
K04131.01,,6129694,293.71811,41.430939,2135.59,590.305,FALSE POSITIVE,0.008086253369272238,2.07,0.936751792
K04132.01,,5957181,290.79037,41.26461,324.08,33.2,FALSE POSITIVE,0.043478260869565216,2.27,393.34331
K04133.01,,7601918,289.98096,43.299492,675.88,171.225,FALSE POSITIVE,0.018867924528301886,1.12,0.621361411
K04134.01,,6119877,290.6102,41.470402,790.97,90.56,FALSE POSITIVE,0.0,,250.23760741
K04341.01,,6792908,295.96259,42.200256,724.08,172.765,CANDIDATE,0.2916666666666667,1.25,10.778313
K04342.01,,7211879,295.16098,42.799129,998.77,212.465,FALSE POSITIVE,0.008086253369272238,0.91,0.594310785
K04343.01,Kepler-1952 b,8087812,288.07648,43.958488,787.77,147.22,CONFIRMED,0.847457627118644,1.73,27.2106807
K04344.01,,4863956,298.51794,39.924438,1328.24,437.09000000000003,FALSE POSITIVE,0.25,3.87,4.31978105
K04345.01,,10534155,291.50122,47.74773,665.23,271.715,CANDIDATE,0.008086253369272238,26.6,4.32710895
K02859.04,,10397751,288.83136,47.551991,381.11,51.28,CANDIDATE,0.875,0.57,2.90512019
K04409.01,Kepler-1955 b,5308537,299.53479,40.477779,452.57,75.47,CONFIRMED,0.9629629629629629,1.06,14.2651545
K04410.01,,6350882,287.04236,41.752209,1419.75,344.005,CANDIDATE,0.25,1.47,5.04404366
K04411.01,Kepler-1602 b,5281113,293.58087,40.427471,1062.65,272.84000000000003,CONFIRMED,0.043478260869565216,1.81,11.17931581
K04412.01,,7847104,298.94785,43.539711,879.9,232.955,FALSE POSITIVE,0.008086253369272238,1.17,1.284991846
K04205.01,,3450040,293.05408,38.54179,697.01,65.325,CANDIDATE,0.4883720930232558,0.88,1.166960319
K07653.01,,3347807,292.85916,38.431931,607.73,152.32,FALSE POSITIVE,0.008086253369272238,2.2,324.18028
K04206.01,,8487805,288.94131,44.593922,647.08,93.045,FALSE POSITIVE,0.008086253369272238,0.69,0.530959357
K04207.01,,9456281,287.80502,46.00116,309.62,39.540000000000006,CANDIDATE,0.25,0.8,0.701944362
K04208.01,,5129453,298.98502,40.203709,541.89,48.36,CANDIDATE,0.4883720930232558,1.23,3.05772668
K04209.01,,7918478,299.66617,43.619469,884.69,128.08,CANDIDATE,0.25,2.35,9.9092109
K04275.01,,3336845,289.97617,38.450489,386.45,56.144999999999996,FALSE POSITIVE,0.2916666666666667,0.77,0.996864568
K07661.01,,3645282,291.3591,38.71891,686.12,147.5,FALSE POSITIVE,0.008086253369272238,0.7,0.673684895
K04276.01,Kepler-1580 b,6026924,285.96872,41.363564,919.7,193.145,CONFIRMED,0.847457627118644,2.44,56.644452
K04277.01,,6525280,292.74493,41.93486,416.74,38.620000000000005,FALSE POSITIVE,0.008086253369272238,0.56,1.710319812
K04278.01,,4861784,298.03653,39.90601,1128.51,195.185,FALSE POSITIVE,0.008086253369272238,1.61,5.62978034
K04346.01,,9509343,282.76062,46.177841,789.13,81.96000000000001,CANDIDATE,0.4883720930232558,1.21,6.39269778
K07664.01,,3732972,286.97745,38.898762,4526.15,1207.395,FALSE POSITIVE,0.008086253369272238,12.65,1.540398683
K04347.01,Kepler-1592 b,3244792,293.85065,38.397751,811.12,153.44,CONFIRMED,0.625,0.99,3.0570982
K04348.01,,8743082,287.25095,44.946308,1336.18,323.365,FALSE POSITIVE,0.018867924528301886,2.39,365.25921
K02585.03,,7673841,288.66077,43.36808,613.16,100.15,CANDIDATE,0.847457627118644,0.78,7.87845756
K04349.01,,9142742,286.05939,45.516804,918.71,277.66999999999996,FALSE POSITIVE,0.043478260869565216,3.52,372.72688
K04413.01,,6891513,298.79892,42.35339,1195.15,259.525,FALSE POSITIVE,0.008086253369272238,101.71,9.9398272
K04414.01,,4579598,296.11276,39.611599,733.06,185.98,FALSE POSITIVE,0.008086253369272238,1.24,0.866346
K04415.01,,7777522,298.87418,43.440891,1131.24,248.245,FALSE POSITIVE,0.008086253369272238,1.21,0.885129679
K04416.01,,9305012,299.83664,45.780731,1406.22,435.815,FALSE POSITIVE,0.008086253369272238,6.33,56.898749
K04417.01,,9597729,295.54755,46.287682,907.23,198.46,FALSE POSITIVE,0.008086253369272238,14.0,0.438153876
K04210.01,,11390109,284.22879,49.294189,1490.78,361.46500000000003,FALSE POSITIVE,0.008086253369272238,3.33,398.40957
K04211.01,,5078025,283.72379,40.23756,931.12,206.495,FALSE POSITIVE,0.018867924528301886,1.34,0.696286519
K04212.01,Kepler-1569 b,1724719,292.20471,37.221218,928.26,152.3,CONFIRMED,0.9642857142857143,1.69,5.79179934
K00571.05,Kepler-186 f,8120608,298.65271,43.955021,141.28,17.6,CONFIRMED,0.9629629629629629,1.18,129.945392
K02433.04,,11968463,294.33847,50.33654,1468.5,383.25,CANDIDATE,0.9629629629629629,2.19,27.9040511
K04280.01,,5026326,295.67188,40.18037,1166.79,279.185,FALSE POSITIVE,0.008086253369272238,1.58,1.39772545
K02505.02,,5471574,297.68881,40.643661,1700.75,454.5,FALSE POSITIVE,0.008086253369272238,168.91,12.4246697
K04281.01,,5512580,283.72955,40.789028,1065.17,203.89,FALSE POSITIVE,0.008086253369272238,2.2,383.00806
K04282.01,,11670599,296.12457,49.726669,900.09,220.445,FALSE POSITIVE,0.008086253369272238,0.91,0.847588864
K04283.01,,6359820,290.35706,41.76162,1059.43,233.15499999999997,FALSE POSITIVE,0.0,1.84,331.81534
K04350.01,,11872139,295.77768,50.149025,1582.28,575.885,FALSE POSITIVE,0.008086253369272238,1.62,1.75649346
K04351.01,,5436161,287.75916,40.65704,477.8,46.1,CANDIDATE,0.008086253369272238,24.39,0.644322147
K04352.01,,2708221,290.30371,37.924191,942.55,114.89,FALSE POSITIVE,0.008086253369272238,23.5,1.8912501
K04353.01,,4571844,294.42126,39.628471,1343.66,319.18,CANDIDATE,0.043478260869565216,3.92,17.8075656
K04354.01,,5040223,298.56668,40.128239,1009.69,229.26500000000001,FALSE POSITIVE,0.008086253369272238,18.36,0.996023763
K04418.01,,2859893,293.01489,38.012402,1316.91,257.895,CANDIDATE,0.008086253369272238,3.19,333.03842
K02949.02,,6026737,285.87579,41.332432,676.46,120.73,CANDIDATE,0.847457627118644,0.87,3.75030469
K04419.01,,7582691,281.11646,43.28244,233.13,18.73,CANDIDATE,0.25,1.22,0.259819659
K04420.01,,7031942,291.25778,42.580139,606.16,142.31,FALSE POSITIVE,0.008086253369272238,0.67,0.566795467
K04421.01,,9836563,294.12488,46.67289,492.93,80.86,CANDIDATE,0.847457627118644,0.61,4.72693131
K04212.02,,1724719,292.20471,37.221218,928.26,152.3,CANDIDATE,0.4883720930232558,1.03,10.0989634
K04213.01,,5632701,295.42047,40.842659,611.43,54.085,FALSE POSITIVE,0.018867924528301886,0.71,3.67515329
K04214.01,,10549924,297.22046,47.748249,446.57,90.85,FALSE POSITIVE,0.018867924528301886,0.58,0.715825886
K04215.01,Kepler-1570 b,9366617,299.86182,45.827351,1091.61,474.645,CONFIRMED,0.9629629629629629,2.54,26.5487294
K04216.01,,6187341,285.25616,41.595589,825.91,110.61,FALSE POSITIVE,0.008086253369272238,3.42,0.492291661
K04284.01,,10156055,296.99017,47.130661,827.6,168.735,FALSE POSITIVE,0.008086253369272238,0.85,2.42803503
K04285.01,,8418018,286.22708,44.430328,518.86,104.62,FALSE POSITIVE,0.008086253369272238,1.34,372.94844
K04286.01,,5024177,295.2811,40.132858,798.84,108.93,FALSE POSITIVE,0.008086253369272238,23.81,0.787120016
K04287.01,,11081504,290.45831,48.661369,369.14,71.295,CANDIDATE,0.847457627118644,1.29,13.12297275
K04288.01,Kepler-1581 b,4548011,287.37125,39.603569,417.82,65.89,CONFIRMED,1.0,0.73,6.28384079
K02590.02,,12016267,293.50702,50.450119,441.13,81.135,CANDIDATE,0.9629629629629629,1.38,22.7909233
K04356.01,Kepler-1593 b,8459663,300.48816,44.46067,384.12,51.445,CONFIRMED,0.6894343400760935,1.74,174.510276
K04357.01,,3550372,292.90771,38.68309,1694.5,290.12,CANDIDATE,0.25,2.97,0.681180633
K04422.01,,10155321,296.77271,47.158539,1367.6,341.03499999999997,FALSE POSITIVE,0.2916666666666667,3.3,15.705388
K04423.01,,3866536,295.50211,38.98354,508.23,106.675,FALSE POSITIVE,0.008086253369272238,3.21,7.65270746
K04424.01,Kepler-1603 b,7046035,295.32983,42.534962,1378.72,343.49,CONFIRMED,0.018867924528301886,0.97,2.27164952
K04425.01,,4679314,297.50562,39.756802,435.44,81.81,FALSE POSITIVE,0.008086253369272238,0.77,3.84835742
K04426.01,,8240790,294.45038,44.166779,975.61,186.24,CANDIDATE,0.008086253369272238,2.14,369.13236
K04217.01,,5702637,290.86606,40.901581,619.17,157.89000000000001,FALSE POSITIVE,0.008086253369272238,114.1,1.0388961
K04218.01,,8309169,295.15546,44.294861,948.18,199.16500000000002,FALSE POSITIVE,0.0,1.97,293.76887
K04219.01,,4678919,297.42743,39.781139,497.29,100.61,FALSE POSITIVE,0.008086253369272238,0.97,1.87885327
K04220.01,,5563080,298.92361,40.749538,559.01,95.155,FALSE POSITIVE,0.4883720930232558,1.61,0.785473311
K04221.01,,6364067,291.8269,41.7099,1133.61,257.335,FALSE POSITIVE,0.043478260869565216,1.24,5.2438982
K04288.02,,4548011,287.37125,39.603569,417.82,65.89,CANDIDATE,1.0,0.73,9.08745206
K04289.01,,5983532,297.78012,41.209229,364.8,38.254999999999995,FALSE POSITIVE,0.008086253369272238,39.55,441.877824
K07655.01,,3439126,290.15723,38.52438,324.96,34.265,FALSE POSITIVE,0.0,1.02,2.9761504
K02529.02,Kepler-436 b,8463346,301.72076,44.41206,617.39,35.795,CONFIRMED,0.9629629629629629,2.48,64.0019669
K04291.01,,8483021,286.40723,44.527355,785.91,200.675,FALSE POSITIVE,0.008086253369272238,1.84,361.91436
K04292.01,Kepler-1583 b,10063208,286.38693,47.016628,335.77,35.475,CONFIRMED,0.7333333333333333,0.59,9.3281912
K04358.01,,7191646,289.08313,42.70414,1412.52,326.685,CANDIDATE,0.4883720930232558,2.4,106.957467
K04359.01,,1575873,291.92636,37.101292,517.0,131.0,FALSE POSITIVE,0.0,0.81,0.629001455
K04360.01,Kepler-1594 b,10669994,293.62308,47.96191,1034.05,105.55000000000001,CONFIRMED,0.018867924528301886,1.05,2.71603664
K04361.01,,7801070,282.16364,43.510132,997.27,222.65,CANDIDATE,0.2916666666666667,3.39,75.8781344
K04362.01,,11449918,288.93597,49.360142,721.59,129.61,FALSE POSITIVE,0.0,1.34,374.59003
K04427.01,,4172805,295.11722,39.27409,236.0,25.06,CANDIDATE,0.6691389920126295,1.59,147.661729
K04428.01,,5126182,298.2934,40.239632,679.88,129.215,CANDIDATE,0.4883720930232558,1.28,13.00291716
K07665.01,,3750350,292.33884,38.84491,536.03,126.945,FALSE POSITIVE,0.008086253369272238,1.26,319.30633
K02972.02,,8949925,290.73447,45.297791,1286.99,205.8,CANDIDATE,1.0,2.33,42.0292298
K04429.01,,4584865,297.16086,39.63007,1142.71,303.395,FALSE POSITIVE,0.008086253369272238,1.41,1.75254087
K04430.01,,9642018,288.59683,46.326038,860.38,122.785,CANDIDATE,0.25,1.58,0.505111993
K02433.05,,11968463,294.33847,50.33654,1468.5,383.25,FALSE POSITIVE,0.25,1.49,0.646745436
K04222.01,Kepler-1571 b,9183378,300.93539,45.596539,796.65,243.64999999999998,CONFIRMED,0.7333333333333333,1.63,3.38557445
K04223.01,,11188254,290.64301,48.887501,990.6,246.62,FALSE POSITIVE,0.008086253369272238,1.68,2.754024
K04224.01,,1724513,292.16486,37.275742,1075.99,206.865,FALSE POSITIVE,0.008086253369272238,1.59,1.975208831
K04225.01,,9535876,295.55756,46.172241,1053.63,229.955,FALSE POSITIVE,0.008086253369272238,19.15,0.960843605
K04293.01,,5817533,298.47058,41.06625,797.06,131.545,FALSE POSITIVE,0.018867924528301886,0.91,4.206109
K04294.01,,7681230,291.36423,43.385921,1123.29,280.025,FALSE POSITIVE,0.0,31.51,0.962590772
K04295.01,Kepler-1584 b,7596240,287.7627,43.274429,1385.03,313.66499999999996,CONFIRMED,0.4883720930232558,1.51,13.3997555
K04296.01,,7661893,282.63617,43.3661,355.43,38.805,CANDIDATE,0.25,0.59,2.49385348
K07656.01,,3448456,292.67294,38.58997,1225.72,261.02,FALSE POSITIVE,0.25,1.72,0.776950288
K04297.01,,12107008,289.20834,50.61599,480.21,74.6,FALSE POSITIVE,0.4883720930232558,0.86,5.93725628
K04363.01,,9776794,294.36514,46.501759,1234.34,263.15,CANDIDATE,0.25,7.45,18.22211768
K04364.01,Kepler-1595 b,7427764,285.72272,43.00948,914.72,161.595,CONFIRMED,0.25,1.22,4.56383697
K02722.05,,7673192,288.37024,43.35461,649.16,104.36,CANDIDATE,0.7333333333333333,1.17,16.5340022
K04365.01,,4754831,294.05481,39.845249,1530.99,433.07000000000005,FALSE POSITIVE,0.2916666666666667,1.68,55.119831
K04365.02,,4754831,294.05481,39.845249,1530.99,433.07000000000005,FALSE POSITIVE,0.4883720930232558,1.76,25.6416117
K04439.01,,9899630,295.3027,46.772018,1295.19,282.52,FALSE POSITIVE,0.008086253369272238,15.89,1.33258455
K04440.01,,4367528,292.27774,39.461071,1233.85,297.9,FALSE POSITIVE,0.25,2.86,350.81029
K04441.01,Kepler-1604 b,8416523,285.41061,44.412209,541.23,65.215,CONFIRMED,0.018867924528301886,1.72,0.341842017
K04442.01,,11124436,284.35312,48.740211,1719.2,393.99,CANDIDATE,0.9629629629629629,2.53,13.9482197
K04443.01,,5780855,288.56729,41.09013,1091.15,280.515,CANDIDATE,0.25,1.22,5.67577999
K07666.01,,3751231,292.58865,38.80143,1389.23,348.82,FALSE POSITIVE,0.0,1.01,0.570953851
K04226.01,,9491832,300.56241,46.037819,559.27,97.74,CANDIDATE,0.847457627118644,1.63,49.564693
K04227.01,,7816665,289.91635,43.507671,1605.84,358.405,FALSE POSITIVE,0.25,1.87,4.29258258
K04228.01,,9535881,295.5596,46.17804,1167.89,298.175,FALSE POSITIVE,0.0,67.53,0.960842633
K04229.01,,11616596,294.74988,49.663441,740.97,201.615,FALSE POSITIVE,0.008086253369272238,,14.5893928
K04230.01,Kepler-1572 b,9872831,281.89731,46.722664,915.05,259.85,CONFIRMED,0.847457627118644,1.3,5.49548533
K04298.01,,2852941,291.54343,38.048759,1083.54,312.20000000000005,CANDIDATE,0.4883720930232558,1.16,2.89494709
K04299.01,,8508126,296.34799,44.501961,1087.12,257.54,FALSE POSITIVE,0.008086253369272238,26.35,0.980505042
K02541.02,Kepler-391 c,12306058,290.62183,51.057301,1007.31,182.38,CONFIRMED,0.9642857142857143,3.6,20.4853893
K04300.01,Kepler-1585 b,8507475,296.159,44.56311,1166.33,236.64499999999998,CONFIRMED,0.25,1.64,3.58273837
K04301.01,Kepler-1586 b,8773015,298.20261,44.925831,797.31,195.51,CONFIRMED,0.9629629629629629,1.57,15.604841
K04365.03,,4754831,294.05481,39.845249,1530.99,433.07000000000005,FALSE POSITIVE,0.4883720930232558,1.64,75.681309
K04366.01,,10647452,282.91397,47.970299,843.79,138.78,CANDIDATE,0.25,1.0,0.762950224
K07657.01,,3531231,287.24524,38.68808,967.58,180.225,FALSE POSITIVE,0.018867924528301886,2.11,62.060783
K04367.01,,4773392,298.03305,39.883179,1405.78,281.75,CANDIDATE,0.4883720930232558,4.9,170.995748
K04368.01,,5471489,297.66504,40.681992,1121.71,310.38,FALSE POSITIVE,0.4883720930232558,2.37,12.4252735
K04368.02,,5471489,297.66504,40.681992,1121.71,310.38,FALSE POSITIVE,0.008086253369272238,58.67,39.2820405
K04369.01,,9011874,287.82489,45.34808,1142.82,194.29500000000002,FALSE POSITIVE,0.0,,361.54561249
K04431.01,,9936080,283.72427,46.879112,476.54,71.18,CANDIDATE,1.0,0.97,19.5650801
K04431.02,,9936080,283.72427,46.879112,476.54,71.18,FALSE POSITIVE,0.008086253369272238,1.87,355.79978
K04432.01,,8611344,285.75586,44.724998,1022.89,179.935,FALSE POSITIVE,0.008086253369272238,2.09,410.99389
K04433.01,,9518651,288.19992,46.149422,710.94,153.175,FALSE POSITIVE,0.018867924528301886,0.64,2.17823752
K04434.01,,2305311,291.97629,37.668652,393.59,41.32,FALSE POSITIVE,0.043478260869565216,0.86,1.404674486
K04231.01,,6383595,297.16177,41.775822,2119.71,573.835,FALSE POSITIVE,0.008086253369272238,2.24,24.9097436
K02442.02,Kepler-386 b,11080405,289.85889,48.693851,871.32,62.57,CONFIRMED,0.9629629629629629,1.51,12.3101351
K04232.01,Kepler-1573 b,11509504,292.98834,49.48497,1131.78,255.135,CONFIRMED,0.2916666666666667,1.06,2.61576515
K04233.01,,6599949,289.90698,42.0462,1127.61,239.995,FALSE POSITIVE,0.018867924528301886,2.1,409.2452
K04234.01,Kepler-1574 b,11611275,292.15866,49.63776,1210.25,281.805,CONFIRMED,0.625,1.34,6.94245216
K04302.01,,6290935,293.68127,41.611969,876.8,163.03500000000003,CANDIDATE,0.4883720930232558,1.05,5.53312006
K04303.01,,12734396,288.90952,51.930561,1497.45,244.61,CANDIDATE,0.847457627118644,3.32,200.721168
K04304.01,Kepler-1587 b,11612280,292.67773,49.66391,893.2,152.315,CONFIRMED,0.9629629629629629,1.14,9.4061364
K04305.01,,5536715,292.77893,40.795631,1078.8,269.85,FALSE POSITIVE,0.008086253369272238,1.18,0.935086665
K04306.01,,8149484,284.69278,44.010208,1055.82,284.33500000000004,FALSE POSITIVE,0.25,1.58,1.489457454
K04370.01,,12407623,291.34879,51.256119,953.13,134.54,FALSE POSITIVE,0.25,1.52,1.181165291
K04371.01,Kepler-1596 b,11444514,285.5575,49.33007,1314.31,319.3,CONFIRMED,0.847457627118644,1.99,66.373298
K02732.02,Kepler-403 d,9886361,289.92145,46.74456,670.66,121.81,CONFIRMED,1.0,1.46,13.61165024
K04372.01,Kepler-1953 b,9702006,287.96814,46.470612,606.25,73.61,CONFIRMED,0.4883720930232558,1.06,6.24564633
K04373.01,,6778008,292.01379,42.28875,1025.73,189.715,FALSE POSITIVE,0.043478260869565216,0.86,0.945829261
K04435.01,,8278685,281.95569,44.261532,652.98,138.685,CANDIDATE,0.2916666666666667,1.01,10.8614163
K04436.01,,8308260,294.86813,44.283199,1256.68,293.07,FALSE POSITIVE,0.008086253369272238,1.22,0.973160836
K04437.01,,8492101,290.63043,44.565601,629.28,294.375,FALSE POSITIVE,0.7333333333333333,2.11,4.05943749
K03004.02,,6103377,283.94244,41.4716,1630.82,312.04499999999996,CANDIDATE,0.847457627118644,2.72,7.03965141
K07662.01,,3660581,295.1442,38.799831,1466.74,410.05,CANDIDATE,0.008086253369272238,3.98,4.72519164
K04438.01,,6343576,283.47574,41.775318,1825.26,686.385,FALSE POSITIVE,0.4883720930232558,6.54,6.39903778
K04235.01,,10794974,290.9227,48.180328,600.42,101.32,CANDIDATE,0.847457627118644,2.99,66.6434565
K04236.01,,2449101,292.69855,37.778481,94.84,11.43,FALSE POSITIVE,0.043478260869565216,9.67,0.739761008
K04237.01,,7259249,282.92773,42.80608,1174.13,294.135,FALSE POSITIVE,0.018867924528301886,1.39,0.950735805
K04238.01,,8678691,287.22513,44.899841,589.97,63.795,FALSE POSITIVE,0.018867924528301886,4.25,369.819993
K04239.01,,9640924,287.96655,46.33849,1325.41,318.9,FALSE POSITIVE,0.018867924528301886,1.22,2.17815935
K04307.01,,3558849,294.94983,38.60519,1125.92,206.37,CANDIDATE,0.847457627118644,3.41,160.850075
K04308.01,,11151677,297.72214,48.710258,1122.21,265.88,FALSE POSITIVE,0.0,37.33,0.720460644
K04309.01,,11037128,295.19568,48.567421,913.03,196.425,FALSE POSITIVE,0.008086253369272238,16.1,3.7948721
K00612.03,Kepler-196 d,6587002,284.96851,42.079201,430.02,33.254999999999995,CONFIRMED,0.9642857142857143,2.92,122.0804953
K02563.02,,5175024,288.09564,40.365971,833.14,194.89000000000001,CANDIDATE,0.4883720930232558,0.81,6.2614227
K04374.01,,10991114,298.18341,48.44381,487.22,75.76,CANDIDATE,0.4883720930232558,0.86,3.70386741
K04375.01,,11969092,294.63989,50.33419,702.2,73.515,FALSE POSITIVE,0.4883720930232558,2.48,0.638437699
K04376.01,,2570773,290.33072,37.882092,1013.02,118.08,FALSE POSITIVE,0.008086253369272238,19.96,1.8912851
K04377.01,,4945764,297.16089,40.042858,1230.67,231.57,CANDIDATE,0.4883720930232558,2.49,19.8751355
K04378.01,,6356885,289.44867,41.731411,1155.85,285.475,FALSE POSITIVE,0.0,2.15,343.42046
K07658.01,,3542542,290.84921,38.63184,826.5,116.125,FALSE POSITIVE,0.008086253369272238,0.85,3.47148164
K04444.01,Kepler-1956 b,11718389,294.62097,49.89415,461.14,44.635000000000005,CONFIRMED,0.2916666666666667,1.14,5.94373492
K04445.01,,11124703,284.53635,48.749611,714.07,93.07,FALSE POSITIVE,0.25,2.1,244.60373
K04446.01,Kepler-1605 b,10329196,287.13489,47.488621,552.49,118.715,CONFIRMED,0.4883720930232558,2.99,85.7567919
K04447.01,Kepler-1957 b,10604592,293.71136,47.887539,504.07,58.075,CONFIRMED,0.4883720930232558,0.98,2.18660188
K03043.02,,9834731,293.43079,46.692089,1135.07,122.85999999999999,CANDIDATE,0.12037279141606821,0.73,7.2929891
K04240.01,,9593773,294.11237,46.252708,1511.74,373.38,FALSE POSITIVE,0.20604060236959998,1.58,3.1339356
K04241.01,Kepler-1575 b,9285568,293.74326,45.761589,1174.77,253.735,CONFIRMED,0.2916666666666667,1.25,2.55315031
K02458.02,Kepler-1245 c,7604328,290.74432,43.26078,945.39,198.75,CONFIRMED,0.9629629629629629,1.77,2.936587946
K04242.01,,9514372,285.66006,46.143471,746.47,91.235,CANDIDATE,0.4883720930232558,1.82,145.786556
K04243.01,,9777757,294.71292,46.576221,1224.32,404.71500000000003,FALSE POSITIVE,0.008086253369272238,1.45,1.33254212
K04310.01,Kepler-1950 b,7103919,287.08749,42.668671,619.02,122.32499999999999,CONFIRMED,0.4883720930232558,1.15,10.7769944
K07668.01,,3762750,295.37204,38.897739,1607.38,371.875,CANDIDATE,0.018867924528301886,1.47,2.5093344
K04311.01,,8645191,298.29953,44.78899,993.58,198.08,FALSE POSITIVE,0.2916666666666667,1.49,0.918921494
K04312.01,Kepler-1588 b,10722485,288.2327,48.002178,618.24,90.83500000000001,CONFIRMED,0.875,0.81,7.84931877
K04313.01,,9717958,294.91577,46.485321,693.93,130.165,FALSE POSITIVE,0.008086253369272238,82.63,67.7125988
K04314.01,,8128067,300.56305,43.980068,894.17,139.1,FALSE POSITIVE,0.043478260869565216,2.22,12.4285576
K04379.01,,7703910,298.01016,43.37159,1041.09,239.64,FALSE POSITIVE,0.043478260869565216,0.84,1.275511306
K04380.01,,7777818,298.94901,43.441715,946.88,291.20500000000004,FALSE POSITIVE,0.018867924528301886,1.7,5.78159956
K04381.01,,9851360,298.85892,46.697208,772.01,106.63999999999999,FALSE POSITIVE,0.018867924528301886,1.26,8.4805019
K02732.04,,9886361,289.92145,46.74456,670.66,121.81,CANDIDATE,1.0,1.13,24.5607107
K04382.01,Kepler-1597 b,6937529,288.16397,42.481079,1042.72,217.25,CONFIRMED,0.625,0.89,2.94648935
K04173.01,,9490653,300.23093,46.0452,865.44,192.265,FALSE POSITIVE,0.018867924528301886,1.17,1.227986164
K04174.01,,3328027,287.18967,38.42382,1358.51,308.725,FALSE POSITIVE,0.008086253369272238,1.29,2.11548883
K07659.01,,3644631,291.19559,38.788078,1035.87,231.91500000000002,FALSE POSITIVE,0.008086253369272238,2.37,358.96247
K04175.01,,9640931,287.96875,46.301659,932.2,127.61500000000001,FALSE POSITIVE,0.25,1.09,2.17815196
K04176.01,,5125196,298.05338,40.210739,1308.65,292.97,FALSE POSITIVE,0.043478260869565216,3.15,342.315407
K04177.01,,9640962,287.98569,46.3484,840.94,107.44999999999999,FALSE POSITIVE,0.008086253369272238,1.0,1.089077224
K04244.01,,5097454,291.24866,40.221352,585.71,66.525,FALSE POSITIVE,0.008086253369272238,34.84,1.288066288
K04245.01,,12737015,290.48007,51.965012,906.12,180.38,CANDIDATE,0.847457627118644,1.76,24.6683831
K04246.01,Kepler-1576 b,5177859,289.07397,40.366009,610.23,154.815,CONFIRMED,0.847457627118644,1.19,6.98472143
K04247.01,,8482059,285.85315,44.57222,1188.22,232.29,CANDIDATE,0.25,2.41,349.41047
K04248.01,,4568117,293.48825,39.696331,737.15,172.665,FALSE POSITIVE,0.008086253369272238,0.69,0.562563871
K04315.01,,10342248,292.91196,47.47504,621.2,100.01500000000001,FALSE POSITIVE,0.008086253369272238,0.93,0.93373458
K04316.01,,9777290,294.54642,46.50787,1957.37,477.39,FALSE POSITIVE,0.008086253369272238,1.64,1.33251948
K04317.01,,8548427,286.7937,44.638561,637.32,129.27,FALSE POSITIVE,0.008086253369272238,1.45,168.84663
K04318.01,,9286088,293.93832,45.719021,574.65,85.345,CANDIDATE,0.625,1.57,14.8162925
K04319.01,,6289344,293.20773,41.698582,745.94,100.725,FALSE POSITIVE,0.25,4.45,160.4122022
K04382.02,,6937529,288.16397,42.481079,1042.72,217.25,CANDIDATE,0.25,0.79,3.98167088
K04383.01,Kepler-1598 b,9883606,288.46909,46.78368,731.17,180.47,CONFIRMED,0.847457627118644,0.94,4.34195312
K04384.01,Kepler-1599 b,5860968,286.22089,41.151249,1171.19,280.52,CONFIRMED,0.7333333333333333,2.15,122.358116
K04385.01,Kepler-1600 c,3645438,291.39938,38.78775,943.4,67.435,CONFIRMED,0.9642857142857143,1.6,7.298142
K04386.01,Kepler-1702 b,8480582,284.9725,44.567551,888.15,119.66,CONFIRMED,0.847457627118644,1.62,18.5010898
K04178.01,,5197233,294.63516,40.322128,1108.61,233.64,CANDIDATE,0.018867924528301886,1.72,7.016016
K04179.01,,10936786,298.46341,48.32185,725.4,215.51,FALSE POSITIVE,0.018867924528301886,1.04,0.569961046
K00566.03,,7119481,292.31601,42.626251,922.58,217.155,CANDIDATE,0.847457627118644,1.32,42.068554
K04180.01,,6938264,288.44305,42.45676,247.89,25.759999999999998,FALSE POSITIVE,0.25,0.6,1.121634781
K04181.01,,9899315,295.19983,46.731731,1198.92,259.28999999999996,FALSE POSITIVE,0.018867924528301886,0.97,1.33256979
K04182.01,,9541089,297.27448,46.117908,557.92,113.41,FALSE POSITIVE,0.008086253369272238,18.45,0.536650896
K04249.01,,3650049,292.58087,38.70911,660.54,92.18,FALSE POSITIVE,0.25,3.05,397.73699
K04250.01,,9641076,288.0498,46.35833,964.35,213.41500000000002,FALSE POSITIVE,0.018867924528301886,1.03,2.17818699
K04251.01,,8741470,286.35339,44.961182,659.65,167.565,CANDIDATE,0.018867924528301886,1.55,6.23968392
K02485.02,Kepler-1254 c,11125613,285.17334,48.770039,686.39,44.715,CONFIRMED,1.0,1.36,3.60082855
K04252.01,Kepler-1948 b,10525049,287.36404,47.78521,132.99,11.8,CONFIRMED,0.847457627118644,0.72,15.5714121
K02579.02,Kepler-1859 c,9896018,293.98871,46.718021,1398.81,218.99,CONFIRMED,1.0,1.66,3.59645081
K04320.01,Kepler-1951 b,5095082,290.49988,40.287689,822.28,159.735,CONFIRMED,0.847457627118644,1.27,20.6579443
K04321.01,,12418891,296.47104,51.215221,1242.94,226.54500000000002,FALSE POSITIVE,0.018867924528301886,1.18,0.760941405
K07669.01,,3839294,288.05292,38.93792,1952.36,230.61,FALSE POSITIVE,0.008086253369272238,15.41,137.665706
K04322.01,,7698701,296.82007,43.38802,804.21,149.765,FALSE POSITIVE,0.043478260869565216,1.97,370.90237
K04322.02,,7698701,296.82007,43.38802,804.21,149.765,FALSE POSITIVE,0.008086253369272238,1.68,321.55087
K04387.01,,2830919,285.47534,38.099361,944.15,216.10000000000002,FALSE POSITIVE,0.018867924528301886,0.84,1.54038914
K04388.01,,9588822,292.13428,46.202419,672.88,299.895,FALSE POSITIVE,0.043478260869565216,25.76,71.76236302
K04389.01,,2997459,293.13098,38.159679,802.15,226.685,CANDIDATE,0.7065645571615332,1.27,16.3368863
K04390.01,,8330207,300.92484,44.24968,4776.99,1872.9450000000002,CANDIDATE,0.008086253369272238,103.99,1.63668262
K02744.02,,5881813,293.52756,41.111439,1382.1,340.32,CANDIDATE,0.847457627118644,2.84,11.615625
K02365.02,Kepler-430 c,11560897,292.80865,49.579441,982.03,177.63,CONFIRMED,0.9642857142857143,1.86,110.978266
K04183.01,,10858737,290.70651,48.226559,981.92,236.63,FALSE POSITIVE,0.008086253369272238,1.46,0.952378454
K04184.01,Kepler-1945 b,6752002,281.89813,42.28587,301.85,35.99,CONFIRMED,0.875,1.07,6.08003714
K04185.01,Kepler-1946 b,7257966,282.33563,42.84544,1047.82,201.52999999999997,CONFIRMED,0.847457627118644,3.59,3.035206175
K07660.01,,3644738,291.2276,38.771351,1220.1,250.26,FALSE POSITIVE,0.008086253369272238,2.7,358.96844
K04186.01,,9406892,292.96982,45.905579,651.22,114.18,FALSE POSITIVE,0.008086253369272238,0.95,2.21316437
K04253.01,,9202434,283.72552,45.676849,3109.02,839.615,CANDIDATE,0.008086253369272238,117.29,173.2578372
K04254.01,,8487645,288.85028,44.596939,1466.88,353.185,FALSE POSITIVE,0.008086253369272238,1.08,0.530967987
K04255.01,Kepler-1577 b,10407482,292.95526,47.573101,1286.84,651.78,CONFIRMED,0.25,2.52,6.30558387
K04256.01,,5817613,298.48425,41.06921,1089.87,215.18,FALSE POSITIVE,0.008086253369272238,1.14,4.2058608
K04257.01,,7901016,295.1333,43.631432,805.41,285.355,CANDIDATE,0.9642857142857143,2.1,41.6757509
K04323.01,,5385410,297.58194,40.5313,888.46,253.31,CANDIDATE,0.847457627118644,1.59,11.49589567
K04324.01,,9910942,298.82495,46.713531,884.68,235.965,FALSE POSITIVE,0.018867924528301886,1.35,8.4803326
K04325.01,,7749002,290.39172,43.440338,1330.39,304.34499999999997,CANDIDATE,0.018867924528301886,1.12,0.609926502
K04326.01,,10924340,293.80884,48.36562,668.92,154.09,FALSE POSITIVE,0.008086253369272238,17.07,0.750744255
K04327.01,Kepler-1589 b,5371777,294.4418,40.571678,1352.82,184.755,CONFIRMED,0.4883720930232558,1.19,0.991659646
K07670.01,,3848083,290.81589,38.970921,1453.99,305.425,CANDIDATE,0.008086253369272238,1.18,8.4795266
K04391.01,,6359926,290.39505,41.78157,927.01,204.13500000000002,CANDIDATE,0.25,1.62,49.4746966
K04392.01,,6629993,297.83713,42.079369,620.06,76.32,FALSE POSITIVE,0.018867924528301886,2.86,118.609553
K04393.01,,8324518,299.27658,44.291981,797.97,131.055,CANDIDATE,0.25,0.92,1.62888267
K04394.01,,10427700,299.41986,47.562832,1162.27,360.485,FALSE POSITIVE,0.018867924528301886,2.94,0.616386349
K04395.01,,3103473,287.84,38.255489,819.41,114.065,CANDIDATE,0.25,1.12,1.920062587
K04396.01,,11296045,291.36188,49.02198,2208.5,535.645,FALSE POSITIVE,0.043478260869565216,,88.91323139
K04187.01,,3124598,293.29227,38.2118,812.15,204.57999999999998,FALSE POSITIVE,0.25,1.42,7.07162308
K04188.01,Kepler-1947 b,6879171,296.10406,42.34259,722.11,252.96,CONFIRMED,0.847457627118644,1.4,6.96352699
K04189.01,Kepler-1562 b,9897364,294.45569,46.743561,1715.43,464.485,CONFIRMED,0.625,5.38,64.2729088
K04190.01,Kepler-1563 b,12505503,288.57358,51.472752,480.5,99.72500000000001,CONFIRMED,0.4883720930232558,0.75,3.4327371
K04191.01,,3548639,292.47888,38.657921,1078.93,289.88,FALSE POSITIVE,0.008086253369272238,2.34,13.8452726
K07695.01,,4390912,297.33377,39.44759,1319.29,122.13499999999999,FALSE POSITIVE,0.008086253369272238,8.73,0.687506554
K04258.01,,7115925,291.21338,42.625599,661.14,161.685,FALSE POSITIVE,0.008086253369272238,0.88,0.566801617
K04259.01,,5785279,290.01245,41.089989,964.34,219.815,CANDIDATE,0.4883720930232558,0.98,0.909127736
K04260.01,,7429287,286.39584,43.075821,281.81,14.125,FALSE POSITIVE,0.4883720930232558,1.83,371.63327
K04261.01,Kepler-1578 b,10526887,288.302,47.775551,1293.25,316.58500000000004,CONFIRMED,0.043478260869565216,1.21,1.450889836
K02485.03,Kepler-1254 d,11125613,285.17334,48.770039,686.39,44.715,CONFIRMED,1.0,1.4,5.72716067
K04328.01,,3545583,291.69104,38.61499,990.09,216.625,FALSE POSITIVE,0.0,2.11,407.59415
K02579.03,,9896018,293.98871,46.718021,1398.81,218.99,CANDIDATE,1.0,1.6,10.30148508
K04329.01,,12456063,289.01178,51.376019,415.54,57.82,CANDIDATE,0.847457627118644,1.02,17.8007815
K04330.01,,8374741,295.07507,44.382992,213.83,35.475,FALSE POSITIVE,0.008086253369272238,0.95,358.101884
K04331.01,,5096053,290.81366,40.254875,962.03,289.94,CANDIDATE,0.008086253369272238,1.45,1.717859841
K04396.02,,11296045,291.36188,49.02198,2208.5,535.645,FALSE POSITIVE,0.25,,46.0771501
K04396.03,,11296045,291.36188,49.02198,2208.5,535.645,FALSE POSITIVE,0.25,,42.62423329
K04397.01,,3247503,294.48499,38.352859,1059.39,204.985,FALSE POSITIVE,0.008086253369272238,1.42,0.447861451
K04398.01,,5802637,295.21127,41.086971,978.92,174.655,CANDIDATE,0.4883720930232558,1.6,7.3422467
K00647.02,,5531694,291.19507,40.702702,817.49,152.47,CANDIDATE,0.847457627118644,0.92,8.1134681
K02842.03,Kepler-446 c,8733898,282.25021,44.921108,157.21,21.89,CONFIRMED,1.0,1.4,3.036208739
K04192.01,Kepler-1564 b,9828127,290.58612,46.642689,849.54,85.605,CONFIRMED,1.0,1.51,18.0541469
K02420.02,,7107802,288.58835,42.605659,1004.84,152.98,CANDIDATE,0.847457627118644,1.07,5.4675514
K07689.01,,4281068,295.88568,39.31599,946.72,142.57999999999998,FALSE POSITIVE,0.0,64.77,1.01530474
K04193.01,,9092496,293.20139,45.454399,1321.49,300.655,FALSE POSITIVE,0.25,4.17,94.180473
K04194.01,Kepler-1565 b,5644412,297.95297,40.806808,665.49,89.13,CONFIRMED,0.25,1.29,1.538185321
K04195.01,,9959545,295.22089,46.823879,535.06,85.86,FALSE POSITIVE,0.008086253369272238,0.62,1.332567643
K04262.01,,9641144,288.09009,46.322948,856.35,195.935,FALSE POSITIVE,0.008086253369272238,0.75,1.089076495
K04263.01,,8572168,296.20578,44.660446,1415.57,511.755,FALSE POSITIVE,0.018867924528301886,2.16,1.662710314
K07696.01,,4472143,293.72528,39.511971,888.45,62.12,FALSE POSITIVE,0.0,2.01,472.071079
K04264.01,,12509829,291.06168,51.404781,1122.34,204.015,CANDIDATE,0.0853775121298446,1.51,0.888478095
K04265.01,,7368137,293.42361,42.917641,751.43,139.83,FALSE POSITIVE,0.008086253369272238,0.7,2.18242002
K04266.01,,9027841,293.95221,45.31826,493.71,43.56999999999999,FALSE POSITIVE,0.008086253369272238,2.97,0.503999678
K04332.01,,8953414,291.98572,45.211441,670.03,85.84,FALSE POSITIVE,0.008086253369272238,0.98,2.66588544
K04333.01,,2576962,291.7005,37.843731,925.84,143.36,CANDIDATE,0.008086253369272238,2.18,309.25581
K04334.01,,10140274,291.51819,47.139301,749.82,83.825,CANDIDATE,0.625,1.1,2.44232399
K04335.01,Kepler-1590 b,10730070,291.40781,48.017891,824.05,201.695,CONFIRMED,0.847457627118644,1.0,7.61758198
K04336.01,,4458109,289.75626,39.57645,326.0,72.17,FALSE POSITIVE,0.008086253369272238,1.09,41.477908
K04399.01,,8345384,282.12888,44.303162,207.64,19.755000000000003,CANDIDATE,0.4883720930232558,1.42,42.1003351
K04400.01,Kepler-1601 b,2831055,285.51294,38.079739,671.07,163.01,CONFIRMED,0.847457627118644,0.84,2.20923119
K04401.01,,11044826,298.00357,48.56424,650.68,148.89,FALSE POSITIVE,0.0,1.35,260.54832
K04402.01,,6681687,288.79703,42.1689,1135.21,245.03,FALSE POSITIVE,0.008086253369272238,2.37,370.47678
K04403.01,Kepler-1954 b,7703882,298.00293,43.35461,1117.8,241.005,CONFIRMED,0.2916666666666667,1.27,5.88350251
K04196.01,,8179190,296.2478,44.07679,894.11,239.09499999999997,FALSE POSITIVE,0.008086253369272238,8.3,0.662457501
K04197.01,,9777724,294.7005,46.573132,1850.14,443.125,FALSE POSITIVE,0.008086253369272238,1.25,1.33258458
K04198.01,,9072639,283.85291,45.48526,1043.38,236.10000000000002,CANDIDATE,0.018867924528301886,1.26,1.182862515
K04199.01,Kepler-1566 b,5340878,283.58762,40.574928,506.78,35.485,CONFIRMED,0.7333333333333333,0.82,0.539915033
K04200.01,,10273903,291.79666,47.385929,1059.32,174.515,FALSE POSITIVE,0.008086253369272238,74.14,372.54353
K04267.01,Kepler-1949 b,7450747,293.5423,43.0261,1698.56,311.325,CONFIRMED,0.7333333333333333,1.36,2.20829637
K04268.01,Kepler-1579 b,7826620,293.28802,43.514992,299.67,37.915,CONFIRMED,0.018867924528301886,0.59,0.849906734
K04269.01,Kepler-1993 b,8890924,293.79684,45.160728,1037.45,516.22,CONFIRMED,0.9629629629629629,4.15,26.6565737
K04269.02,,8890924,293.79684,45.160728,1037.45,516.22,CANDIDATE,0.847457627118644,1.74,4.4408541
K04270.01,,8483241,286.53278,44.554569,1011.59,241.26999999999998,FALSE POSITIVE,0.008086253369272238,67.13,373.72257
K04337.01,Kepler-1591 b,8573193,296.51666,44.608608,827.56,156.29000000000002,CONFIRMED,0.4883720930232558,0.93,8.18504859
K04338.01,,9240664,299.20667,45.64547,1606.84,782.35,FALSE POSITIVE,0.008086253369272238,75.04,10.78438513
K02585.02,Kepler-392 c,7673841,288.66077,43.36808,613.16,100.15,CONFIRMED,0.9629629629629629,1.07,10.42317343
K04339.01,,7281411,291.58682,42.827621,742.14,83.405,FALSE POSITIVE,0.008086253369272238,0.85,0.566804221
K04340.01,,6528141,293.6228,41.966492,1312.74,288.21000000000004,FALSE POSITIVE,0.008086253369272238,1.15,2.022658
K04404.01,,8106112,294.73132,43.989361,998.24,205.02999999999997,FALSE POSITIVE,0.008086253369272238,1.47,316.57747
K07679.01,,4054784,290.88486,39.115921,557.14,94.59,CANDIDATE,0.008086253369272238,0.7,1.8679943
K04405.01,,10745365,296.896,48.04726,953.72,224.79,CANDIDATE,0.018867924528301886,1.39,8.9172863
K04406.01,,5563937,299.08536,40.774529,1243.04,293.07,FALSE POSITIVE,0.008086253369272238,20.48,0.519437968
K04407.01,,8396660,301.15656,44.379532,286.48,39.805,CANDIDATE,0.008086253369272238,0.6,1.33807075
K04408.01,,10736179,293.82782,48.054241,879.49,124.69,FALSE POSITIVE,0.008086253369272238,0.89,1.105095798
K04201.01,,6119921,290.62659,41.490959,1052.33,260.65999999999997,FALSE POSITIVE,0.008086253369272238,1.98,245.01902
K04202.01,Kepler-1567 b,5084171,286.69522,40.291809,1209.62,259.66499999999996,CONFIRMED,0.875,2.53,153.979362
K07684.01,,4141587,286.77161,39.266941,4101.26,815.935,FALSE POSITIVE,0.008086253369272238,24.43,10.2239787
K02433.03,Kepler-385 d,11968463,294.33847,50.33654,1468.5,383.25,CONFIRMED,0.9642857142857143,2.9,56.4148314
K04203.01,,3834317,286.04739,38.979851,504.07,130.51999999999998,FALSE POSITIVE,0.008086253369272238,3.29,2.18079098
K04204.01,Kepler-1568 b,10593535,289.18265,47.873379,840.5,136.13,CONFIRMED,0.9629629629629629,1.26,20.9254083
K02498.02,Kepler-390 c,5959719,291.62878,41.208599,399.69,30.75,CONFIRMED,0.9642857142857143,0.8,13.0600399
K04271.01,,5992210,299.60825,41.268341,690.08,155.845,FALSE POSITIVE,0.008086253369272238,0.86,0.641069613
K07690.01,,4284980,296.63315,39.327141,1130.35,243.585,FALSE POSITIVE,0.008086253369272238,0.89,2.2430415
K04272.01,,9302543,299.08658,45.776821,843.53,275.76,FALSE POSITIVE,0.008086253369272238,5.5,1.21475168
K04273.01,,9716028,294.20984,46.479969,633.22,117.47999999999999,CANDIDATE,0.7333333333333333,1.31,17.3731821
K04274.01,,6223324,296.81158,41.51569,1106.71,254.89,CANDIDATE,0.25,1.08,1.97507424
K04617.01,Kepler-1617 b,9701962,287.93719,46.418491,971.89,197.115,CONFIRMED,0.847457627118644,1.52,27.4784659
K04618.01,,6685646,290.04114,42.10574,1101.92,195.64,FALSE POSITIVE,0.008086253369272238,1.46,244.86662
K07697.01,,4574319,294.99649,39.629921,1067.6,216.20000000000002,FALSE POSITIVE,0.008086253369272238,0.87,1.30627214
K04619.01,,7741837,287.39777,43.414341,981.38,237.45,FALSE POSITIVE,0.008086253369272238,1.88,62.366706
K04620.01,,11137065,291.61646,48.775639,761.03,191.875,FALSE POSITIVE,0.008086253369272238,0.9,0.933732791
K04621.01,,11093335,296.04196,48.681351,595.48,185.65,FALSE POSITIVE,0.008086253369272238,2.2,53.106597
K04690.01,,9394768,287.25299,45.90934,1467.92,329.02,FALSE POSITIVE,0.008086253369272238,2.99,360.15417
K04691.01,,9773980,293.28015,46.560089,1034.1,169.86,CANDIDATE,0.2916666666666667,1.09,3.3879165
K04692.01,,10972902,290.44476,48.462891,778.06,158.475,FALSE POSITIVE,0.2916666666666667,0.64,1.42856815
K00806.04,,3832474,285.28363,38.947281,920.47,76.31,FALSE POSITIVE,0.043478260869565216,3.59,381.850599
K03194.01,,12004971,286.62854,50.471272,393.21,60.155,FALSE POSITIVE,0.25,1.46,10.81315417
K04479.01,,3644602,291.18927,38.731159,1108.09,254.745,FALSE POSITIVE,0.008086253369272238,29.15,359.08368
K04480.01,,10467714,290.77655,47.64843,505.95,84.92,CANDIDATE,0.2916666666666667,1.75,58.7488629
K04481.01,,11912941,290.97906,50.258148,1188.92,262.665,FALSE POSITIVE,0.25,1.08,3.74784374
K07685.01,,4141593,286.77313,39.277531,570.13,154.97,CANDIDATE,0.847457627118644,1.35,64.740274
K04482.01,,7778427,299.09537,43.439098,518.67,78.645,CANDIDATE,0.25,0.78,5.38299284
K04483.01,,6525106,292.68515,41.905918,1045.82,225.14,FALSE POSITIVE,0.018867924528301886,0.91,1.71028117
K04549.01,,6523058,292.02621,41.984119,1311.26,282.135,CANDIDATE,0.25,1.16,2.0481582
K04550.01,Kepler-1653 b,5977470,296.45776,41.266022,668.23,41.37,CONFIRMED,0.7333333333333333,1.84,140.251943
K04551.01,,11769689,295.09201,49.940079,952.52,236.35500000000002,CANDIDATE,0.2916666666666667,1.25,14.7179342
K07691.01,,4355503,288.86853,39.496132,129.81,18.525,FALSE POSITIVE,0.018867924528301886,0.54,0.570828503
K04552.01,,6119923,290.62686,41.4604,581.0,63.864999999999995,FALSE POSITIVE,0.008086253369272238,2.48,134.4665
K04553.01,,6126076,292.61426,41.437229,652.81,143.42,FALSE POSITIVE,0.008086253369272238,0.99,0.909314811
K04622.01,Kepler-441 b,11284772,284.56689,49.01255,279.2,18.625,CONFIRMED,0.847457627118644,1.56,207.24785
K04623.01,,9209183,287.56268,45.679008,1104.88,269.29,FALSE POSITIVE,0.008086253369272238,1.86,186.55347
K03179.01,Kepler-1911 b,6153407,299.3028,41.441017,277.73,33.915,CONFIRMED,0.7333333333333333,1.03,5.99078221
K04624.01,,5955621,290.27658,41.269341,489.68,53.57000000000001,FALSE POSITIVE,0.043478260869565216,1.04,14.0801852
K04625.01,Kepler-1964 b,11519187,297.05902,49.4785,681.92,80.715,CONFIRMED,0.4883720930232558,21.29,2.440839436
K04693.01,Kepler-1619 b,8417078,285.70346,44.422001,737.41,178.04,CONFIRMED,0.4883720930232558,1.07,23.6223571
K04694.01,,9457948,288.70859,46.018188,1139.5,262.95,CANDIDATE,0.4883720930232558,1.24,19.2527652
K04695.01,,4852297,296.06665,39.938011,1099.72,256.525,FALSE POSITIVE,0.008086253369272238,50.51,3.28931936
K04696.01,,9851845,299.0098,46.684738,413.67,59.59,FALSE POSITIVE,0.008086253369272238,0.47,1.08195208
K04697.01,,9474483,295.46341,46.01123,1360.23,323.295,FALSE POSITIVE,0.008086253369272238,1.07,0.512583041
K07680.01,,4072271,295.31512,39.141048,874.01,226.305,CANDIDATE,0.4883720930232558,2.66,219.20579
K04484.01,Kepler-1960 b,9898017,294.69696,46.720188,1364.98,302.4,CONFIRMED,0.043478260869565216,0.98,2.29794819
K04485.01,,8613218,286.78354,44.73737,1121.67,263.975,FALSE POSITIVE,0.008086253369272238,2.11,368.11581
K04486.01,,8548069,286.58829,44.640411,1571.98,376.97,FALSE POSITIVE,0.008086253369272238,3.05,368.52466
K03158.02,Kepler-444 c,6278762,289.75229,41.634605,31.99,2.835,CONFIRMED,1.0,0.65,4.54586982
K04487.01,,8098212,292.02829,43.946362,501.8,39.24,CANDIDATE,0.018867924528301886,0.72,3.48754109
K03164.01,,3127911,294.01822,38.226292,719.39,259.235,FALSE POSITIVE,0.008086253369272238,2.25,0.542498653
K04554.01,,6369131,293.43478,41.716881,1759.01,351.765,CANDIDATE,0.4883720930232558,2.61,8.0772455
K04555.01,,7820699,291.22043,43.574268,577.21,82.975,CANDIDATE,0.0,1.39,364.08733
K04556.01,,10399321,289.61856,47.557968,328.8,62.665000000000006,FALSE POSITIVE,0.25,0.91,21.5819776
K04557.01,,10257229,283.70471,47.385288,663.56,152.655,CANDIDATE,0.4883720930232558,0.83,5.75651958
K04626.01,,3539231,289.90417,38.651371,1441.52,275.77,CANDIDATE,0.9629629629629629,2.66,91.95723
K04627.01,,6311891,298.75836,41.631031,845.27,81.695,CANDIDATE,0.4883720930232558,1.19,7.51731745
K04628.01,,7837733,296.66855,43.540569,1415.82,329.13,FALSE POSITIVE,0.25,1.2,3.08723626
K04629.01,,2578017,291.91415,37.807819,1081.93,213.42499999999998,FALSE POSITIVE,0.0,25.97,0.592562969
K04630.01,,7834045,295.59735,43.596401,1432.22,272.655,CANDIDATE,0.9629629629629629,2.46,44.6966177
K04698.01,,10663738,291.12744,47.938801,1300.53,328.26,CANDIDATE,0.018867924528301886,1.28,8.5275894
K04699.01,,7891294,291.88797,43.649811,612.12,99.89500000000001,CANDIDATE,0.2916666666666667,1.08,3.07714195
K04700.01,,9413156,295.36145,45.914841,1101.09,199.72,CANDIDATE,0.625,1.2,3.83488354
K04701.01,,8625732,292.14804,44.70414,741.03,150.405,FALSE POSITIVE,0.008086253369272238,0.95,31.97181
K04702.01,,2831251,285.56747,38.040691,928.77,219.135,FALSE POSITIVE,0.018867924528301886,0.93,5.81289843
K04488.01,,6721380,298.91083,42.18504,853.28,221.98000000000002,FALSE POSITIVE,0.018867924528301886,1.41,6.44173995
K04489.01,,7694615,295.66672,43.37035,461.83,87.78,FALSE POSITIVE,0.25,0.63,0.631106722
K04490.01,,6201203,290.57632,41.546188,1276.61,271.795,FALSE POSITIVE,0.008086253369272238,1.76,176.17377
K04491.01,Kepler-1609 b,4556468,290.14655,39.665821,1411.13,246.59,CONFIRMED,0.847457627118644,2.09,114.336052
K04492.01,,9222516,293.52997,45.66433,854.72,211.38,FALSE POSITIVE,0.0,51.53,0.63938062
K04558.01,,5431027,285.59543,40.679722,865.29,248.60500000000002,CANDIDATE,0.4883720930232558,1.13,8.8233996
K04559.01,,7285673,292.93552,42.824871,862.32,200.51,FALSE POSITIVE,0.008086253369272238,1.42,0.566801045
K04560.01,,5282437,293.94012,40.447189,1160.64,257.705,FALSE POSITIVE,0.0,40.12,0.992799002
K04561.01,Kepler-1613 b,7747457,289.87506,43.420959,971.87,259.31,CONFIRMED,0.4883720930232558,1.85,1.5184181
K04562.01,,8652360,300.23587,44.76952,656.12,85.185,FALSE POSITIVE,0.2916666666666667,0.72,0.96807117
K04631.01,,9602421,297.09583,46.211021,595.51,149.78,FALSE POSITIVE,0.043478260869565216,0.72,3.55661906
K04632.01,,6070337,299.01312,41.329311,858.32,141.62,CANDIDATE,0.008086253369272238,13.25,40.0691482
K04633.01,,5954001,289.77954,41.214409,884.92,144.625,CANDIDATE,0.847457627118644,1.12,11.6933447
K07692.01,,4373195,293.72,39.446449,462.97,147.355,FALSE POSITIVE,0.008086253369272238,0.63,0.56256804
K03182.01,,5090937,289.26575,40.255482,991.83,369.32,FALSE POSITIVE,0.0,224.56,8.79991878
K04634.01,,8196226,300.6496,44.05574,655.5,146.705,CANDIDATE,0.008086253369272238,0.98,4.02745396
K03196.01,,9002538,283.35046,45.339111,322.32,55.849999999999994,CANDIDATE,0.9629629629629629,0.59,4.96061094
K04703.01,,6359175,290.16418,41.782631,934.85,189.48499999999999,FALSE POSITIVE,0.008086253369272238,2.27,349.03703
K04704.01,,8104207,294.12762,43.975128,986.7,202.68,FALSE POSITIVE,0.008086253369272238,1.83,177.8135
K04705.01,,5642688,297.60236,40.803219,896.22,192.39,CANDIDATE,0.043478260869565216,1.03,1.4733245
K04706.01,Kepler-1620 b,10026502,297.27087,46.928421,651.04,151.255,CONFIRMED,0.4883720930232558,1.31,101.952048
K04493.01,,3953173,291.20007,39.053982,367.66,35.215,FALSE POSITIVE,0.008086253369272238,0.53,2.41795911
K04494.01,,8037926,294.91486,43.862431,1409.34,348.53,FALSE POSITIVE,0.008086253369272238,2.4,183.854867
K04495.01,,5552562,296.77414,40.793282,1151.5,264.32,CANDIDATE,0.4883720930232558,1.39,5.93218209
K04496.01,,6186182,284.68292,41.592411,1407.73,317.53999999999996,CANDIDATE,0.25,2.41,96.384483
K07681.01,,4073017,295.47382,39.124561,641.43,97.315,CANDIDATE,0.25,0.92,6.05552018
K00701.05,Kepler-62 c,9002278,283.21274,45.349861,279.23,18.72,CONFIRMED,0.847457627118644,0.57,12.4418003
K04563.01,,10585749,285.15942,47.88274,914.08,160.765,CANDIDATE,0.4883720930232558,1.7,54.333582
K03165.01,,9579208,287.6376,46.204411,263.65,15.6,CANDIDATE,0.847457627118644,1.02,4.11754421
K04564.01,,6437617,290.0632,41.81522,938.51,215.09499999999997,FALSE POSITIVE,0.008086253369272238,1.37,293.60581
K04565.01,,8453851,298.96481,44.45277,957.31,241.69,FALSE POSITIVE,0.008086253369272238,0.91,2.78801663
K04566.01,Kepler-1614 b,11650401,284.87134,49.775909,1101.38,173.37,CONFIRMED,0.4883720930232558,1.4,3.94660745
K04635.01,,9873759,282.61804,46.787521,427.73,73.065,FALSE POSITIVE,0.67542929235086,0.82,4.99473798
K04636.01,,9773270,292.98517,46.506569,1214.56,249.71,CANDIDATE,0.018867924528301886,6.13,122.749053
K04637.01,,9457728,288.59967,46.031712,304.29,16.74,CANDIDATE,0.25887846587719776,0.81,4.37992345
K04638.01,,9516728,287.08252,46.104069,830.86,206.21499999999997,FALSE POSITIVE,0.008086253369272238,1.98,368.48518
K04639.01,,4825872,288.84711,39.934311,1112.2,285.905,FALSE POSITIVE,0.008086253369272238,2.66,169.894419
K04707.01,,4680772,297.77899,39.776001,371.42,100.255,FALSE POSITIVE,0.008086253369272238,1.05,26.190289
K04708.01,,8110733,296.17621,43.931751,1124.8,284.195,FALSE POSITIVE,0.0,2.07,203.511886
K04709.01,,2303903,291.64294,37.632408,1034.52,162.665,CANDIDATE,0.2916666666666667,1.33,3.70858595
K04710.01,,9278216,290.7377,45.725368,1190.52,240.22500000000002,CANDIDATE,0.2916666666666667,1.3,9.4527721
K04711.01,,8355131,287.50766,44.31424,957.9,153.85500000000002,CANDIDATE,0.018867924528301886,1.08,4.3638313
K03158.03,Kepler-444 d,6278762,289.75229,41.634605,31.99,2.835,CONFIRMED,1.0,0.65,6.18943952
K04497.01,,12645057,289.26697,51.751221,904.37,158.01999999999998,CANDIDATE,0.4883720930232558,1.09,6.83006228
K04498.01,,4844367,294.22134,39.989521,877.86,83.01,CANDIDATE,0.008086253369272238,22.42,17.1622587
K04499.01,,10937749,298.78278,48.312809,803.49,161.595,CANDIDATE,0.25,1.04,5.19898615
K04500.01,Kepler-1610 b,9100953,295.90503,45.40543,922.28,150.82,CONFIRMED,0.9642857142857143,1.37,8.70179611
K04567.01,,8332521,301.56284,44.240391,644.7,148.1,CANDIDATE,0.4883720930232558,8.1,14.74426
K04568.01,,10407086,292.79254,47.576721,781.36,194.4,FALSE POSITIVE,0.043478260869565216,1.24,0.933747395
K07682.01,,4073089,295.49011,39.105862,1404.8,374.985,FALSE POSITIVE,0.008086253369272238,76.18,58.873429
K04569.01,,6065351,297.85822,41.330231,1318.02,452.975,FALSE POSITIVE,0.008086253369272238,238.66,14.1166583
K04570.01,,4060229,292.35605,39.11945,1035.4,157.01,CANDIDATE,0.625,2.13,35.0175053
K04571.01,Kepler-1615 b,6761777,286.35922,42.227482,1599.97,288.53499999999997,CONFIRMED,0.847457627118644,3.71,47.3128645
K04639.02,,4825872,288.84711,39.934311,1112.2,285.905,FALSE POSITIVE,0.008086253369272238,1.93,29.6990126
K04640.01,Kepler-1618 b,9412623,295.17538,45.930908,947.5,231.45000000000002,CONFIRMED,0.018867924528301886,1.06,6.1082945
K04641.01,,3644505,291.16129,38.710602,661.06,156.035,FALSE POSITIVE,0.25,1.26,119.72007
K04642.01,,4664743,294.46487,39.725391,1314.4,307.265,FALSE POSITIVE,0.008086253369272238,0.86,1.27839331
K03184.01,Kepler-1972 b,4735826,288.39529,39.872627,266.54,48.67,CONFIRMED,0.9642857142857143,0.68,7.545922037
K04722.01,,6593734,287.82877,42.061642,1249.23,252.195,FALSE POSITIVE,0.008086253369272238,19.91,0.58675746
K03197.01,,8443527,296.29056,44.42326,277.8,51.72,CANDIDATE,0.018867924528301886,0.96,22.599501
K04723.01,,9711297,292.26291,46.430641,1720.78,390.35499999999996,FALSE POSITIVE,0.008086253369272238,4.45,373.74856
K04725.01,Kepler-1967 b,7778621,299.13779,43.498638,622.8,317.345,CONFIRMED,0.847457627118644,2.59,7.28171395
K04726.01,,5956354,290.51785,41.238762,1062.65,232.29,FALSE POSITIVE,0.25,1.18,8.0386699
K04500.02,Kepler-1610 c,9100953,295.90503,45.40543,922.28,150.82,CONFIRMED,0.9642857142857143,2.09,44.9851885
K04501.01,,8109107,295.7023,43.900928,1089.77,256.99,FALSE POSITIVE,0.2916666666666667,1.62,6.67410577
K04502.01,,6200529,290.35947,41.552052,533.24,51.67,FALSE POSITIVE,0.0,1.67,374.92478
K04503.01,,10907132,284.6134,48.37347,1325.29,293.285,CANDIDATE,0.4883720930232558,1.54,5.89089509
K04504.01,,6520753,291.2941,41.91283,1062.62,194.655,CANDIDATE,0.4883720930232558,1.44,4.13029832
K04572.01,,6929285,284.65338,42.48835,750.62,134.425,FALSE POSITIVE,0.018867924528301886,0.9,4.60690612
K04573.01,,4848321,295.19534,39.92725,1023.12,241.015,FALSE POSITIVE,0.008086253369272238,0.93,1.50178705
K03167.01,,12255382,289.74673,50.99371,109.15,10.37,FALSE POSITIVE,0.008086253369272238,0.5,0.499664962
K04574.01,,6522745,291.9281,41.968441,1861.64,440.105,FALSE POSITIVE,0.018867924528301886,32.01,17.4453935
K04575.01,,9893468,292.93643,46.753021,847.74,196.39,CANDIDATE,0.4883720930232558,1.98,201.325036
K04643.01,,11655826,288.44839,49.714031,1091.86,256.155,CANDIDATE,0.018867924528301886,1.43,5.59346375
K04644.01,,1721157,291.45734,37.206841,659.67,84.385,CANDIDATE,0.018867924528301886,1.23,3.44928111
K04645.01,,11076276,287.64566,48.638821,1140.9,271.265,FALSE POSITIVE,0.008086253369272238,0.93,1.4725859
K04646.01,,12012439,291.21246,50.45356,925.8,187.215,FALSE POSITIVE,0.018867924528301886,1.1,2.97607935
K04647.01,,9947653,290.25931,46.885109,908.32,426.15,CANDIDATE,0.9629629629629629,1.97,37.9043889
K04712.01,,4374610,294.04175,39.457371,1428.54,313.375,FALSE POSITIVE,0.008086253369272238,1.08,1.44438449
K03196.02,,9002538,283.35046,45.339111,322.32,55.849999999999994,CANDIDATE,0.847457627118644,0.77,6.88297756
K04714.01,,12554634,289.18149,51.562538,780.08,122.535,CANDIDATE,0.008086253369272238,1.08,2.049602348
K04715.01,,6264750,283.57269,41.695728,740.89,192.285,CANDIDATE,0.25,1.44,53.285584
K04716.01,,11290515,288.34488,49.021938,387.24,61.185,CANDIDATE,0.847457627118644,0.61,5.8943338
K04504.02,,6520753,291.2941,41.91283,1062.62,194.655,CANDIDATE,0.4883720930232558,1.5,8.119343
K03158.04,Kepler-444 e,6278762,289.75229,41.634605,31.99,2.835,CONFIRMED,1.0,0.62,7.74347801
K04505.01,,8493354,291.09943,44.545689,744.79,107.87,CANDIDATE,0.9629629629629629,1.05,18.0071438
K04506.01,Kepler-1961 b,4545570,286.33011,39.683182,926.21,137.79999999999998,CONFIRMED,0.625,1.11,5.60473115
K04508.01,,5457326,294.3735,40.65144,518.55,54.19,CANDIDATE,0.4883720930232558,1.02,2.49915311
K04576.01,,8240746,294.43747,44.180901,774.5,127.86,FALSE POSITIVE,0.008086253369272238,1.53,184.568
K04577.01,,10610039,295.6709,47.830399,869.21,174.055,CANDIDATE,0.2916666666666667,1.83,105.997107
K04578.01,,9652655,293.26266,46.30888,1159.52,261.205,FALSE POSITIVE,0.018867924528301886,1.05,2.48882685
K04579.01,,10140843,291.73361,47.109161,521.96,108.005,FALSE POSITIVE,0.008086253369272238,1.08,367.19796
K04580.01,,8628761,293.37381,44.727982,841.47,282.305,CANDIDATE,0.008086253369272238,1.23,6.30432354
K04648.01,,10473272,293.05508,47.606739,1419.35,313.2,FALSE POSITIVE,0.25,1.76,17.6604653
K04649.01,,4750669,292.96661,39.899639,902.56,162.05,CANDIDATE,0.25,1.2,3.38419892
K04650.01,,9824928,289.05286,46.67593,439.1,51.644999999999996,FALSE POSITIVE,0.008086253369272238,0.55,1.69999106
K04651.01,,6717252,298.08716,42.164349,568.16,140.65,CANDIDATE,0.2916666666666667,0.77,1.19260017
K04652.01,,5817685,298.4985,41.08337,1003.89,245.275,FALSE POSITIVE,0.008086253369272238,0.75,4.2059745
K04717.01,,4902202,283.69351,40.018021,1451.54,226.185,CANDIDATE,0.847457627118644,3.61,216.456055
K04718.01,,7282042,291.78796,42.834099,736.6,134.01,FALSE POSITIVE,0.0,0.54,0.566803216
K04719.01,,7523542,290.51251,43.10128,740.6,138.95,FALSE POSITIVE,0.0,1.86,365.13981
K04720.01,,3109937,289.77826,38.262741,1087.36,202.705,FALSE POSITIVE,0.018867924528301886,1.79,37.809539
K04721.01,,9386171,282.24762,45.930779,761.86,92.22999999999999,FALSE POSITIVE,0.008086253369272238,2.29,381.18654
K04509.01,,11350118,291.69516,49.187859,421.75,48.44499999999999,CANDIDATE,0.4883720930232558,0.97,12.003678
K04510.01,Kepler-1611 b,11671579,296.51205,49.72776,1078.38,196.755,CONFIRMED,0.847457627118644,1.31,5.17624997
K04511.01,,11553598,288.74072,49.543018,1353.47,310.135,FALSE POSITIVE,0.008086253369272238,2.12,370.62071
K04512.01,,12069414,295.45059,50.54211,745.8,116.555,FALSE POSITIVE,0.25,0.98,0.589458602
K04513.01,Kepler-1612 b,9216775,291.25027,45.655071,736.77,66.475,CONFIRMED,0.847457627118644,0.94,3.91794676
K04581.01,,2572029,290.60806,37.801891,674.56,166.875,CANDIDATE,0.043478260869565216,0.73,6.0059966
K04582.01,,7905106,296.33688,43.60009,213.09,24.44,CANDIDATE,0.043478260869565216,0.35,4.22426989
K04583.01,,9007151,285.66843,45.374771,1302.92,180.96,CANDIDATE,0.0,2.05,330.906041
K03168.01,,4450844,287.31485,39.538181,208.46,9.9,CANDIDATE,0.847457627118644,1.06,56.3479517
K04584.01,,8443265,296.20569,44.498989,765.67,97.21,FALSE POSITIVE,0.018867924528301886,0.82,0.614701901
K03185.01,,3240406,292.77634,38.39397,682.38,108.93,FALSE POSITIVE,0.008086253369272238,0.79,0.934181579
K04653.01,,11181260,286.56033,48.893051,756.43,168.93,CANDIDATE,0.7333333333333333,1.07,19.9778599
K04654.01,,5090803,289.2247,40.260818,633.89,124.49000000000001,FALSE POSITIVE,0.0,1.2,379.65261
K04655.01,,2558163,287.06534,37.899479,981.47,189.45499999999998,CANDIDATE,0.008086253369272238,1.15,17.543847
K04656.01,,8107611,295.24191,43.972599,1146.37,331.375,CANDIDATE,0.25,1.39,3.8183717
K04727.01,,8377197,295.85498,44.301601,809.35,195.34,FALSE POSITIVE,0.008086253369272238,0.87,1.215181097
K04728.01,,6137779,295.85782,41.415691,1422.07,365.17999999999995,FALSE POSITIVE,0.25,1.47,21.5324915
K04729.01,,11913072,291.06143,50.22694,1034.28,233.06,FALSE POSITIVE,0.25,1.06,3.74779583
K04730.01,,8752940,291.58875,44.907509,919.59,424.12,CANDIDATE,0.043478260869565216,3.69,9.07829171
K04731.01,,9083470,289.72168,45.439758,901.02,144.70000000000002,FALSE POSITIVE,0.008086253369272238,16.07,0.91842238
K04514.01,,5783732,289.5531,41.056931,797.11,143.075,FALSE POSITIVE,0.043478260869565216,1.48,373.43233
K03158.05,Kepler-444 f,6278762,289.75229,41.634605,31.99,2.835,CONFIRMED,1.0,0.95,9.74048508
K04515.01,,7900100,294.85272,43.686459,1441.81,344.525,FALSE POSITIVE,0.0,2.2,397.73781
K04516.01,,9849884,298.45123,46.620861,708.28,174.655,FALSE POSITIVE,0.4883720930232558,1.65,5.35745121
K04517.01,,11243547,291.54214,48.991192,141.86,17.08,FALSE POSITIVE,0.25,0.5,2.16132662
K07693.01,,4384909,296.22168,39.405762,1028.79,192.835,CANDIDATE,0.25,1.4,6.41097179
K04585.01,Kepler-1616 b,9009036,286.54364,45.304871,1052.57,250.2,CONFIRMED,0.25,1.21,6.76289308
K04586.01,,11506654,291.51758,49.43462,1226.51,227.75,CANDIDATE,0.847457627118644,2.83,75.2116373
K04587.01,,5687700,285.22415,40.958931,1215.7,249.685,CANDIDATE,0.018867924528301886,1.12,6.36283414
K04588.01,,8806985,286.51355,45.038044,782.04,201.16500000000002,CANDIDATE,0.2916666666666667,0.93,7.53737498
K04589.01,,10491525,298.90598,47.611359,1212.69,321.89,FALSE POSITIVE,0.008086253369272238,1.73,1.09844642
K07675.01,,3859042,293.73605,38.940041,950.04,148.485,FALSE POSITIVE,0.008086253369272238,1.22,25.94947
K04657.01,,6527078,293.29279,41.997589,315.49,47.474999999999994,CANDIDATE,0.9629629629629629,0.54,7.57600886
K04658.01,,4946049,297.23672,40.034039,2090.76,769.23,FALSE POSITIVE,0.008086253369272238,1.9,1.8789138
K04659.01,Kepler-1965 b,2857607,292.51468,38.02206,483.43,90.82,CONFIRMED,0.4883720930232558,1.25,41.8681996
K04660.01,,5559651,298.22543,40.783989,598.62,112.495,FALSE POSITIVE,0.018867924528301886,0.57,0.514771509
K04661.01,Kepler-1966 b,5962262,292.46387,41.299068,568.49,38.7,CONFIRMED,0.625,1.01,8.61742738
K04448.01,,5437348,288.23523,40.612839,1054.33,249.275,FALSE POSITIVE,0.008086253369272238,1.5,35.945188
K04449.01,,8429668,291.39969,44.473099,722.7,168.625,FALSE POSITIVE,0.25,1.68,5.00749378
K04450.01,Kepler-1606 b,7429240,286.37827,43.07325,946.14,103.86,CONFIRMED,0.847457627118644,2.33,196.436796
K04451.01,,10120548,282.19565,47.105679,828.46,105.705,CANDIDATE,0.25,1.32,8.8303681
K04452.01,,4474462,294.30099,39.519058,706.85,106.58,CANDIDATE,0.7333333333333333,1.23,12.85755895
K04518.01,,7032001,291.27859,42.53738,707.88,123.555,FALSE POSITIVE,0.0,0.52,0.566810643
K07685.02,,4141593,286.77313,39.277531,570.13,154.97,CANDIDATE,0.7044007612702866,1.08,33.502923
K04519.01,,10003058,288.01013,46.978519,3009.56,761.3,CANDIDATE,0.2916666666666667,5.97,148.568877
K04520.01,,9031703,295.21426,45.324509,1151.32,220.92000000000002,CANDIDATE,0.2916666666666667,1.69,9.3335486
K04521.01,,6199864,290.16943,41.54974,418.07,46.18,FALSE POSITIVE,0.008086253369272238,1.92,262.477098
K04522.01,,9577855,286.83643,46.288509,1249.98,300.635,FALSE POSITIVE,0.008086253369272238,1.06,2.21030572
K04590.01,,12204137,288.87082,50.815559,1057.12,156.335,CANDIDATE,0.2916666666666667,1.75,9.54060855
K07694.01,,4386607,296.52655,39.49091,1048.23,214.875,FALSE POSITIVE,0.018867924528301886,1.23,5.99321872
K04591.01,,5389956,298.54257,40.51479,954.31,195.8,CANDIDATE,0.008086253369272238,0.89,1.80926734
K04592.01,,12108364,289.97791,50.668259,1319.68,285.505,FALSE POSITIVE,0.008086253369272238,1.04,0.70544189
K04593.01,,8295671,290.3602,44.273361,841.21,181.565,FALSE POSITIVE,0.008086253369272238,1.21,0.981399749
K00750.02,,10662202,290.46512,47.92918,714.13,49.795,CANDIDATE,0.9629629629629629,1.18,5.04413987
K04662.01,,10407210,292.83698,47.55394,385.83,119.945,FALSE POSITIVE,0.008086253369272238,0.72,0.933728755
K03188.01,,7457278,295.30386,43.059681,221.01,38.53,FALSE POSITIVE,0.018867924528301886,1.61,12.607591424
K07676.01,,3934657,284.73474,39.045361,533.86,112.535,CANDIDATE,0.043478260869565216,0.62,5.3694084
K04663.01,,7515336,287.67059,43.197239,471.97,81.46000000000001,CANDIDATE,0.4883720930232558,0.74,5.65690281
K04664.01,,8984755,300.94925,45.247952,811.84,194.05,FALSE POSITIVE,0.043478260869565216,0.86,0.734573766
K04665.01,,7366895,293.06857,42.957211,570.74,127.745,FALSE POSITIVE,0.008086253369272238,1.5,289.86046
K04453.01,,10729472,291.16476,48.052429,1063.42,211.29,FALSE POSITIVE,0.008086253369272238,1.62,357.13089
K04454.01,,6200612,290.38583,41.552311,1093.7,250.57,FALSE POSITIVE,0.0,2.06,370.50684
K04455.01,,9777200,294.51309,46.500759,2175.69,750.0150000000001,FALSE POSITIVE,0.008086253369272238,2.18,1.332580225
K04456.01,,3557560,294.67126,38.698971,1223.73,201.35,CANDIDATE,0.4883720930232558,1.81,7.4299322
K04457.01,,12109267,290.51242,50.649288,806.76,202.965,CANDIDATE,0.4883720930232558,1.56,79.334347
K04523.01,,8700895,296.04425,44.80529,1073.09,156.67000000000002,CANDIDATE,0.25,1.03,5.68251605
K04524.01,Kepler-1962 b,5003670,289.5484,40.1642,997.29,117.58500000000001,CONFIRMED,0.9629629629629629,1.53,7.99144696
K03159.01,,5200084,295.33606,40.392132,406.36,145.39,FALSE POSITIVE,0.008086253369272238,1.17,2.9039446
K07686.01,,4144873,288.03705,39.208988,3006.57,386.33,FALSE POSITIVE,0.008086253369272238,25.77,68.538296
K04524.02,,5003670,289.5484,40.1642,997.29,117.58500000000001,CANDIDATE,0.847457627118644,1.02,4.52628739
K04525.01,,9171886,297.81274,45.508678,937.54,166.55,FALSE POSITIVE,0.008086253369272238,2.53,369.7985
K03172.02,,3337061,290.03314,38.426861,1864.17,364.74,FALSE POSITIVE,0.25,0.7,6.5588346
K04594.01,,5696918,289.07382,40.977531,156.64,18.465,FALSE POSITIVE,0.008086253369272238,0.35,0.643007769
K04595.01,,12265786,295.41479,50.979012,601.24,68.565,CANDIDATE,0.25,1.09,0.597018404
K04596.01,,8487838,288.95825,44.577999,679.21,142.85,FALSE POSITIVE,0.018867924528301886,0.68,1.061937837
K04597.01,,10873178,296.3609,48.213001,724.36,122.92500000000001,CANDIDATE,0.018867924528301886,0.78,4.82025124
K04666.01,,11337012,284.04172,49.138199,894.98,172.075,CANDIDATE,0.25,1.49,12.4019263
K04667.01,,8359569,289.63535,44.379711,1673.97,407.87,CANDIDATE,0.25,2.45,152.823896
K04668.01,,8937762,285.21283,45.2514,530.02,90.475,FALSE POSITIVE,0.2916666666666667,1.73,15.07277287
K04669.01,,2720828,293.14069,37.994469,2030.72,393.775,FALSE POSITIVE,0.008086253369272238,1.17,1.71659304
K04670.01,,9837828,294.58066,46.610592,1085.83,150.765,CANDIDATE,0.008086253369272238,89.29,6.80899076
K03061.02,,4857058,297.04208,39.912231,507.24,39.5,CANDIDATE,0.25,1.17,77.915425
K04458.01,,8652577,300.29211,44.731041,618.26,126.66,FALSE POSITIVE,0.008086253369272238,2.66,358.818895
K04459.01,,8804937,285.43997,45.011559,1491.72,331.11,FALSE POSITIVE,0.008086253369272238,2.11,181.3537
K04460.01,,9947389,290.14725,46.802872,852.97,125.195,CANDIDATE,0.2916666666666667,2.02,284.727213
K04461.01,,11912987,291.00818,50.255589,546.6,119.17,FALSE POSITIVE,0.25,0.89,3.74786694
K04526.01,,3765917,295.96893,38.867168,1541.73,267.15,CANDIDATE,1.0,2.72,30.5392931
K07683.01,,4136659,284.91156,39.298618,523.06,116.36,FALSE POSITIVE,0.008086253369272238,0.77,0.913244995
K04527.01,,3438976,290.12021,38.534821,793.26,193.505,FALSE POSITIVE,0.25,0.79,2.97599368
K04528.01,,7833305,295.37476,43.500431,298.28,52.875,CANDIDATE,0.25,10.63,8.31224474
K04529.01,,6610064,292.97867,42.056492,557.79,148.125,FALSE POSITIVE,0.018867924528301886,0.87,0.584148495
K04530.01,,12647577,290.73434,51.770962,733.92,84.08500000000001,CANDIDATE,0.4883720930232558,1.1,12.6362048
K04598.01,,5476671,298.75528,40.665218,760.75,152.14,FALSE POSITIVE,0.008086253369272238,17.8,0.824180121
K04599.01,,7335972,281.04361,42.975761,933.75,190.165,FALSE POSITIVE,0.018867924528301886,2.4,0.579770948
K07687.01,,4252671,288.86908,39.30986,1560.78,388.15999999999997,CANDIDATE,0.2916666666666667,2.66,23.266633
K04600.01,,2694632,286.37338,37.919003,442.72,129.01,FALSE POSITIVE,0.008086253369272238,1.29,0.92225589
K04601.01,,11153476,298.43478,48.706139,729.52,165.665,CANDIDATE,0.4883720930232558,0.98,7.94004281
K04602.01,,6144039,297.23273,41.433411,765.06,82.76,CANDIDATE,0.2786651804694451,1.23,2.85855049
K04671.01,,5428471,284.34848,40.690659,1290.03,281.86,FALSE POSITIVE,0.008086253369272238,1.39,0.75499096
K04672.01,,7283710,292.32425,42.88496,757.49,88.305,FALSE POSITIVE,0.008086253369272238,2.35,353.40191
K03190.01,,5985713,298.26816,41.251663,404.43,65.03,CANDIDATE,0.4883720930232558,0.86,8.95294046
K04673.01,,10794509,290.73431,48.16341,858.94,227.205,FALSE POSITIVE,0.008086253369272238,1.62,1.428596987
K04674.01,,6839010,282.58282,42.346352,563.55,136.175,CANDIDATE,0.2916666666666667,0.9,4.84350003
K04462.01,,9775385,293.85294,46.590809,590.11,149.91500000000002,CANDIDATE,0.008086253369272238,2.35,45.163025
K04463.01,,6197344,289.41428,41.51004,506.02,84.74000000000001,CANDIDATE,0.25,1.52,36.7614011
K04464.01,,11357664,295.30652,49.179668,357.57,36.965,CANDIDATE,0.6774948372163715,1.23,4.373570433
K04465.01,,2576224,291.54626,37.817749,1187.72,282.675,FALSE POSITIVE,0.008086253369272238,1.16,2.21701025
K07677.01,,3967501,294.88538,39.084202,376.9,173.53,FALSE POSITIVE,0.008086253369272238,213.46,43.0759115
K04466.01,,7272132,288.63861,42.857288,1201.44,288.265,CANDIDATE,0.2916666666666667,2.29,154.674369
K04531.01,,6437226,289.94693,41.802818,1282.71,302.475,FALSE POSITIVE,0.008086253369272238,2.38,372.62637
K04532.01,,2710623,290.89783,37.972778,735.88,168.41,FALSE POSITIVE,0.008086253369272238,0.64,1.02087831
K03161.01,,2696703,287.0574,37.991367,219.31,58.584999999999994,FALSE POSITIVE,0.008086253369272238,54.54,6.09406648
K04534.01,,7699298,296.97321,43.394669,706.6,354.51,FALSE POSITIVE,0.018867924528301886,1.24,1.1578141
K04603.01,,8430053,291.53922,44.44706,787.78,186.065,CANDIDATE,0.008086253369272238,1.17,15.9513866
K04604.01,,2853889,291.75128,38.034431,802.11,188.805,FALSE POSITIVE,0.008086253369272238,118.8,24.1876477
K04605.01,,12458605,290.42307,51.388729,547.32,125.715,CANDIDATE,0.018867924528301886,0.68,7.7859111
K04606.01,,4845862,294.60608,39.920361,587.66,61.17,FALSE POSITIVE,0.008086253369272238,0.76,2.44926655
K04675.01,,10130057,287.14621,47.183529,957.69,159.695,FALSE POSITIVE,0.008086253369272238,0.81,2.17812826
K04676.01,,4953173,298.74335,40.07214,1388.03,478.83500000000004,CANDIDATE,0.2916666666666667,3.21,31.183688
K04677.01,,9838608,294.88477,46.646591,1063.68,223.555,FALSE POSITIVE,0.008086253369272238,0.89,1.33259494
K04678.01,,4247811,287.17123,39.388329,599.97,115.74,FALSE POSITIVE,0.008086253369272238,0.66,2.05048377
K04679.01,,6543645,297.53574,41.940571,787.09,219.27,FALSE POSITIVE,0.018867924528301886,0.78,1.19550618
K04467.01,,5352640,288.72598,40.531631,1077.7,201.38,CANDIDATE,0.2916666666666667,1.42,2.94242323
K03157.01,,8738244,284.49561,44.988121,700.64,169.41,FALSE POSITIVE,0.008086253369272238,9.92,0.683082998
K04468.01,,4157052,291.48654,39.211723,2978.59,1043.775,FALSE POSITIVE,0.0,82.71,0.791771167
K04469.01,,10006641,289.75653,46.952888,390.27,45.815,FALSE POSITIVE,0.25,0.68,0.894172544
K04470.01,,10815916,298.23792,48.175758,875.18,230.65,FALSE POSITIVE,0.008086253369272238,1.01,1.68207624
K04535.01,,3547760,292.25284,38.60899,581.83,78.47,FALSE POSITIVE,0.625,0.88,9.8480917
K04536.01,,7281484,291.61011,42.810459,520.43,99.49000000000001,FALSE POSITIVE,0.008086253369272238,0.48,0.566800593
K04537.01,,4848115,295.14267,39.93071,644.26,83.89,FALSE POSITIVE,0.008086253369272238,0.69,0.969602551
K07678.01,,4048898,289.24884,39.106541,364.72,58.23,CANDIDATE,0.043478260869565216,0.79,13.0914878
K04538.01,,5991765,299.51422,41.220589,981.13,301.85,FALSE POSITIVE,0.25,1.73,9.25801294
K04539.01,,3962872,293.72696,39.0368,768.82,178.76999999999998,FALSE POSITIVE,0.25,1.46,25.9554044
K04607.01,,11912911,290.96017,50.284679,846.31,134.05,FALSE POSITIVE,0.008086253369272238,0.94,3.74788208
K04608.01,,7045435,295.18976,42.523319,772.66,190.32999999999998,FALSE POSITIVE,0.008086253369272238,24.75,0.93479255
K04609.01,,2972800,286.78522,38.151642,601.28,128.31,FALSE POSITIVE,0.008086253369272238,1.56,361.43653
K04610.01,,8573168,296.50925,44.625912,776.77,150.685,FALSE POSITIVE,0.25,0.76,0.89628253
K04611.01,,10801249,293.4678,48.12608,722.4,140.685,FALSE POSITIVE,0.25,0.77,1.67495622
K04680.01,,4587135,297.59964,39.626339,921.49,162.185,CANDIDATE,0.2916666666666667,1.54,54.0812235
K04681.01,,3857860,293.44537,38.929588,750.58,147.19,FALSE POSITIVE,0.25,1.49,8.2344072
K04683.01,,4843592,294.02347,39.92408,1013.26,226.3,FALSE POSITIVE,0.008086253369272238,28.15,0.967073359
K04684.01,,9602775,297.19739,46.22826,909.57,126.095,FALSE POSITIVE,0.008086253369272238,0.8,3.5564279
K04471.01,,8955709,292.8598,45.205791,550.7,51.644999999999996,FALSE POSITIVE,0.2916666666666667,1.56,0.942997994
K04472.01,,7031430,291.08929,42.590969,125.84,13.07,FALSE POSITIVE,0.008086253369272238,0.61,0.566796775
K04473.01,Kepler-1607 b,7133294,296.05984,42.65604,793.03,242.555,CONFIRMED,0.7333333333333333,1.25,13.6471211
K04474.01,Kepler-1608 b,4381429,295.56357,39.417599,911.04,130.47,CONFIRMED,0.847457627118644,1.63,16.473474
K04475.01,,11912916,290.96243,50.272629,1130.95,191.55,FALSE POSITIVE,0.018867924528301886,1.32,3.74788322
K04540.01,,12108293,289.94019,50.652771,599.99,85.365,FALSE POSITIVE,0.008086253369272238,0.64,0.705455349
K07724.01,,5301093,298.12234,40.462349,835.34,128.53,FALSE POSITIVE,0.008086253369272238,2.03,488.67353
K04541.01,,5511659,283.25119,40.72311,1291.57,198.15,CANDIDATE,0.9629629629629629,2.08,8.5291223
K04542.01,,9640946,287.97504,46.35326,703.97,109.59,FALSE POSITIVE,0.008086253369272238,0.75,1.08906057
K03162.01,,9752973,282.19479,46.522888,146.72,32.67,FALSE POSITIVE,0.25,1.42,0.716709761
K04612.01,,8044600,296.90204,43.839821,1175.73,251.565,FALSE POSITIVE,0.043478260869565216,1.62,4.1083812
K04613.01,Kepler-1963 b,10220837,296.58755,47.207161,595.53,131.595,CONFIRMED,0.625,0.81,1.962282625
K03178.01,,10991239,298.23517,48.49789,4053.73,532.05,FALSE POSITIVE,0.008086253369272238,46.33,0.523629052
K04614.01,,7583650,281.73087,43.282341,983.56,250.845,CANDIDATE,0.2916666666666667,1.38,6.4546845
K04615.01,,9345819,293.21414,45.82597,1713.82,421.715,FALSE POSITIVE,0.008086253369272238,1.1,1.04588635
K04616.01,,9180566,300.1965,45.513931,1327.33,542.7149999999999,FALSE POSITIVE,0.008086253369272238,,51.31346091
K04685.01,,3867794,295.73773,38.903912,1306.03,255.265,CANDIDATE,0.018867924528301886,1.51,0.494247662
K04686.01,,5819801,298.90576,41.04261,695.25,197.27999999999997,CANDIDATE,0.043478260869565216,1.6,11.8299383
K04687.01,,11092040,295.53461,48.677391,928.99,216.78,FALSE POSITIVE,0.0,1.51,419.92898
K04688.01,,4851145,295.82114,39.975479,1324.57,267.475,FALSE POSITIVE,0.0,0.93,1.23521458
K04689.01,,10292540,298.15717,47.331268,1233.7,259.78999999999996,FALSE POSITIVE,0.008086253369272238,1.37,1.085229874
K04476.01,,3732894,286.94647,38.885189,659.76,142.875,FALSE POSITIVE,0.2916666666666667,0.81,1.540379557
K04477.01,,6276791,289.10422,41.69014,1046.77,207.815,CANDIDATE,0.847457627118644,1.22,5.30179786
K03158.01,Kepler-444 b,6278762,289.75229,41.634605,31.99,2.835,CONFIRMED,1.0,0.5,3.60011712
K04477.02,Kepler-1958 b,6276791,289.10422,41.69014,1046.77,207.815,CONFIRMED,0.847457627118644,1.62,9.32867952
K04478.01,Kepler-1959 b,8636600,296.02225,44.732658,506.73,62.71,CONFIRMED,0.7333333333333333,1.19,6.38671206
K04544.01,,10220950,296.62296,47.291142,1634.24,358.88,FALSE POSITIVE,0.018867924528301886,372.86,158.348345
K04545.01,,10140122,291.45813,47.15863,683.13,85.75,CANDIDATE,0.25,0.85,0.849362238
K04546.01,,5033823,297.27325,40.136761,1654.76,548.73,CANDIDATE,0.008086253369272238,72.36,0.741768294
K04547.01,,10342316,292.93661,47.499931,1249.48,295.0,FALSE POSITIVE,0.008086253369272238,16.3,0.93376962
K07725.01,,5305399,298.93066,40.419102,796.12,163.245,FALSE POSITIVE,0.018867924528301886,3.5,322.48381
K04548.01,,3223433,288.12555,38.347431,884.46,102.63499999999999,CANDIDATE,0.043478260869565216,1.61,61.083322
K04904.01,,8803757,284.72797,45.064968,1044.97,147.765,CANDIDATE,0.25,0.98,3.5944891
K04905.01,,12021811,296.09058,50.408772,444.83,48.93,FALSE POSITIVE,0.018867924528301886,0.94,0.739404894
K04906.01,,9479306,297.05664,46.08353,1047.19,180.475,CANDIDATE,0.018867924528301886,1.21,4.8608059
K04907.01,,5437762,288.39761,40.6269,775.28,191.20499999999998,CANDIDATE,0.008086253369272238,0.67,4.04481159
K04908.01,,3962684,293.68207,39.01112,889.24,468.09,FALSE POSITIVE,0.25,2.06,25.949641315
K07702.01,,4730442,286.112,39.80323,803.49,290.55,FALSE POSITIVE,0.008086253369272238,1.04,1.71051215
K03296.01,Kepler-1459 b,9447166,282.42303,46.014019,447.01,27.465000000000003,CONFIRMED,0.847457627118644,1.96,62.869463
K03297.01,,9643043,289.15082,46.344151,1157.38,228.85,FALSE POSITIVE,0.0,36.51,84.8062818
K03298.01,Kepler-1460 b,8151055,285.5578,44.010792,540.37,63.315,CONFIRMED,0.9642857142857143,2.24,29.9632816
K03299.01,,7177555,283.01282,42.723679,325.27,37.545,FALSE POSITIVE,0.008086253369272238,30.08,17.99643716
K01196.02,Kepler-274 b,3348082,292.92276,38.47728,1461.27,283.175,CONFIRMED,1.0,2.61,11.63486009
K07712.01,,4996057,286.69318,40.170109,439.62,102.305,CANDIDATE,0.043478260869565216,1.06,4.8302364
K04763.01,,8349399,284.38248,44.308231,759.17,182.8,CANDIDATE,0.4883720930232558,1.57,56.446465
K04764.01,,6043562,292.18646,41.328041,859.75,121.585,CANDIDATE,0.25,1.45,31.4202111
K04765.01,Kepler-1622 b,10615440,297.32889,47.815472,678.52,90.975,CONFIRMED,0.4883720930232558,1.24,10.8118317
K04766.01,,4919550,290.46756,40.056438,749.98,57.58,CANDIDATE,0.9629629629629629,1.12,5.56676609
K04767.01,,5802292,295.10959,41.07579,1463.67,345.27,FALSE POSITIVE,0.008086253369272238,1.25,1.208528832
K04835.01,,10034146,299.52527,46.917549,539.31,85.065,FALSE POSITIVE,0.008086253369272238,17.72,0.93198504
K04836.01,,4175105,295.58548,39.299259,868.79,198.01999999999998,FALSE POSITIVE,0.008086253369272238,96.03,0.60818508
K04837.01,,5645170,298.12167,40.81358,696.37,85.86,CANDIDATE,0.043478260869565216,0.86,5.38613715
K04838.01,,8216763,284.26859,44.19754,345.15,38.12,CANDIDATE,0.4883720930232558,0.88,13.2965044
K04839.01,,9110610,298.40958,45.461639,1226.51,449.70500000000004,CANDIDATE,0.018867924528301886,2.01,21.8420304
K04909.01,,2437897,290.26178,37.787189,521.22,53.16,FALSE POSITIVE,0.008086253369272238,0.74,1.65320144
K04910.01,,9307966,300.75897,45.71788,676.98,144.48,FALSE POSITIVE,0.008086253369272238,0.75,3.37487541
K03223.01,,5556726,297.62054,40.76302,899.88,226.84499999999997,FALSE POSITIVE,0.008086253369272238,5.18,0.962825082
K04911.01,,2554853,286.0275,37.89447,2069.58,523.955,FALSE POSITIVE,0.018867924528301886,2.79,309.494217
K04912.01,,5208962,297.19199,40.387951,1822.48,364.495,CANDIDATE,0.008086253369272238,1.35,0.876850385
K03300.01,,7889486,291.28296,43.608238,1209.17,257.245,FALSE POSITIVE,0.847457627118644,2.19,24.2382519
K03300.02,,7889486,291.28296,43.608238,1209.17,257.245,FALSE POSITIVE,0.7333333333333333,1.61,24.2416103
K07703.01,,4742188,290.38721,39.829941,1091.03,254.03499999999997,CANDIDATE,0.008086253369272238,1.96,413.51856
K03301.01,,8301878,292.62964,44.283119,593.41,122.25,CANDIDATE,0.25,1.12,20.7106368
K03302.01,,8233802,291.97253,44.12999,814.38,166.985,FALSE POSITIVE,0.2916666666666667,2.07,69.3788597
K03303.01,Kepler-1461 b,7510820,285.83047,43.198391,725.36,86.875,CONFIRMED,0.9629629629629629,2.02,29.3493852
K04768.01,,10221505,296.78934,47.234531,725.55,75.045,CANDIDATE,0.4883720930232558,1.44,3.43633133
K04769.01,,6116035,289.43906,41.492977,1100.04,453.965,FALSE POSITIVE,0.008086253369272238,3.08,449.57274
K04770.01,,8958359,293.81812,45.20153,403.13,74.16499999999999,FALSE POSITIVE,0.25,1.63,245.059374
K04771.01,,11658036,289.68073,49.745831,1073.26,275.84000000000003,CANDIDATE,0.2916666666666667,1.95,142.703888
K04772.01,,8397947,301.57855,44.31218,1480.52,194.235,CANDIDATE,0.9629629629629629,1.69,3.38080537
K04840.01,,6665860,282.09314,42.160271,1348.59,257.31,CANDIDATE,0.847457627118644,1.74,10.4716194
K03214.01,Kepler-1988 b,7983117,298.67377,43.795479,497.08,124.49,CONFIRMED,0.9629629629629629,1.53,11.49500229
K04841.01,,5480884,299.54672,40.681911,499.29,43.955,FALSE POSITIVE,0.25,0.92,0.708726708
K04842.01,,12506417,289.08319,51.47406,1179.67,322.395,FALSE POSITIVE,0.008086253369272238,1.18,283.72675
K04843.01,,10187563,281.86789,47.256649,1356.37,320.18,FALSE POSITIVE,0.008086253369272238,2.5,373.60683
K04913.01,,5769810,283.6788,41.096882,1732.65,451.84,CANDIDATE,0.043478260869565216,2.44,6.78788113
K04914.01,,12071754,296.40094,50.558338,951.94,164.07,CANDIDATE,0.4883720930232558,1.4,5.47455167
K03224.01,,10384298,281.32745,47.584869,354.19,91.74000000000001,CANDIDATE,0.008086253369272238,1.01,3.43861067
K03225.01,,3109550,289.67175,38.297871,342.71,84.265,CANDIDATE,0.25,0.8,4.8754765
K03226.01,,5544450,294.89734,40.798168,603.63,96.66,FALSE POSITIVE,0.847457627118644,1.68,4.29388808
K03304.01,,9307105,300.49106,45.796909,747.96,131.07,FALSE POSITIVE,0.008086253369272238,32.21,13.5437884
K03305.01,Kepler-1462 b,6880517,296.39752,42.396919,1039.74,185.58499999999998,CONFIRMED,0.9629629629629629,2.52,65.6491001
K03306.01,Kepler-1463 b,6615511,294.4873,42.00692,1348.18,302.035,CONFIRMED,0.847457627118644,1.76,25.1593389
K03307.01,,6131130,294.13626,41.456692,950.39,167.12,CANDIDATE,0.4883720930232558,1.41,10.5071781
K03308.01,Kepler-1464 b,3632089,287.23569,38.754162,602.02,135.215,CONFIRMED,0.9629629629629629,1.5,31.7787564
K07704.01,,4742452,290.46088,39.837212,1144.6,269.29499999999996,CANDIDATE,0.043478260869565216,1.0,5.4398033
K03205.01,,9959494,295.19992,46.814621,337.27,58.974999999999994,FALSE POSITIVE,0.008086253369272238,0.58,1.332568744
K04772.02,Kepler-1705 b,8397947,301.57855,44.31218,1480.52,194.235,CONFIRMED,0.25,1.07,9.0194714
K04773.01,,7906892,296.8432,43.697441,622.07,87.94,CANDIDATE,0.4883720930232558,0.82,8.8493948
K04774.01,,4277304,295.12238,39.391033,460.3,79.41,CANDIDATE,0.847457627118644,1.3,51.567801
K04775.01,,8626325,292.40323,44.782009,930.29,250.5,CANDIDATE,0.4883720930232558,2.75,16.4491515
K04844.01,,3098605,286.14777,38.241798,731.37,107.2,CANDIDATE,0.018867924528301886,0.87,0.428046051
K04845.01,,11456405,292.50577,49.331959,954.3,197.04500000000002,FALSE POSITIVE,0.008086253369272238,0.76,0.814278961
K04846.01,,8320630,298.28214,44.27206,909.52,179.955,CANDIDATE,0.4883720930232558,1.32,19.254536
K04847.01,,4544684,285.92587,39.669209,962.63,217.55,FALSE POSITIVE,0.25,0.87,2.1890751
K04848.01,,9005321,284.76764,45.341228,415.03,47.25,CANDIDATE,0.0,1.78,384.6961
K03227.01,,8975368,298.40298,45.29723,413.93,99.50999999999999,FALSE POSITIVE,0.4883720930232558,0.75,2.42649862
K03230.01,,9291039,295.71942,45.747559,386.1,74.46000000000001,FALSE POSITIVE,0.018867924528301886,2.69,8.80854183
K07719.01,,5168498,285.28674,40.342339,673.18,435.03499999999997,FALSE POSITIVE,0.4883720930232558,3.24,219.74735
K03231.01,,10489539,298.35858,47.638592,488.0,150.22,FALSE POSITIVE,0.25,1.19,19.7639874
K03232.01,Kepler-1912 b,9569711,282.11783,46.22393,293.59,35.04,CONFIRMED,0.25,1.21,6.05919881
K00279.03,Kepler-450 d,12314973,295.48651,51.0135,426.21,27.5,CONFIRMED,0.847457627118644,0.96,7.5143967
K01196.03,Kepler-274 c,3348082,292.92276,38.47728,1461.27,283.175,CONFIRMED,1.0,3.21,33.1981761
K03308.02,Kepler-1464 c,3632089,287.23569,38.754162,602.02,135.215,CONFIRMED,0.847457627118644,0.86,5.32784157
K03309.01,,5563300,298.96829,40.797352,611.73,111.94500000000001,CANDIDATE,0.847457627118644,5.91,71.05457555
K03310.01,,12253769,288.80457,50.99062,444.08,45.519999999999996,CANDIDATE,0.9629629629629629,1.64,20.5512722
K03311.01,Kepler-1465 b,12735830,289.81934,51.90485,973.13,400.435,CONFIRMED,0.7333333333333333,4.98,31.827649
K04776.01,,8054719,299.34955,43.8503,806.16,154.45,CANDIDATE,0.25,1.07,7.5861587
K04777.01,Kepler-1971 b,6592335,287.26215,42.03231,110.41,14.204999999999998,CONFIRMED,0.847457627118644,0.42,0.824000125
K04778.01,,5651829,299.46524,40.89109,946.26,409.51,FALSE POSITIVE,0.008086253369272238,4.44,0.772152075
K07706.01,,4762283,295.79251,39.89257,278.37,37.245,CANDIDATE,0.008086253369272238,1.19,42.049523793
K04779.01,,9094763,293.98932,45.48415,1406.62,315.105,FALSE POSITIVE,0.008086253369272238,1.11,1.08469871
K04780.01,,3849187,291.13574,38.90543,1004.56,191.335,CANDIDATE,0.043478260869565216,1.25,6.60180003
K04849.01,,2976017,287.81729,38.194809,458.14,61.30499999999999,CANDIDATE,0.018867924528301886,0.62,3.19938075
K04850.01,,6786224,294.33328,42.26413,595.43,122.66,CANDIDATE,0.25,0.71,3.04185157
K03216.01,,10338279,291.37064,47.435509,214.09,39.56,FALSE POSITIVE,0.043478260869565216,11.02,5.660274452
K04851.01,,4851239,295.84006,39.931221,200.93,19.325,FALSE POSITIVE,0.008086253369272238,0.38,1.23512429
K07713.01,,5009688,291.38626,40.18026,1114.19,259.395,FALSE POSITIVE,0.008086253369272238,1.1,1.381257093
K04852.01,,11072016,284.94226,48.666512,882.96,205.37,CANDIDATE,0.008086253369272238,0.93,1.89873195
K01101.02,,3245969,294.11566,38.393478,714.44,82.945,CANDIDATE,0.9629629629629629,1.9,11.39110963
K03234.01,Kepler-1443 b,10057494,283.43576,47.06686,452.45,65.885,CONFIRMED,0.847457627118644,0.85,2.41810158
K03236.01,,7902003,295.43915,43.676311,738.04,153.92000000000002,CANDIDATE,0.018867924528301886,1.18,7.13044117
K03237.01,Kepler-1444 b,6587796,285.33063,42.040428,333.71,45.489999999999995,CONFIRMED,0.4883720930232558,2.46,33.4203001
K03238.01,,9489953,300.02124,46.090778,901.78,267.5,FALSE POSITIVE,0.008086253369272238,93.55,58.3437362
K03239.01,,5305240,298.89642,40.477009,425.88,124.535,FALSE POSITIVE,0.008086253369272238,0.98,1.070982122
K03312.01,,11905409,286.50211,50.246189,1293.23,251.025,CANDIDATE,0.25,1.91,18.0939004
K03313.01,,9571186,283.04764,46.265331,512.81,53.4,CANDIDATE,0.043478260869565216,21.74,34.9524256
K03314.01,,9838060,294.66592,46.665852,1151.98,216.23,FALSE POSITIVE,0.018867924528301886,8.4,23.81578356
K03315.01,Kepler-1466 b,8554701,289.83121,44.609859,631.46,140.94,CONFIRMED,0.847457627118644,1.31,31.1748311
K07726.01,,5389632,298.48325,40.585949,1167.77,248.825,FALSE POSITIVE,0.008086253369272238,1.28,0.474811162
K03316.01,Kepler-1467 b,9031209,295.04855,45.342682,787.62,110.55000000000001,CONFIRMED,0.9629629629629629,2.84,47.0568476
K04781.01,,5951416,288.97574,41.279121,1010.14,223.45499999999998,FALSE POSITIVE,0.008086253369272238,2.1,367.73299
K04782.01,,8973285,297.9487,45.255039,1463.15,338.615,CANDIDATE,0.043478260869565216,1.73,7.4213444
K04783.01,,4645833,289.07837,39.70882,643.21,83.98,FALSE POSITIVE,0.008086253369272238,11.82,0.743495989
K04784.01,,8940918,286.7695,45.234131,486.52,49.51,FALSE POSITIVE,0.25,0.95,1.405887031
K04853.01,,3758922,294.47876,38.883659,851.59,184.035,CANDIDATE,0.043478260869565216,1.14,17.7412303
K04854.01,,8360041,289.80804,44.362518,548.29,43.455,CANDIDATE,0.018867924528301886,0.76,2.63527677
K04855.01,,9827596,290.36142,46.661331,970.69,109.41499999999999,FALSE POSITIVE,0.008086253369272238,0.93,1.45728997
K04856.01,,9782748,296.52145,46.540539,1570.04,382.365,CANDIDATE,0.9629629629629629,3.03,147.388124
K04857.01,,2860656,293.17578,38.042019,1102.12,261.75,CANDIDATE,0.008086253369272238,1.17,4.11497357
K03240.01,,6206559,292.34503,41.585289,689.55,247.015,FALSE POSITIVE,0.008086253369272238,1.61,1.245331397
K07714.01,,5024429,295.31754,40.190639,1049.3,243.845,FALSE POSITIVE,0.008086253369272238,1.39,1.52593737
K03241.01,,9532117,294.17792,46.191711,660.12,164.255,FALSE POSITIVE,0.25,1.66,8.21429932
K03242.01,,6928906,284.45609,42.439831,1370.51,378.535,FALSE POSITIVE,0.008086253369272238,1.34,1.54945486
K03243.01,,9821151,286.85983,46.625511,421.44,73.75,FALSE POSITIVE,0.2916666666666667,1.19,8.42943991
K03245.01,Kepler-1445 b,8073705,280.24945,43.915058,475.93,80.82499999999999,CONFIRMED,0.847457627118644,1.09,10.60052083
K01132.02,,8330548,301.01672,44.233841,1004.52,234.95,FALSE POSITIVE,0.008086253369272238,,0.9570701
K03324.01,Kepler-1469 b,4271474,293.82135,39.39135,1062.41,154.69,CONFIRMED,0.25,2.37,21.8634638
K03325.01,,5130983,299.26376,40.263741,840.64,180.235,FALSE POSITIVE,0.008086253369272238,35.31,86.4392931
K01422.04,Kepler-296 f,11497958,286.54001,49.437328,172.3,27.675,CONFIRMED,0.9642857142857143,1.18,63.3354719
K03326.01,,11093538,296.11771,48.664108,1592.52,385.84000000000003,FALSE POSITIVE,0.008086253369272238,44.48,14.77820911
K03327.01,,11044779,297.983,48.555649,950.1,190.965,FALSE POSITIVE,0.008086253369272238,39.42,15.60862948
K04785.01,,6438379,290.30505,41.838459,777.31,168.56,FALSE POSITIVE,0.0,1.67,389.14115
K04786.01,,9145415,287.58789,45.598492,1035.76,163.75,FALSE POSITIVE,0.008086253369272238,2.21,365.78863
K04787.01,,4545926,286.46796,39.652321,745.28,180.955,FALSE POSITIVE,0.018867924528301886,0.8,2.4826619
K04788.01,,9396760,288.43149,45.918869,841.68,189.66,FALSE POSITIVE,0.008086253369272238,0.8,2.17811908
K04789.01,,5119619,296.78345,40.229111,945.19,197.755,FALSE POSITIVE,0.25,1.02,1.11205787
K04858.01,,9582496,289.4585,46.276379,959.93,160.075,FALSE POSITIVE,0.008086253369272238,2.05,224.447413
K04859.01,,7094944,283.06223,42.629002,656.02,70.72999999999999,CANDIDATE,0.25,1.19,7.5019743
K04860.01,,3343281,291.73026,38.411461,1226.62,300.53,FALSE POSITIVE,0.018867924528301886,1.88,21.8660922
K03217.01,,2573108,290.86154,37.885422,1412.65,297.78499999999997,FALSE POSITIVE,0.008086253369272238,2.14,5.09506
K04861.01,,6425597,285.09976,41.874378,1006.11,180.465,CANDIDATE,0.018867924528301886,1.6,29.1206519
K03246.01,Kepler-1446 b,9885417,289.42395,46.72617,157.36,11.305,CONFIRMED,0.4883720930232558,0.78,0.689967868
K03247.01,,3336476,289.87814,38.427269,1286.01,302.545,FALSE POSITIVE,0.008086253369272238,0.9,1.89132292
K03248.01,,10917433,290.46509,48.332249,342.0,48.035,CANDIDATE,0.2916666666666667,0.64,6.91261536
K07715.01,,5091479,289.44324,40.253529,1030.34,224.365,CANDIDATE,0.018867924528301886,1.12,25.8616058
K03249.01,,9083564,289.7605,45.455608,528.53,123.64,FALSE POSITIVE,0.008086253369272238,1.14,0.918420801
K03250.01,,7335713,280.90244,42.935719,1410.93,366.165,FALSE POSITIVE,0.008086253369272238,7.05,0.573709256
K03318.01,Kepler-1915 b,8331612,301.27869,44.25053,1494.59,356.32,CONFIRMED,0.847457627118644,3.78,13.8353959
K01404.02,,8874090,287.05453,45.18037,309.2,85.625,CANDIDATE,0.847457627118644,0.87,18.9060921
K03318.02,,8331612,301.27869,44.25053,1494.59,356.32,CANDIDATE,0.4883720930232558,3.83,25.6970688
K07720.01,,5185765,291.43582,40.35881,748.37,183.875,FALSE POSITIVE,0.008086253369272238,1.57,46.9434911
K03319.01,Kepler-1468 d,5965819,293.51984,41.277409,1534.13,283.35,CONFIRMED,1.0,2.64,19.5906103
K03319.02,Kepler-1468 b,5965819,293.51984,41.277409,1534.13,283.35,CONFIRMED,1.0,2.35,8.23983041
K04790.01,,8328916,300.58502,44.2131,929.9,221.38,CANDIDATE,0.018867924528301886,1.14,6.07855
K04791.01,,11294883,290.73477,49.086639,767.84,347.595,FALSE POSITIVE,0.0,1.97,427.65334
K00806.05,,3832474,285.28363,38.947281,920.47,76.31,FALSE POSITIVE,0.018867924528301886,3.77,412.041857
K03208.01,,10155029,296.67984,47.173313,297.48,37.15,CANDIDATE,0.4883720930232558,0.56,2.131660527
K04792.01,,11618569,295.57159,49.607479,855.12,198.085,CANDIDATE,0.018867924528301886,0.91,5.75902182
K04862.01,,11973517,296.59799,50.356651,487.97,50.015,CANDIDATE,0.008086253369272238,1.08,0.903763067
K04863.01,,5471566,297.68759,40.670361,925.7,175.10000000000002,FALSE POSITIVE,0.008086253369272238,0.81,0.9628348
K04864.01,,7345248,285.45886,42.931049,522.36,136.585,CANDIDATE,0.25,0.78,5.66494448
K04865.01,,5814013,297.70941,41.028149,823.74,107.455,FALSE POSITIVE,0.008086253369272238,0.82,1.57017249
K04866.01,,7117355,291.65839,42.632439,994.12,224.97500000000002,FALSE POSITIVE,0.0,0.66,0.566798364
K03252.01,,5653072,299.69125,40.855957,3005.03,962.55,FALSE POSITIVE,0.008086253369272238,24.48,3.22452656
K03253.01,,2707985,290.25375,37.92691,1797.43,647.655,FALSE POSITIVE,0.008086253369272238,2.03,1.89127438
K03254.01,,9899141,295.13477,46.76965,322.45,53.6,FALSE POSITIVE,0.008086253369272238,0.46,1.33256944
K03255.01,Kepler-437 b,8183288,297.34738,44.026939,298.12,18.085,CONFIRMED,0.9629629629629629,1.56,66.6504521
K03256.01,,11305996,295.95798,49.041012,294.2,28.925,FALSE POSITIVE,0.018867924528301886,1.18,55.7002642
K03319.03,Kepler-1468 c,5965819,293.51984,41.277409,1534.13,283.35,CONFIRMED,1.0,1.62,3.54553077
K03320.01,,6690171,291.42685,42.164082,1064.22,176.16500000000002,CANDIDATE,0.008086253369272238,21.26,85.0624157
K03321.01,,6859801,290.80301,42.34441,486.26,62.6,FALSE POSITIVE,0.008086253369272238,29.69,10.882416555
K03322.01,,7767733,296.4621,43.459728,1354.61,312.86,FALSE POSITIVE,0.0,46.14,25.19830439
K03323.01,,5193659,293.73444,40.307201,1361.83,262.02,CANDIDATE,0.7333333333333333,2.06,14.3196417
K07721.01,,5201593,295.66525,40.363739,641.06,58.335,FALSE POSITIVE,0.008086253369272238,1.7,0.50727675
K04793.01,,6220312,296.12253,41.561138,1071.64,236.52999999999997,CANDIDATE,0.008086253369272238,0.89,5.2736268
K04794.01,,6358937,290.09427,41.742779,598.58,91.41499999999999,CANDIDATE,0.42987562645877375,1.03,24.5041103
K04795.01,,9007609,285.88486,45.380138,876.33,114.515,FALSE POSITIVE,0.11921481216201786,1.09,1.316398648
K04796.01,,11038580,295.77237,48.53656,865.36,438.78,FALSE POSITIVE,0.0,2.1,419.4596
K04797.01,,7771181,297.34842,43.421219,618.94,74.68,CANDIDATE,0.018867924528301886,1.26,9.97202023
K04867.01,,9509223,282.67715,46.152851,681.72,160.285,FALSE POSITIVE,0.018867924528301886,13.28,14.2005007
K04868.01,,6720773,298.80429,42.164162,1149.76,263.4,FALSE POSITIVE,0.008086253369272238,1.23,1.318347743
K04869.01,,8056651,299.81876,43.825741,946.41,241.36,FALSE POSITIVE,0.25,1.41,5.5834987
K04870.01,,4665991,294.76459,39.762718,810.46,166.565,FALSE POSITIVE,0.008086253369272238,0.61,1.12401084
K03218.01,,10191036,283.85147,47.24366,335.93,62.385,FALSE POSITIVE,0.008086253369272238,0.59,1.21374652
K01151.03,Kepler-271 d,8280511,283.00296,44.284229,403.15,38.980000000000004,CONFIRMED,0.9642857142857143,0.67,5.24970432
K03257.01,,10420301,297.38513,47.543411,445.03,51.290000000000006,FALSE POSITIVE,0.25,2.23,45.4333769
K03258.01,,4366323,291.93756,39.419941,1085.1,176.79,CANDIDATE,0.2916666666666667,1.88,40.3511707
K03259.01,,2853029,291.56476,38.074589,1020.82,88.32,CANDIDATE,0.25,2.45,72.9332762
K03260.01,Kepler-1447 b,12156174,289.64343,50.727089,1121.91,202.315,CONFIRMED,0.9642857142857143,4.01,56.6746666
K03328.01,,4634135,284.30792,39.70039,628.45,62.94,FALSE POSITIVE,0.008086253369272238,25.91,63.9005941
K03329.01,,6955671,293.94241,42.4259,1672.98,395.81000000000006,CANDIDATE,0.4883720930232558,2.16,12.6878176
K07716.01,,5097856,291.37067,40.216061,654.41,96.94500000000001,CANDIDATE,0.0,1.27,483.36405
K03330.01,Kepler-1470 b,4736644,288.69501,39.883202,598.03,38.910000000000004,CONFIRMED,0.847457627118644,1.15,16.2951259
K03331.01,,5876805,291.96497,41.122162,1259.77,277.235,FALSE POSITIVE,0.008086253369272238,24.39,18.173045009
K03332.01,,5818068,298.56927,41.00351,1037.36,196.79,FALSE POSITIVE,0.008086253369272238,31.13,14.12678065
K04798.01,,10139390,291.17566,47.10561,341.99,48.69,FALSE POSITIVE,0.008086253369272238,0.99,358.56462
K04799.01,,8278073,281.55267,44.228531,1173.03,246.87,CANDIDATE,0.25,1.69,12.0729757
K07722.01,,5273713,291.41714,40.48592,1446.86,286.05,FALSE POSITIVE,0.008086253369272238,1.11,1.337561836
K04800.01,,3526331,285.31628,38.686619,1282.23,288.79499999999996,FALSE POSITIVE,0.008086253369272238,0.93,2.23755641
K04801.01,,10810859,296.82895,48.173279,1160.05,125.92999999999999,CANDIDATE,0.25,2.21,82.401274
K03209.01,,7017274,285.92322,42.54985,736.79,196.04500000000002,CANDIDATE,0.9629629629629629,2.61,11.91256675
K04871.01,,6767227,288.52902,42.27626,602.24,109.99000000000001,CANDIDATE,0.25,0.6,4.08197713
K04872.01,,11496490,285.66937,49.439911,856.71,211.68,FALSE POSITIVE,0.008086253369272238,1.34,1.035268597
K04873.01,,1430305,290.9288,37.085251,1254.29,407.375,FALSE POSITIVE,0.008086253369272238,3.6,359.3259
K04874.01,,7117549,291.72806,42.680408,1323.85,324.865,FALSE POSITIVE,0.0,0.65,0.566805268
K04875.01,,2986833,290.78214,38.18779,296.64,23.4,CANDIDATE,0.008086253369272238,0.65,0.912179022
K03261.01,Kepler-1448 b,12055539,287.8674,50.595581,865.32,200.11,CONFIRMED,0.9629629629629629,1.67,12.27057043
K03262.01,Kepler-1449 b,12056139,288.23175,50.567879,1430.67,343.205,CONFIRMED,0.7333333333333333,1.94,13.2274753
K03263.01,,11853130,285.09586,50.10096,220.4,28.16,CANDIDATE,0.4883720930232558,7.71,76.87935893
K07707.01,,4774646,298.27521,39.850971,873.52,210.22500000000002,FALSE POSITIVE,0.008086253369272238,1.04,0.559517155
K03264.01,,9345933,293.25903,45.837448,661.02,72.01,CANDIDATE,0.4883720930232558,1.36,13.0151826
K03265.01,,10030778,298.50607,46.948029,1312.0,283.515,FALSE POSITIVE,0.008086253369272238,48.98,29.47316279
K04732.01,,7870282,282.17203,43.69651,844.06,154.305,FALSE POSITIVE,0.008086253369272238,0.85,0.580725004
K03200.01,,11153259,298.34344,48.702381,838.75,155.39,FALSE POSITIVE,0.0,69.59,1.94468659
K04733.01,Kepler-1968 b,9021075,291.50812,45.370159,908.9,113.58,CONFIRMED,0.4883720930232558,1.4,7.28116667
K04734.01,,5783938,289.61075,41.019489,1103.08,238.205,FALSE POSITIVE,0.008086253369272238,2.18,383.10017
K04735.01,,11338056,284.76093,49.141979,543.47,35.07,CANDIDATE,0.018867924528301886,0.85,2.87998334
K04802.01,,3445812,291.9837,38.595409,934.03,189.58499999999998,FALSE POSITIVE,0.043478260869565216,0.86,0.605556082
K04803.01,Kepler-1623 b,4473613,294.0827,39.556099,807.41,76.705,CONFIRMED,0.25,1.2,4.36125889
K04804.01,,10676750,296.09842,47.992699,1028.31,190.53,CANDIDATE,0.043478260869565216,2.08,21.08678557
K04805.01,,8960918,294.59283,45.28772,780.94,120.195,FALSE POSITIVE,0.008086253369272238,0.73,1.19087362
K04806.01,,4647662,289.64139,39.788029,1210.9,134.285,FALSE POSITIVE,0.008086253369272238,0.72,1.06484622
K04876.01,,8940700,286.66867,45.208302,907.68,247.305,FALSE POSITIVE,0.25,1.6,190.60563
K04877.01,,9581589,288.97183,46.265202,994.53,220.89999999999998,CANDIDATE,0.25,0.99,5.19206571
K04878.01,,11804437,286.22812,50.01358,325.79,41.43,CANDIDATE,0.008086253369272238,1.04,449.01499
K04879.01,,9850966,298.75122,46.636261,732.57,85.385,FALSE POSITIVE,0.25,1.33,8.480305
K04880.01,,8747009,289.23987,44.99358,585.33,88.81,FALSE POSITIVE,0.008086253369272238,1.41,410.11676
K03266.01,Kepler-1450 b,8826007,294.55383,45.08139,415.84,43.845,CONFIRMED,0.847457627118644,1.94,54.5091549
K01151.04,,8280511,283.00296,44.284229,403.15,38.980000000000004,CANDIDATE,0.9642857142857143,0.76,17.4532945
K03267.01,Kepler-1913 b,8620402,290.21667,44.779678,1084.18,253.76,CONFIRMED,0.847457627118644,1.66,14.1959621
K03268.01,,8379021,296.40448,44.367458,1051.8,209.04000000000002,FALSE POSITIVE,0.043478260869565216,22.56,11.52482874
K03269.01,,8104030,294.06802,43.936871,1190.38,291.9,FALSE POSITIVE,0.008086253369272238,428.62,46.84008579
K07708.01,,4813793,283.69885,39.936642,795.64,199.015,CANDIDATE,0.008086253369272238,1.82,6.70242786
K04736.01,,5282477,293.94794,40.455818,1168.31,281.095,FALSE POSITIVE,0.0,29.26,0.992798625
K04737.01,,7266212,286.21729,42.86092,1082.5,257.345,CANDIDATE,0.25,1.07,7.79534033
K04738.01,,6681546,288.74893,42.191738,1125.65,269.28,FALSE POSITIVE,0.008086253369272238,1.84,186.72243
K04739.01,,6421137,282.87473,41.836727,500.93,146.805,FALSE POSITIVE,0.008086253369272238,3.46,118.4039
K04740.01,,9893278,292.85391,46.77375,774.64,113.565,FALSE POSITIVE,0.008086253369272238,1.67,182.281992
K04808.01,,9419020,297.2905,45.955029,185.08,29.41,CANDIDATE,0.4883720930232558,0.65,2.40174996
K04809.01,,4548162,287.43542,39.692989,386.23,50.724999999999994,FALSE POSITIVE,0.008086253369272238,0.69,10.0102876
K04810.01,,4270799,293.65369,39.31641,1114.98,140.82999999999998,CANDIDATE,0.2916666666666667,3.17,115.238544
K04811.01,,8811490,288.85754,45.097691,854.53,263.615,CANDIDATE,0.9629629629629629,2.23,21.7434141
K04812.01,,8043721,296.66177,43.811432,1100.1,231.8,FALSE POSITIVE,0.008086253369272238,0.71,0.77957913
K03219.01,,7985733,299.33368,43.717815,4177.07,485.05,FALSE POSITIVE,0.008086253369272238,44.9,0.544561598
K04881.01,,8094120,290.55087,43.994362,1069.67,305.71,CANDIDATE,0.4883720930232558,1.16,5.6795377
K04882.01,,6522824,291.95251,41.959911,2809.89,444.3,FALSE POSITIVE,0.25,5.38,17.4453133
K04883.01,,6802536,298.03253,42.20034,455.77,63.82,FALSE POSITIVE,0.0,,2.9788702
K04884.01,,4750341,292.8699,39.844429,985.05,234.935,FALSE POSITIVE,0.018867924528301886,0.92,1.97515457
K04885.01,,9935642,283.45764,46.819538,1033.21,268.565,CANDIDATE,0.2916666666666667,2.67,9.33955596
K03270.01,,6612327,293.6203,42.081871,679.58,87.66,FALSE POSITIVE,0.008086253369272238,23.21,21.993112
K03271.01,Kepler-1986 b,7285757,292.95819,42.854889,915.75,142.815,CONFIRMED,0.9629629629629629,1.89,19.5489666
K03271.02,,7285757,292.95819,42.854889,915.75,142.815,CANDIDATE,0.847457627118644,1.12,7.41834569
K03273.01,,5211922,297.79987,40.349281,594.11,66.61,FALSE POSITIVE,0.6666666666666666,3.11,27.6853358
K03274.01,Kepler-1451 b,5280587,293.44644,40.409889,1000.73,194.33499999999998,CONFIRMED,0.4883720930232558,2.24,35.6225528
K04741.01,,8129005,300.78387,43.962059,1039.46,221.06,FALSE POSITIVE,0.008086253369272238,1.18,7.1403113
K07709.01,,4840156,293.09384,39.974579,918.77,225.62,FALSE POSITIVE,0.018867924528301886,0.97,2.69487041
K04742.01,Kepler-442 b,4138008,285.36658,39.280079,335.74,21.134999999999998,CONFIRMED,0.847457627118644,1.3,112.303136
K03202.01,,4262040,291.5072,39.323662,503.42,87.51,CANDIDATE,0.847457627118644,2.86,92.461135
K04743.01,,6468904,298.68402,41.83149,681.71,117.325,FALSE POSITIVE,0.008086253369272238,20.52,49.5387264
K04744.01,,5709906,293.17435,40.950809,550.44,121.095,FALSE POSITIVE,0.008086253369272238,0.49,3.39155966
K04813.01,,4840672,293.24039,39.949444,510.11,55.449999999999996,CANDIDATE,0.008086253369272238,0.82,9.2294726
K04814.01,,9777556,294.64285,46.549412,14916.31,3857.33,FALSE POSITIVE,0.008086253369272238,32.84,1.33254897
K04815.01,,7287677,293.54733,42.828442,848.94,164.405,CANDIDATE,0.043478260869565216,1.12,18.3721835
K04816.01,,10753922,299.13177,48.06171,1038.83,214.38,FALSE POSITIVE,0.25,1.85,18.2260472
K04817.01,,5980061,297.04388,41.284012,966.74,181.54,FALSE POSITIVE,0.008086253369272238,21.07,0.630539713
K04886.01,,7692248,294.95074,43.324341,1409.54,332.975,CANDIDATE,0.008086253369272238,28.98,17.99562529
K04887.01,,4059887,292.26559,39.129841,1120.52,252.76,FALSE POSITIVE,0.018867924528301886,1.92,1.018347376
K04888.01,,8288741,287.36786,44.27322,673.11,137.345,FALSE POSITIVE,0.0,30.54,0.659299289
K04889.01,,6852354,288.42035,42.309509,1004.64,161.565,FALSE POSITIVE,0.0,,101.97435125
K04890.01,,6691169,291.72189,42.117298,2404.83,557.33,CANDIDATE,0.018867924528301886,11.67,63.095068
K01042.02,,5816811,298.33893,41.073479,896.47,197.225,FALSE POSITIVE,0.008086253369272238,,4.45540935
K03275.01,,5303346,298.54089,40.471642,561.27,83.74,FALSE POSITIVE,0.008086253369272238,30.32,37.32483952
K03276.01,,3858879,293.69415,38.995628,1147.55,233.33499999999998,FALSE POSITIVE,0.008086253369272238,36.8,25.951984
K01151.05,,8280511,283.00296,44.284229,403.15,38.980000000000004,CANDIDATE,0.9642857142857143,0.8,21.7203362
K03277.01,Kepler-1452 b,3120904,292.42282,38.266331,1130.17,234.115,CONFIRMED,0.625,3.19,42.9136635
K03278.01,,3342467,291.52487,38.455849,687.61,117.135,FALSE POSITIVE,0.9629629629629629,2.78,88.1804682
K04745.01,Kepler-443 b,11757451,288.61053,49.968632,731.06,44.834999999999994,CONFIRMED,0.7333333333333333,2.32,177.668663
K04746.01,,2711597,291.12454,37.986511,403.38,44.11,FALSE POSITIVE,0.008086253369272238,0.75,0.98041685
K04747.01,Kepler-1621 b,8047428,297.5885,43.841221,1435.07,222.94,CONFIRMED,0.875,2.22,92.263742
K04748.01,Kepler-1969 b,11513486,294.78433,49.4921,1474.05,348.78,CONFIRMED,0.4883720930232558,1.72,6.64754478
K04749.01,,6520519,291.21164,41.9856,1175.43,273.655,CANDIDATE,0.018867924528301886,0.97,1.97650073
K04818.01,,9459162,289.3483,46.05468,1178.67,303.45500000000004,CANDIDATE,0.008086253369272238,1.46,3.79892774
K04819.01,,5024138,295.27487,40.19508,821.96,110.32499999999999,FALSE POSITIVE,0.008086253369272238,0.84,0.416995408
K04820.01,,9969287,298.38007,46.8894,1242.11,260.72,CANDIDATE,0.25,1.48,14.7401061
K04821.01,,9086001,290.77032,45.498051,763.75,186.0,FALSE POSITIVE,0.0,1.33,256.52387
K03212.01,,4927734,292.91702,40.09243,1223.62,347.56,FALSE POSITIVE,0.008086253369272238,0.73,3.0001191
K03220.01,Kepler-1442 b,11189311,291.25562,48.846924,492.47,68.47,CONFIRMED,0.847457627118644,4.63,81.4160138
K04891.01,,10747501,297.48297,48.022499,1255.64,284.1,CANDIDATE,0.2916666666666667,1.39,4.7309013
K04892.01,,10586744,285.70697,47.869968,762.82,184.345,CANDIDATE,0.4883720930232558,1.08,21.3761817
K04893.01,,11970050,295.08194,50.344601,1455.95,312.18,CANDIDATE,0.008086253369272238,1.51,6.58753699
K04894.01,,10031918,298.82587,46.956669,454.56,51.815,FALSE POSITIVE,0.018867924528301886,0.8,8.5900471
K07723.01,,5276332,292.20465,40.48563,410.02,81.075,FALSE POSITIVE,0.008086253369272238,1.7,357.82544
K03279.01,Kepler-1914 b,3544640,291.43143,38.654388,1393.58,296.635,CONFIRMED,0.847457627118644,2.42,30.8278245
K03280.01,Kepler-1453 b,10653179,286.12555,47.947609,1343.28,273.17,CONFIRMED,0.847457627118644,2.58,47.1607932
K03282.01,Kepler-1455 b,12066569,294.08307,50.502769,320.53,27.245,CONFIRMED,0.9629629629629629,1.75,49.2768448
K03284.01,Kepler-438 b,6497146,281.64581,41.951092,145.85,14.155000000000001,CONFIRMED,0.875,0.97,35.2330694
K03285.01,,8625813,292.17496,44.783989,488.16,54.965,FALSE POSITIVE,0.25,1.97,45.3965379
K07698.01,,4651399,290.70056,39.799679,7711.19,1115.685,FALSE POSITIVE,0.008086253369272238,39.59,508.807642
K04750.01,,5308296,299.49188,40.472481,1161.46,218.785,CANDIDATE,0.043478260869565216,1.93,36.721576
K04751.01,,9953575,292.78592,46.808411,1205.8,675.72,FALSE POSITIVE,0.008086253369272238,3.54,362.69427
K04752.01,,7887890,290.74271,43.604431,1227.3,287.90500000000003,FALSE POSITIVE,0.008086253369272238,2.82,370.35639
K03203.01,,3122872,292.89218,38.270512,760.55,157.88,CANDIDATE,0.847457627118644,3.19,96.81647
K04753.01,,4544628,285.90179,39.654411,349.43,84.41,FALSE POSITIVE,0.008086253369272238,0.51,0.729724346
K04822.01,,9702945,288.50702,46.406712,1019.39,262.795,CANDIDATE,0.018867924528301886,0.69,3.51413723
K04823.01,,11401253,290.99005,49.233131,661.11,359.65999999999997,CANDIDATE,0.008086253369272238,1.51,4.96504981
K04824.01,,7052511,296.82028,42.514198,816.0,98.85,FALSE POSITIVE,0.008086253369272238,0.92,0.821472455
K04825.01,,4764774,296.28137,39.874969,887.59,171.67000000000002,FALSE POSITIVE,0.008086253369272238,0.78,1.29019586
K04826.01,,10549902,297.21347,47.775429,1557.41,347.21,CANDIDATE,0.25,1.67,1.141148847
K04895.01,,12416597,295.51495,51.203739,737.72,73.9,CANDIDATE,0.847457627118644,1.1,12.460565
K04896.01,,11135694,290.90042,48.74614,1407.5,326.63,CANDIDATE,0.25,1.18,19.5945772
K04897.01,,9910828,298.79605,46.722858,594.96,75.645,FALSE POSITIVE,0.25,0.95,8.48032079
K04898.01,,10065053,287.34897,47.060982,2428.1,476.95500000000004,CANDIDATE,0.008086253369272238,2.72,409.87844
K04899.01,,11867608,293.71948,50.18203,945.89,286.595,FALSE POSITIVE,0.008086253369272238,1.79,227.6258
K03286.01,Kepler-1456 b,8016691,286.94531,43.822769,362.74,46.39,CONFIRMED,0.4883720930232558,1.41,18.1373788
K03287.01,Kepler-1457 b,6584273,283.7706,42.027241,631.56,124.845,CONFIRMED,0.9629629629629629,1.6,51.1104797
K03288.01,Kepler-1458 b,5768816,283.21161,41.038059,661.39,145.985,CONFIRMED,0.9629629629629629,3.35,47.9869119
K01192.02,,3644071,291.03217,38.703911,687.23,163.66,FALSE POSITIVE,0.847457627118644,7.76,359.047933
K03289.01,,5360974,291.35443,40.588879,1009.24,160.815,FALSE POSITIVE,0.018867924528301886,24.73,29.8042694
K04754.01,,10291589,297.90527,47.33683,1140.47,249.12,CANDIDATE,0.23842517644703867,1.28,7.08757462
K04755.01,,10118266,280.66519,47.114059,694.66,51.655,CANDIDATE,0.4883720930232558,1.75,3.74318005
K04756.01,,5695615,288.61057,40.92474,1583.98,394.66499999999996,CANDIDATE,0.008086253369272238,8.17,5.4169303
K07699.01,,4670267,295.7168,39.777142,845.78,172.285,FALSE POSITIVE,0.0,42.5,1.003049079
K04757.01,,7435780,288.97589,43.099178,1478.57,342.255,FALSE POSITIVE,0.008086253369272238,7.29,0.933157032
K04758.01,,8938937,285.80185,45.216831,1291.44,261.365,FALSE POSITIVE,0.008086253369272238,1.71,37.1083458
K04827.01,,5651846,299.46869,40.82999,847.95,142.265,CANDIDATE,0.25,1.65,31.1920226
K04828.01,,10556180,298.98892,47.761429,1747.03,408.965,FALSE POSITIVE,0.008086253369272238,13.68,1.02104719
K04829.01,,12401132,287.70197,51.229729,976.14,254.805,CANDIDATE,0.847457627118644,2.26,7.630545
K04829.02,,12401132,287.70197,51.229729,976.14,254.805,FALSE POSITIVE,0.043478260869565216,2.09,12.083457
K04830.01,,8308070,294.81012,44.25597,822.54,204.365,FALSE POSITIVE,0.008086253369272238,1.01,401.5907
K04900.01,,6424561,284.57806,41.890259,1206.89,293.815,CANDIDATE,0.25,1.27,6.6716723
K03221.01,,6956136,294.06641,42.486839,725.84,239.91,FALSE POSITIVE,0.008086253369272238,4.25,53.912783631
K04901.01,,10661917,290.34805,47.965191,757.46,197.425,FALSE POSITIVE,0.008086253369272238,0.77,1.23142395
K04902.01,,10000162,286.33545,46.917831,4794.84,612.74,CANDIDATE,0.008086253369272238,1.78,409.38645
K04903.01,,7799701,281.28546,43.51548,1052.76,317.37,FALSE POSITIVE,0.25,6.54,386.828262
K03291.01,,6233483,299.05002,41.537449,696.15,173.96,FALSE POSITIVE,0.018867924528301886,8.15,15.8733803
K03292.01,,5392871,299.06454,40.515579,597.43,143.9,FALSE POSITIVE,0.2706645339765974,3.23,42.3991752
K03293.01,,3858851,293.68362,38.994869,1687.16,369.6,FALSE POSITIVE,0.008086253369272238,39.94,25.95198823
K03294.01,,3858917,293.70248,38.975449,799.66,162.395,FALSE POSITIVE,0.008086253369272238,42.91,25.9522401
K03295.01,,4466356,292.18237,39.560211,798.46,84.435,FALSE POSITIVE,0.847457627118644,1.6,14.12809896
K04759.01,,7949593,287.77301,43.73391,935.14,98.39999999999999,CANDIDATE,0.2916666666666667,1.54,17.7662938
K04760.01,,9474232,295.37604,46.047588,796.7,171.93,FALSE POSITIVE,0.847457627118644,1.12,13.6917833
K04761.01,,3859151,293.76151,38.99921,928.69,180.805,FALSE POSITIVE,0.018867924528301886,9.75,25.95633
K04762.01,,7098255,284.61008,42.687431,558.76,59.555,CANDIDATE,0.25,1.29,11.56722589
K03204.01,,11456279,292.44135,49.316414,839.73,216.91500000000002,FALSE POSITIVE,0.008086253369272238,1.57,0.572937573
K07700.01,,4670361,295.73697,39.740452,798.25,179.75,CANDIDATE,0.25,3.13,631.56889
K03213.01,,5398002,300.01501,40.52702,1695.42,634.345,FALSE POSITIVE,0.008086253369272238,90.09,14.15849823
K04831.01,,6680911,288.52698,42.178909,595.62,141.025,FALSE POSITIVE,0.008086253369272238,1.57,207.471349
K04832.01,,10356124,297.63947,47.445869,1319.6,535.23,FALSE POSITIVE,0.008086253369272238,81.01,12.3748247
K04833.01,,10584140,284.31693,47.887112,765.57,218.65,CANDIDATE,0.4883720930232558,1.01,4.31724247
K04834.01,,8233326,291.79465,44.193531,1008.32,255.065,CANDIDATE,0.2916666666666667,1.85,3.74099144
K07711.01,,4940203,295.98404,40.043621,530.11,102.735,CANDIDATE,0.008086253369272238,1.31,302.779824
K03501.01,,6286161,292.17099,41.621288,2403.11,632.925,FALSE POSITIVE,0.008086253369272238,2722.92,14.541781166
K03502.01,,5385471,297.59494,40.594139,1238.43,217.315,FALSE POSITIVE,0.008086253369272238,3.8,12.4261177
K03503.01,Kepler-1703 b,6368175,293.15085,41.729252,595.41,112.45,CONFIRMED,0.25,0.79,21.1876185
K03504.01,,5471158,297.5798,40.603001,1126.63,252.21,FALSE POSITIVE,0.25,2.52,12.42560404
K03505.01,,4847843,295.07965,39.962528,1300.98,923.595,FALSE POSITIVE,0.008086253369272238,89.18,30.9604688
K07717.01,,5120225,296.9136,40.258263,509.27,122.565,FALSE POSITIVE,0.008086253369272238,30.94,1.041619932
K03588.01,,9656543,294.76862,46.37421,2533.98,827.6700000000001,FALSE POSITIVE,0.008086253369272238,109.72,2.544594443
K03589.01,,10751515,298.52206,48.032921,630.57,73.625,FALSE POSITIVE,0.008086253369272238,21.93,56.40651043
K03590.01,,3348093,292.92532,38.480991,650.54,66.38499999999999,FALSE POSITIVE,0.008086253369272238,61.54,7.964400574
K03591.01,,6182846,283.0733,41.53867,1092.05,269.065,FALSE POSITIVE,0.008086253369272238,51.77,6.399101307
K01873.02,Kepler-328 b,4939346,295.8093,40.008511,1538.52,346.42,CONFIRMED,0.9642857142857143,2.39,34.9168399
K07778.01,,6442602,291.72198,41.842468,623.37,73.81,FALSE POSITIVE,0.0,0.88,0.56678228
K03592.01,,9851126,298.79532,46.670448,1071.37,178.76999999999998,FALSE POSITIVE,0.008086253369272238,22.25,8.480303653
K01613.02,,6268648,285.47659,41.632717,327.5,16.025,CANDIDATE,0.9629629629629629,0.9,94.094392
K03365.01,Kepler-1480 b,11455428,291.99976,49.301811,970.51,314.46500000000003,CONFIRMED,0.847457627118644,3.94,22.1270885
K03366.01,,10484409,296.9025,47.628281,801.93,140.32999999999998,FALSE POSITIVE,0.018867924528301886,1.12,10.6784787
K03367.01,,10935993,298.19162,48.396259,1076.89,246.155,CANDIDATE,0.043478260869565216,1.88,25.3736543
K03368.01,,5257082,285.41266,40.42577,951.4,212.05,CANDIDATE,0.018867924528301886,1.45,10.08535311
K03369.01,,5796185,293.45609,41.045849,1217.05,258.03499999999997,FALSE POSITIVE,0.008086253369272238,51.86,42.559265547
K03434.01,,8628665,293.34521,44.700642,1122.93,134.57,CANDIDATE,0.2916666666666667,1.24,10.2856373
K03435.01,,3945802,289.00632,39.093342,935.71,202.225,FALSE POSITIVE,0.847457627118644,1.58,24.2157996
K03436.01,Kepler-1499 b,6265665,283.98633,41.65041,291.74,35.85,CONFIRMED,0.9629629629629629,1.14,44.2018402
K07746.01,,5881307,293.38049,41.151901,1463.61,342.96500000000003,CANDIDATE,0.008086253369272238,2.27,393.95608
K03437.01,Kepler-1500 b,4645174,288.88333,39.74456,1418.1,274.03,CONFIRMED,0.9642857142857143,2.18,15.0330623
K03437.02,,4645174,288.88333,39.74456,1418.1,274.03,CANDIDATE,0.9629629629629629,3.51,34.7496038
K03506.01,,8719419,301.14603,44.869659,938.26,280.445,FALSE POSITIVE,0.0,87.2,12.62530918
K03510.01,,9028474,294.15952,45.375919,301.69,48.894999999999996,FALSE POSITIVE,0.008086253369272238,49.34,124.93576738
K01803.02,,4349442,286.63553,39.488621,241.51,16.8,FALSE POSITIVE,0.9642857142857143,1.37,12.720298433
K07764.01,,6124137,292.0105,41.467098,1425.15,336.815,CANDIDATE,0.4883720930232558,2.83,227.83457
K03511.01,,3644542,291.17059,38.765209,325.7,122.89,FALSE POSITIVE,0.008086253369272238,193.91,119.67980316
K03512.01,,6182849,283.07404,41.540878,599.18,125.655,FALSE POSITIVE,0.008086253369272238,59.15,6.399107136
K03513.01,,9851142,298.8002,46.665539,124.64,25.115,FALSE POSITIVE,0.008086253369272238,65.0,8.480304281
K03593.01,,3442054,291.0188,38.569859,694.71,183.14,FALSE POSITIVE,0.008086253369272238,45.43,117.6813778
K03594.01,,4079530,296.7345,39.186111,1179.96,256.195,FALSE POSITIVE,0.008086253369272238,35.18,17.72722648
K07779.01,,6445531,292.7066,41.894218,1960.81,462.84000000000003,FALSE POSITIVE,0.008086253369272238,1.2,1.71024931
K03595.01,,10677186,296.22293,47.92392,1134.41,281.37,FALSE POSITIVE,0.008086253369272238,26.0,100.40132734
K03596.01,,9025914,293.26328,45.349419,2710.76,702.97,FALSE POSITIVE,0.008086253369272238,59.23,11.320287875
K03597.01,,9366988,299.97156,45.811932,989.1,259.97,FALSE POSITIVE,0.008086253369272238,40.46,1.219034103
K03370.01,,11657614,289.43896,49.73122,514.69,32.085,CANDIDATE,0.25,1.52,24.352541
K03370.02,Kepler-1481 b,11657614,289.43896,49.73122,514.69,32.085,CONFIRMED,0.25,1.23,5.94228603
K07735.01,,5687986,285.36993,40.907429,1164.92,331.245,CANDIDATE,0.008086253369272238,4.05,382.30306
K03371.01,,11125797,285.31381,48.72525,425.06,34.565,CANDIDATE,0.847457627118644,1.32,58.1263775
K03372.01,Kepler-1997 b,9785921,297.4809,46.589142,1408.59,331.71000000000004,CONFIRMED,0.9629629629629629,2.28,26.7575866
K03373.01,,3102000,287.34946,38.286041,1387.72,256.46000000000004,FALSE POSITIVE,0.018867924528301886,22.31,57.0599992
K03438.01,Kepler-1501 b,6599975,289.91852,42.001431,680.41,67.445,CONFIRMED,0.9629629629629629,1.08,14.5565618
K01731.02,,8266276,301.4693,44.159649,705.76,77.62,FALSE POSITIVE,0.25,1.26,0.837898153
K07747.01,,5887316,295.04559,41.10421,857.37,83.185,FALSE POSITIVE,0.0,36.0,0.603086711
K03439.01,Kepler-1502 b,4282191,296.10791,39.319908,950.34,205.79999999999998,CONFIRMED,0.847457627118644,2.19,41.7084063
K03440.01,Kepler-1980 b,3559860,295.16721,38.637081,1234.81,135.735,CONFIRMED,0.9629629629629629,2.21,33.0257179
K03441.01,,10651945,285.43805,47.90345,1491.06,373.07,FALSE POSITIVE,0.0,56.02,25.366990665
K03514.01,,7117003,291.54391,42.638988,543.25,98.36,FALSE POSITIVE,0.0,49.76,428.32173928
K03515.01,,3240159,292.71317,38.369659,692.41,177.27499999999998,FALSE POSITIVE,0.0,197.85,82.137609997
K07766.01,,6147851,298.13965,41.417229,753.07,166.885,FALSE POSITIVE,0.018867924528301886,0.83,3.06026014
K03516.01,,9658118,295.36603,46.377232,929.07,218.03500000000003,FALSE POSITIVE,0.0,83.77,24.0612744
K03517.01,,7132542,295.88522,42.62188,884.24,170.165,FALSE POSITIVE,0.0,61.42,66.36099916
K03518.01,,8589754,300.79001,44.6534,1565.05,549.85,FALSE POSITIVE,0.008086253369272238,153.32,8.939461148
K03520.01,,3757590,294.14371,38.877392,852.69,103.66,FALSE POSITIVE,0.008086253369272238,89.83,135.58607679
K03598.01,,2437149,290.20575,37.769138,2040.19,350.185,FALSE POSITIVE,0.0,55.07,18.79862195
K03599.01,,9715925,294.16446,46.423988,1136.29,163.625,FALSE POSITIVE,0.008086253369272238,29.34,6.30828538
K03600.01,,9529733,293.2088,46.173061,944.22,235.38,FALSE POSITIVE,0.0,44.3,4.80912667
K03601.01,,9613070,300.15649,46.20332,839.73,194.38,FALSE POSITIVE,0.0,140.22,2.33211505
K01875.02,Kepler-990 c,9967771,297.9382,46.881401,951.61,157.135,CONFIRMED,0.7333333333333333,1.67,0.53835407
K03602.01,,10845188,283.55252,48.222939,640.82,152.06,FALSE POSITIVE,0.008086253369272238,48.69,249.36211832
K01627.03,,6543893,297.58313,41.952431,2401.25,504.565,CANDIDATE,0.847457627118644,2.75,3.80675878
K07736.01,,5709103,292.93295,40.986401,511.9,71.5,FALSE POSITIVE,0.008086253369272238,0.46,0.664727127
K03374.01,Kepler-1483 b,6705026,295.40979,42.150829,1475.31,296.66499999999996,CONFIRMED,0.9642857142857143,1.65,9.5084871
K03374.02,,6705026,295.40979,42.150829,1475.31,296.66499999999996,CANDIDATE,0.9629629629629629,1.95,34.1086562
K03375.01,Kepler-1918 b,6779726,292.53055,42.214649,1258.36,280.985,CONFIRMED,0.7333333333333333,2.57,47.0563327
K03376.02,,3098843,286.23264,38.202888,785.92,177.58,FALSE POSITIVE,0.008086253369272238,,179.85022331
K03377.01,,5553959,297.05066,40.717419,313.3,37.144999999999996,CANDIDATE,0.4883720930232558,0.99,10.0100312
K03443.01,Kepler-1503 b,7288306,293.72717,42.806759,829.02,108.14500000000001,CONFIRMED,0.8725421626940758,2.07,96.169569
K07748.01,,5887393,295.06284,41.124611,1042.59,291.23,FALSE POSITIVE,0.008086253369272238,1.11,1.55090374
K03444.01,,5384713,297.4292,40.561909,93.47,8.695,CANDIDATE,0.9642857142857143,0.76,12.67143692
K03444.02,,5384713,297.4292,40.561909,93.47,8.695,CANDIDATE,0.9629629629629629,4.98,60.32668824
K03444.03,,5384713,297.4292,40.561909,93.47,8.695,CANDIDATE,0.4883720930232558,0.5,2.63595435
K03445.01,Kepler-1504 b,11860395,289.71201,50.128208,1876.26,353.305,CONFIRMED,0.9629629629629629,4.47,82.303914
K03521.01,,5456023,294.03622,40.659191,1018.34,599.8,FALSE POSITIVE,0.008086253369272238,147.83,131.97827736
K07768.01,,6187888,285.51688,41.534321,625.82,65.475,FALSE POSITIVE,0.008086253369272238,0.69,0.789171236
K01806.02,Kepler-320 c,9529744,293.21356,46.175129,1117.9,289.145,CONFIRMED,0.9642857142857143,2.8,17.9346606
K03522.01,,12021387,295.91083,50.40976,882.67,296.56,FALSE POSITIVE,0.008086253369272238,76.53,241.07074582
K03523.01,,8044608,296.90405,43.823891,681.84,181.12,FALSE POSITIVE,0.008086253369272238,54.91,106.17593813
K03524.01,,8760135,294.37128,44.924759,1295.23,297.36,FALSE POSITIVE,0.0,72.8,184.6467208
K03525.01,,4073707,295.61261,39.195709,696.33,155.785,FALSE POSITIVE,0.0,144.85,6.282033445
K03603.01,,5730394,298.06189,40.957291,1128.41,235.06,FALSE POSITIVE,0.0,43.06,5.519188936
K07780.01,,6451368,294.48404,41.869171,958.82,253.44,CANDIDATE,0.008086253369272238,1.52,5.3360574
K03604.01,,6956216,294.08777,42.489666,1639.24,587.8199999999999,FALSE POSITIVE,0.008086253369272238,51.32,4.818863794
K03605.01,,6137704,295.83835,41.427319,379.15,45.47,FALSE POSITIVE,0.008086253369272238,34.07,178.26802035
K03606.01,,10275074,292.2677,47.394798,1076.8,268.725,FALSE POSITIVE,0.0,91.3,2.181555909
K03607.01,,9110346,298.34192,45.407669,3309.81,1915.275,FALSE POSITIVE,0.008086253369272238,172.25,0.895276162
K03608.01,,10259301,284.81525,47.392632,575.37,132.165,FALSE POSITIVE,0.0,38.3,244.83274973
K03379.01,Kepler-1484 b,2995392,292.68427,38.126282,1237.55,288.935,CONFIRMED,0.847457627118644,2.6,30.4544418
K03380.01,,3120308,292.28778,38.27425,820.76,181.45999999999998,FALSE POSITIVE,0.847457627118644,1.65,10.26558924
K03382.01,,9991621,281.18024,46.929901,489.2,108.235,FALSE POSITIVE,0.043478260869565216,16.74,18.9257333
K03383.01,Kepler-1919 b,8078502,283.1319,43.955971,1130.44,204.18,CONFIRMED,0.9629629629629629,2.09,37.8862977
K03384.01,,8644365,298.09543,44.737061,519.1,67.065,CANDIDATE,0.4883720930232558,3.89,10.54841329
K07749.01,,5888187,295.27301,41.168282,424.23,37.44,CANDIDATE,0.043478260869565216,1.89,133.6348207
K03446.01,,2852528,291.46149,38.001808,1590.84,369.815,FALSE POSITIVE,0.2916666666666667,2.24,11.9615433
K03448.01,,3348216,292.96008,38.431431,1438.04,233.71,CANDIDATE,0.7333333333333333,2.62,32.510844
K01747.02,,7032421,291.41833,42.579819,827.4,83.50999999999999,FALSE POSITIVE,0.008086253369272238,,0.56683399
K03449.01,,10798838,292.52029,48.123531,638.58,104.25,FALSE POSITIVE,0.008086253369272238,38.61,62.127677128
K03450.01,,8560940,292.17368,44.662861,664.14,129.79500000000002,FALSE POSITIVE,0.25,1.09,31.9730649
K03451.01,,10793576,290.34442,48.147308,929.29,237.24,CANDIDATE,0.2916666666666667,1.58,10.90752977
K03526.01,,10292238,298.07739,47.346581,836.28,154.085,FALSE POSITIVE,0.0,53.3,143.1188694
K03527.01,,8733497,282.00089,44.96077,510.71,89.0,FALSE POSITIVE,0.008086253369272238,46.61,76.81985465
K03528.01,,4255422,289.69705,39.371639,688.02,298.945,FALSE POSITIVE,0.0,112.86,165.40574995
K03529.01,,9837544,294.48639,46.676151,693.21,103.05,FALSE POSITIVE,0.008086253369272238,55.04,71.661915163
K03530.01,,7877824,286.28845,43.614342,1192.52,250.9,FALSE POSITIVE,0.0,68.38,9.44942685
K07781.01,,6469946,298.9068,41.835629,801.36,106.515,FALSE POSITIVE,0.008086253369272238,25.52,0.715802309
K03531.01,,6947164,291.35696,42.493641,830.54,182.63,FALSE POSITIVE,0.0,50.88,70.58284717
K03609.01,,6233903,299.13101,41.589901,3354.36,1233.355,FALSE POSITIVE,0.0,112.12,2.995357359
K03610.01,,7212066,295.21167,42.786289,883.9,176.1,FALSE POSITIVE,0.008086253369272238,39.38,3.840485025
K03610.02,,7212066,295.21167,42.786289,883.9,176.1,FALSE POSITIVE,0.008086253369272238,,1.92027188
K01899.02,,7047922,295.75412,42.537479,916.1,283.7,CANDIDATE,0.4883720930232558,1.08,10.5226374
K03611.01,,6675060,286.2449,42.146431,2249.4,556.8,FALSE POSITIVE,0.008086253369272238,44.35,10.443341795
K07737.01,,5716508,295.03052,40.958149,22092.21,7523.945,FALSE POSITIVE,0.0,505.94,4.75307877
K03612.01,,10518735,283.91565,47.784569,1537.06,293.845,FALSE POSITIVE,0.008086253369272238,53.03,19.515013291
K01628.02,Kepler-312 b,6975129,298.39575,42.459751,537.77,70.44500000000001,CONFIRMED,0.9642857142857143,1.02,1.772451066
K03384.02,Kepler-1485 b,8644365,298.09543,44.737061,519.1,67.065,CONFIRMED,0.9629629629629629,1.41,19.9158863
K03385.01,,9489947,300.01813,46.026272,1164.98,292.11,FALSE POSITIVE,0.008086253369272238,88.28,54.061328105
K03386.01,,6960487,295.20386,42.43045,1197.91,286.0,FALSE POSITIVE,0.0,54.35,34.525990182
K07750.01,,5894182,296.67538,41.164768,776.26,204.55,CANDIDATE,0.018867924528301886,5.03,494.485085
K03387.01,,6309264,298.1897,41.679192,649.19,89.405,FALSE POSITIVE,0.008086253369272238,1.08,14.2821417
K03452.01,,7021177,287.63705,42.530819,1109.22,229.07,FALSE POSITIVE,0.008086253369272238,61.81,18.64532882
K03454.01,,7122259,293.14578,42.624161,1605.58,392.59000000000003,FALSE POSITIVE,0.0,66.27,20.882125422
K03455.01,,6947668,291.50708,42.429878,1198.23,261.34,CANDIDATE,0.4883720930232558,1.45,14.0545718
K03456.01,Kepler-1505 b,6364582,292.00204,41.786961,339.82,34.065,CONFIRMED,0.9629629629629629,1.08,30.8609783
K07769.01,,6190535,286.73605,41.590279,890.8,148.81,FALSE POSITIVE,0.008086253369272238,0.89,3.652810043
K03457.01,,9834257,293.23318,46.600151,1315.85,345.54,FALSE POSITIVE,0.0,118.33,15.65134872
K00332.02,,10290666,297.65094,47.39629,507.93,57.245,CANDIDATE,0.875,0.79,6.86674226
K01806.03,Kepler-320 b,9529744,293.21356,46.175129,1117.9,289.145,CONFIRMED,0.9629629629629629,2.39,8.37159554
K03532.01,,10748621,297.77277,48.09811,984.67,226.07,FALSE POSITIVE,0.008086253369272238,63.23,286.1755875
K03533.01,,4824268,288.28284,39.992222,939.55,208.59,FALSE POSITIVE,0.0,53.89,152.15144795
K07783.01,,6527016,293.27213,41.95142,1037.06,521.4350000000001,FALSE POSITIVE,0.25,1.39,0.542636318
K03534.01,,6431670,287.88483,41.879349,975.52,148.39,FALSE POSITIVE,0.0,47.83,29.911334059
K03535.01,,7376500,295.68814,42.970581,1701.91,1080.3899999999999,FALSE POSITIVE,0.008086253369272238,125.68,5.877122485
K03618.01,,9636559,285.33444,46.309879,4693.23,1218.08,FALSE POSITIVE,0.008086253369272238,64.91,10.636305846
K03619.01,,8095110,290.91254,43.92989,333.89,52.940000000000005,FALSE POSITIVE,0.008086253369272238,36.63,2.1032389
K03620.01,,11499263,287.40515,49.456291,855.23,129.145,FALSE POSITIVE,0.0,38.79,46.698200933
K01905.02,Kepler-332 c,10328393,286.66296,47.4137,353.02,25.285,CONFIRMED,1.0,1.04,15.99560373
K03621.01,,9775253,293.79739,46.56179,304.72,62.0,FALSE POSITIVE,0.008086253369272238,65.76,4.39451798
K03388.01,,3858988,293.72311,38.96983,1078.03,253.44,FALSE POSITIVE,0.008086253369272238,35.1,25.9518795
K03389.01,,3848966,291.06937,38.914909,2452.81,651.3199999999999,CANDIDATE,0.847457627118644,3.98,29.7681831
K03390.01,,10798605,292.42444,48.159592,630.32,100.25,FALSE POSITIVE,0.008086253369272238,42.62,56.048096688
K07751.01,,5895083,296.88562,41.19978,1942.08,616.925,FALSE POSITIVE,0.0,1.14,2.25161215
K03391.01,,9452897,285.84387,46.015911,421.11,48.485,CANDIDATE,0.847457627118644,1.28,36.7662364
K03392.01,,9714123,293.44366,46.471512,1374.92,314.53499999999997,FALSE POSITIVE,0.008086253369272238,31.66,50.35545898
K03458.01,Kepler-1506 b,6118370,290.1499,41.4646,1476.23,351.16999999999996,CONFIRMED,0.4883720930232558,1.45,14.0328775
K03459.01,Kepler-1922 b,2717158,292.33035,37.997059,987.06,191.25500000000002,CONFIRMED,0.847457627118644,1.75,13.2226149
K01750.02,,6209677,293.30023,41.523338,805.31,76.795,CANDIDATE,0.8672418648234532,0.93,2.53742164
K07770.01,,6198256,289.71146,41.529713,1246.73,385.86,FALSE POSITIVE,0.018867924528301886,1.69,3.54828691
K03460.01,,9664276,297.37912,46.367069,1224.21,237.845,CANDIDATE,0.9642857142857143,2.25,62.596544
K03461.01,,2437112,290.20361,37.774342,789.93,84.55,FALSE POSITIVE,0.847457627118644,2.04,18.79852
K03536.01,,7987086,299.66415,43.762989,536.78,127.385,FALSE POSITIVE,0.0,61.44,156.51657398
K03537.01,,7374746,295.25287,42.900028,643.76,97.875,FALSE POSITIVE,0.0,43.45,1.366946478
K03538.01,,8668810,281.7179,44.873989,708.0,81.36500000000001,FALSE POSITIVE,0.008086253369272238,47.52,313.09275066
K07782.01,,6519865,291.01138,41.906979,1429.32,320.28,FALSE POSITIVE,0.0,0.77,0.566813677
K03539.01,,8868907,284.51367,45.1203,1262.37,295.7,FALSE POSITIVE,0.0,56.66,157.32263943
K03540.01,,3865298,295.23196,38.925919,727.82,152.425,FALSE POSITIVE,0.0,60.49,9.53040216
K03627.01,,10091110,297.46631,47.023232,1225.19,287.6,FALSE POSITIVE,0.018867924528301886,16.67,4.218512654
K03627.02,,10091110,297.46631,47.023232,1225.19,287.6,FALSE POSITIVE,0.008086253369272238,44.86,8.529991199
K03629.01,,3544694,291.44626,38.639778,2313.03,605.475,FALSE POSITIVE,0.0,70.65,1.922862476
K00352.02,Kepler-143 b,11521793,298.06769,49.412601,770.42,131.52499999999998,CONFIRMED,1.0,2.99,16.00747237
K03393.01,Kepler-1486 b,9085563,290.59039,45.439709,1565.12,264.67,CONFIRMED,0.9642857142857143,2.64,54.6493679
K01650.02,Kepler-920 c,11337372,284.29694,49.15868,1018.58,117.845,CONFIRMED,0.9642857142857143,4.35,100.8276725
K03394.01,,7748487,290.23602,43.47065,1527.23,351.365,CANDIDATE,0.6386976652537733,1.79,15.5764061
K03395.01,,3219037,286.54041,38.3326,820.21,172.2,CANDIDATE,0.847457627118644,1.11,10.00506974
K07753.01,,5952448,289.297,41.285488,1048.56,235.87,FALSE POSITIVE,0.018867924528301886,0.77,0.905675699
K03396.01,,5710069,293.2244,40.931931,1096.58,198.99499999999998,CANDIDATE,0.4883720930232558,1.82,36.2580749
K03462.01,,9967009,297.70197,46.823318,1711.64,311.275,CANDIDATE,0.847457627118644,1.88,12.4326997
K03462.02,,9967009,297.70197,46.823318,1711.64,311.275,CANDIDATE,0.847457627118644,2.21,30.9902997
K03464.01,,11874338,296.672,50.150108,1644.93,729.4300000000001,FALSE POSITIVE,0.008086253369272238,90.37,15.9750417
K03465.01,Kepler-1507 b,9763612,288.56152,46.536049,342.92,24.14,CONFIRMED,0.847457627118644,0.81,16.0505464
K07771.01,,6199716,290.13007,41.5998,1874.12,425.14,FALSE POSITIVE,0.008086253369272238,1.35,0.805267592
K03466.01,,9468384,293.25281,46.051628,1714.95,385.81500000000005,FALSE POSITIVE,0.008086253369272238,48.38,11.082622625
K03541.01,,8868364,284.2572,45.118668,1100.02,360.20000000000005,FALSE POSITIVE,0.008086253369272238,54.16,421.42848194
K01823.02,,10092312,297.78775,47.098331,601.66,118.855,FALSE POSITIVE,0.008086253369272238,168.68,1.096587245
K03542.01,,3964545,294.14001,39.08987,982.52,240.325,FALSE POSITIVE,0.008086253369272238,58.77,3.012476415
K03543.01,,9656397,294.70926,46.38472,1066.32,286.675,FALSE POSITIVE,0.008086253369272238,97.39,204.74104758
K07727.01,,5444491,290.55255,40.688759,1094.26,211.33499999999998,FALSE POSITIVE,0.008086253369272238,0.67,0.759740194
K03544.01,,3735629,287.98795,38.89175,4255.67,1908.75,FALSE POSITIVE,0.008086253369272238,278.81,4.664186517
K03545.01,,8244173,295.5061,44.110538,502.3,57.76,FALSE POSITIVE,0.008086253369272238,40.74,1.092066399
K03613.01,,6546508,298.13141,41.950989,827.76,125.245,FALSE POSITIVE,0.008086253369272238,35.35,3.053578643
K03614.01,,9886224,289.8569,46.789928,2242.19,1379.75,FALSE POSITIVE,0.018867924528301886,60.35,2.992662857
K03615.01,,3735634,287.98959,38.890381,725.6,215.28,FALSE POSITIVE,0.008086253369272238,52.09,4.664188563
K07738.01,,5730380,298.05832,40.943069,365.43,83.52,FALSE POSITIVE,0.008086253369272238,0.81,0.954873008
K03616.01,,6058875,296.37036,41.390469,510.36,48.64,FALSE POSITIVE,0.008086253369272238,33.4,0.56493412
K03617.01,,10735564,293.57437,48.007439,3801.7,992.9850000000001,FALSE POSITIVE,0.0,150.48,1.674984844
K03397.01,,6200810,290.44928,41.535789,1795.54,416.70000000000005,CANDIDATE,0.847457627118644,2.35,35.8754482
K03398.01,Kepler-1487 b,3561464,295.49811,38.644501,2171.07,499.945,CONFIRMED,0.9629629629629629,5.05,7.31945294
K03398.02,Kepler-1487 c,3561464,295.49811,38.644501,2171.07,499.945,CONFIRMED,0.978742333956981,7.97,35.8007112
K07754.01,,5962509,292.53809,41.206612,838.79,138.35500000000002,FALSE POSITIVE,0.0,0.67,0.790049989
K03398.03,,3561464,295.49811,38.644501,2171.07,499.945,CANDIDATE,0.4883720930232558,3.58,4.32710579
K03399.01,,6359802,290.35443,41.76918,336.47,37.42,FALSE POSITIVE,0.008086253369272238,29.61,14.15402615
K03467.01,,7121885,293.03067,42.63522,1304.34,336.84000000000003,FALSE POSITIVE,0.008086253369272238,138.25,33.93754213
K03468.01,Kepler-1508 b,5213404,298.11887,40.37505,1596.68,378.015,CONFIRMED,0.4883720930232558,3.22,20.7057153
K03469.01,,4844470,294.25037,39.943939,564.01,109.44,CANDIDATE,0.847457627118644,1.91,60.532988
K07772.01,,6205566,292.01721,41.562809,1105.35,230.57999999999998,FALSE POSITIVE,0.008086253369272238,0.74,3.7228679
K01781.03,Kepler-411 d,11551692,287.60559,49.523258,146.91,10.765,CONFIRMED,0.9629629629629629,3.46,58.0198583
K03470.01,,9995771,283.79782,46.931,1448.59,226.41000000000003,CANDIDATE,0.9629629629629629,1.61,15.0617835
K03546.01,,7287391,293.46356,42.88406,281.98,37.525000000000006,FALSE POSITIVE,0.008086253369272238,25.8,4.286103033
K03547.01,,6756202,283.89862,42.299992,439.78,54.995,FALSE POSITIVE,0.008086253369272238,45.27,290.7778719
K03548.01,,10215869,294.92371,47.249989,882.47,204.7,FALSE POSITIVE,0.008086253369272238,41.75,5.017239915
K07728.01,,5456319,294.11649,40.681061,554.27,82.955,FALSE POSITIVE,0.008086253369272238,0.52,0.937923475
K03549.01,,2307206,292.37616,37.657459,1015.48,175.175,FALSE POSITIVE,0.0,57.35,204.0329342
K03550.01,,7025540,289.25281,42.562611,588.27,71.0,FALSE POSITIVE,0.008086253369272238,49.6,2.148219541
K03551.01,,7620844,295.61038,43.260422,613.27,81.455,FALSE POSITIVE,0.0,40.43,58.621578824
K03622.01,,6677267,287.15167,42.110378,1154.15,310.945,FALSE POSITIVE,0.008086253369272238,110.58,3.125821128
K03623.01,,7732791,282.55338,43.417358,603.1,59.825,FALSE POSITIVE,0.008086253369272238,44.35,1.032068851
K07739.01,,5736801,299.33994,40.925362,980.82,198.265,FALSE POSITIVE,0.018867924528301886,1.09,6.6751871
K03624.01,,8177798,295.81686,44.00568,1728.99,470.35,FALSE POSITIVE,0.0,92.78,1.450205839
K03625.01,,10489521,298.35327,47.66888,2186.36,537.59,FALSE POSITIVE,0.008086253369272238,79.08,3.224486463
K03626.01,,12643582,288.31876,51.725361,1743.72,400.33000000000004,FALSE POSITIVE,0.008086253369272238,62.24,44.14579777
K03400.01,,9328641,284.85162,45.86351,503.64,41.394999999999996,FALSE POSITIVE,0.008086253369272238,2.55,33.3239576
K03401.01,,9966219,297.47839,46.81575,892.9,143.04500000000002,CANDIDATE,0.9629629629629629,1.96,17.9559673
K07756.01,,5991070,299.37268,41.236671,1006.62,276.995,FALSE POSITIVE,0.25,1.41,0.94102954
K01681.02,Kepler-1984 b,5531953,291.285,40.730049,203.05,30.44,CONFIRMED,0.9629629629629629,6.81,1.992812339
K03402.01,,3757778,294.19629,38.83712,1192.59,259.275,FALSE POSITIVE,0.008086253369272238,33.27,36.514374043
K03403.01,Kepler-1488 b,11754430,286.64642,49.937778,682.34,134.435,CONFIRMED,1.0,2.23,39.818832
K03470.02,Kepler-1509 b,9995771,283.79782,46.931,1448.59,226.41000000000003,CONFIRMED,0.9642857142857143,2.0,25.4337864
K03471.01,,11875511,297.16977,50.147369,682.26,419.4,FALSE POSITIVE,0.008086253369272238,36.7,67.451045
K07773.01,,6231721,298.68607,41.521069,961.02,158.995,CANDIDATE,0.018867924528301886,1.04,2.69339974
K03472.01,,9536108,295.63855,46.132549,932.15,207.445,CANDIDATE,0.043478260869565216,1.14,10.43003118
K03473.01,,8905246,298.0759,45.18903,1099.23,516.06,CANDIDATE,0.7333333333333333,6.96,27.63714708
K03474.01,Kepler-1923 b,5213230,298.0834,40.34621,912.67,136.62,CONFIRMED,0.9642857142857143,1.83,52.6095103
K01830.02,Kepler-967 c,3326377,286.55807,38.405369,501.87,38.97,CONFIRMED,1.0,3.56,198.7106251
K03552.01,,6233466,299.04727,41.538078,1358.63,503.435,FALSE POSITIVE,0.008086253369272238,630.53,15.873380595
K07729.01,,5460434,295.19501,40.670841,433.18,82.6,CANDIDATE,0.008086253369272238,1.57,50.563697
K03553.01,,11249624,294.43863,48.985241,844.31,108.17,FALSE POSITIVE,0.008086253369272238,41.22,65.583665567
K03554.01,,6426592,285.60162,41.817532,931.08,178.7,FALSE POSITIVE,0.008086253369272238,52.16,394.67816267
K03555.01,,8491745,290.51163,44.556019,591.67,133.92000000000002,FALSE POSITIVE,0.008086253369272238,63.68,111.31980522
K03556.01,,3970117,295.46201,39.084389,960.39,205.25,FALSE POSITIVE,0.008086253369272238,37.88,110.29512684
K03334.01,,11147814,296.33862,48.75758,280.72,29.16,FALSE POSITIVE,0.008086253369272238,28.75,95.178317934
K03335.01,Kepler-1916 b,10922659,293.07062,48.387741,1881.51,469.27,CONFIRMED,0.9629629629629629,2.29,31.2543238
K03336.01,,8892720,294.35663,45.195011,1085.86,240.65500000000003,FALSE POSITIVE,0.008086253369272238,22.76,61.4911479
K00284.04,Kepler-132 e,6021275,283.23581,41.34304,296.24,43.85,CONFIRMED,0.9629629629629629,1.41,110.2867031
K01525.02,Kepler-880 c,7869917,281.97125,43.672771,993.03,260.685,CONFIRMED,0.4883720930232558,2.87,11.8061737
K03403.02,Kepler-1488 c,11754430,286.64642,49.937778,682.34,134.435,CONFIRMED,0.9629629629629629,1.2,6.15828666
K07757.01,,6032920,288.65695,41.399529,414.47,75.315,FALSE POSITIVE,0.008086253369272238,0.76,10.828825742
K03404.01,Kepler-1489 b,8409295,281.29581,44.465401,910.96,101.83500000000001,CONFIRMED,0.847457627118644,1.82,82.292865
K03407.01,Kepler-1490 b,7131760,295.69357,42.609509,816.96,139.195,CONFIRMED,0.847457627118644,2.89,92.436978
K03408.01,,11922778,296.0069,50.281811,917.13,206.445,CANDIDATE,0.847457627118644,1.65,65.427645
K03409.01,,9468382,293.25259,46.04903,858.32,557.49,FALSE POSITIVE,0.043478260869565216,7.34,11.08260553
K03475.01,,6145201,297.49515,41.4147,1125.06,304.0,FALSE POSITIVE,0.7333333333333333,1.33,22.7832776
K03476.01,,5986209,298.37177,41.291759,943.34,200.885,FALSE POSITIVE,0.008086253369272238,53.27,23.737952838
K03477.01,,9226339,294.91699,45.680679,741.9,113.94,FALSE POSITIVE,0.018867924528301886,19.89,21.4618453
K03479.01,,6525209,292.72137,41.904919,553.25,74.605,FALSE POSITIVE,0.008086253369272238,26.21,75.13194883
K01788.02,,2975770,287.73755,38.114559,436.71,25.985,CANDIDATE,0.4883720930232558,3.07,369.069345
K03557.01,,5534965,292.26044,40.703678,717.04,114.64,FALSE POSITIVE,0.0,56.63,243.82122131
K07730.01,,5512513,283.69891,40.76804,334.06,32.065,FALSE POSITIVE,0.0,,0.77459856
K03558.01,,9965206,297.19037,46.826481,946.94,147.29000000000002,FALSE POSITIVE,0.0,46.52,16.227548674
K03559.01,,4247023,286.84851,39.304939,1124.6,262.49,FALSE POSITIVE,0.0,66.71,47.189437
K03560.01,,4848423,295.21747,39.910042,382.65,47.67,FALSE POSITIVE,0.0,90.92,1.501760172
K03561.01,,11403216,292.02689,49.20718,1425.05,354.535,FALSE POSITIVE,0.0,1668.79,4.05325447
K01833.02,Kepler-968 d,11853878,285.60254,50.112041,233.48,27.18,CONFIRMED,1.0,2.58,7.68433346
K07740.01,,5774375,285.9259,41.09082,1032.89,593.03,FALSE POSITIVE,0.0,136.64,1.549979213
K03337.01,,7692093,294.90594,43.381889,1157.55,212.59,CANDIDATE,0.9629629629629629,1.56,11.16622885
K03338.01,,8263752,300.78394,44.192558,707.9,156.66,FALSE POSITIVE,0.008086253369272238,40.17,10.99381963
K03338.02,,8263752,300.78394,44.192558,707.9,156.66,FALSE POSITIVE,0.25,5.33,10.9938087
K03339.01,,7772914,297.75192,43.447578,740.23,197.24,CANDIDATE,0.875,2.55,23.1334494
K03340.01,,3529290,286.51019,38.618309,626.2,140.25,CANDIDATE,0.625,0.84,8.9539656
K03340.02,,3529290,286.51019,38.618309,626.2,140.25,CANDIDATE,0.7333333333333333,1.06,13.7281373
K03410.01,Kepler-1491 b,9285265,293.62976,45.74065,1737.09,312.28999999999996,CONFIRMED,1.0,2.09,16.5860329
K03411.01,,6025124,285.1478,41.388908,962.2,240.82,CANDIDATE,0.2916666666666667,12.68,26.83771808
K03412.01,Kepler-1492 b,5780930,288.59711,41.03643,935.61,535.76,CONFIRMED,0.9629629629629629,3.65,16.7525077
K01681.03,,5531953,291.285,40.730049,203.05,30.44,CANDIDATE,0.847457627118644,10.61,3.53105835
K03413.01,,4164393,293.21729,39.207809,1266.67,312.865,FALSE POSITIVE,0.0,57.08,49.612757516
K07774.01,,6277410,289.33551,41.683449,951.24,193.305,CANDIDATE,0.008086253369272238,1.14,6.32589574
K03480.01,,9843517,296.65256,46.618809,1011.38,154.555,CANDIDATE,0.018867924528301886,1.15,11.9378354
K03481.01,,8812045,289.09845,45.02309,2516.86,678.34,CANDIDATE,0.875,3.68,32.715906
K03482.01,Kepler-1924 b,7288444,293.7674,42.829208,1355.68,229.61,CONFIRMED,0.9629629629629629,1.91,15.3317719
K03483.01,,3101923,287.32269,38.279709,1334.05,196.82,CANDIDATE,0.875,2.08,82.331756
K03484.01,Kepler-1510 b,10881457,298.95914,48.25782,1962.69,389.105,CONFIRMED,1.0,4.17,84.704139
K07731.01,,5513861,284.35217,40.71471,341.91,38.36,FALSE POSITIVE,0.0,76.26,0.755105584
K03562.01,,9948002,290.42529,46.889938,915.77,216.165,FALSE POSITIVE,0.0,44.0,101.26336282
K03563.01,,5264304,288.45081,40.432449,787.96,110.595,FALSE POSITIVE,0.0,41.71,120.58167178
K03564.01,,10960995,283.31787,48.404598,376.96,46.495,FALSE POSITIVE,0.0,35.12,1.558544209
K03565.01,,9592575,293.66934,46.297459,1340.97,272.08,FALSE POSITIVE,0.008086253369272238,76.02,2.63757408
K03566.01,,7898576,294.38858,43.69054,914.38,223.245,FALSE POSITIVE,0.0,54.24,8.64636188
K07741.01,,5806800,296.17761,41.014118,680.24,72.67,FALSE POSITIVE,0.008086253369272238,1.5,125.288206
K03567.01,,11671429,296.45337,49.786549,631.06,122.21000000000001,FALSE POSITIVE,0.0,129.04,112.46358893
K03341.01,,5621333,292.22977,40.808949,1329.26,244.07,CANDIDATE,0.9642857142857143,2.13,27.0965146
K03341.02,,5621333,292.22977,40.808949,1329.26,244.07,CANDIDATE,0.9642857142857143,1.48,11.5474983
K03342.01,,5392897,299.06943,40.515659,1379.45,308.645,FALSE POSITIVE,0.0,44.7,42.39930429
K03343.01,,3236705,291.85522,38.393131,1098.0,176.425,CANDIDATE,0.4883720930232558,2.89,83.2664103
K01545.02,,5282049,293.83688,40.41045,1141.69,249.44,FALSE POSITIVE,0.008086253369272238,,5.91039905
K03344.01,Kepler-1471 c,11810124,289.66489,50.020039,1276.88,211.78500000000003,CONFIRMED,1.0,1.88,11.6044881
K03414.01,,6023859,284.49628,41.32589,271.12,36.17,FALSE POSITIVE,0.008086253369272238,22.32,27.009807384
K03415.01,Kepler-1493 b,3433668,288.54913,38.565231,603.41,108.765,CONFIRMED,0.847457627118644,1.77,15.0219784
K03416.01,,2849140,290.73328,38.00721,880.74,137.63,CANDIDATE,0.25,1.25,11.8237228
K03417.01,Kepler-1494 b,7503885,282.65741,43.162521,1173.51,272.895,CONFIRMED,0.847457627118644,3.26,91.078624
K03418.01,Kepler-1495 b,3629330,286.13077,38.779629,1304.8,304.91,CONFIRMED,0.7333333333333333,3.85,85.272459
K03485.01,,5471289,297.61118,40.650799,944.91,214.635,FALSE POSITIVE,0.008086253369272238,2.66,12.42592675
K03486.01,,8121328,298.82062,43.909859,587.87,133.425,CANDIDATE,0.25,1.63,19.0689513
K03487.01,,9783760,296.86246,46.54549,556.12,93.005,FALSE POSITIVE,0.0,38.01,89.7398137
K03489.01,,9528430,292.66357,46.114941,1153.41,313.175,FALSE POSITIVE,0.008086253369272238,49.2,90.08255562
K07732.01,,5529552,290.48871,40.725182,873.47,156.38,FALSE POSITIVE,0.008086253369272238,0.64,0.759768478
K03490.01,,8882847,290.80344,45.169785,771.34,220.995,FALSE POSITIVE,0.008086253369272238,37.39,42.2011587
K03568.01,,9773869,293.23383,46.598251,2525.3,638.4549999999999,FALSE POSITIVE,0.008086253369272238,78.3,15.65129028
K03569.01,,6707942,296.05759,42.110931,255.0,30.06,FALSE POSITIVE,0.018867924528301886,15.49,9.014220178
K03570.01,,5023948,295.24097,40.1576,1030.32,217.55,FALSE POSITIVE,0.0,55.44,1.824653341
K03571.01,,5113053,295.39136,40.21677,1696.26,416.1,FALSE POSITIVE,0.008086253369272238,92.5,3.185090259
K07742.01,,5817957,298.55057,41.040771,1042.37,221.385,FALSE POSITIVE,0.018867924528301886,3.66,372.76888
K01833.03,Kepler-968 c,11853878,285.60254,50.112041,233.48,27.18,CONFIRMED,1.0,1.51,5.70940795
K03572.01,,4743508,290.81393,39.819061,959.95,237.585,FALSE POSITIVE,0.0,1543.74,2.086076372
K03344.02,Kepler-1471 b,11810124,289.66489,50.020039,1276.88,211.78500000000003,CONFIRMED,0.9642857142857143,1.68,3.63898953
K03345.01,Kepler-1472 b,11303322,294.85263,49.057468,1123.66,257.65,CONFIRMED,0.27475367506458753,1.54,38.1303324
K03346.01,Kepler-1473 b,11241912,290.63657,48.996078,564.79,76.475,CONFIRMED,0.847457627118644,1.53,14.42735088
K07759.01,,6043538,292.18057,41.31554,1885.71,358.91499999999996,CANDIDATE,0.2916666666666667,1.92,6.2253374
K03347.01,Kepler-1917 b,8824737,294.10391,45.001419,870.71,146.57999999999998,CONFIRMED,0.4883720930232558,1.49,12.90235874
K03348.01,Kepler-1474 b,9349757,294.69406,45.86684,1184.31,171.635,CONFIRMED,0.9642857142857143,2.2,36.4337867
K03419.01,,11519134,297.03964,49.469139,998.08,275.215,FALSE POSITIVE,0.0,149.98,58.5850357
K03420.02,,7289338,294.01529,42.824371,2002.06,378.03499999999997,CANDIDATE,0.847457627118644,2.24,12.5014905
K03421.01,,5004909,289.91971,40.16853,1033.43,160.81,CANDIDATE,0.625,1.7,40.6511021
K07775.01,,6278670,289.72791,41.612289,780.03,483.93,CANDIDATE,0.008086253369272238,3.46,89.945828
K03422.01,,5898983,297.71487,41.104279,4114.18,1397.1499999999999,CANDIDATE,0.008086253369272238,13.01,40.1454757
K01707.02,Kepler-315 c,7703955,298.0231,43.363522,1082.77,147.155,CONFIRMED,0.847457627118644,4.2,265.47847
K01792.02,,8552719,288.97165,44.624531,272.77,35.775,FALSE POSITIVE,0.2916666666666667,0.77,1.546222068
K03491.01,,12164634,294.32257,50.741692,1100.98,295.11,FALSE POSITIVE,0.043478260869565216,8.02,89.3313828
K03492.01,,5193077,293.57211,40.3578,614.78,129.885,FALSE POSITIVE,0.2916666666666667,1.5,22.2941485
K07733.01,,5617259,290.96094,40.896198,1225.71,348.90500000000003,CANDIDATE,0.008086253369272238,4.52,1.048130894
K03493.01,Kepler-1925 b,8880123,289.8288,45.10276,1247.69,161.77,CONFIRMED,0.847457627118644,2.03,46.7162336
K03495.01,,9474756,295.55374,46.02911,1234.44,175.87,CANDIDATE,0.847457627118644,1.72,17.6062701
K03573.01,,10068919,289.26416,47.005989,791.89,189.305,FALSE POSITIVE,0.0,80.02,43.56225858
K03574.01,,7353970,289.02493,42.935928,455.77,45.11,FALSE POSITIVE,0.008086253369272238,41.72,198.443477
K03575.01,,12316447,296.11542,51.007111,1890.37,462.85,FALSE POSITIVE,0.0,282.86,17.907664726
K07743.01,,5823557,299.63028,41.03569,870.54,210.58999999999997,FALSE POSITIVE,0.008086253369272238,0.85,2.4044122
K03576.01,,10491554,298.91333,47.657871,1548.53,486.345,FALSE POSITIVE,0.008086253369272238,104.17,22.77196484
K03577.01,,9785454,297.34164,46.543362,433.23,71.67,FALSE POSITIVE,0.008086253369272238,23.38,184.52015392
K03349.01,Kepler-1475 b,8636333,295.94827,44.75312,1231.8,276.375,CONFIRMED,0.9638755403084084,2.24,82.175197
K03350.01,,7136958,296.93976,42.691921,1147.33,256.595,FALSE POSITIVE,0.0,1183.06,29.015852933
K03351.01,,1995732,286.216,37.42524,908.17,140.445,FALSE POSITIVE,0.0,41.66,77.36241476
K07761.01,,6069674,298.88452,41.300442,1167.6,403.15999999999997,FALSE POSITIVE,0.008086253369272238,4.41,495.71095
K03352.01,Kepler-1476 b,8081239,284.5321,43.98996,1304.24,299.43,CONFIRMED,0.847457627118644,1.68,10.35857039
K01562.02,,5308663,299.556,40.456551,1169.95,240.28499999999997,CANDIDATE,0.847457627118644,2.25,20.0679247
K03423.01,Kepler-1920 b,3745559,291.06204,38.863312,1015.85,241.055,CONFIRMED,0.847457627118644,2.8,30.2541186
K03424.01,,8356054,287.9726,44.333611,918.04,144.42000000000002,FALSE POSITIVE,0.0,39.24,17.081202417
K03425.01,Kepler-1921 b,9117416,300.31619,45.49538,883.35,306.45500000000004,CONFIRMED,1.0,2.24,20.034708
K07776.01,,6356400,289.28772,41.799938,428.5,46.285,CANDIDATE,0.2916666666666667,3.15,541.92452
K03425.02,Kepler-1921 c,9117416,300.31619,45.49538,883.35,306.45500000000004,CONFIRMED,0.9642857142857143,1.41,3.15722086
K03426.01,,5900235,298.00089,41.196991,805.5,178.14,CANDIDATE,0.4883720930232558,1.57,58.7701045
K03495.02,,9474756,295.55374,46.02911,1234.44,175.87,CANDIDATE,0.7333333333333333,1.25,6.685438
K03496.01,Kepler-1511 b,7517261,288.4212,43.179794,1191.12,361.895,CONFIRMED,0.9629629629629629,2.18,23.2385587
K03496.02,,7517261,288.4212,43.179794,1191.12,361.895,CANDIDATE,0.4883720930232558,1.58,8.5433774
K07734.01,,5653795,299.8363,40.88673,2054.18,603.7,FALSE POSITIVE,0.008086253369272238,7.23,118.314913
K03497.01,Kepler-1512 b,8424002,289.27451,44.470322,57.73,11.9,CONFIRMED,0.9629629629629629,0.8,20.35971899
K03498.01,,8635938,295.82376,44.79591,818.5,208.92499999999998,FALSE POSITIVE,0.008086253369272238,48.52,43.798566
K03578.01,,10464666,289.53009,47.626221,611.16,329.83000000000004,FALSE POSITIVE,0.008086253369272238,54.38,131.73630485
K03579.01,,5024292,295.30023,40.18335,1455.05,401.70000000000005,FALSE POSITIVE,0.0,93.01,4.301031137
K03580.01,,4659255,293.04837,39.725349,736.5,95.80000000000001,FALSE POSITIVE,0.0,38.49,198.01379181
K03581.01,,8263746,300.78192,44.19405,1027.3,124.88000000000001,FALSE POSITIVE,0.008086253369272238,52.69,10.9938268
K07744.01,,5877292,292.13049,41.165749,1272.92,311.605,CANDIDATE,0.008086253369272238,1.34,11.7201693
K01837.02,Kepler-969 c,10657406,288.3725,47.933559,409.42,33.025,CONFIRMED,0.847457627118644,1.06,1.682934607
K03582.01,,3428468,286.72336,38.595661,583.12,51.705,FALSE POSITIVE,0.008086253369272238,42.78,114.90862419
K03353.01,Kepler-1477 b,7091432,281.29855,42.685749,545.05,78.05,CONFIRMED,0.847457627118644,1.7,11.55532445
K03354.01,,9845909,297.37747,46.661652,856.9,188.075,CANDIDATE,0.043478260869565216,1.33,11.5706005
K03355.01,,9221528,293.13409,45.626869,1163.47,281.825,CANDIDATE,0.7333333333333333,1.6,16.2953228
K07762.01,,6106046,285.23715,41.497532,1165.17,271.425,CANDIDATE,0.25,1.38,8.5073512
K03356.01,Kepler-1478 b,6368230,293.1651,41.746231,1091.24,231.895,CONFIRMED,0.847457627118644,1.35,26.0841212
K03357.01,,7115291,291.00095,42.622231,975.44,214.465,FALSE POSITIVE,0.0,75.82,52.802767576
K03427.01,,9907505,297.81793,46.76421,1105.98,245.005,FALSE POSITIVE,0.0,50.2,39.206808648
K03428.01,Kepler-1496 b,9027909,293.97394,45.3507,1303.84,230.53,CONFIRMED,0.9629629629629629,2.12,64.6589166
K03429.01,,9230021,296.19614,45.634331,1296.98,201.8,CANDIDATE,0.9629629629629629,1.8,15.8283833
K07777.01,,6369845,293.64758,41.730679,1104.5,421.40999999999997,FALSE POSITIVE,0.4883720930232558,5.15,27.6760342
K03429.02,Kepler-1497 b,9230021,296.19614,45.634331,1296.98,201.8,CONFIRMED,1.0,1.94,8.74192361
K03429.03,,9230021,296.19614,45.634331,1296.98,201.8,FALSE POSITIVE,0.25,1.57,26.936878
K00302.02,,3662838,295.6088,38.735741,911.37,227.785,FALSE POSITIVE,0.008086253369272238,,53.34418038
K03499.01,,5471688,297.72504,40.64431,767.13,120.45,FALSE POSITIVE,0.008086253369272238,0.85,12.4281308
K01792.03,Kepler-953 c,8552719,288.97165,44.624531,272.77,35.775,CONFIRMED,0.9642857142857143,1.32,9.10969334
K03499.02,,5471688,297.72504,40.64431,767.13,120.45,FALSE POSITIVE,0.008086253369272238,0.74,0.96283264
K03500.01,Kepler-1927 b,6058816,296.35461,41.33556,1214.04,289.03,CONFIRMED,1.0,3.78,73.7502765
K03500.02,,6058816,296.35461,41.33556,1214.04,289.03,CANDIDATE,0.7333333333333333,1.57,4.7482669
K03583.01,,5130740,299.21945,40.212311,1000.29,257.75,FALSE POSITIVE,0.0,101.13,210.30644361
K03584.01,,9892471,292.53125,46.728699,1241.36,277.27,FALSE POSITIVE,0.0013068767959606743,50.31,8.268081087
K03585.01,,2019076,292.46249,37.442619,1170.96,254.055,FALSE POSITIVE,0.0,46.0,3.564614021
K07745.01,,5879448,292.82809,41.139351,861.61,226.83499999999998,FALSE POSITIVE,0.043478260869565216,2.6,533.47707
K03586.01,,7376490,295.68607,42.970619,463.35,114.42500000000001,FALSE POSITIVE,0.008086253369272238,45.95,5.877122413
K03587.01,,11968513,294.3616,50.30526,5303.96,1131.125,FALSE POSITIVE,0.008086253369272238,463.05,1.036592635
K03358.01,,4263529,291.88907,39.361771,495.85,87.805,CANDIDATE,0.847457627118644,4.05,10.10404351
K03360.01,,7866921,279.85608,43.6679,593.53,82.705,FALSE POSITIVE,0.008086253369272238,21.86,91.4999978
K03361.01,Kepler-1696 b,6619815,295.57608,42.023361,1216.73,255.63,CONFIRMED,0.9629629629629629,2.33,65.9407869
K07763.01,,6113752,288.62289,41.44548,562.19,135.115,FALSE POSITIVE,0.008086253369272238,1.96,406.45737
K03362.01,,3098197,286.00461,38.28471,773.17,132.22,FALSE POSITIVE,0.0,43.01,30.47639859
K03363.01,Kepler-1479 b,11651712,285.71191,49.706661,595.05,126.535,CONFIRMED,0.847457627118644,1.69,14.53260546
K01718.02,Kepler-937 c,9896558,294.16882,46.714611,1278.41,310.655,CONFIRMED,0.847457627118644,2.14,153.348739
K03430.01,,7697103,296.38269,43.386589,743.47,86.055,CANDIDATE,0.043478260869565216,0.9,13.9248005
K03431.01,,9267996,285.22256,45.70874,629.06,131.445,CANDIDATE,0.25,2.08,19.6001405
K07808.01,,7045605,295.23029,42.516079,1207.29,326.875,FALSE POSITIVE,0.018867924528301886,5.7,361.526458
K03432.01,Kepler-1498 b,8738775,284.77811,44.916779,1308.51,330.895,CONFIRMED,0.9642857142857143,2.36,48.0506878
K03433.01,,7093401,282.34613,42.60891,912.68,223.8,CANDIDATE,0.008086253369272238,36.05,34.08429351
K03816.01,,7877818,286.28629,43.615978,1128.22,584.685,FALSE POSITIVE,0.008086253369272238,75.22,9.44942628
K03817.01,,5636642,296.33084,40.896259,1778.71,478.635,FALSE POSITIVE,0.008086253369272238,48.01,0.933489066
K03818.01,,6515722,289.73917,41.965271,1208.72,392.85,FALSE POSITIVE,0.018867924528301886,3.74,1.908525084
K07788.01,,6679504,288.00983,42.14996,983.78,142.605,FALSE POSITIVE,0.008086253369272238,0.82,0.798467681
K03819.01,,5560831,298.49457,40.731586,1381.31,404.555,FALSE POSITIVE,0.0,67.0,0.867721348
K03820.01,,5305404,298.93143,40.404911,738.89,141.91,FALSE POSITIVE,0.008086253369272238,5.04,161.252567
K03893.01,Kepler-1526 b,3728432,285.11969,38.866421,522.09,56.8,CONFIRMED,0.847457627118644,1.86,3.90863457
K02092.03,Kepler-359 d,6696580,293.29364,42.19635,1747.98,413.775,CONFIRMED,0.25,29.77,77.086191
K03894.01,,5473535,298.14502,40.69809,1028.34,231.67,FALSE POSITIVE,0.008086253369272238,23.42,1.673662758
K03896.01,,6222898,296.71689,41.504978,889.12,181.845,FALSE POSITIVE,0.012037593669707494,1.24,3.89043062
K03897.01,,3955866,291.92963,39.067108,869.43,147.775,FALSE POSITIVE,0.018867924528301886,2.66,16.8282542
K03667.01,,11200767,296.4747,48.85371,756.69,216.115,FALSE POSITIVE,0.008086253369272238,59.57,2.489549075
K01955.03,Kepler-342 e,9892816,292.67807,46.726711,745.23,108.845,CONFIRMED,0.875,1.18,1.644221032
K03668.01,,8589731,300.78256,44.65501,976.29,356.935,FALSE POSITIVE,0.008086253369272238,84.63,4.469731089
K03669.01,,4356766,289.25427,39.409729,1230.39,291.765,FALSE POSITIVE,0.008086253369272238,22.87,1.731803197
K03670.01,,2167890,293.09363,37.514511,2190.26,516.77,FALSE POSITIVE,0.008086253369272238,126.54,2.64830047
K02011.02,Kepler-348 c,5384079,297.25504,40.54837,608.95,89.97,CONFIRMED,0.9642857142857143,1.16,17.2653659
K03744.01,,11303811,295.06152,49.046558,603.78,60.870000000000005,FALSE POSITIVE,0.008086253369272238,25.95,1.705780649
K03747.01,,9777087,294.47,46.589581,1250.07,152.54000000000002,FALSE POSITIVE,0.008086253369272238,34.03,5.50811352
K03821.01,,5956776,290.64828,41.23407,4879.25,1373.815,FALSE POSITIVE,0.0,156.15,0.569115097
K03822.01,,8883727,291.13748,45.11092,901.18,141.585,FALSE POSITIVE,0.008086253369272238,25.8,2.529073751
K03823.01,,4820550,286.77145,39.983822,562.81,57.345,CANDIDATE,0.625,5.8,202.1168173
K03824.01,,6516874,290.09695,41.97068,1521.93,352.25,FALSE POSITIVE,0.0,50.7,0.916326699
K00435.03,Kepler-154 b,11709124,289.78052,49.89653,809.63,101.28999999999999,CONFIRMED,1.0,2.36,33.0405509
K03898.01,,9161118,294.32037,45.501282,625.32,71.955,FALSE POSITIVE,0.008086253369272238,27.42,1.306723495
K03900.01,,11911580,290.15457,50.259689,829.5,197.82,FALSE POSITIVE,0.008086253369272238,28.76,359.102042
K03901.01,Kepler-1527 b,9480535,297.41443,46.060822,1971.94,399.645,CONFIRMED,0.9629629629629629,6.67,160.130899
K03902.01,,10583225,283.78958,47.806431,770.09,196.195,FALSE POSITIVE,0.25,1.46,2.69634575
K03903.01,,5215251,298.45837,40.39193,1402.1,299.38,FALSE POSITIVE,0.008086253369272238,32.67,2.553924603
K03671.01,,10383696,280.8858,47.565632,1962.98,399.96000000000004,FALSE POSITIVE,0.0,46.24,8.487871809
K03672.01,,9777090,294.47156,46.58923,1453.96,184.265,FALSE POSITIVE,0.008086253369272238,39.18,5.50817321
K03674.01,,2446623,292.16528,37.794048,1117.59,233.64499999999998,FALSE POSITIVE,0.0,40.63,175.06586091
K03675.01,,9596089,294.96225,46.225609,1333.96,238.25,FALSE POSITIVE,0.008086253369272238,51.9,20.8392148
K03747.02,,9777087,294.47,46.589581,1250.07,152.54000000000002,FALSE POSITIVE,0.625,3.52,19.226055
K03748.01,,4247807,287.16849,39.379581,673.95,122.41,FALSE POSITIVE,0.008086253369272238,34.84,2.050435466
K03749.01,,11547869,285.00772,49.503979,129.93,32.59,CANDIDATE,0.018867924528301886,12.85,10.72725536
K03750.01,,7700590,297.26233,43.30434,810.14,170.255,FALSE POSITIVE,0.008086253369272238,39.32,1.507101452
K03751.01,,9053086,300.72165,45.306702,864.71,233.455,FALSE POSITIVE,0.0,63.68,1.274841686
K02055.02,Kepler-1073 c,3128552,294.15271,38.23304,859.4,131.38,CONFIRMED,1.0,1.79,4.02582434
K03825.01,,5467113,296.67532,40.650009,2213.74,796.74,FALSE POSITIVE,0.0,135.99,2.845746618
K03826.01,,8240123,294.22784,44.134739,1143.9,244.335,FALSE POSITIVE,0.008086253369272238,28.64,2.30120705
K03827.01,,5114623,295.73285,40.26078,1214.31,289.765,FALSE POSITIVE,0.008086253369272238,37.23,337.377514
K03827.02,,5114623,295.73285,40.26078,1214.31,289.765,FALSE POSITIVE,0.008086253369272238,,389.28075044
K03828.01,,10031907,298.82263,46.939129,727.49,148.70499999999998,FALSE POSITIVE,0.008086253369272238,27.86,8.58965725
K02093.02,,6525946,292.95416,41.934799,9318.02,2343.3900000000003,CANDIDATE,0.4883720930232558,12.28,2.508116
K03904.01,,5480736,299.52237,40.611252,1104.72,254.65500000000003,FALSE POSITIVE,0.018867924528301886,23.05,8.56751264
K03905.01,,8487748,288.90912,44.591831,362.58,43.705,FALSE POSITIVE,0.008086253369272238,15.14,1.061934313
K03906.01,,9892856,292.69342,46.793892,1539.33,382.01,FALSE POSITIVE,0.008086253369272238,26.22,2.406574511
K03907.01,,7137213,296.9978,42.65332,700.36,180.055,FALSE POSITIVE,0.4883720930232558,5.82,28.64338839
K07792.01,,6795089,296.44431,42.28735,3064.23,443.28000000000003,FALSE POSITIVE,0.008086253369272238,29.26,96.231257
K03677.01,,3340313,290.96396,38.469501,2370.89,593.9649999999999,FALSE POSITIVE,0.0,63.57,30.5528701
K01955.04,Kepler-342 c,9892816,292.67807,46.726711,745.23,108.845,CONFIRMED,1.0,2.76,26.2347447
K03678.01,Kepler-1513 b,4150804,289.7916,39.285328,409.96,112.215,CONFIRMED,0.9629629629629629,9.09,160.88451966
K03680.01,Kepler-1657 b,9025971,293.28156,45.309669,842.37,110.97,CONFIRMED,0.9629629629629629,11.49,141.2415405
K03681.01,Kepler-1514 b,2581316,292.62747,37.860142,358.78,47.13,CONFIRMED,0.847457627118644,11.17,217.83184293
K02018.02,,9973109,299.526,46.899261,691.21,154.975,CANDIDATE,0.6670841143462948,1.14,16.0988294
K03752.01,,6314185,299.24219,41.62323,992.15,245.08999999999997,FALSE POSITIVE,0.008086253369272238,5.67,1.433262145
K03753.01,,8620561,290.26721,44.711441,827.91,88.68,FALSE POSITIVE,0.008086253369272238,43.07,0.782046543
K03755.01,,9896435,294.12576,46.797779,1014.61,121.28,FALSE POSITIVE,0.008086253369272238,39.16,18.076610347
K03756.01,,10352938,296.69699,47.407627,1888.2,582.96,FALSE POSITIVE,0.4883720930232558,13.68,6.47173281
K03830.01,,10676927,296.14957,47.937832,1689.64,307.03,FALSE POSITIVE,0.0,27.35,1.031100362
K03832.01,,7620660,295.56024,43.203178,1031.75,215.70499999999998,FALSE POSITIVE,0.008086253369272238,7.97,5.36652724
K03834.01,,3836399,286.93588,38.924469,404.62,45.52,FALSE POSITIVE,0.008086253369272238,17.63,1.540392098
K03835.01,Kepler-1521 b,2581554,292.69028,37.83498,215.38,15.265,CONFIRMED,0.9629629629629629,2.58,47.1484324
K02055.03,Kepler-1073 d,3128552,294.15271,38.23304,859.4,131.38,CONFIRMED,1.0,1.48,2.50475282
K03908.01,Kepler-1929 b,10363115,299.58337,47.448078,390.46,72.2,CONFIRMED,0.9642857142857143,2.23,59.3627946
K03909.01,,5966810,293.8183,41.21146,1698.92,318.9,CANDIDATE,0.9642857142857143,4.74,247.891041
K03910.01,,10491062,298.78415,47.655548,775.89,127.88499999999999,FALSE POSITIVE,0.008086253369272238,21.72,2.199076661
K03911.01,Kepler-1528 b,9761615,287.40295,46.573978,893.4,208.96,CONFIRMED,0.7333333333333333,1.29,1.79110997
K03912.01,,4058881,292.02042,39.16156,1259.18,269.75,FALSE POSITIVE,0.4883720930232558,1.69,7.77241144
K07793.01,,6863158,291.85205,42.343361,270.78,21.700000000000003,CANDIDATE,0.008086253369272238,0.46,1.99469354
K03681.02,Kepler-1514 c,2581316,292.62747,37.860142,358.78,47.13,CONFIRMED,0.9629629629629629,1.25,10.51421162
K03683.01,Kepler-1515 b,10795103,290.97394,48.178162,473.52,67.37,CONFIRMED,0.9629629629629629,9.17,214.3120439
K03684.01,,9394601,287.15314,45.983829,355.9,80.045,FALSE POSITIVE,0.0,37.24,0.876826336
K03685.01,,8494410,291.4946,44.523499,791.18,173.435,FALSE POSITIVE,0.008086253369272238,29.95,208.86909724
K03685.02,Kepler-1516 b,8494410,291.4946,44.523499,791.18,173.435,CONFIRMED,0.4883720930232558,1.57,7.2593226
K03757.01,,6863161,291.85333,42.30669,4768.28,1768.9450000000002,FALSE POSITIVE,0.0,134.5,1.98663794
K03758.01,,7840035,297.27789,43.56955,1752.75,401.565,FALSE POSITIVE,0.0,26.65,13.54208867
K03759.01,,8543279,283.95078,44.669022,1129.16,184.03,FALSE POSITIVE,0.008086253369272238,34.45,7.549303633
K03760.01,,8047283,297.55621,43.854988,1139.88,242.615,FALSE POSITIVE,0.008086253369272238,35.53,0.77544539
K03761.01,,8308347,294.89749,44.21579,584.86,73.69999999999999,CANDIDATE,0.008086253369272238,11.23,164.950399
K07810.01,,7090867,280.99176,42.610538,2462.01,364.07000000000005,FALSE POSITIVE,0.008086253369272238,18.98,308.255238
K03836.01,,7612691,293.40939,43.225201,585.47,52.18,FALSE POSITIVE,0.008086253369272238,2.52,3.46724809
K03837.01,,9761573,287.3717,46.564838,993.06,239.73,FALSE POSITIVE,0.008086253369272238,43.5,7.4413445
K03838.01,,8042789,296.39835,43.803532,994.62,170.14,FALSE POSITIVE,0.008086253369272238,25.43,4.618309224
K03839.01,,10095484,298.71072,47.037449,625.37,125.49000000000001,FALSE POSITIVE,0.008086253369272238,22.15,0.677761275
K03840.01,,5467102,296.67294,40.650982,1140.39,255.87,FALSE POSITIVE,0.0,44.7,2.845739012
K07789.01,,6780367,292.72238,42.242031,715.05,447.83500000000004,FALSE POSITIVE,0.008086253369272238,2.9,175.358905
K03913.01,,10281221,294.61252,47.343262,1134.61,258.89,CANDIDATE,0.008086253369272238,5.87,0.582895412
K02093.03,,6525946,292.95416,41.934799,9318.02,2343.3900000000003,CANDIDATE,0.2916666666666667,10.0,0.496069986
K03914.01,,5471496,297.66675,40.65416,614.84,62.53,FALSE POSITIVE,0.008086253369272238,3.48,12.42618005
K03915.01,,4544620,285.89816,39.672218,1042.4,162.84,FALSE POSITIVE,0.008086253369272238,23.25,2.189090653
K03916.01,Kepler-1529 b,5784777,289.8707,41.04073,611.15,74.065,CONFIRMED,0.9642857142857143,1.9,5.33905606
K07794.01,,6863187,291.85974,42.348701,1359.6,279.565,FALSE POSITIVE,0.008086253369272238,0.94,1.99492332
K01960.02,Kepler-343 c,6949061,291.96069,42.43301,987.84,179.03500000000003,CONFIRMED,1.0,2.42,23.2218115
K03686.01,,9719636,295.52621,46.457142,2756.46,674.985,FALSE POSITIVE,0.043478260869565216,24.15,3.351573993
K03687.01,,2452440,293.44687,37.72121,1536.22,344.885,FALSE POSITIVE,0.008086253369272238,24.01,8.097050622
K03688.01,,5020034,294.30389,40.192558,2273.38,643.495,FALSE POSITIVE,0.0,77.23,2.119107262
K03689.01,,7017372,285.9718,42.545712,1015.89,263.89,CANDIDATE,0.847457627118644,12.74,5.24088367
K07800.01,,6974867,298.33722,42.432911,668.98,179.315,FALSE POSITIVE,0.018867924528301886,1.53,0.887691177
K02028.03,Kepler-351 d,7102316,286.4527,42.657879,1254.29,269.695,CONFIRMED,0.9642857142857143,2.52,142.545
K03762.01,Kepler-1519 b,11518142,296.66791,49.461861,1299.54,237.21,CONFIRMED,0.9629629629629629,10.31,240.7990472
K03763.01,,3114667,290.99725,38.282616,752.45,90.265,FALSE POSITIVE,0.008086253369272238,43.7,0.888584158
K03765.01,,12109845,290.91916,50.696388,513.04,60.8,FALSE POSITIVE,0.008086253369272238,144.5,0.865959015
K03766.01,,3954227,291.49286,39.050152,607.66,71.425,FALSE POSITIVE,0.008086253369272238,266.99,0.594276199
K03841.01,,8651551,300.00583,44.718781,443.31,57.97,FALSE POSITIVE,0.008086253369272238,27.85,1.527491117
K07811.01,,7115550,291.08887,42.613899,577.36,109.625,FALSE POSITIVE,0.008086253369272238,0.56,0.566814046
K03842.01,,9532637,294.35965,46.125389,1119.42,127.93,FALSE POSITIVE,0.008086253369272238,44.79,0.61496383
K03843.01,,5305451,298.94003,40.419441,848.87,161.775,FALSE POSITIVE,0.008086253369272238,4.98,161.253747
K03845.01,,11824218,296.61591,50.021709,7446.85,1872.9850000000001,FALSE POSITIVE,0.008086253369272238,670.04,15.84131693
K02055.04,,3128552,294.15271,38.23304,859.4,131.38,CANDIDATE,0.847457627118644,1.26,6.13074243
K03925.01,Kepler-1530 d,10788461,288.16251,48.16515,832.5,235.43,CONFIRMED,1.0,5.5,9.2075634
K03925.02,Kepler-1530 b,10788461,288.16251,48.16515,832.5,235.43,CONFIRMED,1.0,2.55,2.5903958
K03925.03,Kepler-1530 c,10788461,288.16251,48.16515,832.5,235.43,CONFIRMED,1.0,2.69,5.3235335
K03926.01,,11667548,294.75632,49.792091,1764.9,425.74,FALSE POSITIVE,0.0,41.62,0.831741499
K03927.01,,8868649,284.39655,45.13604,573.1,132.195,FALSE POSITIVE,0.008086253369272238,2.06,4.44737112
K03690.01,,9715939,294.16989,46.425289,2046.35,570.1,FALSE POSITIVE,0.008086253369272238,62.52,12.893018017
K07795.01,,6887030,297.8728,42.303291,638.92,103.85499999999999,CANDIDATE,0.043478260869565216,0.97,5.44085762
K03691.01,,4751083,293.08649,39.801788,2221.03,609.705,FALSE POSITIVE,0.008086253369272238,62.25,4.532416322
K03691.02,,4751083,293.08649,39.801788,2221.03,609.705,FALSE POSITIVE,0.008086253369272238,,2.26631937
K03692.01,,5903301,298.65833,41.138882,1484.98,428.3,FALSE POSITIVE,0.008086253369272238,60.47,1.160153553
K03693.01,,7695087,295.80582,43.304451,5265.49,2588.9,FALSE POSITIVE,0.008086253369272238,378.61,4.032760214
K03694.01,,6200709,290.41669,41.52578,2009.11,456.06,FALSE POSITIVE,0.008086253369272238,18.83,3.723552982
K03767.01,,8323764,299.08057,44.29501,1611.81,231.33499999999998,CANDIDATE,0.043478260869565216,14.78,6.714247798
K07801.01,,7013923,284.31454,42.589321,855.89,96.6,FALSE POSITIVE,0.008086253369272238,0.87,2.21396079
K03768.01,,5360082,291.08334,40.566639,311.67,30.9,FALSE POSITIVE,0.008086253369272238,8.0,11.35501209
K03769.01,,6543683,297.54337,41.947979,763.83,190.585,FALSE POSITIVE,0.008086253369272238,49.33,1.195515251
K03770.01,,5008245,290.93671,40.12492,1023.13,258.06,CANDIDATE,0.4883720930232558,7.31,2.60720833
K03771.01,,10555365,298.77109,47.785412,1680.11,384.17999999999995,FALSE POSITIVE,0.018867924528301886,14.0,5.80184753
K03846.01,,7983756,298.84415,43.725361,799.99,171.20499999999998,FALSE POSITIVE,0.008086253369272238,24.73,5.24078259
K03847.01,,7289165,293.96725,42.833279,721.87,171.255,FALSE POSITIVE,0.25,2.62,5.26641416
K03848.01,Kepler-1522 b,12784167,289.84323,52.07016,624.6,112.73500000000001,CONFIRMED,0.6666666666666666,1.51,1.847892736
K03849.01,,8949316,290.51895,45.235371,219.47,21.215,FALSE POSITIVE,0.008086253369272238,23.28,0.604358764
K03850.01,,8912730,300.19409,45.145741,1352.69,364.54999999999995,FALSE POSITIVE,0.008086253369272238,82.26,11.3775281
K03917.01,,11466960,297.13989,49.381618,930.04,236.82999999999998,FALSE POSITIVE,0.008086253369272238,2.58,0.695954898
K03919.01,,4649440,290.1377,39.765202,1358.07,364.905,FALSE POSITIVE,0.008086253369272238,108.54,19.37070781
K03920.01,,2437488,290.22916,37.76141,4947.48,767.86,FALSE POSITIVE,0.008086253369272238,85.84,14.46993942
K03921.01,,10083623,295.08237,47.08625,1023.64,214.675,FALSE POSITIVE,0.008086253369272238,5.19,1.278555003
K01972.02,Kepler-1031 b,11253711,296.08975,48.955372,828.26,148.035,CONFIRMED,0.9629629629629629,1.0,1.226223959
K03695.01,,8043052,296.4682,43.80146,579.1,85.4,FALSE POSITIVE,0.008086253369272238,27.47,2.244600029
K03696.01,,5435816,287.62381,40.605469,1497.73,351.755,FALSE POSITIVE,0.0,46.38,181.8521773
K03697.01,,8559589,291.63467,44.647598,893.63,217.52499999999998,FALSE POSITIVE,0.008086253369272238,46.33,223.1127475
K03698.01,,4372765,293.61035,39.415089,6060.06,1653.3799999999999,FALSE POSITIVE,0.008086253369272238,77.18,15.64064161
K02029.03,Kepler-352 d,9489524,299.89651,46.051971,261.89,20.445,CONFIRMED,0.847457627118644,0.72,6.8873113
K03773.01,,10268903,289.71304,47.343498,400.33,95.88499999999999,FALSE POSITIVE,0.0,,1.103978
K07802.01,,7017437,285.99533,42.534199,3386.16,535.8299999999999,FALSE POSITIVE,0.008086253369272238,21.42,43.8496474
K03775.01,,7220320,297.10815,42.752918,1340.45,478.21500000000003,FALSE POSITIVE,0.0,106.66,0.752158047
K03776.01,,9291378,295.83008,45.789822,1438.45,338.96000000000004,FALSE POSITIVE,0.008086253369272238,40.83,3.796488133
K03777.01,,4075067,295.86945,39.15881,1893.77,627.9250000000001,CANDIDATE,0.0,146.63,17.7476059
K03852.01,,4949524,298.00113,40.047878,898.27,143.55,FALSE POSITIVE,0.008086253369272238,31.39,1.233076007
K03853.01,,2697935,287.46786,37.96664,349.66,75.435,FALSE POSITIVE,0.008086253369272238,534.47,21.5135234
K07784.01,,6531143,294.504,41.968159,1755.19,406.56,FALSE POSITIVE,0.018867924528301886,1.53,19.4444573
K03854.01,,3550434,292.922,38.670292,665.12,80.75,FALSE POSITIVE,0.008086253369272238,22.76,1.1910489
K02059.02,,12301181,287.59009,51.06057,210.35,15.205,CANDIDATE,0.4883720930232558,0.44,2.18565886
K03856.01,,5397166,299.85965,40.56395,1554.43,624.48,FALSE POSITIVE,0.008086253369272238,95.19,1.811966339
K03922.01,,7024530,288.92923,42.529202,1355.95,322.385,FALSE POSITIVE,0.25,9.69,66.1539783
K03923.01,,5015459,293.07538,40.122139,391.31,46.61,FALSE POSITIVE,0.008086253369272238,25.41,158.3226379
K00435.04,Kepler-154 e,11709124,289.78052,49.89653,809.63,101.28999999999999,CONFIRMED,1.0,1.5,3.93276627
K02094.02,Kepler-1090 b,8505920,295.66287,44.525841,854.55,130.64000000000001,CONFIRMED,0.9629629629629629,2.79,198.680859
K03924.01,,1433980,291.76633,37.097191,1918.09,606.175,FALSE POSITIVE,0.0,100.2,1.592634161
K03699.01,,2438490,290.32596,37.76152,2387.09,478.64,FALSE POSITIVE,0.008086253369272238,27.77,3.31577795
K03701.01,,6470521,299.02432,41.823719,807.08,187.41,FALSE POSITIVE,0.008086253369272238,510.48,2.08043378
K03703.01,,5652260,299.54694,40.861271,2028.61,424.9,FALSE POSITIVE,0.0,43.21,4.464565251
K03704.01,,2569494,290.17883,37.848949,1978.05,382.99,FALSE POSITIVE,0.0,38.95,1.523298835
K03778.01,,12405950,290.43008,51.271549,1111.25,298.0,FALSE POSITIVE,0.0,39.34,3.539631353
K03779.01,,5206233,296.63696,40.366982,878.5,172.815,FALSE POSITIVE,0.008086253369272238,215.89,6.195861785
K07803.01,,7031066,290.96289,42.570709,693.4,170.95499999999998,FALSE POSITIVE,0.0,0.82,0.566805514
K03780.01,,6775985,291.38675,42.260509,1144.46,301.525,FALSE POSITIVE,0.008086253369272238,21.5,27.961084
K03782.01,,11357192,295.08725,49.169899,1090.99,551.7149999999999,FALSE POSITIVE,0.008086253369272238,37.5,186.5168116
K03783.01,,9533489,294.67377,46.122673,1163.8,311.935,FALSE POSITIVE,0.008086253369272238,72.16,197.1455327
K03858.01,,12306699,291.04214,51.026321,692.38,90.105,FALSE POSITIVE,0.008086253369272238,23.55,3.204222652
K03860.01,,9641008,288.00998,46.306061,545.93,79.5,FALSE POSITIVE,0.008086253369272238,19.46,2.178154774
K03861.01,,8588377,300.439,44.663319,937.62,231.46499999999997,FALSE POSITIVE,0.008086253369272238,31.84,0.99466172
K03862.01,,3644601,291.18866,38.751259,860.24,172.63,FALSE POSITIVE,0.008086253369272238,28.57,359.00688
K03928.01,Kepler-1531 b,4242692,285.14658,39.370789,913.06,244.775,CONFIRMED,0.008086253369272238,1.45,1.138548215
K03929.01,,8781480,300.4682,44.981426,7669.54,941.505,FALSE POSITIVE,0.008086253369272238,1680.99,121.0598037
K07790.01,,6783732,293.66803,42.223511,703.46,157.355,FALSE POSITIVE,0.008086253369272238,0.54,0.721335207
K03930.01,,11607176,289.86264,49.637299,670.93,133.195,FALSE POSITIVE,0.008086253369272238,1.85,3.28274272
K03931.01,,10661718,290.27328,47.986469,1302.99,321.485,FALSE POSITIVE,0.008086253369272238,2.93,1.231361934
K02098.02,Kepler-1093 c,6105462,284.978,41.420158,904.75,239.565,CONFIRMED,0.9642857142857143,2.21,89.7224125
K01986.02,Kepler-1038 c,8257205,298.97217,44.132381,606.33,41.64,CONFIRMED,0.9642857142857143,1.21,7.12766417
K03705.01,,6470516,299.02353,41.82198,8849.41,1921.1349999999998,FALSE POSITIVE,0.0,345.7,2.080431782
K07796.01,,6891124,298.72821,42.372631,958.54,222.125,CANDIDATE,0.018867924528301886,0.94,3.52364689
K03706.01,,7770471,297.18048,43.477112,1675.48,456.225,FALSE POSITIVE,0.0,118.11,1.157804607
K03707.01,,5130380,299.15503,40.288132,1765.23,434.89,FALSE POSITIVE,0.008086253369272238,22.98,19.979098
K03708.01,,6314173,299.24063,41.621681,7861.03,2424.79,FALSE POSITIVE,0.0,136.47,1.433262401
K03784.01,,5688997,285.8418,40.925449,892.33,231.01,FALSE POSITIVE,0.008086253369272238,49.6,23.8706941
K02029.04,,9489524,299.89651,46.051971,261.89,20.445,CANDIDATE,0.847457627118644,0.63,4.78850084
K07804.01,,7031340,291.0571,42.583359,1035.9,442.035,FALSE POSITIVE,0.008086253369272238,1.06,0.566769068
K03785.01,,4073730,295.61594,39.196709,818.82,210.49,FALSE POSITIVE,0.0,23.76,6.2820426
K03786.01,,2854948,291.98416,38.088371,1041.15,199.36,FALSE POSITIVE,0.0,37.62,0.97430309
K03787.01,,7813039,288.43912,43.505249,566.33,63.765,CANDIDATE,0.4883720930232558,10.3,141.73403059
K03862.02,,3644601,291.18866,38.751259,860.24,172.63,FALSE POSITIVE,0.043478260869565216,23.0,119.686505
K03863.01,,8459354,300.40677,44.414188,1014.07,323.2,FALSE POSITIVE,0.008086253369272238,26.31,53.556625
K07785.01,,6531617,294.62714,41.933182,506.1,80.705,CANDIDATE,0.008086253369272238,2.07,433.220461
K03864.01,Kepler-1698 b,4164922,293.34497,39.257809,232.01,16.625,CONFIRMED,0.847457627118644,0.99,1.210693626
K02061.02,Kepler-2001 b,12061969,291.65952,50.583881,834.51,101.215,CONFIRMED,0.4883720930232558,1.04,1.090011003
K03864.02,,4164922,293.34497,39.257809,232.01,16.625,CANDIDATE,1.0,0.94,18.2572722
K01905.03,Kepler-332 d,10328393,286.66296,47.4137,353.02,25.285,CONFIRMED,1.0,1.15,34.2115022
K03630.01,,10259029,284.67484,47.340809,1913.25,393.07,FALSE POSITIVE,0.0,43.71,7.061149921
K03632.01,,3335813,289.69757,38.408852,717.08,173.13,FALSE POSITIVE,0.008086253369272238,46.24,3.711012492
K03634.01,,6363494,291.63495,41.76569,4340.64,1530.405,FALSE POSITIVE,0.0,108.78,1.815632406
K03709.01,,2576107,291.52313,37.887642,1167.14,258.65,FALSE POSITIVE,0.008086253369272238,42.69,205.5833309
K03710.01,,9532421,294.29193,46.161968,1108.69,146.49,FALSE POSITIVE,0.008086253369272238,101.41,4.309067482
K07797.01,,6936966,287.94504,42.413551,239.59,40.724999999999994,FALSE POSITIVE,0.008086253369272238,0.7,36.4721523
K03711.01,,5653849,299.84598,40.84531,561.0,88.57,FALSE POSITIVE,0.008086253369272238,8.6,111.0396205
K03712.01,,2437060,290.19952,37.776989,29456.7,10914.81,FALSE POSITIVE,0.008086253369272238,928.96,3.187087241
K03714.01,,11564013,294.31912,49.532131,964.75,218.33,FALSE POSITIVE,0.0,39.19,0.875267982
K03788.01,,9405541,292.4393,45.952358,1911.21,404.155,FALSE POSITIVE,0.008086253369272238,2674.69,5.55260695
K03789.01,,8906045,298.28323,45.130939,787.81,182.405,FALSE POSITIVE,0.008086253369272238,60.5,2.347479696
K07805.01,,7031638,291.15805,42.576279,585.47,107.57999999999998,FALSE POSITIVE,0.008086253369272238,0.49,1.13353095
K03791.01,Kepler-460 b,5437945,288.47485,40.65136,917.33,242.54500000000002,CONFIRMED,0.847457627118644,7.23,440.7843755
K03792.01,,12009347,289.34863,50.482861,488.09,44.105000000000004,FALSE POSITIVE,0.043478260869565216,7.13,2.723858181
K03865.01,,5535890,292.52734,40.745201,560.19,92.225,FALSE POSITIVE,0.847457627118644,1.39,3.255189932
K03866.01,,5215980,298.57938,40.365108,690.14,102.67999999999999,FALSE POSITIVE,0.008086253369272238,32.12,2.531140101
K03867.01,Kepler-1523 b,9353742,296.05405,45.827049,798.61,74.785,CONFIRMED,0.4883720930232558,1.46,0.938750221
K03868.01,,9178185,299.55338,45.522049,2285.74,1012.2249999999999,FALSE POSITIVE,0.018867924528301886,7.86,2.992704682
K03869.01,,6290382,293.5192,41.671791,1069.99,285.025,FALSE POSITIVE,0.008086253369272238,39.52,6.12810722
K03635.01,,3327992,287.17935,38.433701,391.87,41.445,FALSE POSITIVE,0.008086253369272238,36.16,2.115511511
K03637.01,,5193384,293.65988,40.361942,11808.61,2362.7000000000003,FALSE POSITIVE,0.008086253369272238,173.18,21.3779536
K03638.01,,5181804,290.22836,40.355389,2573.05,706.24,FALSE POSITIVE,0.0,533.08,4.350460215
K03639.01,,10491544,298.91165,47.658298,1507.67,645.0,FALSE POSITIVE,0.008086253369272238,251.93,22.77194512
K01915.02,Kepler-335 c,9101496,296.06433,45.428619,1199.78,244.835,CONFIRMED,1.0,2.65,67.844689
K01992.02,Kepler-347 c,11450414,289.19958,49.305721,1193.55,223.25,CONFIRMED,1.0,3.61,27.3214242
K03715.01,,4937143,295.33884,40.037289,2984.61,719.38,FALSE POSITIVE,0.0,63.42,9.84883968
K03716.01,,8719324,301.11429,44.825802,597.47,162.43,FALSE POSITIVE,0.008086253369272238,,10.23335969
K03717.01,,11241814,290.58289,48.960411,1098.41,259.835,FALSE POSITIVE,0.008086253369272238,44.24,227.6625222
K03718.01,,5036537,297.87793,40.10471,889.89,163.245,FALSE POSITIVE,0.008086253369272238,9.14,1.06100873
K03719.01,,9837083,294.31943,46.619598,588.18,69.14,FALSE POSITIVE,0.008086253369272238,28.21,0.623393802
K03794.01,Kepler-1520 b,12557548,290.96622,51.504719,557.59,59.39,CONFIRMED,0.4883720930232558,22.95,0.65355361
K02034.02,Kepler-1065 c,3657758,294.51126,38.790501,1009.2,219.645,CONFIRMED,0.625,1.29,2.3702932
K07806.01,,7031726,291.18686,42.591022,66513.32,8780.25,FALSE POSITIVE,0.008086253369272238,122.64,0.566793534
K03795.01,,3338660,290.47421,38.427368,1001.11,260.265,FALSE POSITIVE,0.0,89.79,1.873380717
K03796.01,,3338674,290.47714,38.42691,1200.04,269.14,FALSE POSITIVE,0.008086253369272238,51.11,1.87337894
K03797.01,,5546277,295.36914,40.787121,520.32,103.735,FALSE POSITIVE,0.008086253369272238,21.06,7.50023955
K03870.01,,8258160,299.21881,44.181862,1239.6,219.20499999999998,FALSE POSITIVE,0.008086253369272238,21.71,23.6270348
K03871.01,,9752982,282.19843,46.52029,588.85,394.94,FALSE POSITIVE,0.0,66.73,0.716709897
K03872.01,,4666008,294.77063,39.751202,951.58,217.22,FALSE POSITIVE,0.008086253369272238,30.38,2.248063246
K03873.01,,8430105,291.55862,44.48819,467.84,101.03,FALSE POSITIVE,0.008086253369272238,54.17,63.3278636
K02076.02,Kepler-1085 b,9517393,287.47763,46.141178,1314.34,264.1,CONFIRMED,0.9638985179797126,6.11,219.3215562
K03640.01,,8052474,298.7836,43.854832,318.7,77.015,FALSE POSITIVE,0.008086253369272238,19.17,245.4382021
K03641.01,,3534118,288.32785,38.627621,785.65,114.02,FALSE POSITIVE,0.008086253369272238,33.24,178.4129899
K03641.02,,3534118,288.32785,38.627621,785.65,114.02,FALSE POSITIVE,0.008086253369272238,,178.44973004
K03642.01,,2441161,290.93845,37.701172,1157.23,167.68,FALSE POSITIVE,0.008086253369272238,37.56,2.192004364
K03643.01,,3231120,290.34445,38.377071,1822.65,436.235,FALSE POSITIVE,0.0,40.37,3.900109346
K03644.01,,12216706,295.74377,50.830921,5697.86,2024.6,FALSE POSITIVE,0.0,165.15,1.471060209
K03644.02,,12216706,295.74377,50.830921,5697.86,2024.6,FALSE POSITIVE,0.008086253369272238,,0.73553763
K03720.01,,10735331,293.49066,48.095371,1201.23,286.83000000000004,FALSE POSITIVE,0.0,35.2,213.3990406
K03721.01,,7763269,295.15491,43.444321,877.69,233.21,FALSE POSITIVE,0.008086253369272238,51.44,6.40802979
K03722.01,,8365739,291.88754,44.345619,1053.22,251.47500000000002,CANDIDATE,0.0,,2.38920105
K03723.01,,5471606,297.69974,40.641468,2204.06,672.655,FALSE POSITIVE,0.008086253369272238,458.02,0.962835804
K03724.01,,11200405,296.35413,48.863621,2596.94,723.29,FALSE POSITIVE,0.018867924528301886,19.96,4.639602084
K03798.01,,5475736,298.57819,40.67548,530.3,97.16,FALSE POSITIVE,0.008086253369272238,3.94,2.991885335
K03799.01,,9049673,299.81671,45.332821,886.96,128.925,FALSE POSITIVE,0.008086253369272238,7.08,1.327471395
K07807.01,,7031898,291.24664,42.562382,548.39,107.445,FALSE POSITIVE,0.008086253369272238,0.5,0.566792595
K03800.01,,9593759,294.10733,46.209469,17285.8,6721.555,FALSE POSITIVE,0.0,26042.9,1.247156944
K03801.01,,8827930,295.20694,45.09819,1836.98,319.065,CANDIDATE,0.4883720930232558,13.21,288.3128666
K03802.01,,5020044,294.30585,40.193779,758.95,172.395,FALSE POSITIVE,0.008086253369272238,34.34,2.119100054
K03874.01,,11560037,292.35748,49.514511,1245.41,294.62,FALSE POSITIVE,0.043478260869565216,4.28,1.466535757
K03875.01,,11911561,290.14914,50.239178,805.46,282.4,FALSE POSITIVE,0.008086253369272238,39.46,8.870415578
K07786.01,,6547322,298.30786,41.965389,1465.34,548.605,FALSE POSITIVE,0.008086253369272238,1.26,1.49131759
K03876.01,Kepler-1928 b,3440118,290.44067,38.52356,305.55,32.34,CONFIRMED,0.847457627118644,1.96,19.57783279
K03877.01,,9159265,293.68225,45.511398,626.14,116.35,FALSE POSITIVE,0.008086253369272238,15.7,3.04476607
K03878.01,Kepler-1524 b,4472818,293.88541,39.51981,379.76,39.705,CONFIRMED,1.0,2.84,70.9672087
K03646.01,,6531496,294.59052,41.94651,1434.89,325.435,FALSE POSITIVE,0.008086253369272238,45.93,14.323889947
K03647.01,,9661869,296.65707,46.38052,2413.8,612.8299999999999,FALSE POSITIVE,0.008086253369272238,601.32,20.427232317
K07791.01,,6790592,295.43973,42.209061,804.38,72.75999999999999,CANDIDATE,0.0,231.85,106.18732
K01922.03,Kepler-1016 c,9411166,294.61365,45.984619,1360.13,201.51999999999998,CONFIRMED,1.0,4.22,105.6552651
K03648.01,,3097352,285.68704,38.26115,2692.4,689.005,FALSE POSITIVE,0.008086253369272238,47.58,4.029803201
K03649.01,,6066379,298.13248,41.33427,1767.46,482.28999999999996,FALSE POSITIVE,0.0,73.29,1.303858554
K00416.03,,6508221,286.86548,41.989079,432.5,30.945,CANDIDATE,0.9629629629629629,0.78,9.74765878
K02004.02,Kepler-1047 c,12154526,288.64627,50.788979,571.83,84.35,CONFIRMED,0.9642857142857143,0.98,3.18899015
K07798.01,,6952971,293.17212,42.483238,1235.38,295.43,CANDIDATE,0.008086253369272238,2.15,309.89103
K03725.01,,3459199,295.20288,38.51955,941.62,245.995,FALSE POSITIVE,0.0,450.76,1.570518376
K03726.01,,6973796,298.12396,42.403172,589.43,59.845,FALSE POSITIVE,0.25,13.66,115.9943364
K03727.01,,12023089,296.59149,50.490028,713.48,80.97999999999999,FALSE POSITIVE,0.008086253369272238,29.19,0.623441636
K03803.01,,6286155,292.16907,41.619759,2377.14,282.71,FALSE POSITIVE,0.008086253369272238,163.25,14.5417471
K03804.01,,7831363,294.77493,43.592918,879.33,207.39999999999998,FALSE POSITIVE,0.008086253369272238,52.91,2.81753381
K02039.02,Kepler-1067 b,8804845,285.38742,45.049049,678.6,69.07,CONFIRMED,0.847457627118644,0.75,0.762132307
K03805.01,,4663185,294.07938,39.729641,1515.57,420.525,FALSE POSITIVE,0.008086253369272238,539.16,56.6993107
K03806.01,,5305471,298.94366,40.40519,522.63,87.36500000000001,FALSE POSITIVE,0.018867924528301886,4.49,161.252247
K03879.01,,5560830,298.49451,40.733608,886.23,205.54999999999998,FALSE POSITIVE,0.0,37.79,0.867719291
K03880.01,,4147444,288.86737,39.264961,216.01,53.36,CANDIDATE,0.018867924528301886,1.0,1.803697292
K03881.01,,8211824,281.7446,44.16964,859.98,109.52,FALSE POSITIVE,0.008086253369272238,39.34,0.84112187
K03882.01,,5980800,297.20352,41.228909,829.72,211.57,FALSE POSITIVE,0.008086253369272238,49.67,0.828326025
K03883.01,,9592850,293.76782,46.237591,1473.55,310.37,FALSE POSITIVE,0.0,60.62,1.219324537
K03650.01,,6227560,297.75845,41.513641,480.18,51.74,FALSE POSITIVE,0.008086253369272238,268.75,2.401751509
K03652.01,,8256044,298.67557,44.175732,1808.29,558.63,FALSE POSITIVE,0.008086253369272238,70.73,16.371883638
K03653.01,,8780968,300.33557,44.986271,3640.72,1911.85,FALSE POSITIVE,0.0,162.67,2.617284592
K03654.01,,6960446,295.19583,42.418911,3075.6,833.165,FALSE POSITIVE,0.0,71.11,10.14873521
K03728.01,Kepler-1517 b,7515679,287.80722,43.188782,1818.13,623.6600000000001,CONFIRMED,0.008086253369272238,22.27,5.546083089
K03729.01,,9674592,300.41293,46.380669,1153.1,212.66,FALSE POSITIVE,0.008086253369272238,12.01,6.87366398
K03729.02,,9674592,300.41293,46.380669,1153.1,212.66,FALSE POSITIVE,0.008086253369272238,,6.87366412
K03731.01,,5650314,299.17062,40.871059,607.32,68.855,FALSE POSITIVE,0.008086253369272238,28.73,1.070272827
K07799.01,,6962901,295.74759,42.40163,1147.67,378.75,FALSE POSITIVE,0.018867924528301886,5.08,0.977170246
K03732.01,,8302302,292.80579,44.23605,1351.59,310.295,FALSE POSITIVE,0.0,52.05,1.135930136
K03807.01,,10581918,283.0437,47.80463,1326.59,394.17499999999995,FALSE POSITIVE,0.0,145.36,1.801863222
K03808.01,,3851949,291.90335,38.925861,1741.3,728.53,FALSE POSITIVE,0.008086253369272238,34.32,54.77145968
K03809.01,,9097892,294.95724,45.405151,731.11,172.13,FALSE POSITIVE,0.0,29.78,1.674690886
K03810.01,,5769943,283.7504,41.08601,289.55,26.05,CANDIDATE,0.008086253369272238,18.59,1.013774136
K03811.01,,4638237,286.15311,39.714901,738.49,130.82,CANDIDATE,0.4883720930232558,11.58,290.1401717
K02078.02,Kepler-1086 c,9351316,295.25116,45.842972,423.55,27.84,CONFIRMED,0.9629629629629629,2.88,161.515617
K03884.01,,4579313,296.05884,39.613579,672.86,110.005,FALSE POSITIVE,0.008086253369272238,19.01,2.112405306
K03885.01,,11614528,293.84235,49.66206,1643.22,404.32,FALSE POSITIVE,0.008086253369272238,26.1,1.870990236
K03886.01,,8848288,301.0473,45.087631,741.34,164.505,FALSE POSITIVE,0.008086253369272238,43.67,5.56648691
K07787.01,,6590307,286.43134,42.098339,1008.06,190.505,FALSE POSITIVE,0.0,0.64,1.33253834
K03887.01,,5308419,299.51083,40.474548,596.44,134.65,FALSE POSITIVE,0.008086253369272238,27.25,1.241483276
K03656.01,,6312521,298.88235,41.66333,5543.77,2810.715,FALSE POSITIVE,0.008086253369272238,155.81,3.01551943
K01932.02,Kepler-340 b,5202905,295.93347,40.300571,822.72,160.64999999999998,CONFIRMED,0.4883720930232558,2.49,14.8444836
K03658.01,,1575690,291.8819,37.18911,307.87,24.845,FALSE POSITIVE,0.008086253369272238,27.09,2.252417903
K03659.01,,4386047,296.43033,39.443489,2008.34,463.21000000000004,FALSE POSITIVE,0.008086253369272238,38.63,2.900613144
K03660.01,,5103998,293.15765,40.262711,976.35,179.005,FALSE POSITIVE,0.0,38.79,174.7697122
K02004.03,,12154526,288.64627,50.788979,571.83,84.35,CANDIDATE,0.4883720930232558,0.7,1.72110057
K03734.01,,10275880,292.58875,47.393799,1293.03,360.925,FALSE POSITIVE,0.008086253369272238,995.22,9.72675447
K03735.01,,2166200,292.7337,37.559311,5155.75,1333.4499999999998,FALSE POSITIVE,0.008086253369272238,68.48,8.096939227
K03736.01,,3547315,292.13733,38.602348,1288.08,229.615,FALSE POSITIVE,0.0,25.76,0.64234865
K03737.01,,6933781,286.69733,42.45116,302.37,79.0,FALSE POSITIVE,0.008086253369272238,57.51,130.4194187
K03812.01,,6148271,298.22964,41.459839,935.69,230.52,FALSE POSITIVE,0.0,41.19,1.78526527
K03813.01,,5386904,297.94922,40.530708,997.73,235.875,FALSE POSITIVE,0.008086253369272238,6.9,4.8591441
K03814.01,,2997178,293.0748,38.16972,2561.26,1274.28,FALSE POSITIVE,0.008086253369272238,32.26,5.95077813
K02048.02,,8956206,293.05801,45.248821,914.01,67.81,FALSE POSITIVE,0.018867924528301886,576.14,99.673478
K03815.01,,6507433,286.50876,41.922741,1461.61,354.185,CANDIDATE,0.018867924528301886,7.27,4.7425521
K03888.01,,8260198,299.78207,44.19981,760.03,99.28999999999999,FALSE POSITIVE,0.008086253369272238,18.16,0.955297055
K03889.01,,10733174,292.61954,48.081478,494.77,101.83500000000001,FALSE POSITIVE,0.008086253369272238,3.16,280.476576
K03890.01,,8564976,293.77213,44.63847,2261.96,343.475,FALSE POSITIVE,0.043478260869565216,34.85,152.8255989
K03891.01,,8765560,296.15601,44.92009,1234.97,651.0699999999999,CANDIDATE,0.008086253369272238,78.98,47.1096306
K03892.01,Kepler-1525 b,11760860,290.55951,49.943008,381.6,45.89,CONFIRMED,0.847457627118644,0.92,2.41660149
K03661.01,,7910148,297.64441,43.632172,873.46,146.37,FALSE POSITIVE,0.008086253369272238,33.14,4.252082243
K03662.01,,12459731,291.05017,51.321751,3768.09,983.085,FALSE POSITIVE,0.008086253369272238,62.41,14.180228311
K03663.01,Kepler-86 b,12735740,289.76361,51.962601,328.23,35.605000000000004,CONFIRMED,0.9629629629629629,8.98,282.5253558
K03664.01,,4678875,297.42035,39.775108,679.61,158.24,FALSE POSITIVE,0.0,148.25,1.87887673
K03666.01,,7708193,298.99731,43.398861,2558.4,1262.895,FALSE POSITIVE,0.008086253369272238,219.02,7.942583252
K03739.01,,10857342,290.01151,48.244202,5208.13,1923.75,FALSE POSITIVE,0.0,300.82,2.415925551
K03740.01,,5215700,298.5304,40.39846,1129.88,242.81,FALSE POSITIVE,0.0,112.77,0.656201038
K03741.01,,8780959,300.33237,44.986141,755.04,184.97,FALSE POSITIVE,0.018867924528301886,395.94,2.617280959
K03741.02,,8780959,300.33237,44.986141,755.04,184.97,CANDIDATE,0.25,1.36,18.577903
K03742.01,,5565486,299.37808,40.757359,1404.28,293.625,FALSE POSITIVE,0.0,68.92,1.412524016
K01776.01,,8453214,298.80362,44.4174,418.67,47.6,FALSE POSITIVE,0.008086253369272238,26.2,5.77676732
K01792.01,Kepler-953 b,8552719,288.97165,44.624531,272.77,35.775,CONFIRMED,0.9642857142857143,4.55,88.40678718
K02027.01,,8556077,290.33813,44.60387,391.42,59.28,FALSE POSITIVE,0.25,1.23,3.635723653
K07848.01,,7757698,293.43799,43.476501,715.15,144.37,FALSE POSITIVE,0.008086253369272238,2.6,369.181947
K01859.01,,8625821,292.17706,44.786598,685.9,101.08500000000001,FALSE POSITIVE,0.008086253369272238,21.23,45.3968385
K01953.01,,8652999,300.39197,44.780041,667.48,158.29000000000002,FALSE POSITIVE,0.9629629629629629,2.09,15.160166
K02088.01,,12164770,294.39557,50.719589,1101.23,265.69,FALSE POSITIVE,0.008086253369272238,25.55,2.63009438
K02089.01,,9541322,297.33582,46.15099,1015.23,232.33499999999998,FALSE POSITIVE,0.018867924528301886,25.39,9.40527028
K02112.01,,10470616,291.96689,47.698456,554.54,144.54500000000002,FALSE POSITIVE,0.018867924528301886,1.17,4.15713766
K02118.01,,10362031,299.26431,47.491791,605.22,171.01,FALSE POSITIVE,0.2819924168751139,1.22,3.2136904
K02127.01,,6373680,294.74448,41.749962,963.29,185.95,FALSE POSITIVE,0.22173008533749508,1.72,2.87066026
K01312.02,,10963242,284.91049,48.431641,1365.96,212.925,FALSE POSITIVE,0.008086253369272238,,31.24611088
K01408.02,,9150827,290.29456,45.56461,207.71,17.87,FALSE POSITIVE,0.008086253369272238,,82.37208458
K03964.01,,9957351,294.3541,46.840851,870.01,94.8,FALSE POSITIVE,0.008086253369272238,36.87,0.991105114
K03965.01,,5385575,297.61902,40.568062,368.89,31.68,FALSE POSITIVE,0.018867924528301886,21.34,12.425580393
K03966.01,Kepler-1535 b,3732035,286.61371,38.891972,862.18,125.235,CONFIRMED,0.9642857142857143,2.57,138.944022
K03967.01,,5385697,297.64737,40.536461,945.54,183.98999999999998,FALSE POSITIVE,0.018867924528301886,2.64,12.4260454
K03967.02,,5385697,297.64737,40.536461,945.54,183.98999999999998,FALSE POSITIVE,0.018867924528301886,2.39,12.4260002
K03968.01,,8823833,293.7749,45.087639,358.68,76.70500000000001,FALSE POSITIVE,0.018867924528301886,0.8,1.50650136
K01666.01,,5008501,291.01971,40.177589,1227.22,257.78499999999997,CANDIDATE,0.008086253369272238,1.78,0.968026356
K01667.01,,5015913,293.20209,40.170921,1398.54,406.85,FALSE POSITIVE,0.0,120.02,1.179969562
K01668.01,,5103942,293.1416,40.262299,799.18,160.705,FALSE POSITIVE,0.008086253369272238,26.09,10.10176739
K01670.01,,5184709,291.12006,40.333988,1071.76,243.615,CANDIDATE,0.2916666666666667,2.03,10.57910009
K01671.01,Kepler-1763 b,5195172,294.11307,40.362968,708.31,119.245,CONFIRMED,0.847457627118644,0.97,1.480283464
K01782.01,,8678664,287.2106,44.849129,1021.83,203.47000000000003,FALSE POSITIVE,0.008086253369272238,16.62,15.420409367
K01821.01,Kepler-963 b,8832512,296.75296,45.0411,826.35,178.61,CONFIRMED,0.9642857142857143,2.85,9.97682072
K01844.01,,8892721,294.35666,45.192959,617.19,66.82,FALSE POSITIVE,0.018867924528301886,4.57,61.4913415
K07849.01,,7778664,299.14664,43.459831,866.56,196.425,CANDIDATE,0.008086253369272238,0.84,5.0263815
K01993.01,,9042357,297.91864,45.347061,515.04,61.78,FALSE POSITIVE,0.018867924528301886,18.01,16.00351679
K01865.01,,9115681,299.87238,45.499592,1706.31,425.18,FALSE POSITIVE,0.0,77.99,1.86390886
K02320.01,,10481045,295.841,47.681889,767.37,140.12,FALSE POSITIVE,0.008086253369272238,0.82,2.03743942
K02322.01,,8107034,295.03903,43.95454,1537.44,378.1,FALSE POSITIVE,0.008086253369272238,2.55,332.74984
K02326.01,,3962751,293.69742,39.036388,882.8,162.12,FALSE POSITIVE,0.008086253369272238,,45.60304785
K02330.01,,8582291,298.84979,44.615009,711.65,131.315,FALSE POSITIVE,0.25,1.22,2.4681015
K02334.01,,5110683,294.90765,40.278831,1316.77,301.95,FALSE POSITIVE,0.0,,12.53449909
K02349.01,,7967861,294.53214,43.75441,895.96,162.175,FALSE POSITIVE,0.0,1.36,215.15218
K02359.01,,8179325,296.28696,44.022671,820.1,111.83000000000001,FALSE POSITIVE,0.008086253369272238,1.27,3.17275711
K02158.02,,5211199,297.65143,40.352551,901.6,233.29500000000002,CANDIDATE,0.875,2.09,6.68231249
K03969.01,,5475494,298.52603,40.612091,1350.16,283.075,FALSE POSITIVE,0.008086253369272238,1.84,0.73619448
K03970.01,,9412445,295.11502,45.96648,203.94,11.26,FALSE POSITIVE,0.4883720930232558,0.95,10.18670759
K03971.01,,7866914,279.85272,43.664459,700.77,158.14000000000001,FALSE POSITIVE,0.25,2.87,365.994154
K03972.01,,6057684,296.0878,41.316841,866.14,204.305,FALSE POSITIVE,0.008086253369272238,21.45,0.54028956
K01673.01,,5271608,290.73367,40.43116,1254.2,303.615,FALSE POSITIVE,0.4883720930232558,1.53,2.49047468
K01674.01,,5357470,290.2442,40.559269,953.62,236.34500000000003,FALSE POSITIVE,0.008086253369272238,13.55,2.17257963
K01676.01,,5443775,290.33612,40.653061,1022.95,185.585,FALSE POSITIVE,0.25,3.87,3.307669761
K01678.01,,5527172,289.81805,40.723919,631.4,130.52,FALSE POSITIVE,0.008086253369272238,37.22,3.183961388
K07837.01,,7386391,297.92322,42.938789,1140.56,266.3,FALSE POSITIVE,0.25,2.06,48.507991
K01679.01,,5529643,290.51105,40.708569,1737.19,403.66999999999996,FALSE POSITIVE,0.0,29.02,0.759766456
K01785.01,,9366989,299.97183,45.809738,1116.06,263.71500000000003,FALSE POSITIVE,0.2916666666666667,9.82,1.219034472
K01954.01,,9468717,293.38184,46.098701,376.23,67.33500000000001,FALSE POSITIVE,0.008086253369272238,13.73,7.37339245
K01742.01,,9528420,292.65988,46.159538,926.66,213.565,FALSE POSITIVE,0.008086253369272238,19.58,4.70847097
K01806.01,,9529744,293.21356,46.175129,1117.9,289.145,FALSE POSITIVE,0.008086253369272238,4.69,2.404556949
K07850.01,,7834712,295.79788,43.570389,1570.2,330.62,CANDIDATE,0.25,3.0,66.119119
K01745.01,,9574614,284.9671,46.27626,984.49,152.915,CANDIDATE,0.008086253369272238,29.95,0.982090079
K01795.01,,9674608,300.41727,46.335991,530.95,54.305,FALSE POSITIVE,0.008086253369272238,24.74,2.972047661
K02362.01,,8495415,291.88126,44.555729,921.88,129.11,FALSE POSITIVE,0.4883720930232558,1.75,2.237180102
K02391.01,,10341905,292.77484,47.451099,844.54,145.765,FALSE POSITIVE,0.008086253369272238,18.29,0.93374232
K02394.01,,10336927,290.82733,47.446861,1126.27,274.78,FALSE POSITIVE,0.0,,134.76308997
K02396.01,,12115188,293.97278,50.645142,752.78,154.425,FALSE POSITIVE,0.2682755990243002,1.57,0.495434094
K02446.01,,9850957,298.74857,46.68047,1289.37,355.475,FALSE POSITIVE,0.25,2.74,8.48031302
K00439.02,,12470954,296.40686,51.35815,632.67,69.905,FALSE POSITIVE,0.008086253369272238,,5.40534383
K02480.01,,8189801,298.92639,44.00219,338.93,37.06,CANDIDATE,0.875,1.49,0.66682654
K03973.01,,11568224,296.11182,49.561951,1039.53,214.6,FALSE POSITIVE,0.0,8.13,0.882131829
K03974.01,,7938883,282.19308,43.733219,515.1,88.135,FALSE POSITIVE,0.008086253369272238,37.47,0.489682339
K03975.01,Kepler-1536 b,9280239,291.58517,45.71579,364.92,43.045,CONFIRMED,0.847457627118644,2.89,364.751562
K03976.01,,4544571,285.87671,39.685951,1180.59,259.455,FALSE POSITIVE,0.008086253369272238,29.7,2.189098506
K03977.01,,3245661,294.04828,38.364109,932.03,208.38,FALSE POSITIVE,0.0,41.08,0.7088055
K01682.01,,5618071,291.21811,40.839329,1343.02,515.485,FALSE POSITIVE,0.008086253369272238,234.99,88.821421
K01689.01,,6312534,298.88397,41.662079,784.87,89.88,FALSE POSITIVE,0.008086253369272238,31.77,1.507761203
K01690.01,,6470917,299.10248,41.887459,925.15,181.625,FALSE POSITIVE,0.018867924528301886,1.08,1.506019633
K07838.01,,7431709,287.39417,43.080681,612.19,80.435,FALSE POSITIVE,0.0,0.52,0.572513875
K01691.01,,6611330,293.33807,42.016312,998.23,166.195,FALSE POSITIVE,0.008086253369272238,32.5,35.14578122
K01694.01,,6699368,294.01492,42.139191,857.08,204.06,FALSE POSITIVE,0.008086253369272238,20.23,3.690317047
K01846.01,Kepler-976 b,9886255,289.86963,46.72971,966.66,141.29000000000002,CONFIRMED,0.9629629629629629,3.79,105.9566815
K01966.01,,9973855,299.77972,46.890469,242.72,53.95,FALSE POSITIVE,0.4883720930232558,0.81,2.95600563
K01796.01,,10019399,294.91611,46.944977,677.92,257.085,FALSE POSITIVE,0.008086253369272238,18.48,11.805707539
K07851.01,,7841368,297.58942,43.516178,910.34,266.185,FALSE POSITIVE,0.018867924528301886,1.43,25.3710555
K01957.01,,10028352,297.79224,46.935829,919.5,178.95499999999998,CANDIDATE,0.008086253369272238,29.33,1.38680229
K01827.01,,10031707,298.77295,46.921246,12360.51,1467.065,FALSE POSITIVE,0.008086253369272238,155.18,8.58966893
K01823.01,,10092312,297.78775,47.098331,601.66,118.855,FALSE POSITIVE,0.010147777763711105,24.81,4.468456599
K02500.01,,10407054,292.77899,47.552216,1025.83,299.69000000000005,FALSE POSITIVE,0.008086253369272238,1.48,0.933754669
K02502.01,,10880007,298.50989,48.240139,530.16,62.02,FALSE POSITIVE,0.0,,86.79876649
K02515.01,,8418129,286.2872,44.49371,2215.74,748.0250000000001,FALSE POSITIVE,0.008086253369272238,,164.57506747
K02568.01,,6525185,292.71548,41.943562,1318.18,285.955,FALSE POSITIVE,0.043478260869565216,1.32,1.71030803
K02570.01,,10812504,297.29269,48.11438,228.2,27.845,FALSE POSITIVE,0.4883720930232558,1.81,79.9201319
K02575.01,,8107115,295.06677,43.98209,842.25,159.9,FALSE POSITIVE,0.008086253369272238,1.64,199.3113
K02584.01,,10663411,290.98767,47.976639,1167.68,290.03999999999996,FALSE POSITIVE,0.008086253369272238,1.59,157.82131
K03978.01,,10090219,297.21194,47.027802,1172.83,247.74,FALSE POSITIVE,0.008086253369272238,22.63,2.28612573
K02162.02,Kepler-1126 c,9205938,285.69199,45.689388,629.12,84.62,CONFIRMED,0.847457627118644,1.45,199.66876
K03979.01,,9899217,295.16199,46.76273,1227.64,275.775,FALSE POSITIVE,0.008086253369272238,1.36,1.33254971
K03980.01,,6750902,281.24307,42.254929,920.85,220.54500000000002,FALSE POSITIVE,0.008086253369272238,2.4,0.469334634
K03981.01,,5895588,296.99405,41.129471,1176.23,246.24,FALSE POSITIVE,0.008086253369272238,20.11,0.849277809
K01695.01,Kepler-930 b,6803855,298.31445,42.24744,925.82,270.01,CONFIRMED,0.9629629629629629,2.19,71.4523167
K01696.01,,6891366,298.77509,42.39323,704.57,172.285,FALSE POSITIVE,0.018867924528301886,1.38,1.752564549
K07839.01,,7448023,292.75653,43.036888,566.39,61.214999999999996,FALSE POSITIVE,0.008086253369272238,0.68,0.566816802
K01697.01,,6891637,298.8222,42.394642,425.28,47.379999999999995,FALSE POSITIVE,0.008086253369272238,1.06,1.752553762
K01698.01,,6975615,298.49808,42.466412,553.95,82.245,FALSE POSITIVE,0.043478260869565216,1.03,2.065351521
K01699.01,,7137725,297.12173,42.673321,736.12,153.07,FALSE POSITIVE,0.018867924528301886,1.7,2.253551793
K01981.01,Kepler-1037 b,10153855,296.34103,47.17086,593.83,117.9,CONFIRMED,0.4883720930232558,1.61,1.06378861
K01896.01,,10294613,298.73807,47.381741,726.29,118.495,FALSE POSITIVE,0.008086253369272238,29.39,1.854493861
K07852.01,,7879648,287.24149,43.679661,928.41,190.83,FALSE POSITIVE,0.008086253369272238,0.9,1.020713389
K01763.01,,10491044,298.77988,47.66095,797.84,97.455,FALSE POSITIVE,0.008086253369272238,1.33,2.1990638
K01807.01,,10614012,296.92874,47.88295,542.47,113.105,FALSE POSITIVE,0.018867924528301886,75.08,132.1331011
K01999.01,,10616415,297.61398,47.811401,1518.41,577.87,FALSE POSITIVE,0.008086253369272238,89.35,1.120646438
K02653.01,,6525193,292.71729,41.901218,1493.28,296.02,FALSE POSITIVE,0.25,1.57,1.710279417
K02661.01,,6866251,292.74707,42.379929,592.28,275.83,FALSE POSITIVE,0.008086253369272238,5.18,65.238281
K07817.01,,7117710,291.77136,42.671249,445.51,36.55,FALSE POSITIVE,0.008086253369272238,0.46,0.56679641
K02663.01,Kepler-1867 b,7762723,294.99725,43.435921,416.4,79.83500000000001,CONFIRMED,0.847457627118644,0.68,9.88736642
K02728.01,Kepler-1326 b,4178606,296.22214,39.268959,1308.98,328.745,CONFIRMED,0.4883720930232558,6.3,42.3520039
K02742.01,Kepler-1331 b,5980208,297.07379,41.22448,313.09,33.855,CONFIRMED,0.4883720930232558,0.91,0.789160884
K03983.01,,10227863,298.55258,47.247318,583.01,128.725,FALSE POSITIVE,0.008086253369272238,19.28,5.14072621
K07829.01,,7281668,291.67123,42.812359,429.89,41.59,FALSE POSITIVE,0.0,0.53,0.566798545
K03984.01,Kepler-1537 b,8036287,294.38538,43.82547,976.6,333.45000000000005,CONFIRMED,0.4883720930232558,2.03,1.44445234
K03985.01,,9602562,297.1322,46.256489,886.32,209.255,FALSE POSITIVE,0.008086253369272238,1.7,3.55653637
K03986.01,,10668665,293.09589,47.996578,2147.78,501.735,FALSE POSITIVE,0.008086253369272238,31.99,9.60853601
K03987.01,,10407020,292.76535,47.512272,1385.7,348.35,FALSE POSITIVE,0.008086253369272238,2.07,0.933747751
K01703.01,,7380829,296.74991,42.952358,1011.28,223.81,FALSE POSITIVE,0.018867924528301886,9.32,3.17463577
K07840.01,,7470491,298.14603,43.075199,6532.7,1878.15,FALSE POSITIVE,0.0,48.23,0.902222843
K01709.01,,7768952,296.80951,43.450851,1269.11,590.32,FALSE POSITIVE,0.018867924528301886,20.05,22.4685309
K01712.01,,8162790,290.73578,44.090488,911.42,204.765,FALSE POSITIVE,0.9642857142857143,2.72,10.16104834
K01714.01,,9655129,294.24811,46.374008,403.3,61.57,FALSE POSITIVE,0.008086253369272238,38.11,2.743978797
K01719.01,,9899483,295.25388,46.76136,1074.53,202.32,FALSE POSITIVE,0.008086253369272238,2.16,1.332561398
K01963.01,,10917681,290.60745,48.357182,678.26,151.57500000000002,CANDIDATE,0.625,2.55,12.89623554
K07853.01,,7882360,288.59802,43.681469,1259.98,290.05,FALSE POSITIVE,0.008086253369272238,2.2,364.14397
K01887.01,,10965740,286.46616,48.495918,1132.83,540.595,FALSE POSITIVE,0.008086253369272238,71.95,21.78769087
K01804.01,Kepler-957 b,11187436,290.15634,48.818989,662.77,78.345,CONFIRMED,0.018867924528301886,5.1,5.90741476
K01774.01,,11285136,284.86145,49.026989,1334.7,301.525,FALSE POSITIVE,0.018867924528301886,10.92,2.368173896
K02015.01,,11298815,292.8053,49.040459,247.88,18.189999999999998,FALSE POSITIVE,0.25,1.84,5.73865933
K01771.01,,11342573,287.66364,49.141499,1821.49,423.65000000000003,FALSE POSITIVE,0.0,53.1,91.05641908
K07818.01,,7134626,296.40149,42.651058,1109.01,300.125,CANDIDATE,0.008086253369272238,1.53,2.52443998
K02793.01,Kepler-1350 b,9823519,288.25058,46.679611,276.79,33.655,CONFIRMED,1.0,1.93,4.49686066
K02796.01,,11246161,292.87418,48.936569,967.78,111.875,CANDIDATE,0.25,0.96,0.5374094
K02806.01,Kepler-1353 b,7047824,295.73535,42.576248,679.83,74.615,CONFIRMED,0.9629629629629629,2.1,24.7543849
K02814.01,,4479633,295.51825,39.593391,750.2,156.895,FALSE POSITIVE,0.008086253369272238,1.03,0.475068516
K02818.01,,4952341,298.5798,40.072182,1349.98,321.525,FALSE POSITIVE,0.008086253369272238,3.37,1.79683793
K02843.01,,8176019,295.26447,44.09856,1468.34,348.18,FALSE POSITIVE,0.0,,187.51251276
K03988.01,,5385491,297.59946,40.55901,483.75,123.57,FALSE POSITIVE,0.018867924528301886,1.55,12.425484
K02163.02,Kepler-365 c,11358389,295.62659,49.130428,935.8,219.88,CONFIRMED,1.0,1.6,17.7838298
K03989.01,,5551504,296.55164,40.71278,872.47,328.825,FALSE POSITIVE,0.043478260869565216,1.4,1.204529346
K03990.01,,6421503,283.0527,41.859711,630.12,75.31,FALSE POSITIVE,0.008086253369272238,14.28,2.15839583
K03991.01,,10352333,296.50354,47.486919,378.68,41.76,CANDIDATE,0.25,1.37,1.570592397
K07841.01,,7538434,294.80182,43.13324,1003.43,206.765,FALSE POSITIVE,0.008086253369272238,2.07,371.1495
K01635.01,,10487119,297.66129,47.62394,1259.38,261.785,FALSE POSITIVE,0.0,49.25,3.374684854
K01636.01,,10621666,299.06693,47.895191,721.84,135.125,FALSE POSITIVE,0.25,1.12,2.61841046
K01638.01,,10747439,297.46457,48.088001,834.01,188.47,FALSE POSITIVE,0.008086253369272238,8.85,4.593594819
K01639.01,,10749128,297.90045,48.0947,2474.88,592.8499999999999,FALSE POSITIVE,0.018867924528301886,1.2,125.0426
K01640.01,,10813841,297.66211,48.115898,1260.03,296.555,FALSE POSITIVE,0.2916666666666667,2.17,6.17039154
K01642.01,,10879656,298.39774,48.212318,485.27,50.16,FALSE POSITIVE,0.008086253369272238,0.68,0.364860478
K01947.01,,12253474,288.63483,50.912231,349.68,83.49,CANDIDATE,0.4883720930232558,1.66,6.422943288
K01983.01,,12691412,290.28619,51.834026,1205.26,354.315,FALSE POSITIVE,0.25,4.54,6.90522317
K02041.01,,5024482,295.32501,40.187576,2131.23,724.405,FALSE POSITIVE,0.018867924528301886,2.63,1.5259105
K02139.01,,8175131,295.00293,44.09203,639.66,73.50999999999999,FALSE POSITIVE,0.2916666666666667,2.17,4.27121961
K02141.01,,3764879,295.77194,38.820042,758.48,162.245,CANDIDATE,0.008086253369272238,18.33,1.306984786
K07819.01,,7177766,283.11136,42.76107,637.69,154.84,FALSE POSITIVE,0.018867924528301886,1.93,0.769358923
K02591.01,,5513897,284.37183,40.712971,471.54,84.92,FALSE POSITIVE,0.008086253369272238,0.85,0.755109106
K02599.01,,10664416,291.40079,47.924629,495.25,58.2,FALSE POSITIVE,0.008086253369272238,19.02,25.3239215
K02612.01,Kepler-1994 b,9602613,297.14883,46.296951,222.16,24.025,CONFIRMED,0.9629629629629629,0.51,4.61225043
K02614.01,Kepler-1289 b,5807769,296.38882,41.040569,1268.14,242.025,CONFIRMED,0.9629629629629629,1.97,7.99022379
K02630.01,,11495766,285.22531,49.424179,493.97,108.92500000000001,FALSE POSITIVE,0.008086253369272238,0.61,4.1749166
K07830.01,,7282154,291.82501,42.866508,991.83,168.265,FALSE POSITIVE,0.008086253369272238,0.63,0.56678694
K03992.01,,3228988,289.80423,38.370708,970.08,176.10500000000002,FALSE POSITIVE,0.008086253369272238,15.83,0.73094701
K03994.01,,7552701,298.0513,43.164909,879.82,214.64499999999998,FALSE POSITIVE,0.018867924528301886,1.3,1.324247867
K03995.01,,7418173,281.57571,43.068111,846.29,465.66499999999996,FALSE POSITIVE,0.0,79.67,0.780632043
K03996.01,,3228804,289.76114,38.353519,758.1,128.345,FALSE POSITIVE,0.008086253369272238,14.43,0.730947169
K01645.01,,11045383,298.21094,48.559158,326.8,44.86,FALSE POSITIVE,0.018867924528301886,17.82,41.16676097
K01652.01,,11391667,285.30206,49.263451,2086.06,550.1,FALSE POSITIVE,0.0,237.84,1.083736642
K01653.01,,11392017,285.53549,49.298439,848.24,559.805,FALSE POSITIVE,0.008086253369272238,55.95,2.45570369
K01735.01,,3446451,292.13745,38.599419,1081.45,275.73,FALSE POSITIVE,0.008086253369272238,2.78,0.64234875
K01729.01,,6603756,291.09161,42.058479,825.07,137.995,FALSE POSITIVE,0.008086253369272238,16.0,5.204286663
K01730.01,,8460600,300.77478,44.487751,514.58,59.355,FALSE POSITIVE,0.008086253369272238,18.9,6.352090869
K02142.01,,12121470,296.80524,50.611061,1082.15,253.73000000000002,FALSE POSITIVE,0.25,1.46,1.877350712
K02157.01,,3327993,287.18005,38.414131,1452.61,322.40999999999997,FALSE POSITIVE,0.008086253369272238,21.43,2.11552348
K02161.01,,5467124,296.67761,40.65369,1227.47,260.805,FALSE POSITIVE,0.25,3.63,2.84573962
K02165.01,,7906739,296.8017,43.654259,482.6,95.965,FALSE POSITIVE,0.25,1.02,7.01476115
K02170.01,,2860114,293.06598,38.042011,634.84,104.9,FALSE POSITIVE,0.25,2.29,0.941603153
K02176.01,,8501062,294.06879,44.574772,555.92,105.72500000000001,FALSE POSITIVE,0.008086253369272238,,24.40213373
K07821.01,,7199644,291.5705,42.73772,728.99,155.115,FALSE POSITIVE,0.008086253369272238,0.59,1.13357304
K02772.01,,11966253,293.31952,50.364262,681.1,137.635,FALSE POSITIVE,0.25,0.88,0.643468999
K02782.01,,10275805,292.55612,47.329079,1388.39,317.105,FALSE POSITIVE,0.008086253369272238,35.36,112.645961
K02783.01,,5709889,293.17096,40.99559,192.87,16.885,FALSE POSITIVE,0.4883720930232558,0.58,0.526887517
K02784.01,,3119256,292.05014,38.261002,475.44,131.985,FALSE POSITIVE,0.008086253369272238,1.82,4.14244748
K02788.01,,9943435,288.03152,46.827549,628.91,121.885,FALSE POSITIVE,0.25,0.95,0.777663575
K03997.01,,2442359,291.22318,37.781551,1151.95,611.26,FALSE POSITIVE,0.008086253369272238,18.09,0.552834211
K03998.01,,7707742,298.89954,43.395641,5308.0,1447.82,FALSE POSITIVE,0.0,149.44,0.758354475
K02167.03,Kepler-1129 c,6041734,291.60449,41.309361,1694.65,307.69,CONFIRMED,1.0,3.73,76.5369531
K03999.01,,2010191,290.38721,37.47818,1483.71,277.2,FALSE POSITIVE,0.008086253369272238,25.43,3.43525124
K04000.01,,5471675,297.72037,40.6502,1930.26,473.1,FALSE POSITIVE,0.008086253369272238,40.82,0.962828092
K07842.01,,7601665,289.88666,43.233879,751.74,189.31,CANDIDATE,0.008086253369272238,0.7,3.11141514
K01734.01,,8845574,300.31107,45.02494,708.75,79.12,FALSE POSITIVE,0.043478260869565216,2.51,1.878156188
K01987.01,,2021440,292.96844,37.488689,730.88,89.545,FALSE POSITIVE,0.018867924528301886,23.56,7.81153999
K01949.01,,3122985,292.91891,38.206692,853.4,238.625,FALSE POSITIVE,0.008086253369272238,17.9,0.993488979
K01759.01,,3248019,294.59683,38.37014,1387.67,340.395,FALSE POSITIVE,0.0,44.9,1.334104585
K01994.01,,3328026,287.18961,38.43166,1135.56,256.42,FALSE POSITIVE,0.008086253369272238,25.84,2.115498574
K07812.01,,7116024,291.24313,42.630169,450.92,123.995,FALSE POSITIVE,0.018867924528301886,0.69,3.40076682
K02178.01,,2014991,291.54935,37.40358,1123.68,290.82,FALSE POSITIVE,0.008086253369272238,3.74,6.49676881
K02184.01,,12885212,290.17502,52.220341,636.49,36.61,FALSE POSITIVE,0.4883720930232558,1.27,2.057499811
K02187.01,,5894073,296.64755,41.177021,731.86,177.64999999999998,FALSE POSITIVE,0.008086253369272238,1.49,10.5856758
K02188.01,,10518424,283.75385,47.796951,1201.22,266.725,FALSE POSITIVE,0.018867924528301886,15.78,2.69633621
K02190.01,,4245933,286.40198,39.338799,428.42,50.585,FALSE POSITIVE,0.018867924528301886,2.14,11.2580745
K07822.01,,7199724,291.59357,42.719299,894.63,199.87,FALSE POSITIVE,0.008086253369272238,0.66,0.566795586
K02847.01,,12935144,290.233,52.33601,744.28,80.765,FALSE POSITIVE,0.4883720930232558,1.37,1.099291188
K02858.01,,6185496,284.36203,41.577549,773.92,90.13499999999999,FALSE POSITIVE,0.25,1.43,0.47462889
K02860.01,Kepler-1883 b,6606438,291.92255,42.00256,1464.18,332.88,CONFIRMED,0.9629629629629629,3.16,103.4269873
K02874.01,,9149789,289.85889,45.503841,672.76,105.67,CANDIDATE,0.043478260869565216,1.0,0.352515897
K02875.01,,12170648,296.96381,50.74538,582.7,78.28,FALSE POSITIVE,0.008086253369272238,2.03,0.299697755
K02879.01,,7051984,296.7019,42.508652,764.15,283.025,CANDIDATE,0.043478260869565216,2.09,0.339069751
K07831.01,,7282168,291.83051,42.867729,630.49,93.335,FALSE POSITIVE,0.008086253369272238,0.42,0.56681727
K04001.01,,9851943,299.04044,46.670368,586.01,66.445,FALSE POSITIVE,0.008086253369272238,0.99,1.081935491
K04002.01,Kepler-1932 b,5773121,285.33154,41.063911,719.25,56.644999999999996,CONFIRMED,0.625,1.27,0.524175803
K04003.01,,2708420,290.35153,37.94857,552.2,55.62,FALSE POSITIVE,0.008086253369272238,0.86,1.89129881
K04004.01,Kepler-1933 b,4814502,283.99509,39.917,355.28,43.974999999999994,CONFIRMED,0.847457627118644,1.41,4.94330596
K04005.01,Kepler-439 b,8142787,280.80157,44.033989,687.98,61.885,CONFIRMED,0.9629629629629629,2.25,178.139072
K07843.01,,7613620,293.67114,43.217609,1089.41,186.735,CANDIDATE,0.008086253369272238,0.79,0.619023176
K01772.01,,3345675,292.30069,38.402142,431.38,44.035,CANDIDATE,0.043478260869565216,15.08,120.00336404
K01766.01,,3654950,293.83289,38.73634,930.07,132.74,FALSE POSITIVE,0.008086253369272238,68.81,4.067371428
K01903.01,,3836453,286.95236,38.918331,146.72,9.870000000000001,FALSE POSITIVE,0.847457627118644,0.94,1.540395781
K01811.01,,3966262,294.57605,39.03928,705.93,118.83500000000001,FALSE POSITIVE,0.008086253369272238,21.49,2.46353343
K01791.01,,4144231,287.83228,39.225552,650.51,59.83,FALSE POSITIVE,0.008086253369272238,24.11,22.91339043
K02192.01,,9964670,297.02771,46.874519,713.41,90.205,FALSE POSITIVE,0.008086253369272238,1.5,1.541350116
K02196.01,,6209798,293.33835,41.59024,564.25,110.39,FALSE POSITIVE,0.008086253369272238,12.6,1.205412526
K02197.01,,6525249,292.73456,41.90477,1896.13,418.03499999999997,FALSE POSITIVE,0.008086253369272238,23.38,1.710316235
K02198.01,Kepler-1137 b,11075429,287.13028,48.665371,1048.61,253.4,CONFIRMED,0.847457627118644,3.01,23.9210408
K02199.01,Kepler-1806 b,11705004,287.53503,49.801659,1056.37,165.855,CONFIRMED,1.0,1.96,9.03326435
K03932.01,,6137681,295.83484,41.426971,752.04,113.345,FALSE POSITIVE,0.008086253369272238,28.27,356.535835
K03933.01,Kepler-1699 b,11244682,292.13733,48.917191,593.33,82.795,CONFIRMED,0.847457627118644,1.32,3.490785878
K03934.01,,9655419,294.34845,46.390755,1056.45,325.575,FALSE POSITIVE,0.0,79.14,1.92149487
K03935.01,Kepler-1532 b,5895158,296.9028,41.198189,830.75,166.35500000000002,CONFIRMED,0.2916666666666667,1.29,1.093665854
K03936.01,,4947556,297.57712,40.02771,315.58,39.620000000000005,CANDIDATE,1.0,2.98,141.608555
K07832.01,,7287028,293.35861,42.80666,528.3,115.52499999999999,CANDIDATE,0.008086253369272238,0.68,3.6092231
K04006.01,,5471690,297.72531,40.640789,1002.99,257.325,FALSE POSITIVE,0.25,1.47,12.4247333
K04007.01,,8376848,295.74899,44.37476,1367.49,315.94,CANDIDATE,0.018867924528301886,25.01,11.4927112
K04008.01,,5350447,287.92313,40.517269,1004.48,227.365,FALSE POSITIVE,0.018867924528301886,27.74,70.7511986
K02172.02,Kepler-1801 c,4173026,295.164,39.201408,981.54,218.185,CONFIRMED,0.7302381875805892,2.91,116.583183
K04009.01,Kepler-1538 b,8934103,283.3457,45.27446,1414.12,236.395,CONFIRMED,1.0,3.06,175.13892
K07844.01,,7618364,294.96756,43.277409,1832.23,503.5,FALSE POSITIVE,0.0,92.86,1.302061421
K01768.01,,4150390,289.68658,39.297199,1178.81,249.325,FALSE POSITIVE,0.0,27.32,55.25178622
K01757.01,,4851464,295.88867,39.911301,1525.42,355.67,FALSE POSITIVE,0.008086253369272238,21.49,5.548250634
K01775.01,,4913000,288.4743,40.085678,386.28,55.565000000000005,FALSE POSITIVE,0.25,3.98,4.442520831
K01936.01,,4945877,297.19012,40.027969,626.36,90.21000000000001,FALSE POSITIVE,0.008086253369272238,1.27,1.339670241
K01777.01,,5110423,294.83679,40.265598,924.4,146.55,FALSE POSITIVE,0.008086253369272238,28.98,2.685223546
K02203.01,,2581191,292.60025,37.832069,851.27,196.76,FALSE POSITIVE,0.625,1.17,1.99042642
K02207.01,,7379385,296.4201,42.936989,901.35,210.74,FALSE POSITIVE,0.043478260869565216,2.44,67.230028
K02211.01,,6199702,290.12604,41.59943,969.9,241.415,FALSE POSITIVE,0.008086253369272238,1.93,0.805259637
K02050.01,,6307083,297.63519,41.641869,189.28,14.04,FALSE POSITIVE,0.2916666666666667,1.6,75.3787816
K02231.01,,6780158,292.6597,42.272831,636.02,378.61,FALSE POSITIVE,0.008086253369272238,36.93,2.464160779
K07823.01,,7199756,291.60602,42.70372,229.17,26.845,FALSE POSITIVE,0.008086253369272238,0.54,0.566781152
K03936.02,Kepler-1930 b,4947556,297.57712,40.02771,315.58,39.620000000000005,CONFIRMED,0.9629629629629629,2.08,13.0267964
K03937.01,,7362696,291.76056,42.92392,841.8,146.22,FALSE POSITIVE,0.008086253369272238,21.42,4.93129874
K03938.01,,3865595,295.29874,38.930496,8810.88,1156.43,FALSE POSITIVE,0.008086253369272238,104.18,5.59187448
K03939.01,,9593528,294.0282,46.201771,1571.02,404.985,FALSE POSITIVE,0.008086253369272238,43.81,1.88665445
K03940.01,,5195945,294.31287,40.319721,1457.4,155.49,FALSE POSITIVE,0.008086253369272238,73.15,14.53682228
K07833.01,,7300182,296.78555,42.880291,784.05,163.985,CANDIDATE,0.25,2.22,172.820248
K04010.01,,5288577,295.50217,40.409943,2171.58,750.7,FALSE POSITIVE,0.018867924528301886,2.43,1.72853003
K04011.01,,11969988,295.05322,50.34774,723.36,181.12,FALSE POSITIVE,0.043478260869565216,1.68,2.19068738
K04012.01,,8483258,286.54303,44.509621,1983.83,466.20500000000004,FALSE POSITIVE,0.018867924528301886,5.68,372.16478
K04013.01,,4832225,290.74661,39.91103,373.51,119.815,FALSE POSITIVE,0.008086253369272238,2.82,0.947730124
K04014.01,Kepler-1700 b,9009953,286.94971,45.353828,770.53,121.35,CONFIRMED,0.847457627118644,3.41,234.240739
K07845.01,,7664272,283.92191,43.37075,521.81,97.34,FALSE POSITIVE,0.0,1.72,341.01495
K01755.01,,5302006,298.29898,40.470329,1667.71,371.0,FALSE POSITIVE,0.2916666666666667,4.79,6.14631207
K01991.01,,5306720,299.18491,40.484371,1344.74,303.72499999999997,FALSE POSITIVE,0.008086253369272238,39.49,27.36432337
K01836.01,,5389540,298.46799,40.516678,508.65,67.285,FALSE POSITIVE,0.7333333333333333,1.98,10.26231992
K01778.01,,5444384,290.51465,40.693001,1475.47,344.965,FALSE POSITIVE,0.008086253369272238,11.12,1.519529227
K01780.01,,5450814,292.55685,40.638191,385.03,40.305,FALSE POSITIVE,0.008086253369272238,21.23,6.487525901
K07813.01,,7116519,291.39743,42.61702,1477.63,350.635,FALSE POSITIVE,0.0,0.92,0.56676437
K02234.01,,9635510,284.6947,46.372589,1327.3,332.725,FALSE POSITIVE,0.008086253369272238,21.19,2.35197616
K02235.01,,8076630,282.21646,43.93359,541.41,63.665,FALSE POSITIVE,0.008086253369272238,1.88,0.861643331
K02239.01,,4077901,296.42896,39.133759,279.08,37.879999999999995,FALSE POSITIVE,0.018867924528301886,1.09,12.1097626
K02240.01,,10271691,290.88684,47.326679,483.97,57.06,FALSE POSITIVE,0.0,0.76,63.909601
K02244.01,,10544677,295.54919,47.72657,1038.14,249.945,FALSE POSITIVE,0.018867924528301886,49.24,19.7352868
K07824.01,,7199883,291.64459,42.722351,580.75,129.87,FALSE POSITIVE,0.008086253369272238,0.56,0.566799125
K02135.02,,9904006,296.80344,46.74115,764.6,124.07499999999999,CANDIDATE,1.0,1.39,20.1890396
K03941.01,,8552587,288.90982,44.60836,828.63,197.265,FALSE POSITIVE,0.008086253369272238,24.17,1.061935973
K03942.01,,6019872,282.54819,41.334431,387.05,47.39,FALSE POSITIVE,0.008086253369272238,14.96,1.485898163
K03943.01,Kepler-1931 b,7679812,290.87228,43.333,488.21,68.735,CONFIRMED,0.4883720930232558,2.05,38.5763483
K03944.01,,4864734,298.69202,39.984039,1577.81,655.03,FALSE POSITIVE,0.008086253369272238,77.83,1.845610523
K07834.01,,7366501,292.94757,42.904308,1017.92,212.32,CANDIDATE,0.018867924528301886,1.0,7.3812344
K04015.01,Kepler-1539 b,8282846,284.21942,44.268539,813.31,64.03,CONFIRMED,0.875,2.67,133.303247
K04016.01,Kepler-1540 b,5938970,283.34448,41.20174,293.37,17.145,CONFIRMED,0.875,3.14,125.4132302
K04017.01,,8381693,297.13824,44.378078,989.18,350.33,FALSE POSITIVE,0.008086253369272238,29.53,21.5702917
K04018.01,,4929299,293.35101,40.059711,890.47,224.325,FALSE POSITIVE,0.25,1.87,0.868723418
K00266.01,Kepler-508 b,7375348,295.40433,42.981422,331.67,52.335,CONFIRMED,1.0,1.77,25.30893566
K00065.01,,10223615,297.39066,47.223869,444.5,109.97,FALSE POSITIVE,0.008086253369272238,,27.25471993
K00383.01,,3342463,291.52365,38.40519,1021.04,280.975,FALSE POSITIVE,0.008086253369272238,,34.10787519
K00860.01,,6680177,288.24796,42.10746,785.51,161.625,FALSE POSITIVE,0.008086253369272238,,16.61474421
K01789.01,,5565497,299.38208,40.758141,748.77,155.10500000000002,FALSE POSITIVE,0.0,36.77,1.412526202
K01956.01,,5730389,298.0607,40.960732,693.51,139.2,FALSE POSITIVE,0.008086253369272238,6.42,2.759573341
K01834.01,,5802478,295.15802,41.047871,749.72,155.10500000000002,FALSE POSITIVE,0.008086253369272238,1.95,3.79188234
K01995.01,,5942093,284.87454,41.203651,979.31,210.8,FALSE POSITIVE,0.008086253369272238,29.24,14.38724729
K01855.01,,5992270,299.62198,41.212509,298.03,33.239999999999995,FALSE POSITIVE,0.25,3.45,58.4302648
K07814.01,,7117126,291.58408,42.622181,501.59,104.525,FALSE POSITIVE,0.008086253369272238,0.43,0.566717263
K02249.01,,4761060,295.54712,39.861759,1023.23,265.35,FALSE POSITIVE,0.018867924528301886,6.65,13.37935853
K02251.01,,5479802,299.34885,40.621319,1103.7,237.875,FALSE POSITIVE,0.847457627118644,3.55,13.26255423
K02254.01,,5607631,287.80338,40.890228,814.74,152.82999999999998,FALSE POSITIVE,0.008086253369272238,28.96,20.5696575
K02258.01,,4951249,298.35513,40.049938,1226.11,272.985,FALSE POSITIVE,0.4883720930232558,1.7,4.52342256
K02054.01,,9156585,292.63052,45.574219,1105.88,235.48000000000002,FALSE POSITIVE,0.4883720930232558,4.56,22.32423657
K03945.01,,3121340,292.52948,38.282848,1069.01,696.7249999999999,FALSE POSITIVE,0.008086253369272238,52.16,0.723947772
K03946.01,Kepler-1533 b,8636434,295.97556,44.713451,734.42,120.215,CONFIRMED,0.9629629629629629,3.28,308.544422
K03948.01,,6045250,292.69489,41.336418,1293.4,280.915,FALSE POSITIVE,0.0,48.79,0.909310626
K03949.01,,5598595,283.75253,40.842369,654.19,85.05,FALSE POSITIVE,0.008086253369272238,1.08,0.648774274
K00562.01,,6681233,288.63629,42.138191,641.59,94.33,FALSE POSITIVE,0.008086253369272238,,32.63286247
K00364.01,,7296438,295.87231,42.881149,163.32,10.18,CANDIDATE,0.008086253369272238,,173.92851338
K00879.01,,7351237,287.99161,42.933769,1121.96,214.05,FALSE POSITIVE,0.008086253369272238,,25.64384513
K00885.01,,7436215,289.11868,43.077389,631.3,79.98,FALSE POSITIVE,0.008086253369272238,,25.58546721
K00589.01,,9763754,288.6496,46.597752,699.33,117.86,FALSE POSITIVE,0.0,0.93,17.47702
K00594.01,,10216045,294.98788,47.21986,583.62,83.41,FALSE POSITIVE,0.008086253369272238,,16.88954693
K00962.01,,8846163,300.46063,45.01384,74.51,5.755,FALSE POSITIVE,0.008086253369272238,,26.77891391
K00973.01,,12366681,296.08609,51.127041,261.44,17.895,FALSE POSITIVE,0.008086253369272238,,13.33386985
K01026.01,,1996399,286.40833,37.426762,168.38,11.64,FALSE POSITIVE,0.008086253369272238,,94.10628163
K01027.01,,2697169,287.20215,37.94825,979.24,203.885,FALSE POSITIVE,0.008086253369272238,,14.71266408
K01131.01,,8435247,293.539,44.494919,643.44,81.7,FALSE POSITIVE,0.008086253369272238,28.44,0.696125302
K01137.01,,8332986,301.70923,44.281792,490.79,43.605000000000004,FALSE POSITIVE,0.008086253369272238,40.73,302.38867822
K01411.01,,9425139,298.99509,45.909512,537.33,76.34,CANDIDATE,0.847457627118644,7.82,305.0762469
K01744.01,,6364327,291.91602,41.74741,712.46,144.64999999999998,FALSE POSITIVE,0.008086253369272238,20.41,5.24372504
K01740.01,,6762829,286.83035,42.279202,1111.02,103.96000000000001,FALSE POSITIVE,0.008086253369272238,30.77,18.795269797
K01918.01,,7369865,293.93689,42.961559,1690.13,798.25,FALSE POSITIVE,0.625,12.62,42.2625935
K01748.01,,7593110,286.42599,43.264278,1288.83,283.895,FALSE POSITIVE,0.008086253369272238,24.15,3.549386251
K01943.01,Kepler-1676 b,7810483,287.23676,43.567211,908.6,218.29000000000002,CONFIRMED,0.847457627118644,3.09,29.92208104
K07815.01,,7117147,291.5907,42.669891,707.87,186.19,FALSE POSITIVE,0.008086253369272238,0.71,0.566812588
K02262.01,,6634133,298.64505,42.089851,506.79,120.885,FALSE POSITIVE,0.018867924528301886,19.64,9.94221873
K02267.01,,7021534,287.79138,42.574108,659.28,138.445,FALSE POSITIVE,0.2916666666666667,1.46,9.06557317
K02268.01,,9277210,290.30646,45.750931,629.57,203.81,FALSE POSITIVE,0.008086253369272238,1.21,4.9432827
K02270.01,,9728465,298.26663,46.412991,1045.47,267.805,FALSE POSITIVE,0.008086253369272238,2.29,7.35390869
K02275.01,,7124026,293.67361,42.666458,482.9,110.335,FALSE POSITIVE,0.25,1.41,15.7455586
K07825.01,,7200485,291.82965,42.737679,887.7,190.99,FALSE POSITIVE,0.0,0.59,0.566796615
K02135.03,Kepler-361 b,9904006,296.80344,46.74115,764.6,124.07499999999999,CONFIRMED,1.0,1.34,8.48651582
K03950.01,,4544572,285.87708,39.690689,1512.41,356.38,FALSE POSITIVE,0.008086253369272238,33.45,2.189092892
K03951.01,,5738634,299.70813,40.921909,1612.17,451.125,FALSE POSITIVE,0.25,3.05,2.40435335
K03952.01,,10152836,296.03668,47.180119,871.87,190.935,FALSE POSITIVE,0.6931853755156739,5.24,220.9290121
K03953.01,,10651816,285.37082,47.946499,710.79,142.115,FALSE POSITIVE,0.008086253369272238,19.66,3.1877519
K07835.01,,7367164,293.13828,42.965141,794.44,154.15,CANDIDATE,0.008086253369272238,0.87,3.76565247
K01351.01,,6964043,296.01447,42.422279,1055.69,228.05,FALSE POSITIVE,0.008086253369272238,39.84,10.72396374
K01195.01,,3644523,291.16675,38.78019,1564.77,361.865,FALSE POSITIVE,0.008086253369272238,36.8,119.67747
K01483.01,,11909686,289.1524,50.253159,916.59,135.25,FALSE POSITIVE,0.008086253369272238,50.98,185.9526325
K00111.04,,6678383,287.60461,42.166779,383.28,49.235,FALSE POSITIVE,0.043478260869565216,,103.62650922
K01611.01,,12644769,289.07571,51.757439,75.44,4.56,FALSE POSITIVE,0.008086253369272238,23.2,41.077590334
K01624.01,,6233890,299.12851,41.58754,1307.38,365.58,FALSE POSITIVE,0.008086253369272238,65.37,2.99540439
K07846.01,,7671950,287.81284,43.362549,1397.67,331.615,CANDIDATE,0.018867924528301886,1.28,10.5994606
K01817.01,,7918172,299.59305,43.693089,909.08,408.21500000000003,FALSE POSITIVE,0.008086253369272238,44.59,63.934965
K01869.01,,8009496,283.19598,43.890968,1202.55,320.47,FALSE POSITIVE,0.4883720930232558,4.79,38.4769457
K01951.01,Kepler-1025 b,8081187,284.51019,43.961658,9416.33,1532.905,CONFIRMED,0.008086253369272238,35.34,37.3228722
K02030.01,,8111919,296.52682,43.960232,896.15,264.585,FALSE POSITIVE,0.043478260869565216,3.68,1.664980224
K01752.01,,8127586,300.43979,43.930729,1038.59,239.56,FALSE POSITIVE,0.4883720930232558,1.82,16.6094904
K07816.01,,7117485,291.70721,42.61335,1000.09,172.2,FALSE POSITIVE,0.008086253369272238,3.37,0.566789505
K02277.01,,2860793,293.20831,38.003319,1131.25,213.16,FALSE POSITIVE,0.008086253369272238,17.88,2.62982665
K02284.01,,3851130,291.69385,38.964069,569.66,185.375,FALSE POSITIVE,0.008086253369272238,1.5,2.69787749
K02292.01,,7257363,282.04895,42.871109,813.47,107.935,FALSE POSITIVE,0.25,1.15,5.23340265
K02301.01,,11922722,295.98465,50.248199,522.78,118.05,FALSE POSITIVE,0.2916666666666667,1.12,3.51289168
K02061.01,Kepler-2001 c,12061969,291.65952,50.583881,834.51,101.215,CONFIRMED,0.9629629629629629,1.82,14.092583189
K07826.01,,7203326,292.73621,42.75972,803.58,203.89,FALSE POSITIVE,0.008086253369272238,1.37,9.087508013
K03954.01,,8030339,292.39539,43.869068,1136.97,238.815,FALSE POSITIVE,0.25,2.17,0.65244373
K03955.01,,9899414,295.2269,46.772869,1009.46,246.51,FALSE POSITIVE,0.0,30.04,1.332564704
K03956.01,,5471059,297.55859,40.63467,655.48,123.47,FALSE POSITIVE,0.018867924528301886,49.84,2.636899795
K03957.01,,7458309,295.5495,43.047722,570.01,109.955,FALSE POSITIVE,0.008086253369272238,17.38,0.660629055
K03958.01,,7777372,298.83673,43.44302,729.9,161.505,FALSE POSITIVE,0.008086253369272238,1.14,0.885123683
K07836.01,,7377200,295.87747,42.983631,947.9,296.545,FALSE POSITIVE,0.008086253369272238,4.11,471.65421
K01625.01,,6312314,298.84198,41.631531,677.91,155.58499999999998,FALSE POSITIVE,0.043478260869565216,1.1,1.221204888
K01617.01,,6387969,298.20071,41.72921,432.8,108.33500000000001,FALSE POSITIVE,0.008086253369272238,,135.90795753
K01620.01,,6468337,298.55786,41.82563,454.61,148.2,FALSE POSITIVE,0.018867924528301886,1.3,0.959853772
K01631.01,,9084778,290.28094,45.46426,559.11,54.68,CANDIDATE,0.008086253369272238,6.77,0.592243731
K01634.01,,10357040,297.89221,47.498089,1139.91,247.28,FALSE POSITIVE,0.008086253369272238,1.91,46.882525
K01614.01,,10514429,281.27295,47.774399,197.1,35.42,FALSE POSITIVE,0.25,1.85,20.7191626
K07847.01,,7747103,289.7308,43.497368,2190.46,718.655,CANDIDATE,0.018867924528301886,3.93,399.37587
K01919.01,,8127607,300.4472,43.929539,539.76,73.75,FALSE POSITIVE,0.25,6.64,16.60973843
K01743.01,,8129042,300.79263,43.96748,1694.71,474.62,FALSE POSITIVE,0.25,5.06,54.323118
K01741.01,,8180020,296.49356,44.052319,1080.22,209.70999999999998,FALSE POSITIVE,0.008086253369272238,19.04,5.803127153
K01767.01,,8223328,287.8569,44.102798,278.77,25.635,FALSE POSITIVE,0.008086253369272238,719.49,35.51619219
K01769.01,,8444552,296.60672,44.472919,393.61,60.185,FALSE POSITIVE,0.0,39.51,0.589049151
K02065.01,Kepler-1789 b,6342333,282.86319,41.79668,634.5,59.215,CONFIRMED,0.9629629629629629,3.24,80.2321467
K02068.01,,10674871,295.46463,47.90807,851.38,187.345,CANDIDATE,0.008086253369272238,32.16,41.88970036
K02070.01,,6032517,288.51645,41.381962,937.68,219.90499999999997,FALSE POSITIVE,0.008086253369272238,4.51,1.791406261
K02077.01,,4768846,297.13702,39.891842,1359.67,349.17,FALSE POSITIVE,0.008086253369272238,2.89,1.25483232
K02085.01,,8260234,299.78946,44.171001,415.14,65.36,FALSE POSITIVE,0.9629629629629629,1.26,5.71483873
K03959.01,,9282769,292.60968,45.708881,701.39,169.75,FALSE POSITIVE,0.0,27.36,1.332567005
K02147.02,Kepler-362 b,10404582,291.77164,47.5299,834.23,98.525,CONFIRMED,0.847457627118644,1.25,10.32736351
K03960.01,,7777416,298.8461,43.403519,901.61,180.43,FALSE POSITIVE,0.008086253369272238,1.97,2.54557259
K03961.01,,7597005,288.08798,43.208172,1216.35,285.645,FALSE POSITIVE,0.008086253369272238,1.72,0.704541784
K03962.01,,5479717,299.33234,40.69503,784.07,102.475,FALSE POSITIVE,0.008086253369272238,28.06,0.697996932
K03963.01,,3764714,295.73996,38.862282,1277.83,340.615,FALSE POSITIVE,0.008086253369272238,85.25,6.63449721
K01623.01,,11392618,285.90607,49.287521,373.58,68.82499999999999,FALSE POSITIVE,0.9642857142857143,3.71,110.9215892
K01657.01,,4474645,294.34216,39.562359,543.6,93.35,FALSE POSITIVE,0.008086253369272238,21.04,3.88673217
K01658.01,Kepler-76 b,4570949,294.19211,39.618999,794.54,140.58,CONFIRMED,0.4883720930232558,13.43,1.544928892
K01663.01,,4927315,292.79404,40.074581,1162.97,268.86,FALSE POSITIVE,0.847457627118644,3.12,11.76921923
K01664.01,,4928119,293.02615,40.073051,1467.5,362.94,FALSE POSITIVE,0.0,50.33,44.638983058
K03104.01,,11518201,296.68945,49.44677,964.94,203.63500000000002,CANDIDATE,0.25,1.75,1.236866732
K03118.01,,10861608,291.97382,48.26231,650.01,87.725,FALSE POSITIVE,0.0,,174.95980475
K03121.01,,10934313,297.53055,48.38747,1158.71,285.395,FALSE POSITIVE,0.008086253369272238,1.31,1.926888595
K01422.05,Kepler-296 e,11497958,286.54001,49.437328,172.3,27.675,CONFIRMED,1.0,1.06,34.1420506
K03133.01,,7516809,288.24615,43.135841,1016.63,178.98,FALSE POSITIVE,0.008086253369272238,1.16,0.241842544
K03134.01,,6115516,289.25012,41.484871,1377.24,357.65999999999997,FALSE POSITIVE,0.008086253369272238,1.53,0.865759153
K03137.01,,9758032,285.20944,46.540909,898.29,133.76,CANDIDATE,0.25,0.85,1.332035996
K03139.01,,5640511,297.15662,40.898788,795.04,193.11499999999998,FALSE POSITIVE,0.008086253369272238,,0.63624396
K03143.01,,7336093,281.11948,42.9944,420.13,38.665,FALSE POSITIVE,0.008086253369272238,,4.4040248
K03149.01,,10196493,286.65024,47.242329,833.74,186.44,FALSE POSITIVE,0.008086253369272238,,9.81101738
K00351.05,Kepler-90 c,11442793,284.4335,49.305161,808.63,118.35999999999999,CONFIRMED,1.0,1.53,8.71980135
K00351.06,Kepler-90 b,11442793,284.4335,49.305161,808.63,118.35999999999999,CONFIRMED,1.0,1.29,7.00821787
K02881.01,,7812455,288.17081,43.501202,1235.54,291.47,FALSE POSITIVE,0.0,33.18,0.903583394
K02893.01,,9520443,289.20413,46.133911,866.66,113.215,FALSE POSITIVE,0.4883720930232558,1.34,0.99014722
K02902.01,,10601465,292.44772,47.858952,472.78,50.195,FALSE POSITIVE,0.0,,138.61227705
K02909.01,,7461307,296.23697,43.014149,744.35,158.07999999999998,FALSE POSITIVE,0.25,0.82,0.77359329
K02916.01,,7269881,287.73572,42.823421,442.94,55.364999999999995,FALSE POSITIVE,0.043478260869565216,0.82,0.306937807
K02925.01,,6974658,298.29819,42.434368,474.18,106.69,CANDIDATE,0.25,1.11,0.716531851
K02934.01,,10964265,285.5463,48.410851,1401.69,341.72,FALSE POSITIVE,0.008086253369272238,1.75,0.637487312
K00918.02,,8672910,283.97751,44.811562,788.21,67.97,FALSE POSITIVE,0.9629629629629629,1.41,5.71489488
K00966.02,,3233043,290.91119,38.335579,758.82,421.225,FALSE POSITIVE,0.008086253369272238,,7.76967007
K01961.02,,7269493,287.57117,42.813919,285.87,24.810000000000002,FALSE POSITIVE,0.018867924528301886,1.36,76.642481
K02037.02,,9634821,284.34274,46.316551,771.28,176.385,CANDIDATE,0.9629629629629629,2.17,5.47715718
K02473.02,,8753896,291.95999,44.900021,1016.71,78.775,FALSE POSITIVE,0.018867924528301886,,73.45736853
K02533.02,,11074835,286.71564,48.645279,1232.6,231.76,FALSE POSITIVE,0.043478260869565216,,9.49361221
K02570.02,,10812504,297.29269,48.11438,228.2,27.845,FALSE POSITIVE,0.008086253369272238,,4.4296786
K02586.02,,9827149,290.17618,46.698341,1338.66,301.53499999999997,FALSE POSITIVE,0.25,1.69,5.9703813
K02612.02,,9602613,297.14883,46.296951,222.16,24.025,CANDIDATE,0.875,0.53,7.57299816
K02631.02,,7584650,282.23969,43.244049,537.75,54.08,FALSE POSITIVE,0.008086253369272238,,3.95383243
K01871.02,Kepler-1996 b,9758089,285.25366,46.582191,401.15,28.66,CONFIRMED,1.0,2.26,32.376183
K01783.02,Kepler-1662 c,10005758,289.34143,46.988239,913.44,157.7,CONFIRMED,0.9629629629629629,6.36,284.063137
K02940.01,,9823564,288.28134,46.637909,1456.63,305.55,FALSE POSITIVE,0.0,,129.68366098
K02941.01,,9532424,294.29269,46.159409,895.2,206.94,FALSE POSITIVE,0.847457627118644,1.62,4.30908594
K02947.01,,9950316,291.38715,46.88168,642.0,103.635,FALSE POSITIVE,0.008086253369272238,0.98,57.104588
K02950.01,,6028860,286.92056,41.371151,561.85,98.095,FALSE POSITIVE,0.008086253369272238,6.69,0.422015793
K02953.01,,6778019,292.01581,42.286572,1090.55,254.295,FALSE POSITIVE,0.008086253369272238,1.14,0.945825494
K02954.01,,4571536,294.34518,39.683929,834.76,118.48,FALSE POSITIVE,0.043478260869565216,1.29,0.676715927
K02957.01,,10904004,282.34305,48.340778,436.66,27.43,CANDIDATE,0.625,0.76,4.64490141
K02974.01,,3336283,289.82767,38.442619,2012.1,475.56,FALSE POSITIVE,0.008086253369272238,0.82,0.576441813
K02983.01,,5695904,288.71979,40.986141,147.8,18.09,FALSE POSITIVE,0.008086253369272238,0.58,0.423854275
K02988.01,,1725415,292.3407,37.279861,1226.83,214.02,FALSE POSITIVE,0.0,,2.43731228
K02993.01,,11304987,295.56525,49.073139,1201.47,276.78000000000003,FALSE POSITIVE,0.0,32.44,0.692693892
K03001.01,,11709423,289.92453,49.882469,872.11,142.10000000000002,FALSE POSITIVE,0.008086253369272238,4.09,0.768934934
K03006.01,,8758136,293.61337,44.975422,1311.93,314.195,FALSE POSITIVE,0.008086253369272238,1.1,0.998212785
K03009.01,Kepler-1409 b,12405333,290.08478,51.208599,780.09,125.23499999999999,CONFIRMED,0.625,1.04,0.764863517
K03016.01,,10617638,297.94925,47.816399,883.55,192.07,FALSE POSITIVE,0.25,1.16,0.710894157
K03024.01,,12833566,289.46765,52.19809,661.19,250.41,FALSE POSITIVE,0.008086253369272238,1.49,0.537839241
K03044.01,,9153554,291.38965,45.527168,1266.12,293.05,FALSE POSITIVE,0.018867924528301886,2.25,0.373684977
K03046.01,,8161830,290.41016,44.063541,388.22,67.19,FALSE POSITIVE,0.0,,1.10118564
K03054.01,,6461850,297.10153,41.876862,781.33,96.455,FALSE POSITIVE,0.25,1.03,0.544962596
K03062.01,,7613246,293.57123,43.28648,875.99,171.70499999999998,FALSE POSITIVE,0.018867924528301886,0.9,0.769127296
K03076.01,,11551715,287.62094,49.584629,817.15,133.21,FALSE POSITIVE,0.0,,225.56791218
K03077.01,Kepler-1899 b,2715695,292.03348,37.974548,736.18,76.5,CONFIRMED,0.9629629629629629,1.64,4.09578199
K00351.04,Kepler-90 e,11442793,284.4335,49.305161,808.63,118.35999999999999,CONFIRMED,1.0,2.62,91.9401253
K03079.01,,6312171,298.81332,41.627468,914.18,185.78,FALSE POSITIVE,0.008086253369272238,,92.57337995
K03080.01,,10665043,291.63528,47.932018,771.66,109.64500000000001,FALSE POSITIVE,0.0,,185.0097245
K03094.01,Kepler-1904 b,12352520,288.87436,51.154121,261.53,20.29,CONFIRMED,0.9629629629629629,1.33,4.5770016
K03096.01,Kepler-1425 b,7455981,294.95102,43.012428,397.91,66.245,CONFIRMED,0.25,0.72,14.4540329
K03100.01,,7107561,288.49313,42.692478,1042.68,266.635,FALSE POSITIVE,0.008086253369272238,1.54,0.812587678
K03102.01,,9605552,297.96048,46.227921,209.56,47.19,CANDIDATE,0.008086253369272238,0.61,9.3210841
K03103.01,,11237332,288.27991,48.950523,793.63,341.975,FALSE POSITIVE,0.008086253369272238,1.21,19.3073774
K00068.01,,8669092,281.89307,44.827461,1360.49,418.185,FALSE POSITIVE,0.0,80.25,1.000840564
K01599.02,Kepler-1659 b,5474613,298.37384,40.61842,904.58,199.045,CONFIRMED,0.7333333333333333,22.29,13.6164547
K02793.02,Kepler-1350 c,9823519,288.25058,46.679611,276.79,33.655,CONFIRMED,0.990463508838195,1.4,1.766789509
K03077.02,,2715695,292.03348,37.974548,736.18,76.5,CANDIDATE,0.847457627118644,1.46,7.55842923
K00339.03,Kepler-529 d,10587105,285.88837,47.880379,807.66,130.76,CONFIRMED,0.9629629629629629,2.44,35.8656484
K00577.02,Kepler-607 b,8558011,291.05722,44.632381,556.83,111.165,CONFIRMED,0.847457627118644,0.91,0.638162933
K07854.01,,7885494,289.94556,43.665932,1270.59,267.0,FALSE POSITIVE,0.008086253369272238,0.86,1.72929014
K05148.01,,5281714,293.74628,40.41774,1500.0,381.75,FALSE POSITIVE,0.008086253369272238,2.38,40.301684
K05149.01,,5283728,294.27399,40.462078,1027.87,206.665,CANDIDATE,0.008086253369272238,1.33,43.681309
K05150.01,,5289857,295.78586,40.479771,682.89,368.93,FALSE POSITIVE,0.018867924528301886,2.19,26.524553
K05151.01,,5303185,298.51175,40.459469,956.31,215.85,FALSE POSITIVE,0.008086253369272238,1.47,26.1537851
K05152.01,,5308777,299.5773,40.498508,2321.57,468.6,FALSE POSITIVE,0.008086253369272238,37.61,0.944598153
K05153.01,,5364090,292.29816,40.52459,165.34,10.44,FALSE POSITIVE,0.0,0.9,354.63284
K05154.01,,5370944,294.22009,40.592232,642.88,128.725,FALSE POSITIVE,0.008086253369272238,,35.40103336
K05155.01,,5374838,295.21255,40.516911,1669.62,147.82,CANDIDATE,0.9629629629629629,7.57,230.180357
K05272.01,,6364143,291.85382,41.764042,779.49,168.245,FALSE POSITIVE,0.008086253369272238,0.75,5.2433865
K05273.01,,6364307,291.91058,41.75098,955.44,149.85,FALSE POSITIVE,0.043478260869565216,12.68,5.2435703
K05274.01,,6366559,292.633,41.749222,436.22,97.86,CANDIDATE,0.018867924528301886,1.59,55.7583803
K05275.01,,6367663,292.99493,41.712749,1119.1,291.16499999999996,CANDIDATE,0.008086253369272238,1.16,3.781123
K05276.01,,6368905,293.36475,41.788891,811.02,111.91499999999999,CANDIDATE,0.2916666666666667,2.0,220.720142
K05277.01,,6369548,293.56754,41.763981,1431.65,185.63,FALSE POSITIVE,0.008086253369272238,20.5,634.84739
K05278.01,,6372194,294.33594,41.747532,911.0,133.39000000000001,CANDIDATE,0.4883720930232558,7.22,281.5921577
K05279.01,,6387557,298.11356,41.712749,974.37,135.595,CANDIDATE,0.25,1.95,103.722152
K03376.01,,3098843,286.23264,38.202888,785.92,177.58,FALSE POSITIVE,0.9629629629629629,1.84,29.9756697
K03381.02,,3958301,292.55002,39.023811,1535.24,363.1,FALSE POSITIVE,0.018867924528301886,4.02,387.56519
K03447.01,,5353137,288.89194,40.563141,137.81,19.12,FALSE POSITIVE,0.4883720930232558,0.74,31.5073649
K03453.01,,4932689,294.23987,40.012131,1703.57,375.94500000000005,FALSE POSITIVE,0.008086253369272238,31.25,18.1118457
K03463.01,,5294945,296.87976,40.45536,914.66,218.95499999999998,CANDIDATE,0.25,1.42,32.5474295
K03478.01,Kepler-1697 b,7742408,287.66339,43.471451,567.41,301.81,CONFIRMED,0.847457627118644,2.97,33.4969115
K05030.01,,3968809,295.18872,39.01865,3171.39,867.605,CANDIDATE,0.008086253369272238,2.61,411.8969
K05031.01,,3970397,295.51279,39.08849,322.02,42.4,FALSE POSITIVE,0.008086253369272238,,34.33339948
K05032.01,,3973549,296.10361,39.056221,766.48,177.51,FALSE POSITIVE,0.043478260869565216,3.39,1.389947459
K05033.01,,3974928,296.35797,39.078579,1002.81,619.45,CANDIDATE,0.008086253369272238,5.52,127.671711
K05034.01,,4058169,291.8476,39.143566,707.34,194.63,FALSE POSITIVE,0.008086253369272238,70.53,282.5363563
K05035.01,,4063943,293.29913,39.188389,431.3,47.355000000000004,CANDIDATE,0.0,,115.23145073
K05036.01,,4068391,294.40005,39.171589,1126.8,266.6,FALSE POSITIVE,0.008086253369272238,2.87,289.490952
K05037.01,,4071638,295.16342,39.180187,10644.26,1330.535,CANDIDATE,0.008086253369272238,134.79,349.58811
K05156.01,,5390913,298.7175,40.541969,392.58,128.835,CANDIDATE,0.0,30.88,1.680254289
K05157.01,,5391911,298.89673,40.578529,1869.0,258.925,FALSE POSITIVE,0.0,21.02,0.782068488
K05158.01,,5394585,299.38071,40.535671,1451.36,358.03000000000003,CANDIDATE,0.008086253369272238,4.41,151.13008
K05159.01,,5397106,299.84723,40.507771,1038.22,232.005,FALSE POSITIVE,0.0,,440.65087204
K05160.01,,5425643,282.9101,40.646519,424.67,45.83,CANDIDATE,0.0,,258.63797782
K05161.01,,5425908,283.03632,40.644989,710.1,180.76999999999998,FALSE POSITIVE,0.0,,289.76961138
K05162.01,,5428199,284.19696,40.641251,69.63,6.395,CANDIDATE,0.018867924528301886,0.95,628.15844
K05163.01,,5436415,287.8595,40.687962,1912.23,568.135,FALSE POSITIVE,0.008086253369272238,8.0,273.223848
K05280.01,,6387887,298.18536,41.733952,25095.17,6894.885,FALSE POSITIVE,0.0,281.62,0.650701055
K05281.01,,6425377,284.98364,41.881351,2263.21,364.375,CANDIDATE,0.008086253369272238,23.91,263.90141
K05282.01,,6428602,286.52179,41.822239,1621.14,177.425,FALSE POSITIVE,0.008086253369272238,16.91,59.742966
K05283.01,,6442735,291.76413,41.86013,699.97,78.245,CANDIDATE,0.043478260869565216,0.83,18.7821603
K05284.01,,6443093,291.89035,41.816818,763.49,162.67,CANDIDATE,0.008086253369272238,27.61,389.316341
K05285.01,,6447372,293.28232,41.854622,373.63,36.045,FALSE POSITIVE,0.008086253369272238,1.34,405.32064
K05286.01,,6461675,297.05902,41.84322,2015.97,392.985,FALSE POSITIVE,0.008086253369272238,10.76,342.830882
K05287.01,,6509282,287.33041,41.974899,5641.11,1313.735,CANDIDATE,0.008086253369272238,28.1,3.98916186
K03494.01,Kepler-1926 b,8231667,291.19882,44.166241,899.22,148.78,CONFIRMED,0.7333333333333333,2.67,42.8774169
K03508.01,,6697817,293.62357,42.129639,818.76,87.025,CANDIDATE,0.4883720930232558,1.67,190.800788
K03509.01,,3439096,290.1488,38.513279,3144.58,510.40000000000003,FALSE POSITIVE,0.008086253369272238,164.46,2.97601892
K03781.01,,3324644,285.88864,38.486858,1759.42,710.04,FALSE POSITIVE,0.0,399.44,2.882424694
K03791.02,Kepler-460 c,5437945,288.47485,40.65136,917.33,242.54500000000002,CONFIRMED,0.9642857142857143,5.94,220.142913
K04920.01,,1161949,291.17801,36.87458,1096.61,148.875,FALSE POSITIVE,0.008086253369272238,3.32,473.95103
K05038.01,,4077252,296.30716,39.117119,1716.04,549.015,FALSE POSITIVE,0.008086253369272238,2.28,0.534109403
K05039.01,,4077767,296.40408,39.169811,781.89,95.7,FALSE POSITIVE,0.008086253369272238,2825.04,168.77118
K05040.01,,4135912,284.66583,39.252041,1606.22,339.32,CANDIDATE,0.25,2.87,29.6094263
K05041.01,,4144238,287.83432,39.214298,879.64,149.89,FALSE POSITIVE,0.008086253369272238,30.24,22.9138322
K05042.01,,4147171,288.78134,39.28825,1502.57,356.545,FALSE POSITIVE,0.008086253369272238,2.37,538.36855
K05043.01,,4149060,289.31668,39.235088,1092.56,251.315,FALSE POSITIVE,0.008086253369272238,1.79,65.5327181
K05044.01,,4150972,289.8313,39.278,418.98,107.425,CANDIDATE,0.008086253369272238,1.37,161.537665
K05045.01,,4160006,292.1795,39.238621,1148.86,324.92,FALSE POSITIVE,0.0,107.0,1.018360336
K05164.01,,5436455,287.87424,40.630409,514.99,98.445,CANDIDATE,0.0,1.16,209.967521
K05165.01,,5439000,288.85123,40.692589,742.6,171.035,CANDIDATE,0.008086253369272238,1.66,369.73011
K05166.01,,5440435,289.32834,40.6791,631.17,109.55,FALSE POSITIVE,0.008086253369272238,,78.04064906
K05167.01,,5440472,289.33835,40.62534,1435.81,316.315,FALSE POSITIVE,0.008086253369272238,2.39,396.349253
K05168.01,,5440651,289.39078,40.654781,662.05,84.505,FALSE POSITIVE,0.008086253369272238,26.81,0.502807253
K05169.01,,5443320,290.20547,40.66993,776.8,107.21,CANDIDATE,0.018867924528301886,1.72,21.3684341
K05170.01,,5446961,291.36411,40.626881,2714.57,312.22,FALSE POSITIVE,0.008086253369272238,1.69,149.526152
K05171.01,,5467126,296.6781,40.649029,1774.18,580.69,FALSE POSITIVE,0.008086253369272238,402.16,2.845736321
K05288.01,,6511182,288.12735,41.952801,1059.99,215.235,CANDIDATE,0.018867924528301886,1.9,29.5632952
K05289.01,,6517064,290.15829,41.98978,979.45,218.96,CANDIDATE,0.25,2.04,181.81214
K05290.01,,6517200,290.20068,41.946289,1452.08,231.82999999999998,CANDIDATE,0.0,2.06,435.50635
K05291.01,,6517255,290.21606,41.954571,1458.59,539.51,CANDIDATE,0.008086253369272238,12.74,525.560452
K05292.01,,6522124,291.71484,41.932499,854.82,132.54500000000002,FALSE POSITIVE,0.0,,43.60012467
K05293.01,,6525196,292.71802,41.922459,133.3,17.6,FALSE POSITIVE,0.0,57.97,1.710299164
K05294.01,,6525398,292.79022,41.948639,567.94,58.43,FALSE POSITIVE,0.008086253369272238,2.49,252.04444
K05295.01,,6526377,293.0798,41.94772,1835.15,542.9399999999999,FALSE POSITIVE,0.0,,1.39508873
K04921.01,,1164301,291.69196,36.881409,5361.23,1162.005,CANDIDATE,0.008086253369272238,28.41,95.688682
K04922.01,,1297263,291.94852,36.95208,1056.96,351.83500000000004,FALSE POSITIVE,0.008086253369272238,3.09,153.521361
K04923.01,,1429589,290.75626,37.089809,623.15,70.2,CANDIDATE,0.018867924528301886,1.4,38.168652
K04924.01,,1572948,291.32748,37.126701,1669.28,523.875,FALSE POSITIVE,0.043478260869565216,4.7,3.0031801
K04925.01,,1725193,292.29431,37.26173,988.12,247.225,FALSE POSITIVE,0.008086253369272238,43.7,2.96384168
K04926.01,,1865864,290.87305,37.362179,608.85,67.67,CANDIDATE,0.018867924528301886,1.47,69.089357
K04927.01,,1870398,291.91556,37.322578,1736.81,359.87,FALSE POSITIVE,0.008086253369272238,37.88,43.142257
K04928.01,Kepler-1624 b,1873513,292.57986,37.376411,165.11,12.885000000000002,CONFIRMED,0.875,4.91,3.290304098
K05046.01,,4164511,293.24701,39.236691,946.58,254.835,CANDIDATE,0.018867924528301886,1.44,40.9882124
K05047.01,,4179201,296.32437,39.292881,1165.37,191.13,FALSE POSITIVE,0.008086253369272238,2.83,326.70552
K05048.01,,4241238,284.63876,39.355179,885.2,555.045,CANDIDATE,0.008086253369272238,6.28,138.333748
K05049.01,,4242806,285.18643,39.357288,223.95,25.41,FALSE POSITIVE,0.008086253369272238,1.27,343.49816
K05050.01,,4245861,286.37234,39.3423,871.21,127.9,FALSE POSITIVE,0.008086253369272238,1.24,11.2582311
K05051.01,,4246343,286.5657,39.38969,797.18,334.45000000000005,FALSE POSITIVE,0.0,,139.54219147
K05052.01,,4253860,289.23367,39.38652,5631.65,1714.525,FALSE POSITIVE,0.008086253369272238,444.08,155.046089
K05053.01,,4274816,294.57065,39.331402,695.75,152.89999999999998,FALSE POSITIVE,0.018867924528301886,0.98,14.3641542
K05172.01,,5470851,297.51108,40.61908,1296.61,278.07,FALSE POSITIVE,0.008086253369272238,1.14,12.4276185
K05173.01,,5471108,297.56931,40.619637,293.72,72.405,FALSE POSITIVE,0.25,0.82,12.427076
K05174.01,,5524229,288.87198,40.767059,603.11,131.535,CANDIDATE,0.043478260869565216,6.04,22.4932751
K05175.01,,5525484,289.29504,40.71674,1837.15,242.605,FALSE POSITIVE,0.008086253369272238,19.71,315.502534
K05176.01,,5529385,290.43491,40.777241,609.86,98.91,CANDIDATE,0.0,1.26,215.732414
K05177.01,,5547424,295.62753,40.706249,455.77,54.22,FALSE POSITIVE,0.0,,276.54167976
K05178.01,Kepler-1626 b,5551240,296.50043,40.72123,1038.91,236.77,CONFIRMED,0.018867924528301886,1.24,4.13960513
K05296.01,,6527229,293.33401,41.937321,1360.98,309.295,FALSE POSITIVE,0.0,48.77,200.79976002
K05297.01,,6543192,297.42578,41.932991,621.08,53.73,CANDIDATE,0.043478260869565216,0.8,8.0906952
K05298.01,,6543674,297.54156,41.950901,1238.91,453.955,FALSE POSITIVE,0.0,156.91,1.195515364
K05299.01,,6548429,298.53922,41.986961,930.21,175.43,FALSE POSITIVE,0.008086253369272238,2.04,210.971635
K05300.01,,6594945,288.28122,42.072079,929.29,250.955,CANDIDATE,0.25,2.46,188.954072
K05301.01,,6599305,289.72461,42.00605,898.34,217.5,FALSE POSITIVE,0.008086253369272238,1.5,42.02646
K05302.01,,6600515,290.08987,42.076111,1046.56,238.96,FALSE POSITIVE,0.4883720930232558,2.7,372.04697
K05303.01,,6608090,292.41116,42.039478,519.43,81.35,FALSE POSITIVE,0.0,1.36,438.81524
K04929.01,,2010607,290.50565,37.459011,579.78,38.010000000000005,FALSE POSITIVE,0.008086253369272238,20.83,18.622214
K04930.01,,2015013,291.55548,37.44516,972.49,198.19,FALSE POSITIVE,0.018867924528301886,2.1,27.8923345
K04931.01,,2019199,292.48621,37.404339,1483.79,268.425,CANDIDATE,0.008086253369272238,2.71,579.81521
K04932.01,,2158460,291.06418,37.535751,1441.65,310.63,CANDIDATE,0.0,,19.12788374
K04933.01,,2163226,292.10245,37.56691,1117.54,239.41500000000002,FALSE POSITIVE,0.0,2.08,452.10093
K04934.01,,2165352,292.54315,37.555759,422.25,26.97,FALSE POSITIVE,0.008086253369272238,17.97,0.7906069
K04935.01,,2305255,291.96451,37.60878,947.63,208.37,FALSE POSITIVE,0.018867924528301886,3.04,24.5714867
K04936.01,,2305543,292.02686,37.600651,308.36,62.39,FALSE POSITIVE,0.0,45.75,0.681137796
K05054.01,,4276114,294.85513,39.30534,1015.86,195.425,FALSE POSITIVE,0.0,144.2,3.722404453
K05055.01,,4281023,295.87695,39.336391,1287.92,470.51,FALSE POSITIVE,0.008086253369272238,10.13,230.385488
K05056.01,,4281700,296.01428,39.35688,710.93,127.28999999999999,FALSE POSITIVE,0.0,,222.84909312
K05057.01,,4346339,285.34329,39.413849,934.04,219.345,CANDIDATE,0.018867924528301886,7.15,493.74242
K05058.01,,4365461,291.69095,39.425442,887.03,269.46,FALSE POSITIVE,0.0,116.92,1.714414962
K05059.01,,4366923,292.11526,39.49855,923.49,184.155,FALSE POSITIVE,0.008086253369272238,43.47,646.28789332
K05060.01,,4449752,286.85861,39.592579,600.6,207.59499999999997,FALSE POSITIVE,0.008086253369272238,1.11,290.438547
K05061.01,,4455763,289.07651,39.570438,1498.53,347.585,FALSE POSITIVE,0.008086253369272238,15.64,0.766298172
K05179.01,,5563057,298.91757,40.716961,819.68,211.45999999999998,FALSE POSITIVE,0.008086253369272238,0.84,1.049468616
K05180.01,,5565261,299.33298,40.714352,1364.56,514.97,FALSE POSITIVE,0.008086253369272238,89.55,2.362348096
K05181.01,,5602409,285.63928,40.84763,3358.29,682.355,FALSE POSITIVE,0.008086253369272238,17.22,136.830243
K05182.01,,5603270,286.04263,40.860291,723.35,178.655,FALSE POSITIVE,0.008086253369272238,1.96,103.284757
K05183.01,,5612111,289.39359,40.896339,1183.37,274.17,FALSE POSITIVE,0.008086253369272238,1.69,36.1904638
K05184.01,,5616628,290.76614,40.881691,1558.67,367.485,FALSE POSITIVE,0.008086253369272238,2.82,419.75224
K05185.01,,5623137,292.76889,40.816181,855.45,217.01,FALSE POSITIVE,0.0,1.53,419.95929
K05304.01,,6611779,293.47052,42.0965,419.8,108.99000000000001,FALSE POSITIVE,0.008086253369272238,2.36,206.309658
K05305.01,,6612411,293.64468,42.033489,998.5,241.53,FALSE POSITIVE,0.008086253369272238,4.92,8.46184728
K05306.01,,6612973,293.80481,42.026001,556.51,170.335,FALSE POSITIVE,0.0,1.69,681.01756
K05307.01,,6615600,294.51157,42.090149,1308.52,254.41500000000002,FALSE POSITIVE,0.25,1.32,2.19509634
K05308.01,,6634112,298.64252,42.092831,473.28,81.035,CANDIDATE,0.008086253369272238,22.15,9.942228056
K05309.01,,6635813,298.98239,42.082619,735.41,149.275,FALSE POSITIVE,0.0,,141.00582791
K05310.01,,6675757,286.52942,42.167511,621.81,70.8,CANDIDATE,0.008086253369272238,1.13,22.2903562
K05311.01,,6677415,287.21124,42.107719,754.48,92.33500000000001,FALSE POSITIVE,0.008086253369272238,1.64,73.9239955
K04937.01,,2309910,292.97159,37.65733,978.88,236.77,FALSE POSITIVE,0.008086253369272238,25.26,1.8437362
K04938.01,,2310993,293.22018,37.610699,1539.95,356.725,CANDIDATE,0.4883720930232558,2.37,55.180772
K04939.01,,2437209,290.20993,37.725979,5661.57,1219.0149999999999,FALSE POSITIVE,0.008086253369272238,56.94,281.36926
K04940.01,,2437653,290.24103,37.785221,3826.4,375.43500000000006,CANDIDATE,0.008086253369272238,1.72,84.6405853
K04941.01,,2438406,290.31512,37.742451,1695.25,446.125,FALSE POSITIVE,0.018867924528301886,3.69,262.71162
K04942.01,,2452289,293.41391,37.799492,1111.89,324.205,FALSE POSITIVE,0.008086253369272238,1.88,6.0353643
K04943.01,,2555080,286.0947,37.846722,8318.08,1058.97,CANDIDATE,0.0,113.97,15.2024426
K04944.01,,2569488,290.17807,37.852039,2813.48,549.825,FALSE POSITIVE,0.008086253369272238,22.88,1.52327807
K05062.01,,4459503,290.14111,39.532299,942.17,132.685,FALSE POSITIVE,0.0,,260.31119904
K05063.01,,4464689,291.68643,39.510571,1027.9,358.895,FALSE POSITIVE,0.008086253369272238,3.11,574.37064
K05064.01,,4469825,293.1196,39.562302,1365.2,371.405,FALSE POSITIVE,0.0,1.81,253.87706
K05065.01,,4470888,293.40259,39.567131,1373.96,292.12,FALSE POSITIVE,0.0,17.45,523.36921
K05066.01,,4471313,293.51175,39.528271,955.56,157.78,CANDIDATE,0.008086253369272238,2.4,110.089267
K05067.01,,4478142,295.1868,39.575691,625.6,61.095,CANDIDATE,0.008086253369272238,2.3,219.931324
K05068.01,,4484179,296.4227,39.579391,1424.87,320.025,CANDIDATE,0.018867924528301886,1.57,385.29212
K05186.01,,5623839,292.98447,40.813019,1194.94,318.81,FALSE POSITIVE,0.008086253369272238,1.33,80.292171
K05187.01,,5650420,299.19092,40.822639,2238.49,281.40000000000003,FALSE POSITIVE,0.008086253369272238,27.45,1.049406508
K05188.01,,5650930,299.28336,40.834389,1324.32,349.78,CANDIDATE,0.0,2.09,455.195496
K05189.01,,5653152,299.70837,40.864239,592.92,53.625,FALSE POSITIVE,0.25,2.49,3.58957045
K05191.01,,5685113,283.92465,40.968391,435.77,46.364999999999995,FALSE POSITIVE,0.008086253369272238,0.8,37.078668
K05192.01,,5697395,289.22729,40.94949,555.01,35.385,CANDIDATE,0.008086253369272238,0.94,50.55398
K05193.01,,5698524,289.59616,40.92783,569.35,99.43,FALSE POSITIVE,0.0,1.42,228.196872
K05328.01,,6784887,293.99109,42.26086,1025.07,235.33,FALSE POSITIVE,0.0,50.54,44.714450094
K05329.01,,6805414,298.64493,42.285831,1206.74,269.64,CANDIDATE,0.018867924528301886,10.99,200.2350497
K05330.01,,6864891,292.36017,42.38184,262.95,22.475,FALSE POSITIVE,0.018867924528301886,0.92,40.8801539
K05331.01,,6869373,293.66772,42.320541,750.27,58.615,CANDIDATE,0.018867924528301886,1.17,31.5034587
K05332.01,,6875342,295.23825,42.322361,845.24,204.78,CANDIDATE,0.008086253369272238,1.09,22.2381062
K05333.01,,6879183,296.10648,42.354279,1316.7,295.855,CANDIDATE,0.7333333333333333,1.67,20.5477769
K07855.01,,7891264,291.875,43.626709,713.63,93.815,FALSE POSITIVE,0.008086253369272238,2.72,25.166806
K05334.01,,6880123,296.30859,42.390179,768.96,196.35000000000002,FALSE POSITIVE,0.008086253369272238,2.96,323.972022
K05335.01,,6891512,298.79889,42.390888,362.4,119.64,FALSE POSITIVE,0.0,124.23,1.752562808
K04945.01,,2569516,290.1824,37.81876,1379.38,431.585,FALSE POSITIVE,0.008086253369272238,2.42,45.5827119
K04946.01,,2570432,290.28079,37.882172,2234.42,477.365,FALSE POSITIVE,0.008086253369272238,25.67,1.89140138
K04947.01,,2574543,291.18762,37.8535,3697.81,1000.62,FALSE POSITIVE,0.008086253369272238,403.01,6.70258007
K04948.01,,2578811,292.08344,37.814678,3398.56,528.84,FALSE POSITIVE,0.0,30.47,6.2095391
K07856.01,,7897936,294.19467,43.677078,5818.93,1623.57,FALSE POSITIVE,0.25,9.82,363.17077
K04949.01,,2582800,292.95239,37.857128,2224.99,593.015,FALSE POSITIVE,0.0,4.48,615.16033
K04950.01,,2707916,290.23746,37.910721,644.41,74.575,FALSE POSITIVE,0.008086253369272238,1.2,1.89124738
K04951.01,,2708270,290.31427,37.948009,3940.89,691.22,FALSE POSITIVE,0.008086253369272238,23.6,1.89125883
K05069.01,,4540508,283.98965,39.631908,254.19,16.04,FALSE POSITIVE,0.008086253369272238,1.68,362.1273
K05070.01,,4565943,292.91196,39.651348,566.08,112.045,FALSE POSITIVE,0.0,2.6,353.36705
K05071.01,,4566848,293.16476,39.631561,1372.54,301.765,CANDIDATE,0.2916666666666667,8.86,180.4118581
K05072.01,,4570555,294.09631,39.647079,865.15,122.515,FALSE POSITIVE,0.043478260869565216,12.35,4.750256809
K05073.01,,4586482,297.48386,39.63649,751.36,180.02499999999998,FALSE POSITIVE,0.008086253369272238,66.64,623.005238
K05074.01,,4647949,289.72604,39.716808,1335.52,358.41999999999996,FALSE POSITIVE,0.008086253369272238,,45.41810604
K05075.01,,4678873,297.42007,39.77375,1113.2,184.72,FALSE POSITIVE,0.0,109.55,1.878877205
K05076.01,,4732015,286.8252,39.802509,1244.67,235.91,FALSE POSITIVE,0.008086253369272238,1148.7,0.938857507
K05194.01,,5709014,292.91092,40.954361,751.78,117.19,FALSE POSITIVE,0.0,,287.46579664
K05195.01,,5732636,298.51501,40.903992,408.4,123.74000000000001,FALSE POSITIVE,0.018867924528301886,1.18,32.245486
K05196.01,,5734702,298.92667,40.970451,1037.92,275.015,CANDIDATE,0.008086253369272238,5.46,392.47291
K05197.01,,5779606,288.10455,41.07925,777.09,190.74,FALSE POSITIVE,0.0,,142.20400109
K05198.01,,5780194,288.32599,41.027618,1031.95,169.935,FALSE POSITIVE,0.008086253369272238,2.22,149.237142
K05199.01,,5781991,288.9754,41.082241,750.26,59.925000000000004,FALSE POSITIVE,0.0,1.99,501.51698
K05200.01,,5784803,289.88107,41.069221,592.44,54.735,FALSE POSITIVE,0.008086253369272238,1.42,357.77096
K05201.01,,5791713,292.0715,41.099899,1346.71,123.52000000000001,FALSE POSITIVE,0.008086253369272238,2.67,531.33282
K05312.01,,6681473,288.72742,42.121441,965.55,224.59,FALSE POSITIVE,0.043478260869565216,13.52,396.048721
K05313.01,,6688318,290.84195,42.183128,976.73,131.87,FALSE POSITIVE,0.008086253369272238,22.6,326.370361
K05314.01,,6690523,291.5249,42.169941,1558.06,650.525,FALSE POSITIVE,0.008086253369272238,6.81,148.666527
K05315.01,,6692742,292.2085,42.158611,1129.91,252.0,FALSE POSITIVE,0.008086253369272238,2.58,163.104677
K05316.01,,6695801,293.0849,42.150551,1109.46,278.6,FALSE POSITIVE,0.008086253369272238,1.09,1.10656965
K05317.01,,6699562,294.0647,42.112869,658.53,154.215,FALSE POSITIVE,0.0,35.98,46.270524872
K05318.01,,6707260,295.89999,42.132999,788.31,113.255,FALSE POSITIVE,0.043478260869565216,1.66,13.4256161
K05319.01,,6718474,298.34109,42.114891,1091.92,267.98,FALSE POSITIVE,0.0,1.62,590.44065
K04952.01,,2710101,290.76639,37.916828,1485.38,358.36,FALSE POSITIVE,0.0,,28.88008607
K04953.01,,2711123,291.01529,37.96777,3348.58,792.2900000000001,FALSE POSITIVE,0.008086253369272238,515.07,2.858879267
K04954.01,,2833632,286.31915,38.086399,556.54,124.36,FALSE POSITIVE,0.008086253369272238,1.88,241.647602
K04955.01,,2836076,287.11649,38.003052,1008.71,226.465,FALSE POSITIVE,0.0,,528.07962334
K04956.01,,2850321,290.99982,38.000259,552.75,132.875,FALSE POSITIVE,0.008086253369272238,,25.2218929
K04957.01,,2861126,293.2811,38.082241,167.49,20.075,FALSE POSITIVE,0.008086253369272238,,105.52127462
K04958.01,,2861298,293.31863,38.005466,590.89,239.32999999999998,CANDIDATE,0.008086253369272238,2.74,581.729006
K04959.01,,2987433,290.93896,38.119572,863.49,197.18,FALSE POSITIVE,0.0,62.76,420.92920358
K05077.01,,4732137,286.88327,39.816689,1180.38,133.595,FALSE POSITIVE,0.008086253369272238,18.07,393.946106
K05078.01,,4736439,288.61954,39.85696,1481.29,627.52,FALSE POSITIVE,0.008086253369272238,8.98,194.896925
K05079.01,,4737848,289.09619,39.827278,452.52,46.254999999999995,CANDIDATE,0.008086253369272238,1.54,56.001782
K05080.01,,4740375,289.87711,39.836239,1009.05,239.555,FALSE POSITIVE,0.0,,471.95076253
K05081.01,,4741777,290.2706,39.851849,673.31,75.46000000000001,FALSE POSITIVE,0.008086253369272238,1.7,101.928291
K05082.01,,4750406,292.89105,39.88398,445.34,36.68,FALSE POSITIVE,0.008086253369272238,1.67,379.63135
K05083.01,,4750962,293.05536,39.840069,2205.08,419.235,CANDIDATE,0.008086253369272238,8.25,69.932459
K05084.01,Kepler-1625 b,4760478,295.42935,39.886539,2181.4,456.28,CONFIRMED,0.847457627118644,11.67,287.377314
K05202.01,,5793275,292.55951,41.090012,1105.47,199.04500000000002,CANDIDATE,0.0,1.83,535.93723
K05203.01,,5794687,293.00101,41.02478,503.22,55.855,FALSE POSITIVE,0.008086253369272238,1.96,367.72767
K05204.01,,5817712,298.50342,41.080181,850.46,137.555,FALSE POSITIVE,0.008086253369272238,0.82,4.20601251
K05205.01,,5857656,284.66022,41.10894,540.61,90.42,CANDIDATE,0.847457627118644,2.91,313.051405
K05206.01,,5858519,285.10342,41.112469,1189.08,324.555,FALSE POSITIVE,0.0,69.37,4.18236124
K05207.01,,5859725,285.68912,41.18961,468.19,53.21,CANDIDATE,0.043478260869565216,0.72,18.9828305
K05208.01,,5869272,289.53439,41.157532,1690.13,401.14,FALSE POSITIVE,0.008086253369272238,2.66,186.59466
K05209.01,,5905728,299.14111,41.185001,162.08,31.3,FALSE POSITIVE,0.25,0.54,7.87173698
K05320.01,,6719052,298.45322,42.1101,1485.74,332.26,CANDIDATE,0.008086253369272238,3.13,357.437578
K05321.01,,6721603,298.95654,42.156315,778.28,225.96499999999997,CANDIDATE,0.4883720930232558,1.92,215.634356
K05322.01,,6756369,283.97293,42.276588,2188.54,328.69,CANDIDATE,0.008086253369272238,8.1,30.928898
K05323.01,,6762188,286.55112,42.234798,3001.55,1378.575,FALSE POSITIVE,0.008086253369272238,48.93,7.155547398
K05324.01,,6765563,287.90686,42.208721,1302.4,507.185,CANDIDATE,0.008086253369272238,6.84,293.392635
K05325.01,,6766583,288.30215,42.237282,1192.55,253.86499999999998,FALSE POSITIVE,0.018867924528301886,1.5,63.024229
K05326.01,,6767337,288.57758,42.296021,403.92,59.614999999999995,FALSE POSITIVE,0.018867924528301886,1.8,506.771836
K05327.01,,6776555,291.55667,42.214169,226.03,32.4,CANDIDATE,0.847457627118644,2.09,5.43361347
K04960.01,,2992634,292.07803,38.153831,931.76,225.36499999999998,CANDIDATE,0.008086253369272238,,47.82278681
K04961.01,,3001955,294.0845,38.156319,573.96,36.055,CANDIDATE,0.018867924528301886,2.04,348.96347
K04962.01,,3003673,294.42056,38.190529,861.53,210.195,FALSE POSITIVE,0.008086253369272238,1.82,57.1143966
K04963.01,,3101178,287.04688,38.231617,422.66,104.38,CANDIDATE,0.625,1.65,59.4037839
K04964.01,,3117115,291.58234,38.29966,1287.65,274.25,FALSE POSITIVE,0.008086253369272238,3.61,485.91276
K04965.01,,3120397,292.30801,38.2906,930.44,153.18,FALSE POSITIVE,0.018867924528301886,1.39,20.5311708
K04966.01,,3222680,287.8613,38.372292,4817.2,1121.275,FALSE POSITIVE,0.008086253369272238,39.73,2.31164074
K04967.01,,3239171,292.47034,38.394341,1491.12,335.17,CANDIDATE,0.018867924528301886,1.94,43.581043
K05085.01,,4761427,295.62579,39.824638,1263.72,253.39,CANDIDATE,0.008086253369272238,2.82,327.063
K05086.01,,4769799,297.31741,39.877972,362.65,64.21000000000001,FALSE POSITIVE,0.008086253369272238,65.97,21.92866538
K05087.01,,4770798,297.50919,39.88802,348.88,50.15,CANDIDATE,0.008086253369272238,1.55,651.07431
K05088.01,,4813750,283.67819,39.964279,1027.31,198.335,CANDIDATE,0.25,1.79,49.1782244
K05089.01,,4814168,283.8624,39.9454,525.99,137.02499999999998,FALSE POSITIVE,0.0,2.01,545.54618
K05090.01,,4815612,284.52118,39.950661,1791.78,458.56500000000005,FALSE POSITIVE,0.0,79.4,1.928420823
K05091.01,,4819158,286.18781,39.993919,921.18,134.3,FALSE POSITIVE,0.008086253369272238,2.23,328.84846
K05092.01,,4833409,291.10825,39.955681,971.45,155.39999999999998,CANDIDATE,0.008086253369272238,2.38,271.790292
K05210.01,,5942112,284.88382,41.248539,593.15,73.12,FALSE POSITIVE,0.0,,125.95781975
K05211.01,,5946568,287.00836,41.289101,304.55,24.515,CANDIDATE,0.018867924528301886,0.6,3.5645249
K05212.01,,5949765,288.37491,41.27457,504.45,134.29,FALSE POSITIVE,0.008086253369272238,1.33,426.34444
K05213.01,,5954894,290.0495,41.250359,248.63,20.865000000000002,CANDIDATE,0.008086253369272238,0.64,48.2455501
K05214.01,,5956038,290.40628,41.22184,2006.23,692.825,FALSE POSITIVE,0.008086253369272238,46743.4,256.846143
K05215.01,,5963591,292.88855,41.223728,833.46,114.58500000000001,FALSE POSITIVE,0.043478260869565216,2.89,146.931518
K05216.01,,5965629,293.46365,41.290939,1401.97,226.805,CANDIDATE,0.008086253369272238,2.56,377.311149
K05336.01,,6934045,286.79755,42.42091,1159.39,295.02,CANDIDATE,0.4883720930232558,3.24,265.741374
K05337.01,,6939913,289.04572,42.446758,1050.06,241.775,CANDIDATE,0.008086253369272238,2.99,470.65357
K05338.01,,6947062,291.32291,42.42207,983.17,185.62,FALSE POSITIVE,0.0,3.07,309.19347
K05339.01,,6948815,291.88705,42.430149,3300.53,914.19,FALSE POSITIVE,0.0,115.49,1.541530919
K05340.01,,6952570,293.06,42.402779,1201.79,275.04999999999995,FALSE POSITIVE,0.008086253369272238,1.79,122.713036
K05341.01,,7009548,282.29132,42.545509,522.32,141.92000000000002,CANDIDATE,0.25,2.26,15.18575582
K05342.01,,7011044,282.99341,42.547058,1322.52,314.425,FALSE POSITIVE,0.008086253369272238,,25.50236699
K05343.01,,7013635,284.18527,42.563271,125.5,19.0,FALSE POSITIVE,0.008086253369272238,2.86,290.625016
K04968.01,,3240049,292.68399,38.36573,1264.18,288.405,FALSE POSITIVE,0.008086253369272238,38.32,2.945414866
K04969.01,,3242039,293.20349,38.341801,840.66,100.345,CANDIDATE,0.008086253369272238,,59.14382117
K04970.01,,3245638,294.04364,38.36454,511.84,74.13,FALSE POSITIVE,0.0,48.88,232.822285
K04971.01,,3329985,287.88785,38.49255,120.66,15.805,FALSE POSITIVE,0.018867924528301886,0.82,146.355097
K04972.01,,3340165,290.9241,38.438339,942.76,108.98,CANDIDATE,0.847457627118644,1.35,26.092284
K04973.01,,3341760,291.34595,38.464378,1136.51,298.96,FALSE POSITIVE,0.008086253369272238,1.82,0.523493764
K04974.01,,3341982,291.39856,38.446381,976.13,185.035,FALSE POSITIVE,0.008086253369272238,2.98,514.14221
K04975.01,,3355104,294.63104,38.404549,1196.81,258.29,CANDIDATE,0.4883720930232558,4.1,47.0628978
K05093.01,,4840327,293.13907,39.925739,434.5,62.54,FALSE POSITIVE,0.008086253369272238,29.28,26.737139497
K05094.01,,4843751,294.06229,39.902229,1314.31,296.745,FALSE POSITIVE,0.008086253369272238,3.04,310.61299
K05095.01,,4856592,296.93536,39.924927,468.98,55.324999999999996,FALSE POSITIVE,0.008086253369272238,7.1,461.1417
K05096.01,,4863260,298.34821,39.97628,677.89,157.6,FALSE POSITIVE,0.008086253369272238,2.43,0.987069622
K05097.01,,4902673,283.89719,40.071369,576.83,89.59,FALSE POSITIVE,0.0,1.39,329.71491
K05098.01,,4912650,288.34174,40.09639,615.88,47.82,CANDIDATE,0.625,1.57,100.345648
K05099.01,,4914221,288.9306,40.057339,456.45,136.175,CANDIDATE,0.018867924528301886,1.51,111.187116
K05100.01,,4914399,288.97766,40.010529,1260.67,331.215,FALSE POSITIVE,0.0,36.31,1.23708565
K05217.01,,5967194,293.91647,41.24197,1182.71,156.64,FALSE POSITIVE,0.008086253369272238,14.02,498.24938
K05218.01,,5980354,297.10431,41.219921,176.54,23.73,FALSE POSITIVE,0.0,31.6,1.573020098
K05219.01,,5981058,297.26181,41.255508,1026.57,96.25,CANDIDATE,0.018867924528301886,1.2,27.765596
K05220.01,,5986270,298.38043,41.296391,1438.29,454.95,FALSE POSITIVE,0.008086253369272238,18.39,1.534679933
K05221.01,,5989391,299.04315,41.233978,646.18,193.92,FALSE POSITIVE,0.018867924528301886,4.49,71.59889
K05222.01,,6021840,283.51559,41.335819,1408.76,346.0,CANDIDATE,0.018867924528301886,2.77,367.6758
K05223.01,,6023571,284.3486,41.319389,1071.77,578.71,CANDIDATE,0.2916666666666667,8.41,354.21154
K05224.01,,6025174,285.17563,41.342499,1327.03,166.005,CANDIDATE,0.9629629629629629,2.49,171.028691
K04976.01,,3356156,294.86414,38.480183,1132.3,301.71500000000003,CANDIDATE,0.008086253369272238,2.77,624.90338
K04977.01,,3425363,285.5293,38.548141,465.26,50.97,CANDIDATE,0.008086253369272238,1.18,25.5338535
K04978.01,,3428127,286.59076,38.5583,1071.79,151.96,CANDIDATE,0.008086253369272238,2.75,339.18998
K04979.01,,3428359,286.68253,38.54882,1369.85,487.78,FALSE POSITIVE,0.008086253369272238,,77.66967809
K04980.01,,3439031,290.13269,38.51368,260.5,45.815,FALSE POSITIVE,0.0,79.99,2.976012511
K04981.01,,3441795,290.94846,38.56591,816.88,126.67500000000001,CANDIDATE,0.008086253369272238,2.32,349.73652
K04982.01,,3449540,292.93695,38.593071,3317.67,711.495,FALSE POSITIVE,0.008086253369272238,360.08,1.606003121
K04983.01,,3449870,293.0076,38.50367,1995.8,250.90499999999997,FALSE POSITIVE,0.008086253369272238,14.79,61.438007
K05101.01,,4915582,289.35559,40.068352,1189.06,255.1,CANDIDATE,0.0,1.64,436.18813
K05102.01,,4917357,289.86099,40.055641,835.12,144.86,FALSE POSITIVE,0.008086253369272238,2.03,147.863607
K05103.01,,4917658,289.95306,40.011101,1065.9,194.29000000000002,FALSE POSITIVE,0.0,,586.91711807
K05104.01,,4918303,290.12497,40.098381,1408.02,297.57,CANDIDATE,0.25,1.63,21.1579573
K05105.01,,4927738,292.91852,40.052898,483.24,92.69,FALSE POSITIVE,0.008086253369272238,0.76,19.545185
K05106.01,,4937140,295.33859,40.00787,666.09,156.07,FALSE POSITIVE,0.008086253369272238,1.89,215.044269
K05107.01,,4940376,296.01852,40.087151,2645.65,418.53999999999996,CANDIDATE,0.008086253369272238,16.68,169.330666
K05108.01,,4945035,296.99066,40.075298,765.72,180.565,FALSE POSITIVE,0.008086253369272238,3.06,1.174683069
K05225.01,,6033602,288.90735,41.35582,1251.39,293.21500000000003,FALSE POSITIVE,0.008086253369272238,1.46,33.2948005
K05227.01,,6034834,289.34515,41.36478,619.39,148.175,CANDIDATE,0.03454700090700843,1.89,371.56492
K05228.01,,6036286,289.81567,41.396439,113.89,15.855,CANDIDATE,0.043478260869565216,1.03,546.53309
K05229.01,,6038152,290.39862,41.351559,1080.62,246.035,CANDIDATE,0.008086253369272238,2.06,364.63189
K05230.01,,6043490,292.16544,41.329342,2533.97,628.675,CANDIDATE,0.008086253369272238,4.42,330.738115
K05231.01,,6045404,292.74023,41.37896,1374.17,324.185,CANDIDATE,0.008086253369272238,2.03,78.876125
K05232.01,,6047853,293.48605,41.320229,931.52,148.055,FALSE POSITIVE,0.008086253369272238,1.82,476.39752
K04984.01,,3459529,295.27454,38.564781,5737.33,872.25,FALSE POSITIVE,0.008086253369272238,2.45,231.364508
K04985.01,,3532510,287.72379,38.624229,759.41,202.04,FALSE POSITIVE,0.008086253369272238,1.94,106.779168
K04986.01,,3540873,290.3548,38.672531,667.34,99.06,CANDIDATE,0.0,1.48,444.04257
K04987.01,,3542117,290.72061,38.697578,113.49,14.125,FALSE POSITIVE,0.008086253369272238,1.03,12.5748872
K04988.01,,3542928,290.96146,38.673439,628.68,94.61,FALSE POSITIVE,0.008086253369272238,2.38,484.172005
K04989.01,,3545749,291.7262,38.6866,508.66,64.09,FALSE POSITIVE,0.008086253369272238,2.48,277.77499
K04990.01,,3546821,292.00742,38.617329,474.75,122.85499999999999,FALSE POSITIVE,0.008086253369272238,1.93,561.08191
K04991.01,,3548645,292.4809,38.654121,1364.77,215.825,CANDIDATE,0.008086253369272238,2.09,211.330867
K05109.01,,4946581,297.36008,40.031841,1245.85,259.585,FALSE POSITIVE,0.043478260869565216,1.69,28.615014
K05110.01,,4953262,298.76041,40.052792,632.28,59.735,CANDIDATE,0.008086253369272238,8.16,105.5904748
K05111.01,,4996558,286.91632,40.166668,814.05,242.945,FALSE POSITIVE,0.008086253369272238,38.71,3.017155419
K05112.01,,5006817,290.45596,40.145741,656.97,82.865,FALSE POSITIVE,0.008086253369272238,,94.818136
K05113.01,,5008775,291.1084,40.182991,1268.83,291.705,FALSE POSITIVE,0.008086253369272238,1.64,52.6727624
K05114.01,,5015027,292.94348,40.117939,233.52,21.445,FALSE POSITIVE,0.008086253369272238,0.71,34.4886903
K05115.01,,5016163,293.27817,40.157082,1569.62,348.09000000000003,FALSE POSITIVE,0.0,70.62,2.6228301
K05116.01,,5024476,295.32401,40.1544,1991.49,448.115,FALSE POSITIVE,0.008086253369272238,29.97,222.068928
K05233.01,,6058896,296.37366,41.39183,784.0,165.215,FALSE POSITIVE,0.0,30.51,0.56493398
K05235.01,,6065010,297.76724,41.366531,779.68,191.86,FALSE POSITIVE,0.008086253369272238,1.54,159.05846
K05236.01,,6067545,298.39798,41.314892,518.99,63.015,CANDIDATE,0.2916666666666667,2.06,550.86514
K05237.01,,6115356,289.20016,41.430752,864.3,152.745,CANDIDATE,0.008086253369272238,1.84,380.39474
K05239.01,,6118840,290.29688,41.483501,920.48,157.15,FALSE POSITIVE,0.008086253369272238,1.97,350.98474
K05240.01,,6129632,293.69916,41.402222,852.41,100.63499999999999,FALSE POSITIVE,0.008086253369272238,11.33,298.4688
K04992.01,,3553900,293.77448,38.654381,796.09,131.27,CANDIDATE,0.11334233499837232,1.45,12.5747207
K04993.01,,3554819,293.99844,38.617439,730.71,181.06,FALSE POSITIVE,0.008086253369272238,,43.22793081
K04994.01,,3555178,294.08191,38.630859,477.73,127.605,FALSE POSITIVE,0.0,0.77,528.10984
K04995.01,,3632330,287.32892,38.707802,605.42,78.83000000000001,FALSE POSITIVE,0.0,,63.12379762
K04996.01,,3641216,290.19086,38.77953,643.93,109.655,FALSE POSITIVE,0.0,,358.54455552
K04997.01,,3644399,291.12909,38.740528,1563.37,332.90999999999997,FALSE POSITIVE,0.018867924528301886,2.21,119.669671
K04998.01,,3644649,291.19971,38.71133,474.03,57.80500000000001,FALSE POSITIVE,0.0,1.27,598.31791
K05117.01,,5027859,296.01883,40.108009,1091.52,192.39499999999998,CANDIDATE,0.25,1.95,33.3726538
K05118.01,,5032842,297.03891,40.116482,741.31,138.465,FALSE POSITIVE,0.008086253369272238,,18.40783671
K05119.01,,5036052,297.78833,40.130909,1522.83,205.18,CANDIDATE,0.018867924528301886,20.03,143.163697
K05120.01,,5037742,298.0976,40.14069,826.02,135.785,FALSE POSITIVE,0.043478260869565216,2.1,250.4858
K05121.01,,5039053,298.32886,40.147171,535.25,93.4,FALSE POSITIVE,0.018867924528301886,2.04,401.38712
K05122.01,,5080565,284.97217,40.208111,794.2,84.17,FALSE POSITIVE,0.043478260869565216,2.84,49.312677
K05123.01,,5091808,289.53738,40.21331,588.87,108.98,FALSE POSITIVE,0.008086253369272238,1.05,288.94276
K05241.01,,6139220,296.1803,41.413071,1842.3,370.79499999999996,FALSE POSITIVE,0.008086253369272238,37.15,273.6857427
K05243.01,,6145939,297.67651,41.428589,772.29,265.055,FALSE POSITIVE,0.0,116.14,17.745456135
K05244.01,,6149980,298.60699,41.446011,828.75,182.185,FALSE POSITIVE,0.008086253369272238,2.6,603.3102
K05245.01,Kepler-1627 b,6184894,284.05667,41.576729,259.78,33.085,CONFIRMED,0.9642857142857143,3.06,7.20281185
K05246.01,,6195792,288.85443,41.574451,756.75,95.12,FALSE POSITIVE,0.008086253369272238,1.65,36.4772788
K05247.01,,6197658,289.5257,41.500488,1249.14,317.745,CANDIDATE,0.25,3.22,282.0309
K05248.01,,6198670,289.82709,41.524811,837.93,159.73000000000002,CANDIDATE,0.008086253369272238,1.35,179.25465
K04999.01,,3646449,291.65906,38.712158,1310.23,157.315,CANDIDATE,0.25,2.0,65.752109
K05000.01,,3646515,291.67603,38.79491,807.27,134.09,FALSE POSITIVE,0.0,,249.61377295
K05001.01,,3647097,291.82471,38.779911,978.06,222.925,CANDIDATE,0.008086253369272238,1.92,59.9655175
K05002.01,,3730176,285.8573,38.820068,894.05,243.11,FALSE POSITIVE,0.008086253369272238,1.39,399.49671
K05003.01,,3748239,291.78705,38.863152,2363.93,921.745,CANDIDATE,0.008086253369272238,15.19,112.951287
K05004.01,,3751118,292.5578,38.8503,1154.5,203.935,CANDIDATE,0.008086253369272238,2.0,103.363691
K05005.01,,3755522,293.65378,38.8339,283.32,31.345000000000002,FALSE POSITIVE,0.2785817210471935,1.4,251.958533
K05124.01,,5094412,290.2984,40.287842,1192.8,133.03,CANDIDATE,0.008086253369272238,11.67,276.879492
K05125.01,,5105886,293.66641,40.203629,1820.52,191.155,FALSE POSITIVE,0.008086253369272238,15.36,389.169027
K05126.01,,5110453,294.84802,40.240879,1407.9,154.58,CANDIDATE,0.008086253369272238,13.73,418.04355
K05127.01,,5113146,295.40698,40.242409,1023.99,181.54500000000002,FALSE POSITIVE,0.0,44.01,18.78970984
K05128.01,,5130563,299.18686,40.205929,812.91,212.78,FALSE POSITIVE,0.008086253369272238,32.86,0.915782856
K05129.01,,5131276,299.32156,40.265339,5551.1,1648.535,FALSE POSITIVE,0.0,124.42,0.66882716
K05130.01,,5166811,284.46585,40.314941,816.93,111.83000000000001,CANDIDATE,0.008086253369272238,1.9,370.05918
K05131.01,,5174677,287.96375,40.310322,1962.48,502.945,FALSE POSITIVE,0.008086253369272238,17.47,43.5428781
K05249.01,,6203955,291.50589,41.550388,975.03,229.67000000000002,CANDIDATE,0.043478260869565216,1.25,19.4534296
K05250.01,,6205384,291.96027,41.578609,548.04,46.24,FALSE POSITIVE,0.008086253369272238,0.52,3.72273683
K05251.01,,6205405,291.96683,41.549751,138.75,12.455,FALSE POSITIVE,0.043478260869565216,0.46,3.7229369
K05252.01,,6206470,292.31476,41.582321,593.95,128.95,FALSE POSITIVE,0.018867924528301886,0.65,1.80455062
K05253.01,,6263468,282.92862,41.606091,551.99,66.57,FALSE POSITIVE,0.008086253369272238,1.02,10.1955065
K05254.01,,6266866,284.59164,41.639271,158.26,16.77,CANDIDATE,0.008086253369272238,1.2,232.916142
K05255.01,,6277594,289.39316,41.696701,699.12,141.45499999999998,FALSE POSITIVE,0.008086253369272238,0.81,3.66115536
K00701.04,Kepler-62 f,9002278,283.21274,45.349861,279.23,18.72,CONFIRMED,0.9629629629629629,1.43,267.282521
K02045.03,Kepler-354 c,6026438,285.75146,41.33564,574.79,56.334999999999994,CONFIRMED,0.9629629629629629,1.31,16.9348104
K02150.02,,3229150,289.84286,38.309601,1075.7,236.635,CANDIDATE,0.043478260869565216,72.59,44.7055876
K02422.02,,11360805,296.55005,49.102322,669.29,50.835,CANDIDATE,0.9642857142857143,1.88,57.3888262
K05006.01,,3757521,294.12369,38.81583,805.42,131.39,CANDIDATE,0.008086253369272238,,126.51457638
K05007.01,,3758499,294.36734,38.846889,1071.01,344.17,CANDIDATE,0.847457627118644,1.82,14.5168151
K05008.01,,3763724,295.55817,38.846802,1465.18,327.525,FALSE POSITIVE,0.0,,225.43420422
K05009.01,,3834728,286.23233,38.991749,589.69,70.38,CANDIDATE,0.0,1.76,359.98653
K05010.01,,3836450,286.95206,38.960941,302.31,40.114999999999995,FALSE POSITIVE,0.25,0.58,1.540399732
K05011.01,,3836509,286.9718,38.936481,5160.66,1185.75,FALSE POSITIVE,0.008086253369272238,32.54,1.540389045
K05012.01,,3836522,286.97745,38.913261,782.35,182.555,FALSE POSITIVE,0.2916666666666667,2.17,1.540393027
K05013.01,,3846515,290.33026,38.917721,963.86,274.385,FALSE POSITIVE,0.008086253369272238,2.04,0.888045184
K05132.01,,5179609,289.61139,40.335838,1209.85,281.72,FALSE POSITIVE,0.008086253369272238,58.37,43.9311596
K05133.01,,5181086,290.0405,40.337379,212.53,24.735,FALSE POSITIVE,0.0,1.04,494.62409
K05134.01,,5181299,290.09991,40.386581,1390.74,618.11,CANDIDATE,0.008086253369272238,6.93,573.23826
K05135.01,,5184144,290.93436,40.358158,957.67,88.62,CANDIDATE,0.0,2.0,314.765374
K05136.01,,5192660,293.44922,40.326302,565.63,138.96,FALSE POSITIVE,0.008086253369272238,,110.75214125
K05137.01,,5193813,293.7785,40.3092,1082.92,278.35,FALSE POSITIVE,0.008086253369272238,,121.1825045
K05138.01,,5199426,295.18088,40.339882,666.66,145.925,FALSE POSITIVE,0.008086253369272238,34.8,78.60436061
K05139.01,,5211631,297.74051,40.347881,852.23,222.01,FALSE POSITIVE,0.0,2.61,294.202469
K05256.01,,6281127,290.47375,41.627548,860.55,192.20999999999998,FALSE POSITIVE,0.008086253369272238,1.77,588.10504
K05257.01,,6285906,292.08868,41.602459,777.37,121.445,FALSE POSITIVE,0.008086253369272238,1.68,116.170346
K05258.01,,6287131,292.48141,41.634289,847.43,125.875,FALSE POSITIVE,0.008086253369272238,2.29,452.30053
K05259.01,,6289459,293.24936,41.659611,643.57,148.82,FALSE POSITIVE,0.008086253369272238,1.22,39.5931053
K05260.01,,6289897,293.37396,41.624859,1119.32,305.72,FALSE POSITIVE,0.008086253369272238,1.39,1.55935718
K05261.01,,6290467,293.54422,41.652641,1139.44,226.21,FALSE POSITIVE,0.008086253369272238,1.75,100.629443
K05262.01,,6309307,298.19696,41.650452,1776.74,354.79,CANDIDATE,0.008086253369272238,32.58,438.98396
K05263.01,,6342980,283.16446,41.778519,890.81,283.65999999999997,FALSE POSITIVE,0.008086253369272238,2.8,273.169948
K02473.03,Kepler-389 c,8753896,291.95999,44.900021,1016.71,78.775,CONFIRMED,0.9629629629629629,2.08,14.5123622
K03156.02,,4150611,289.74249,39.267059,88.75,27.839999999999996,FALSE POSITIVE,0.008086253369272238,44.76,1.434200327
K03156.03,,4150611,289.74249,39.267059,88.75,27.839999999999996,FALSE POSITIVE,0.008086253369272238,77.15,8.653098686
K03175.01,,4909707,287.20685,40.003002,187.97,48.974999999999994,FALSE POSITIVE,0.008086253369272238,63.06,2.302365255
K07857.01,,7919516,299.90427,43.69495,1055.45,288.21500000000003,FALSE POSITIVE,0.008086253369272238,1.3,0.575445783
K03244.01,,6850665,287.76627,42.32272,1251.37,316.65,FALSE POSITIVE,0.008086253369272238,71.79,214.715417
K03272.01,,4948730,297.82544,40.08799,872.99,188.785,FALSE POSITIVE,0.018867924528301886,20.81,23.0295222
K05014.01,,3848665,290.97659,38.996101,914.07,99.385,FALSE POSITIVE,0.008086253369272238,27.1,359.04147
K05015.01,,3848919,291.05634,38.974411,403.06,57.61,FALSE POSITIVE,0.0,52.26,0.52363021
K05016.01,,3848948,291.06427,38.970661,746.09,275.605,FALSE POSITIVE,0.008086253369272238,1.08,0.523632451
K05017.01,,3852865,292.13519,38.926491,475.37,97.655,FALSE POSITIVE,0.008086253369272238,1.8,492.25299
K05018.01,,3854101,292.4649,38.907421,1028.95,124.46,FALSE POSITIVE,0.008086253369272238,48.59,293.5056071
K05019.01,,3858926,293.70566,38.95528,1229.06,315.93,FALSE POSITIVE,0.25,1.56,25.95247
K05020.01,,3859890,293.93387,38.944839,631.73,139.02,FALSE POSITIVE,0.008086253369272238,0.86,4.34573349
K05021.01,,3863877,294.90323,38.95647,1541.53,279.55,CANDIDATE,0.008086253369272238,3.01,288.07937
K05140.01,,5213005,298.03879,40.324478,900.99,220.07999999999998,FALSE POSITIVE,0.0,,484.58335927
K05141.01,,5213811,298.20096,40.392319,1262.87,382.185,FALSE POSITIVE,0.018867924528301886,2.2,288.285213
K05142.01,,5255259,284.54691,40.468529,905.61,133.88,CANDIDATE,0.25,3.33,198.895864
K05143.01,,5260419,286.89532,40.46011,811.38,98.83,FALSE POSITIVE,0.0,,19.93826636
K05144.01,,5262539,287.77182,40.448051,796.56,183.62,FALSE POSITIVE,0.0,1.86,491.08027
K05145.01,,5263802,288.27094,40.400421,408.13,63.435,FALSE POSITIVE,0.0,1447.13,3.350209754
K05146.01,,5265982,289.02536,40.422009,966.58,244.835,FALSE POSITIVE,0.008086253369272238,6.99,628.592314
K05147.01,,5271637,290.74387,40.479488,447.01,79.845,FALSE POSITIVE,0.043478260869565216,1.31,471.37787
K05264.01,,6346894,285.14172,41.711552,281.5,58.715,CANDIDATE,0.008086253369272238,,52.69092296
K05265.01,,6347434,285.4115,41.715858,285.56,26.990000000000002,FALSE POSITIVE,0.008086253369272238,1.4,425.22927
K05266.01,,6347890,285.62076,41.73806,1067.62,241.21,CANDIDATE,0.008086253369272238,,37.71508287
K05267.01,,6350031,286.65286,41.756142,2140.84,467.90999999999997,CANDIDATE,0.25,2.93,5.1779065
K05268.01,,6359881,290.38223,41.757408,1073.72,218.8,CANDIDATE,0.0,2.0,474.22897
K05269.01,,6359929,290.39795,41.75079,850.98,68.88,CANDIDATE,0.25,2.88,371.50631
K05270.01,,6363560,291.6535,41.741772,606.48,138.66,FALSE POSITIVE,0.008086253369272238,,606.91488768
K05271.01,,6364064,291.82629,41.7173,707.4,103.62,FALSE POSITIVE,0.018867924528301886,0.83,5.24331899
K03281.01,Kepler-1454 b,11177676,284.22333,48.831772,928.26,170.38,CONFIRMED,0.847457627118644,1.98,47.0320478
K03290.01,,4936990,295.30209,40.069801,1040.47,172.62,FALSE POSITIVE,0.008086253369272238,29.6,10.31453308
K03317.01,,7130418,295.36752,42.65678,1074.73,234.655,FALSE POSITIVE,0.2916666666666667,1.96,15.52861675
K03333.01,,12208887,291.70251,50.863491,1032.01,162.955,FALSE POSITIVE,0.008086253369272238,55.23,53.501860974
K03359.01,,10711551,282.38327,48.042782,1290.41,301.6,FALSE POSITIVE,0.008086253369272238,65.42,10.692230094
K07858.01,,7919867,299.98813,43.663319,511.48,126.22999999999999,FALSE POSITIVE,0.008086253369272238,0.82,1.60375114
K03364.01,,11081512,290.46207,48.699551,521.05,61.515,FALSE POSITIVE,0.25,1.18,15.7397651
K05022.01,,3865815,295.35132,38.92704,459.66,137.85,CANDIDATE,0.008086253369272238,,117.26808432
K05023.01,,3867593,295.69751,38.902,991.55,249.875,FALSE POSITIVE,0.0,73.06,73.3377984
K05024.01,,3941219,287.40594,39.020889,486.08,158.73499999999999,FALSE POSITIVE,0.018867924528301886,3.09,282.159571
K05025.01,,3953106,291.17975,39.099651,854.38,304.975,FALSE POSITIVE,0.008086253369272238,58.09,6.58729511
K05026.01,,3953212,291.21167,39.093189,628.44,148.46,FALSE POSITIVE,0.26329168045912255,2.64,459.23193
K05027.01,,3955444,291.82446,39.00618,1618.08,691.2750000000001,CANDIDATE,0.018867924528301886,6.15,62.312419
K05028.01,,3962728,293.6925,39.022141,520.71,44.745000000000005,FALSE POSITIVE,0.018867924528301886,1.04,25.9493253
K05029.01,,3965326,294.33981,39.07333,458.8,107.25,FALSE POSITIVE,0.008086253369272238,1.08,212.76701
K05646.01,,9265521,283.8996,45.724232,905.16,233.555,FALSE POSITIVE,0.008086253369272238,1.44,386.62189
K05647.01,,9268456,285.50418,45.713482,14932.52,3549.3849999999998,FALSE POSITIVE,0.25,34.61,84.644104
K05648.01,,9271739,287.4462,45.794739,1070.61,190.85,FALSE POSITIVE,0.008086253369272238,2.92,575.95408
K05649.01,,9274092,288.78986,45.727459,727.25,51.23,CANDIDATE,0.008086253369272238,2.32,426.942225
K05650.01,,9274431,288.9707,45.732079,978.71,143.535,FALSE POSITIVE,0.008086253369272238,2.52,117.844963
K05651.01,,9282853,292.64258,45.732342,796.24,118.91,CANDIDATE,0.018867924528301886,1.72,83.499618
K05652.01,,9292100,296.05667,45.76976,3513.23,499.395,CANDIDATE,0.7294802788609267,1.43,91.507044
K05653.01,,9300066,298.3862,45.764229,666.57,43.47,CANDIDATE,0.008086253369272238,2.02,188.664098
K05772.01,,10186761,281.32047,47.214809,637.01,151.49,CANDIDATE,0.008086253369272238,1.32,75.636309
K05773.01,,10189542,283.02139,47.259651,629.31,121.69,FALSE POSITIVE,0.043478260869565216,1.28,24.614775
K05774.01,,10191056,283.8663,47.228271,337.99,95.565,FALSE POSITIVE,0.0,96.19,1.21374744
K05775.01,,10191449,284.0925,47.251381,776.51,159.755,CANDIDATE,0.25,2.19,492.23808
K05776.01,,10199984,288.47318,47.247921,898.51,502.125,CANDIDATE,0.008086253369272238,4.6,198.6004
K05777.01,,10201891,289.41861,47.291889,911.71,188.455,FALSE POSITIVE,0.018867924528301886,2.09,372.30881
K05778.01,,10208477,292.12549,47.221966,669.11,220.78,FALSE POSITIVE,0.008086253369272238,2.93,454.244158
K05779.01,,10222603,297.09702,47.223492,608.48,131.715,FALSE POSITIVE,0.008086253369272238,1.37,112.48226
K05400.01,,7581535,280.35217,43.293671,1296.5,297.945,FALSE POSITIVE,0.0,,218.56734012
K05401.01,,7592339,286.03711,43.20401,600.48,123.205,FALSE POSITIVE,0.0,1.09,229.948531
K05402.01,,7598326,288.63306,43.205311,1181.47,297.845,FALSE POSITIVE,0.0,,403.5637828
K05403.01,,7599004,288.91037,43.21846,1389.82,371.38,FALSE POSITIVE,0.008086253369272238,50.53,2.41172358
K05404.01,,7618231,294.93484,43.21283,873.49,196.49,FALSE POSITIVE,0.0,,92.9314146
K05405.01,,7619667,295.30634,43.24958,378.25,41.365,FALSE POSITIVE,0.0,,103.22293786
K05406.01,,7625138,296.65967,43.27029,291.91,43.42,CANDIDATE,0.25,0.82,5.71966537
K05527.01,,8507073,296.0347,44.56221,772.95,188.86,FALSE POSITIVE,0.008086253369272238,72.26,209.06299275
K05528.01,,8507586,296.19122,44.542122,1321.37,219.405,CANDIDATE,0.008086253369272238,2.02,201.621794
K05529.01,,8509781,296.83002,44.549149,248.97,42.485,FALSE POSITIVE,0.0,29.56,70.335879746
K05530.01,,8510197,296.94693,44.553761,616.47,117.42999999999999,FALSE POSITIVE,0.008086253369272238,2.2,591.37382
K05531.01,,8516349,298.51447,44.500278,497.96,44.59,FALSE POSITIVE,0.008086253369272238,2.54,559.28332
K05532.01,,8525101,300.83527,44.560661,1555.56,167.17000000000002,CANDIDATE,0.008086253369272238,6.04,24.6777128
K05533.01,,8525286,300.90146,44.597328,4806.04,1591.6599999999999,CANDIDATE,0.008086253369272238,,113.05980069
K05534.01,,8542879,283.7251,44.67886,824.85,198.11,FALSE POSITIVE,0.008086253369272238,1.42,136.355967
K05654.01,,9304976,299.81772,45.709164,1170.0,174.31,CANDIDATE,0.2916666666666667,3.28,54.6957124
K05655.01,,9306677,300.35648,45.737091,2203.28,789.245,FALSE POSITIVE,0.0,4.68,532.9307
K05656.01,,9330740,286.12247,45.84251,346.57,35.685,CANDIDATE,0.008086253369272238,,169.84787744
K05657.01,,9334027,288.02945,45.800098,715.1,59.265,CANDIDATE,0.0,2.0,284.699924
K05658.01,,9357578,297.29742,45.881748,4164.04,952.5550000000001,FALSE POSITIVE,0.008086253369272238,39.78,171.69799
K05659.01,,9362842,298.73535,45.863979,1873.27,552.765,FALSE POSITIVE,0.018867924528301886,4.7,444.89411
K05660.01,,9363944,299.03528,45.869289,1609.69,630.8,CANDIDATE,0.008086253369272238,10.03,402.20969
K05661.01,,9368524,300.42334,45.886761,1363.18,537.615,FALSE POSITIVE,0.25,9.57,229.86928
K05780.01,,10227881,298.55719,47.251991,1174.02,263.875,FALSE POSITIVE,0.008086253369272238,25.74,5.14108479
K05781.01,,10266852,288.77939,47.344372,861.0,225.07,FALSE POSITIVE,0.0,,179.27230765
K05782.01,,10272858,291.36295,47.328709,497.02,39.14,CANDIDATE,0.008086253369272238,6.69,584.55603
K05783.01,,10292000,298.01306,47.325008,3954.04,1213.97,FALSE POSITIVE,0.0,,200.83849979
K05784.01,,10319341,281.5239,47.474751,879.37,223.805,FALSE POSITIVE,0.018867924528301886,1.5,40.1043796
K05785.01,,10319834,281.88324,47.41605,1032.33,120.8,CANDIDATE,0.0,,70.31252504
K05786.01,,10320341,282.19702,47.419579,1007.63,243.99,FALSE POSITIVE,0.0,56.45,30.114681501
K05787.01,,10339000,291.63892,47.474972,845.47,177.87,CANDIDATE,0.018867924528301886,1.19,69.775633
K05407.01,,7625143,296.6608,43.275089,611.82,108.715,CANDIDATE,0.008086253369272238,1.54,58.5029431
K05408.01,,7631138,298.03403,43.228271,444.71,32.785000000000004,CANDIDATE,0.008086253369272238,3.24,415.748785
K05409.01,,7658229,280.1925,43.302479,1210.01,393.45500000000004,FALSE POSITIVE,0.008086253369272238,56.41,36.1826854
K05410.01,,7662502,282.98114,43.300407,662.79,166.6,CANDIDATE,0.1227709700216711,0.97,24.1527864
K05411.01,,7672215,287.93747,43.377659,1282.49,331.47,CANDIDATE,0.008086253369272238,1.4,11.1734401
K05412.01,,7674050,288.74359,43.351089,1195.43,246.545,FALSE POSITIVE,0.008086253369272238,48.18,472.2265706
K05413.01,,7690782,294.51031,43.322319,1984.92,517.78,CANDIDATE,0.0,2.0,428.379308
K05414.01,,7700561,297.25482,43.308979,997.96,190.39499999999998,FALSE POSITIVE,0.008086253369272238,26.56,1.507099289
K05535.01,,8546464,285.70206,44.686989,339.13,18.18,FALSE POSITIVE,0.008086253369272238,1169.79,253.652263
K05536.01,,8547213,286.11234,44.657581,771.84,147.04,CANDIDATE,0.008086253369272238,1.85,392.72811
K05537.01,,8547366,286.20068,44.64772,888.88,317.95,FALSE POSITIVE,0.008086253369272238,,128.66825288
K05538.01,,8547525,286.28214,44.6651,889.95,120.31,FALSE POSITIVE,0.008086253369272238,2.18,485.57785
K05539.01,,8547537,286.29144,44.658772,850.11,123.72999999999999,CANDIDATE,0.008086253369272238,2.34,374.05697
K05540.01,,8548403,286.78064,44.615559,819.49,147.27,FALSE POSITIVE,0.008086253369272238,2.03,643.4528
K05541.01,,8548454,286.80566,44.63987,950.24,109.845,CANDIDATE,0.008086253369272238,2.04,339.633833
K05542.01,,8552607,288.92142,44.635181,635.52,129.75,FALSE POSITIVE,0.008086253369272238,18.7,1.061934307
K05662.01,,9390655,284.92264,45.973461,208.4,29.915,FALSE POSITIVE,0.25,1.45,9.5497037
K05663.01,,9391817,285.60675,45.990318,595.42,86.39,CANDIDATE,0.9629629629629629,1.52,140.884533
K05664.01,,9394762,287.25195,45.9529,733.08,152.65,FALSE POSITIVE,0.4883720930232558,3.39,77.138911
K05665.01,,9394953,287.3548,45.948662,354.79,21.29,CANDIDATE,0.008086253369272238,1.33,100.494129
K05666.01,,9397862,289.02255,45.926022,632.59,64.485,CANDIDATE,0.008086253369272238,1.26,182.453195
K05667.01,,9402670,291.28577,45.953651,1501.71,350.20500000000004,FALSE POSITIVE,0.008086253369272238,12.88,0.536551592
K05669.01,,9407689,293.30792,45.983459,653.68,114.0,FALSE POSITIVE,0.008086253369272238,1.32,130.110715
K05788.01,,10356840,297.83392,47.420731,764.62,139.095,FALSE POSITIVE,0.008086253369272238,1.58,242.484764
K05789.01,,10387792,283.46307,47.5546,393.69,49.84,CANDIDATE,0.008086253369272238,1.57,383.26217
K05790.01,,10394802,287.29132,47.598251,643.22,44.364999999999995,CANDIDATE,0.2916666666666667,3.71,178.266978
K05791.01,,10399137,289.53293,47.596931,930.81,265.04,FALSE POSITIVE,0.0,2.37,385.593209
K05792.01,,10416390,296.2486,47.526539,689.97,87.67,FALSE POSITIVE,0.018867924528301886,8.71,215.737826
K05793.01,,10419108,297.04718,47.51762,578.74,247.6,FALSE POSITIVE,0.008086253369272238,1.22,507.48249
K05794.01,,10453009,283.58612,47.633739,1687.2,635.1,CANDIDATE,0.008086253369272238,4.3,30.9771151
K05795.01,,10459749,287.11761,47.61618,1067.98,165.88,CANDIDATE,0.0,,19.11280242
K05415.01,,7701809,297.53174,43.350368,1701.66,640.6700000000001,FALSE POSITIVE,0.008086253369272238,4.44,30.2111162
K05416.01,Kepler-1628 b,7731281,281.6337,43.411579,418.24,56.93,CONFIRMED,0.7333333333333333,6.28,76.377855
K05417.01,,7743464,288.15308,43.47356,1086.87,252.055,FALSE POSITIVE,0.008086253369272238,60.79,55.249007325
K05418.01,,7747091,289.72818,43.488239,838.98,151.455,CANDIDATE,0.043478260869565216,1.21,14.2673439
K05419.01,,7747197,289.76526,43.432331,827.28,115.26,FALSE POSITIVE,0.008086253369272238,1.39,22.52907
K05420.01,,7750342,290.85773,43.48455,2169.39,872.845,FALSE POSITIVE,0.008086253369272238,16.67,66.247851
K05421.01,,7751133,291.13617,43.476749,601.36,140.42000000000002,FALSE POSITIVE,0.043478260869565216,1.74,370.91308
K05422.01,,7757620,293.41537,43.41761,636.08,149.605,CANDIDATE,0.0,,360.64485255
K05543.01,,8560475,291.97943,44.69516,6389.21,1581.33,FALSE POSITIVE,0.008086253369272238,91.09,7.41505161
K05544.01,,8561192,292.27148,44.697262,3727.82,1124.435,FALSE POSITIVE,0.0,176.4,2.742590902
K05545.01,,8570210,295.59698,44.613892,636.37,97.355,CANDIDATE,0.008086253369272238,1.08,541.04472
K05546.01,,8571421,295.97278,44.645088,1349.21,200.13,CANDIDATE,0.008086253369272238,3.01,514.271499
K05547.01,,8574794,296.9707,44.61042,870.14,174.7,CANDIDATE,0.008086253369272238,2.22,571.14302
K05548.01,,8575061,297.04089,44.62812,987.33,196.25,FALSE POSITIVE,0.008086253369272238,2.91,216.453511
K05549.01,,8612291,286.28964,44.745998,1038.33,267.225,FALSE POSITIVE,0.008086253369272238,,37.0488669
K05550.01,,8613769,287.08969,44.792,1285.64,237.055,CANDIDATE,0.043478260869565216,3.63,540.39267
K05670.01,,9412267,295.06277,45.9039,732.09,133.94,FALSE POSITIVE,0.0,,542.16158927
K05671.01,,9417931,296.97369,45.995209,1098.03,192.235,CANDIDATE,0.008086253369272238,1.73,190.905243
K05672.01,,9418508,297.14429,45.950981,1068.24,556.105,FALSE POSITIVE,0.008086253369272238,65.27,11.0153889
K05673.01,,9449320,283.80612,46.065563,398.7,111.18,FALSE POSITIVE,0.008086253369272238,,28.34230575
K05674.01,,9451521,285.07355,46.033482,823.42,142.285,FALSE POSITIVE,0.008086253369272238,1.96,231.521608
K05675.01,,9455322,287.25385,46.094769,1245.45,347.765,FALSE POSITIVE,0.008086253369272238,2.47,180.890384
K05676.01,,9455526,287.37115,46.051189,1188.59,644.985,FALSE POSITIVE,0.25,5.24,60.0546149
K05677.01,,9456887,288.13684,46.03838,783.97,92.05,CANDIDATE,0.043478260869565216,1.14,20.5142642
K05796.01,,10470779,292.03522,47.684391,938.18,122.97500000000001,CANDIDATE,0.008086253369272238,2.41,495.854189
K05797.01,,10480952,295.80463,47.670906,676.78,217.415,FALSE POSITIVE,0.0,136.3,2.037453129
K05798.01,,10487228,297.69525,47.605862,770.69,56.965,CANDIDATE,0.008086253369272238,2.03,318.25858
K05799.01,,10519727,284.43692,47.750332,1848.5,530.3299999999999,CANDIDATE,0.018867924528301886,2.82,184.883155
K05800.01,,10525077,287.37808,47.771191,1328.97,328.85,CANDIDATE,0.25,1.34,11.006795
K05801.01,,10535708,292.11447,47.729462,1698.94,327.005,CANDIDATE,0.018867924528301886,1.96,177.37583
K05802.01,,10547378,296.4761,47.703018,1065.46,455.93499999999995,FALSE POSITIVE,0.008086253369272238,62.03,35.164087
K05423.01,,7762153,294.81995,43.471111,1360.89,220.14,CANDIDATE,0.008086253369272238,2.63,366.55705
K05424.01,,7762717,294.99432,43.49432,990.03,510.68,FALSE POSITIVE,0.0,,462.26052152
K05425.01,,7767781,296.47906,43.409382,802.96,109.00999999999999,CANDIDATE,0.0,,39.42516213
K05426.01,,7770901,297.29047,43.467789,706.39,194.04000000000002,CANDIDATE,0.7333333333333333,1.78,124.887214
K05427.01,,7800285,281.65961,43.587891,1164.21,286.265,FALSE POSITIVE,0.0,40.94,0.533000886
K05428.01,,7804128,283.87573,43.523079,1069.27,322.28,FALSE POSITIVE,0.0,,200.35091012
K05429.01,,7809049,286.51007,43.507629,641.29,120.99,FALSE POSITIVE,0.0,,114.32859485
K05430.01,,7811057,287.49988,43.59108,626.39,242.54000000000002,FALSE POSITIVE,0.018867924528301886,1.84,99.97889
K05551.01,,8622875,291.08795,44.751789,648.91,144.29500000000002,FALSE POSITIVE,0.008086253369272238,5.56,374.71687
K05552.01,,8644545,298.13864,44.744061,427.0,56.575,CANDIDATE,0.4883720930232558,2.1,295.958914
K05553.01,,8644911,298.23279,44.756432,907.94,177.56,CANDIDATE,0.9629629629629629,2.32,120.938669
K05554.01,,8652997,300.39194,44.78532,279.04,54.76,CANDIDATE,0.018867924528301886,0.96,362.22202
K05555.01,,8655076,300.95102,44.74918,698.07,141.2,FALSE POSITIVE,0.008086253369272238,1.82,42.070868
K05556.01,,8656535,301.50656,44.711842,400.12,91.00999999999999,CANDIDATE,0.0,1.86,631.99116
K05557.01,,8671707,283.34769,44.889378,752.98,228.60000000000002,FALSE POSITIVE,0.008086253369272238,2.88,401.73243
K05558.01,,8676061,285.75574,44.85244,1412.21,312.4,FALSE POSITIVE,0.0,2.18,428.1186
K05678.01,,9457533,288.47919,46.058208,1116.04,134.01,FALSE POSITIVE,0.008086253369272238,10.58,37.3683802
K05679.01,,9463329,291.21664,46.02248,860.49,233.21,FALSE POSITIVE,0.008086253369272238,1.24,615.81928
K05680.01,,9466486,292.50098,46.037479,1427.49,354.735,CANDIDATE,0.008086253369272238,2.97,557.92882
K05681.01,,9472328,294.69092,46.06662,3730.49,1436.775,CANDIDATE,0.008086253369272238,28199.3,77.51257
K05682.01,,9472341,294.69489,46.077,2365.34,1409.55,CANDIDATE,0.018867924528301886,7.45,46.969389
K05683.01,,9474485,295.46451,46.016998,349.02,36.235,FALSE POSITIVE,0.0,42.41,0.512581525
K05684.01,,9475697,295.87292,46.014462,844.24,115.41000000000001,CANDIDATE,0.008086253369272238,24.34,206.801125
K05685.01,,9481235,297.59805,46.04377,2332.19,320.49,CANDIDATE,0.018867924528301886,17.96,14.0019064
K05804.01,,10551346,297.61914,47.767921,604.1,110.075,FALSE POSITIVE,0.008086253369272238,39.76,1.42796645
K05805.01,,10552151,297.8389,47.751709,2580.56,743.44,CANDIDATE,0.018867924528301886,11.07,525.757041
K05806.01,,10552263,297.87003,47.771091,585.69,127.39500000000001,CANDIDATE,0.008086253369272238,1.26,313.82752
K05807.01,,10554421,298.49625,47.738918,1647.29,360.53999999999996,CANDIDATE,0.0,,236.09799849
K05808.01,,10556891,299.18796,47.77029,519.38,59.2,FALSE POSITIVE,0.0,,70.61977122
K05809.01,,10579570,281.66693,47.876911,158.86,15.344999999999999,FALSE POSITIVE,0.0,,216.10910854
K05810.01,,10581308,282.68713,47.816978,520.22,62.69,CANDIDATE,0.0,2.25,425.593391
K05811.01,,10591578,288.27332,47.876881,280.5,30.240000000000002,FALSE POSITIVE,0.008086253369272238,,44.51439331
K05431.01,,7812990,288.41895,43.534599,692.83,172.445,CANDIDATE,0.008086253369272238,,43.08410127
K05432.01,,7819520,290.83856,43.526741,1408.79,289.89,FALSE POSITIVE,0.0,,230.80401566
K05433.01,,7829836,294.30466,43.509701,914.82,109.655,CANDIDATE,0.847457627118644,2.55,237.819002
K05434.01,,7830953,294.6467,43.577499,1429.69,293.95,CANDIDATE,0.043478260869565216,2.96,581.87357
K05435.01,,7836096,296.18665,43.581379,829.21,98.13,CANDIDATE,0.25,1.71,15.9961296
K05436.01,,7837526,296.61633,43.529301,499.7,97.28,FALSE POSITIVE,0.0,54.15,28.297207229
K05437.01,,7881464,288.14142,43.685799,1352.94,688.14,CANDIDATE,0.0,,213.63312404
K05438.01,,7884986,289.74466,43.684608,3236.39,542.475,FALSE POSITIVE,0.008086253369272238,21.53,412.227551
K05559.01,,8677186,286.38165,44.879082,358.18,58.075,FALSE POSITIVE,0.0,1.18,586.63177
K05560.01,,8678345,287.03516,44.815739,324.69,50.215,FALSE POSITIVE,0.008086253369272238,3.69,364.95068
K05561.01,,8682751,289.30008,44.828609,1510.79,367.45500000000004,FALSE POSITIVE,0.0,,44.36123319
K05562.01,,8715564,299.99295,44.88612,311.7,131.715,FALSE POSITIVE,0.008086253369272238,0.73,438.00974
K05563.01,,8715589,300.00098,44.828499,1289.9,613.95,CANDIDATE,0.008086253369272238,3.8,7.62210397
K05564.01,,8718273,300.76859,44.83062,931.31,177.41500000000002,FALSE POSITIVE,0.008086253369272238,444.46,3.479508244
K05565.01,,8737343,284.03015,44.908718,362.2,60.26,FALSE POSITIVE,0.008086253369272238,1.85,406.29695
K05566.01,,8741367,286.29129,44.920082,1128.53,400.59000000000003,CANDIDATE,0.008086253369272238,3.18,0.9886684
K05686.01,,9489348,299.84818,46.068039,830.28,255.05,FALSE POSITIVE,0.018867924528301886,1.17,3.34465934
K05687.01,,9517242,287.38818,46.139381,632.91,120.875,FALSE POSITIVE,0.0,1.3,513.14417
K05688.01,,9532603,294.35034,46.14957,1327.38,186.615,CANDIDATE,0.018867924528301886,2.03,14.5555096
K05689.01,,9534832,295.18097,46.179401,823.29,86.0,CANDIDATE,0.008086253369272238,2.76,114.12716
K05690.01,,9536727,295.85934,46.117008,5197.44,1169.425,CANDIDATE,0.008086253369272238,45.89,17.0497376
K05691.01,,9543302,297.88663,46.190578,923.19,296.42499999999995,FALSE POSITIVE,0.4883720930232558,2.23,13.0366377
K05692.01,,9575728,285.63629,46.247269,207.89,11.5,CANDIDATE,0.2916666666666667,0.59,2.64181261
K05828.01,,10799291,292.70148,48.14328,4654.43,986.7800000000001,FALSE POSITIVE,0.008086253369272238,11761.1,270.98477
K05829.01,,10802364,293.91037,48.192081,772.55,73.03,CANDIDATE,0.0,1.97,583.8531
K05830.01,,10809888,296.5499,48.186661,2734.16,442.565,CANDIDATE,0.008086253369272238,11.19,72.782432
K05831.01,,10813078,297.45166,48.15691,331.65,47.965,CANDIDATE,0.7333333333333333,1.75,10.552241908
K05832.01,,10817600,298.70694,48.10091,1871.9,663.95,FALSE POSITIVE,0.0,61.97,2.74703312
K05833.01,,10850327,286.59122,48.220268,808.9,199.995,CANDIDATE,0.27269149996405184,5.97,440.171272
K05834.01,,10855545,289.21732,48.204311,1682.15,409.78499999999997,CANDIDATE,0.018867924528301886,1.77,37.537859
K05835.01,,10858504,290.57974,48.214218,1405.17,213.49,CANDIDATE,0.0,2.44,474.96952
K05439.01,,7885558,289.97064,43.662239,745.42,152.35500000000002,FALSE POSITIVE,0.008086253369272238,0.69,0.864651455
K05440.01,,7888863,291.07666,43.61208,1216.6,301.195,CANDIDATE,0.28952621492541813,1.75,74.624063
K05441.01,,7900450,294.96277,43.671661,515.14,114.175,FALSE POSITIVE,0.2916666666666667,1.25,25.4805211
K05442.01,,7900695,295.03766,43.62122,428.02,71.265,FALSE POSITIVE,0.008086253369272238,1.47,512.11636
K05443.01,,7900727,295.04797,43.650429,1093.65,200.31,FALSE POSITIVE,0.008086253369272238,2.4,348.61891
K05444.01,,7902719,295.66922,43.654781,1249.87,260.99,FALSE POSITIVE,0.008086253369272238,2.87,368.70839
K05445.01,,7916058,299.10294,43.69421,1048.44,180.18,FALSE POSITIVE,0.008086253369272238,1.08,7.1091096
K05446.01,,7917068,299.34103,43.643162,858.72,369.125,CANDIDATE,0.008086253369272238,7.35,416.9504
K05567.01,,8742270,286.7926,44.968369,1220.73,232.425,FALSE POSITIVE,0.008086253369272238,64.56,397.3958488
K05568.01,Kepler-1633 b,8745553,288.5152,44.923229,2761.58,839.595,CONFIRMED,0.4883720930232558,6.71,62.134919
K05569.01,,8747222,289.32968,44.974209,1518.62,188.99,FALSE POSITIVE,0.008086253369272238,15.15,1.667482003
K05570.01,,8747910,289.62814,44.942421,680.08,56.63,CANDIDATE,0.008086253369272238,2.28,574.65297
K05572.01,,8807988,287.06146,45.03043,358.87,24.09,CANDIDATE,0.008086253369272238,0.78,21.9578446
K05573.01,,8812360,289.25467,45.05521,1263.18,664.9,FALSE POSITIVE,0.008086253369272238,6.16,77.395279
K05574.01,,8814872,290.30774,45.01141,445.63,50.57,CANDIDATE,0.008086253369272238,2.55,373.41509
K05693.01,,9579072,287.56281,46.258438,842.25,198.625,FALSE POSITIVE,0.0,2.42,612.882452
K05694.01,,9579606,287.86899,46.26936,1323.86,279.815,CANDIDATE,0.008086253369272238,1.26,107.904526
K05695.01,,9591728,293.3472,46.25544,1300.39,342.11,FALSE POSITIVE,0.008086253369272238,70.42,11.03571773
K05696.01,,9594184,294.25906,46.221199,1060.82,128.275,FALSE POSITIVE,0.043478260869565216,2.19,42.093314
K05697.01,,9594992,294.53946,46.294769,1561.21,534.8,FALSE POSITIVE,0.0,,274.10859251
K05698.01,,9596820,295.22586,46.22015,961.05,251.975,CANDIDATE,0.008086253369272238,2.33,282.029084
K05699.01,,9598315,295.75208,46.253868,495.96,88.13499999999999,FALSE POSITIVE,0.008086253369272238,1.7,339.18109
K05700.01,,9602595,297.14346,46.228458,834.3,201.02,FALSE POSITIVE,0.0,283.93,3.55650976
K05812.01,,10601163,292.32944,47.835629,815.11,224.03,CANDIDATE,0.008086253369272238,1.5,3.1318392
K05813.01,,10616317,297.58429,47.892738,547.6,103.89,FALSE POSITIVE,0.008086253369272238,,38.27772448
K05814.01,,10616656,297.69446,47.87896,392.07,71.325,FALSE POSITIVE,0.0,69.68,25.285232337
K05815.01,,10618044,298.06827,47.867809,1536.38,327.165,CANDIDATE,0.008086253369272238,3.52,207.767894
K05816.01,,10656842,288.13202,47.995541,1331.01,153.46,CANDIDATE,0.008086253369272238,14.04,82.508054
K05817.01,,10658177,288.72644,47.906872,756.23,132.315,CANDIDATE,0.9629629629629629,1.59,113.083522
K05818.01,,10661679,290.25308,47.983318,894.53,201.415,FALSE POSITIVE,0.008086253369272238,0.82,1.23138339
K05819.01,,10663976,291.21762,47.95216,673.94,87.775,CANDIDATE,0.008086253369272238,1.24,381.37504
K05447.01,,7935997,280.2066,43.774288,335.42,32.965,FALSE POSITIVE,0.008086253369272238,,322.55663046
K05448.01,,7938499,281.9617,43.713871,321.82,35.415,FALSE POSITIVE,0.008086253369272238,0.79,7.2269859
K05449.01,,7941635,283.5701,43.736118,673.87,148.19,FALSE POSITIVE,0.008086253369272238,41.02,0.762724045
K05450.01,,7948619,287.27939,43.76498,802.19,101.88,FALSE POSITIVE,0.0,,206.76425774
K05451.01,,7950158,288.03607,43.796139,1895.19,439.345,CANDIDATE,0.008086253369272238,4.4,529.39169
K05452.01,,7967210,294.31674,43.797642,1242.81,311.28499999999997,FALSE POSITIVE,0.008086253369272238,2.51,362.49906
K05453.01,,7970194,295.27673,43.706509,753.84,140.54500000000002,FALSE POSITIVE,0.018867924528301886,2.54,190.65896
K05454.01,Kepler-1630 b,7978202,297.5083,43.710949,366.1,47.08,CONFIRMED,0.2916666666666667,2.62,509.997402
K05575.01,,8823893,293.79514,45.098499,774.25,195.05,FALSE POSITIVE,0.018867924528301886,0.81,1.50650036
K05576.01,,8836224,297.73325,45.078861,2242.39,981.025,FALSE POSITIVE,0.0,,194.48732212
K05577.01,,8841297,299.07831,45.05481,615.66,69.185,CANDIDATE,0.0,2.94,495.51899
K05578.01,,8868481,284.31519,45.132259,411.01,21.509999999999998,CANDIDATE,0.008086253369272238,3.0,388.048463
K05579.01,,8888745,293.01563,45.16674,775.43,99.93,CANDIDATE,0.008086253369272238,1.57,34.0269868
K05580.01,,8890417,293.61044,45.160938,1002.17,293.54499999999996,CANDIDATE,0.008086253369272238,2.41,173.219879
K05581.01,Kepler-1634 b,8891684,294.0434,45.139778,1019.36,272.15999999999997,CONFIRMED,0.4883720930232558,4.27,374.878133
K05582.01,,8904714,297.94617,45.10014,1583.2,506.145,FALSE POSITIVE,0.008086253369272238,75.83,5.2362026
K05701.01,,9645188,290.20685,46.313541,829.69,126.575,FALSE POSITIVE,0.008086253369272238,,48.55059299
K05702.01,,9659022,295.69479,46.319328,1491.56,248.51,CANDIDATE,0.0,2.56,511.882
K05704.01,,9674789,300.47403,46.332039,643.31,236.12,CANDIDATE,0.008086253369272238,1.15,96.16705
K05705.01,,9705620,289.87979,46.400139,1636.58,379.68,FALSE POSITIVE,0.008086253369272238,2.2,95.254421
K05706.01,Kepler-1636 b,9715631,294.05762,46.441029,1588.58,345.90999999999997,CONFIRMED,0.7333333333333333,3.2,425.483539
K05707.01,,9723746,296.94031,46.494099,1403.67,348.935,CANDIDATE,0.008086253369272238,2.88,208.800733
K05708.01,,9724993,297.31314,46.448212,453.14,82.53999999999999,FALSE POSITIVE,0.043478260869565216,22.7,7.863361238
K05820.01,,10677763,296.40851,47.982121,455.39,71.86,FALSE POSITIVE,0.008086253369272238,,120.16983803
K05821.01,,10678912,296.75278,47.973282,1530.97,322.815,CANDIDATE,0.0,,113.71363032
K05822.01,,10685764,298.74216,47.945278,145.95,10.709999999999999,CANDIDATE,0.008086253369272238,1.69,17.634272
K05823.01,,10724569,289.16986,48.06678,809.0,114.255,FALSE POSITIVE,0.008086253369272238,1.29,0.745086745
K05824.01,,10734441,293.14627,48.058331,823.48,113.78,FALSE POSITIVE,0.0,,247.47724314
K05825.01,,10737437,294.28503,48.059448,558.52,56.28,CANDIDATE,0.008086253369272238,2.05,208.047137
K05826.01,,10747162,297.39093,48.03928,472.79,46.83,CANDIDATE,0.008086253369272238,1.53,30.561533
K05827.01,Kepler-1637 b,10777591,282.23685,48.154243,500.29,130.135,CONFIRMED,0.7333333333333333,0.79,6.10968225
K05455.01,,7979297,297.75494,43.789261,924.88,174.35,CANDIDATE,0.008086253369272238,2.09,292.09809
K05456.01,,7982917,298.62399,43.719471,444.85,65.145,FALSE POSITIVE,0.018867924528301886,0.94,11.8045536
K05457.01,,8005002,280.34219,43.83334,300.98,101.1,CANDIDATE,0.0,3.54,578.21623
K05458.01,,8007174,281.8277,43.808689,795.65,96.315,CANDIDATE,0.625,2.19,56.648588
K05459.01,,8009811,283.37384,43.801361,609.34,137.015,CANDIDATE,0.008086253369272238,3.1,53.554546
K05460.01,,8016211,286.69333,43.869961,934.5,446.26,FALSE POSITIVE,0.008086253369272238,8.8,3.1748772
K05461.01,,8016650,286.92426,43.82943,2891.94,625.515,CANDIDATE,0.043478260869565216,17.89,119.079642
K05462.01,,8025718,290.7309,43.87009,807.98,201.555,FALSE POSITIVE,0.25,2.06,371.18648
K05583.01,,8915379,300.9559,45.11108,749.19,113.975,CANDIDATE,0.008086253369272238,1.31,20.5858591
K05584.01,,8935352,283.98358,45.284752,1103.5,732.55,FALSE POSITIVE,0.0,149.1,10.90962154
K05585.01,,8937555,285.09998,45.23811,1011.51,254.525,CANDIDATE,0.008086253369272238,3.45,113.573945
K05586.01,,8939211,285.91354,45.206799,615.28,112.16,FALSE POSITIVE,0.008086253369272238,2.03,27.0779813
K05587.01,,8939650,286.12524,45.276932,940.52,229.63,FALSE POSITIVE,0.0,42.1,1.827660875
K05588.01,,8946267,289.3334,45.242641,885.67,164.94,CANDIDATE,0.018867924528301886,2.27,542.91133
K05589.01,,8949512,290.58508,45.22105,852.45,169.88,FALSE POSITIVE,0.0,2.0,376.554588
K05590.01,,8955741,292.87256,45.246151,628.54,166.095,FALSE POSITIVE,0.018867924528301886,3.2,538.4263
K05709.01,,9758615,285.59543,46.509666,702.39,191.99,FALSE POSITIVE,0.008086253369272238,,94.20561159
K05710.01,,9771920,292.40878,46.515259,358.5,46.68,FALSE POSITIVE,0.0,,378.70643955
K05712.01,,9776907,294.40469,46.56572,1290.23,164.92000000000002,CANDIDATE,0.008086253369272238,3.4,287.75613
K05713.01,,9780149,295.6026,46.517567,432.11,127.25999999999999,FALSE POSITIVE,0.008086253369272238,41.44,2.53021
K05714.01,,9786017,297.50803,46.521568,780.72,294.28,FALSE POSITIVE,0.0,59.61,2.249000963
K05715.01,,9832379,292.38818,46.615101,858.91,121.965,CANDIDATE,0.043478260869565216,1.93,189.961729
K05716.01,,9837659,294.52805,46.608521,1606.15,506.85,FALSE POSITIVE,0.008086253369272238,,121.62387378
K05836.01,,10865043,293.45459,48.227852,895.93,159.09,CANDIDATE,0.0,,202.18722766
K05837.01,,10878117,297.9147,48.224411,1389.67,222.67,CANDIDATE,0.0,,280.92070688
K05838.01,,10879247,298.26733,48.207458,643.36,90.48,FALSE POSITIVE,0.008086253369272238,2.39,432.074696
K05839.01,,10879899,298.47745,48.222031,1231.24,309.525,CANDIDATE,0.008086253369272238,2.32,169.415073
K05840.01,,10905641,283.54834,48.388931,1529.59,434.515,FALSE POSITIVE,0.043478260869565216,4.24,460.77905
K05841.01,,10920086,291.85208,48.319561,640.03,137.075,FALSE POSITIVE,0.008086253369272238,8.24,3.21318517
K05842.01,,10933306,297.19424,48.322891,1116.61,267.515,CANDIDATE,0.4883720930232558,1.85,57.7749373
K05843.01,,10958972,281.81027,48.420395,651.46,153.1,FALSE POSITIVE,0.0,,331.78248134
K05463.01,,8029848,292.21179,43.831848,919.73,256.13,FALSE POSITIVE,0.008086253369272238,44.46,1.20608769
K05464.01,,8035322,294.08139,43.824032,945.9,268.0,FALSE POSITIVE,0.008086253369272238,2.85,613.82905
K05465.01,,8036863,294.57321,43.898521,531.9,111.66999999999999,FALSE POSITIVE,0.0,1.12,476.80454
K05466.01,Kepler-1631 b,8037038,294.63257,43.807671,1211.38,268.725,CONFIRMED,0.2916666666666667,1.75,4.09513876
K05467.01,,8040308,295.65958,43.85825,797.72,131.225,CANDIDATE,0.0,,502.8356901
K05468.01,,8040457,295.70108,43.825218,907.82,188.75,CANDIDATE,0.008086253369272238,1.65,81.704814
K05469.01,,8043968,296.73291,43.864319,961.42,203.53,FALSE POSITIVE,0.008086253369272238,0.83,0.779615874
K05470.01,,8044083,296.76855,43.862,1333.46,259.63,CANDIDATE,0.0,2.44,578.21805
K05591.01,,8959240,294.09128,45.21767,1168.05,216.695,CANDIDATE,0.008086253369272238,4.03,317.009388
K05592.01,,8971044,297.48312,45.291142,1092.7,234.815,CANDIDATE,0.008086253369272238,2.3,482.51701
K05593.01,,8975776,298.50476,45.25124,1059.47,254.39999999999998,FALSE POSITIVE,0.008086253369272238,2.35,224.469892
K05594.01,,8979500,299.54834,45.283661,1515.12,193.10500000000002,FALSE POSITIVE,0.008086253369272238,6.76,113.556471
K05595.01,,9003126,283.62271,45.382992,280.71,31.314999999999998,FALSE POSITIVE,0.008086253369272238,1.04,208.02789
K05596.01,,9008125,286.10162,45.319191,899.35,188.01999999999998,FALSE POSITIVE,0.008086253369272238,3.55,308.024953
K05597.01,,9011877,287.82678,45.331322,374.96,27.79,CANDIDATE,0.4883720930232558,0.73,7.77710639
K05717.01,,9838414,294.80966,46.613079,1389.12,145.23000000000002,FALSE POSITIVE,0.008086253369272238,3.65,1.33261458
K05719.01,,9839030,295.05518,46.66975,1098.82,270.08500000000004,CANDIDATE,0.25,2.19,27.285315
K05720.01,,9845362,297.2294,46.616402,967.45,144.45,FALSE POSITIVE,0.008086253369272238,2.69,105.895315
K05721.01,,9845931,297.38342,46.68388,1906.9,481.91499999999996,FALSE POSITIVE,0.043478260869565216,2.76,61.224558
K05722.01,,9847239,297.74112,46.660488,966.36,208.57,FALSE POSITIVE,0.008086253369272238,27.79,28.507877538
K05723.01,,9848760,298.155,46.600121,713.59,92.05,FALSE POSITIVE,0.0,30.17,444.46522
K05724.01,,9850843,298.71469,46.650639,1132.33,265.09,FALSE POSITIVE,0.2916666666666667,1.23,8.48039
K05344.01,,7018210,286.35242,42.58577,2099.86,414.855,CANDIDATE,0.008086253369272238,3.66,445.351255
K05345.01,,7019580,286.98447,42.551121,916.42,213.97,FALSE POSITIVE,0.008086253369272238,6.94,72.0153825
K05346.01,,7022603,288.22437,42.549011,623.36,184.01999999999998,FALSE POSITIVE,0.008086253369272238,20.93,21.12752693
K05347.01,,7024045,288.76083,42.554619,349.83,32.54,FALSE POSITIVE,0.008086253369272238,1.03,23.9341825
K05348.01,,7035812,292.49271,42.550739,1135.6,265.695,FALSE POSITIVE,0.018867924528301886,2.44,87.775799
K05349.01,,7038988,293.43866,42.56181,1203.04,250.94,FALSE POSITIVE,0.0,,65.67350728
K05350.01,,7041972,294.26602,42.519218,659.4,154.95499999999998,FALSE POSITIVE,0.0,,222.06409878
K05351.01,,7047299,295.61066,42.578369,594.86,121.52,FALSE POSITIVE,0.008086253369272238,35.21,35.882272887
K05471.01,,8075618,281.5979,43.976479,1028.4,188.92999999999998,FALSE POSITIVE,0.008086253369272238,52.34,8.780603773
K05472.01,,8076215,281.95456,43.98061,940.17,474.87,CANDIDATE,0.008086253369272238,5.27,97.5137491
K05473.01,,8094942,290.84729,43.962742,889.81,191.38,CANDIDATE,0.008086253369272238,2.64,549.42772
K05474.01,,8099517,292.50958,43.957169,1862.24,337.835,CANDIDATE,0.008086253369272238,8.98,284.666844
K05475.01,Kepler-1632 b,8105398,294.49487,43.91362,603.28,143.56,CONFIRMED,1.0,2.41,224.150923
K05476.01,,8105719,294.60629,43.937141,1448.51,221.56,CANDIDATE,0.847457627118644,2.52,148.179343
K05477.01,,8106139,294.74234,43.909351,1138.46,245.475,FALSE POSITIVE,0.008086253369272238,4.89,551.49832
K05478.01,,8108437,295.4931,43.99353,1269.41,252.17000000000002,FALSE POSITIVE,0.008086253369272238,38.47,351.2878737
K05598.01,,9012244,287.99823,45.396439,656.62,153.17,CANDIDATE,0.0,2.13,376.934014
K05599.01,,9016592,289.83994,45.354191,1193.27,271.265,FALSE POSITIVE,0.0,,46.50446209
K05600.01,,9018021,290.39032,45.389992,1103.68,666.61,CANDIDATE,0.008086253369272238,4.81,17.168095
K05601.01,,9024568,292.77322,45.371311,454.71,63.635,FALSE POSITIVE,0.008086253369272238,1.3,124.091252
K05602.01,,9026007,293.29337,45.342541,872.53,95.73499999999999,CANDIDATE,0.018867924528301886,2.49,403.163148
K05603.01,,9026248,293.37994,45.31385,1073.3,265.675,CANDIDATE,0.008086253369272238,6.81,341.557931
K05604.01,,9044060,298.28308,45.373589,976.29,229.635,CANDIDATE,0.0,2.49,476.91977
K05605.01,,9047416,299.19171,45.34354,1144.91,359.855,CANDIDATE,0.4883720930232558,7.04,9.011888
K05725.01,,9851638,298.9433,46.679771,595.93,67.735,CANDIDATE,0.008086253369272238,2.23,351.25069
K05726.01,,9875101,283.49139,46.757889,943.72,130.605,FALSE POSITIVE,0.008086253369272238,2.84,212.771978
K05727.01,,9881660,287.36737,46.76865,654.94,74.375,CANDIDATE,0.018867924528301886,2.61,65.3558881
K05729.01,,9899514,295.26416,46.745941,999.69,151.695,FALSE POSITIVE,0.008086253369272238,0.97,1.33255577
K05730.01,,9899607,295.2951,46.775841,1202.83,271.815,FALSE POSITIVE,0.018867924528301886,0.97,1.33259275
K05731.01,,9908486,298.11667,46.721958,5175.61,1317.305,FALSE POSITIVE,0.008086253369272238,52.42,36.6092739
K05732.01,,9910043,298.5697,46.753971,1015.29,162.715,CANDIDATE,0.018867924528301886,1.52,39.399926
K05352.01,,7101726,286.19986,42.61301,979.21,236.47500000000002,CANDIDATE,0.0,,270.1430241
K05353.01,,7107567,288.49567,42.69556,1654.88,461.54499999999996,FALSE POSITIVE,0.008086253369272238,25.84,0.812592362
K05354.01,,7109680,289.27045,42.674389,663.53,143.13,FALSE POSITIVE,0.008086253369272238,1.12,81.871309
K05355.01,,7115671,291.12695,42.62439,1362.47,372.26,FALSE POSITIVE,0.008086253369272238,1.25,0.566805859
K05356.01,,7123580,293.54224,42.699532,1123.8,255.745,FALSE POSITIVE,0.0,,326.36595188
K05357.01,,7123614,293.55038,42.67226,770.98,181.92499999999998,FALSE POSITIVE,0.0,1.94,520.58269
K05358.01,,7125794,294.15234,42.61898,616.17,77.385,CANDIDATE,0.043478260869565216,1.54,126.586058
K05359.01,,7130612,295.41357,42.663071,428.6,24.695,CANDIDATE,0.25,1.53,2.7200197
K05479.01,,8125917,299.98801,43.917721,1022.45,396.19,CANDIDATE,0.4883720930232558,5.65,18.347081
K05480.01,,8129333,300.87204,43.973541,2632.33,854.9,CANDIDATE,0.25,5.78,57.140035
K05481.01,,8155368,287.80481,44.049191,957.14,212.17,FALSE POSITIVE,0.0,50.85,0.718643659
K05482.01,,8158429,289.2291,44.09166,949.12,202.215,CANDIDATE,0.25,2.96,31.707574649
K05483.01,,8179747,296.41702,44.04821,1248.95,649.29,FALSE POSITIVE,0.008086253369272238,66.65,17.946328114
K05484.01,,8192427,299.59756,44.07642,1042.08,296.54,FALSE POSITIVE,0.008086253369272238,5.18,204.818268
K05485.01,,8197176,300.88522,44.081329,7179.62,2706.015,CANDIDATE,0.008086253369272238,17.37,9.3589254
K05486.01,,8197406,300.94186,44.023651,1529.66,347.125,CANDIDATE,0.008086253369272238,23.47,4.15472242
K05606.01,,9049550,299.77884,45.394032,1202.51,748.1600000000001,FALSE POSITIVE,0.008086253369272238,63.1,23.81490574
K05607.01,,9049697,299.82376,45.334881,286.59,34.03,FALSE POSITIVE,0.008086253369272238,0.66,1.3274511
K05608.01,,9073549,284.32489,45.482319,1193.51,174.91500000000002,CANDIDATE,0.008086253369272238,2.12,87.565484
K05609.01,,9079671,287.76385,45.482159,462.08,158.315,CANDIDATE,0.008086253369272238,2.7,535.1515
K05610.01,,9079767,287.81815,45.404732,771.72,163.96,CANDIDATE,0.0,152.21,495.40462
K05611.01,,9087071,291.18909,45.49229,703.65,170.85,FALSE POSITIVE,0.008086253369272238,1.43,209.238576
K05612.01,,9087853,291.46518,45.47007,1090.74,166.195,CANDIDATE,0.008086253369272238,2.58,353.65927
K05613.01,,9097470,294.82776,45.469952,1203.41,263.45,CANDIDATE,0.008086253369272238,2.41,346.4174
K05733.01,,9911112,298.87128,46.75198,4110.98,1173.7649999999999,FALSE POSITIVE,0.0,96.28,1.166835206
K05734.01,,9933600,282.1142,46.816589,916.77,205.055,FALSE POSITIVE,0.0,,230.70578883
K05735.01,,9934274,282.58215,46.81551,1617.69,455.93,FALSE POSITIVE,0.008086253369272238,2.2,4.99471597
K05736.01,,9935983,283.67346,46.82272,759.9,135.09,CANDIDATE,0.008086253369272238,2.22,161.651504
K05737.01,,9941136,286.63068,46.843369,651.85,95.0,CANDIDATE,0.0,1.32,376.24253
K05738.01,,9941387,286.81644,46.884369,585.03,85.18,FALSE POSITIVE,0.008086253369272238,50.7,27.659607786
K05739.01,,9941550,286.90347,46.816341,2844.88,365.545,FALSE POSITIVE,0.018867924528301886,23.42,476.727302
K05740.01,,9942658,287.57361,46.822159,1082.56,124.1,CANDIDATE,0.018867924528301886,1.01,21.7997515
K05360.01,,7132462,295.8591,42.642189,940.68,317.56,CANDIDATE,0.008086253369272238,2.0,54.595746
K05361.01,,7138841,297.39395,42.686958,890.16,237.03500000000003,FALSE POSITIVE,0.25,1.9,22.0495604
K05362.01,,7174911,281.75983,42.779018,721.98,98.805,FALSE POSITIVE,0.0,,150.70039392
K05363.01,,7176424,282.50769,42.742699,721.6,108.78,FALSE POSITIVE,0.008086253369272238,,44.48477463
K05364.01,,7184556,286.23111,42.79517,1185.15,239.135,FALSE POSITIVE,0.0,,93.6452481
K05365.01,,7186436,287.01953,42.751282,752.43,160.14,CANDIDATE,0.018867924528301886,2.2,585.64118
K05366.01,,7189825,288.41675,42.7136,418.44,32.69,FALSE POSITIVE,0.0,1.26,574.69029
K05367.01,,7191523,289.03937,42.701439,581.28,116.495,CANDIDATE,0.0,,502.98283916
K05487.01,,8223445,287.91861,44.1213,1879.85,453.985,CANDIDATE,0.043478260869565216,2.95,48.8130123
K05488.01,,8223655,288.02615,44.118858,1051.38,166.815,FALSE POSITIVE,0.008086253369272238,19.25,280.1604956
K05489.01,,8229361,290.39822,44.17038,802.48,124.15,FALSE POSITIVE,0.008086253369272238,2.03,370.46262
K05490.01,,8234889,292.38724,44.13007,952.04,182.03,FALSE POSITIVE,0.008086253369272238,2.18,116.301793
K05491.01,,8241258,294.59424,44.110592,767.34,159.935,FALSE POSITIVE,0.008086253369272238,1.79,480.19416
K05492.01,,8241736,294.74133,44.131809,564.57,78.05000000000001,FALSE POSITIVE,0.018867924528301886,1.86,368.49828
K05493.01,,8242350,294.93457,44.12981,1032.2,274.06,FALSE POSITIVE,0.008086253369272238,101.15,6.993576155
K05494.01,,8244947,295.76822,44.167011,360.86,58.92999999999999,FALSE POSITIVE,0.0,,223.52131732
K05614.01,,9101279,296.00156,45.448132,2882.06,1111.645,FALSE POSITIVE,0.0,373.77,1.811461128
K05615.01,,9108058,297.78107,45.424278,1248.23,352.41999999999996,FALSE POSITIVE,0.0,193.73,2.17491508
K05616.01,,9114614,299.56708,45.47356,259.74,28.485,CANDIDATE,0.008086253369272238,1.71,441.61919
K05617.01,,9116075,299.97076,45.448738,186.18,20.035,FALSE POSITIVE,0.4883720930232558,0.73,24.5002702
K05618.01,,9116510,300.08292,45.411072,875.27,281.90500000000003,CANDIDATE,0.008086253369272238,3.01,318.49078
K05619.01,,9117123,300.24493,45.498039,329.42,32.88,FALSE POSITIVE,0.0,,2.16402661
K05620.01,,9118858,300.72061,45.460869,791.1,226.27,FALSE POSITIVE,0.0,,392.89275632
K05621.01,,9137257,283.03592,45.577709,393.26,50.05,FALSE POSITIVE,0.008086253369272238,1.1,114.734287
K05741.01,,9953491,292.75555,46.81184,826.54,108.10499999999999,CANDIDATE,0.008086253369272238,2.12,362.0619
K05742.01,,9954225,293.0744,46.899979,1113.58,286.285,FALSE POSITIVE,0.0,127.25,1.340649911
K05743.01,,9957659,294.47601,46.86166,1710.49,439.1,FALSE POSITIVE,0.008086253369272238,19.39,30.69537638
K05744.01,,9957668,294.4783,46.863811,500.27,110.345,FALSE POSITIVE,0.0,69.4,30.69533113
K05745.01,,9962595,296.32794,46.83963,565.41,82.57,CANDIDATE,0.008086253369272238,22.86,11.374442708
K05746.01,,9967398,297.828,46.884602,571.17,60.84,FALSE POSITIVE,0.008086253369272238,1.5,49.873958
K05747.01,,9968924,298.27487,46.837372,992.72,296.18,CANDIDATE,0.0,2.86,411.447056
K05748.01,,9993683,282.50021,46.918571,568.03,44.02,CANDIDATE,0.6350394007742269,1.19,29.9371143
K05368.01,,7192680,289.44095,42.741638,1011.56,159.98,FALSE POSITIVE,0.0,,114.25041494
K05369.01,,7198587,291.26584,42.739491,1535.78,220.77,CANDIDATE,0.008086253369272238,14.58,651.358046
K05370.01,,7203858,292.89294,42.776581,1331.4,368.745,FALSE POSITIVE,0.008086253369272238,4.63,407.97623
K05371.01,,7204233,293.00269,42.708851,456.87,58.78,CANDIDATE,0.008086253369272238,1.14,33.3037881
K05372.01,,7205717,293.44861,42.744911,2800.92,598.6949999999999,CANDIDATE,0.008086253369272238,1.64,212.60398
K05373.01,,7206422,293.64182,42.736019,720.92,172.58,CANDIDATE,0.008086253369272238,5.0,50.550788
K05374.01,,7207081,293.82782,42.771709,866.16,201.68,FALSE POSITIVE,0.0,,239.25578975
K05375.01,,7213311,295.51764,42.758942,1138.36,770.495,CANDIDATE,0.25,5.94,285.374561
K05495.01,,8255058,298.43073,44.192451,1918.82,783.625,FALSE POSITIVE,0.008086253369272238,196.78,6.279888981
K05496.01,,8265239,301.15225,44.185116,1761.04,533.4,FALSE POSITIVE,0.008086253369272238,,37.47695717
K05497.01,,8279146,282.24631,44.28228,389.43,74.04,CANDIDATE,0.008086253369272238,1.05,93.359737
K05498.01,,8288404,287.2117,44.283192,367.44,58.34,FALSE POSITIVE,0.008086253369272238,40.88,519.80221867
K05499.01,,8294683,290.01547,44.205582,678.32,42.815,CANDIDATE,0.0,1.19,122.58481
K05500.01,,8295087,290.15518,44.254017,816.69,230.75,CANDIDATE,0.008086253369272238,1.6,84.934357
K05501.01,,8300828,292.22482,44.29277,728.9,165.325,FALSE POSITIVE,0.008086253369272238,1.71,48.9200563
K05502.01,,8307489,294.61761,44.216881,827.32,220.185,CANDIDATE,0.008086253369272238,2.02,421.98194
K05622.01,Kepler-1635 b,9141355,285.349,45.556179,943.8,158.37,CONFIRMED,0.7333333333333333,3.24,469.61309
K05623.01,,9142225,285.80096,45.571739,1348.15,249.975,FALSE POSITIVE,0.018867924528301886,2.65,583.73632
K05624.01,,9142334,285.85172,45.511349,95.66,11.225,FALSE POSITIVE,0.008086253369272238,0.69,502.658
K05625.01,,9147012,288.42819,45.566269,893.72,131.975,CANDIDATE,0.25,3.33,116.454312
K05626.01,,9147029,288.43582,45.519852,1956.87,359.875,CANDIDATE,0.25,6.57,397.499229
K05627.01,,9153246,291.27625,45.568192,586.3,106.145,FALSE POSITIVE,0.0,1.35,243.954706
K05628.01,,9157030,292.81415,45.546501,632.85,72.475,CANDIDATE,0.25,1.32,24.9093027
K05629.01,,9157523,293.01486,45.577831,502.96,85.72,CANDIDATE,0.008086253369272238,1.93,192.138741
K05749.01,,9994381,282.93451,46.994869,559.31,32.82,CANDIDATE,0.008086253369272238,2.31,281.95332
K05750.01,,10002266,287.56247,46.95116,831.92,152.20499999999998,FALSE POSITIVE,0.008086253369272238,1.09,12.71368909
K05751.01,,10004515,288.73169,46.943699,450.95,85.375,FALSE POSITIVE,0.008086253369272238,,25.26363805
K05752.01,,10004772,288.85568,46.997261,4670.98,693.485,FALSE POSITIVE,0.0,36.19,1.391716834
K05753.01,,10006096,289.49918,46.92865,802.19,138.025,FALSE POSITIVE,0.008086253369272238,52.74,70.516233809
K05754.01,,10007492,290.08661,46.945202,1214.93,260.3,FALSE POSITIVE,0.008086253369272238,167.05,2.645596805
K05755.01,,10007916,290.23773,46.980042,636.22,91.17,CANDIDATE,0.008086253369272238,1.49,388.67155
K05756.01,,10018364,294.52576,46.994301,704.28,211.365,FALSE POSITIVE,0.008086253369272238,,105.6327297
K05376.01,,7255910,281.28262,42.89959,747.22,187.725,FALSE POSITIVE,0.008086253369272238,1.66,274.553579
K05377.01,,7256460,281.59372,42.871609,484.47,103.29499999999999,FALSE POSITIVE,0.0,,251.02304011
K05378.01,,7258902,282.78036,42.80621,1879.13,1080.5,FALSE POSITIVE,0.25,5.29,1.80774253
K05379.01,,7282470,291.9227,42.892921,967.58,223.04500000000002,CANDIDATE,0.018867924528301886,7.58,520.655224
K05380.01,,7289139,293.96146,42.806419,1418.38,355.52,CANDIDATE,0.25,3.24,369.93355
K05381.01,,7345136,285.40469,42.907589,1137.76,242.705,FALSE POSITIVE,0.008086253369272238,1.95,28.7369766
K05382.01,,7352727,288.57425,42.913288,721.62,112.865,FALSE POSITIVE,0.008086253369272238,14.14,2.45649061
K05383.01,,7375100,295.34177,42.9958,733.61,302.28,FALSE POSITIVE,0.008086253369272238,,98.51783198
K05503.01,,8308639,294.98322,44.217911,3104.55,508.76,FALSE POSITIVE,0.008086253369272238,25.18,457.513348
K05504.01,,8313697,296.55786,44.2831,1221.48,271.725,FALSE POSITIVE,0.0,,224.02589924
K05505.01,,8351919,285.75095,44.356979,496.55,70.83500000000001,FALSE POSITIVE,0.0,1.44,323.77153
K05506.01,,8352009,285.79572,44.35051,818.18,86.1,CANDIDATE,0.008086253369272238,1.61,641.60204
K05507.01,,8352016,285.79947,44.34819,504.18,108.83,FALSE POSITIVE,0.008086253369272238,0.95,40.0389613
K05508.01,,8364969,291.59738,44.398521,981.76,208.3,FALSE POSITIVE,0.0,46.14,22.571972634
K05509.01,,8378278,296.18494,44.342991,1176.42,273.12,CANDIDATE,0.008086253369272238,1.41,28.406342
K05510.01,,8380743,296.90295,44.351231,1133.06,372.395,FALSE POSITIVE,0.0,93.47,1.018861199
K05630.01,,9159461,293.75519,45.500839,371.28,87.85,FALSE POSITIVE,0.008086253369272238,1.08,80.519237
K05631.01,,9164003,295.4079,45.535233,1585.48,561.0,FALSE POSITIVE,0.25,2.92,149.356804
K05632.01,,9166700,296.33813,45.545109,292.61,54.535,CANDIDATE,0.4883720930232558,2.61,264.466625
K05633.01,,9173014,298.11365,45.563419,764.25,188.0,CANDIDATE,0.008086253369272238,4.35,151.77884
K05634.01,,9178502,299.63815,45.58778,1382.98,377.185,FALSE POSITIVE,0.008086253369272238,,50.47759052
K05635.01,,9178894,299.74387,45.586361,740.76,173.43,CANDIDATE,0.25,2.23,113.993156
K05636.01,,9180282,300.11902,45.510349,860.6,244.99,FALSE POSITIVE,0.4883720930232558,2.22,2.79123954
K05637.01,,9181402,300.41495,45.574299,762.86,235.90499999999997,FALSE POSITIVE,0.0,,223.31769215
K05757.01,,10023469,296.36893,46.957821,703.27,108.06,FALSE POSITIVE,0.043478260869565216,1.28,44.637111
K05758.01,,10027861,297.66437,46.94482,728.11,54.61,CANDIDATE,0.25,2.7,102.493119
K05759.01,,10064591,287.09412,47.075359,500.82,87.94,CANDIDATE,0.0,,284.94212784
K05760.01,,10074700,291.62619,47.08123,3187.47,525.985,FALSE POSITIVE,0.008086253369272238,12.75,365.620697
K05761.01,,10083325,294.9733,47.015369,1059.8,235.87,CANDIDATE,0.018867924528301886,1.56,6.13292733
K05762.01,,10090854,297.39322,47.011459,952.09,155.135,CANDIDATE,0.018867924528301886,1.37,12.63063129
K05763.01,,10096697,299.02518,47.079071,564.57,122.55000000000001,FALSE POSITIVE,0.008086253369272238,1.59,191.272501
K05764.01,,10098540,299.58463,47.000771,401.87,41.64,CANDIDATE,0.008086253369272238,2.03,286.02266
K05384.01,,7377343,295.90891,42.988209,1012.08,257.725,CANDIDATE,0.9642857142857143,9.5,7.95445779
K05385.01,,7383840,297.39856,42.991539,16371.02,3213.2200000000003,CANDIDATE,0.008086253369272238,6815.75,331.70918
K05386.01,,7386200,297.88852,42.993031,849.41,183.96,FALSE POSITIVE,0.008086253369272238,1.91,575.42002
K05387.01,,7416016,280.35452,43.056671,238.55,29.205000000000002,CANDIDATE,0.008086253369272238,1.17,297.78282
K05388.01,,7416306,280.52133,43.077068,1241.82,584.085,CANDIDATE,0.625,3.38,137.396194
K05389.01,,7416646,280.72287,43.065472,1545.64,427.58,CANDIDATE,0.0,1.73,365.739893
K05390.01,,7440715,290.50705,43.015041,1149.26,684.5450000000001,CANDIDATE,0.018867924528301886,5.13,104.198102
K05391.01,,7456380,295.06079,43.058811,551.22,75.8,FALSE POSITIVE,0.0,1.55,368.72715
K05511.01,,8395870,300.93237,44.34454,487.64,88.14500000000001,CANDIDATE,0.008086253369272238,1.68,74.833577
K05512.01,,8396288,301.05518,44.306229,1345.46,251.60000000000002,CANDIDATE,0.4883720930232558,3.02,8.5852872
K05513.01,,8414914,284.52087,44.455078,4339.66,1048.645,FALSE POSITIVE,0.008086253369272238,78.77,100.303613
K05514.01,,8415353,284.7644,44.485004,1285.04,425.575,CANDIDATE,0.008086253369272238,2.63,102.100752
K05515.01,,8429817,291.45227,44.431751,818.14,207.82,CANDIDATE,0.4883720930232558,6.46,6.263491873
K05517.01,,8432249,292.39389,44.476212,2094.91,779.76,CANDIDATE,0.008086253369272238,7.12,335.43143
K05518.01,,8439618,295.06573,44.477032,910.04,145.66,CANDIDATE,0.4883720930232558,3.1,558.21886
K05638.01,,9209981,288.01117,45.68716,1420.28,232.63,CANDIDATE,0.0,1.56,290.02002
K05639.01,,9210738,288.40182,45.677029,1164.49,623.585,CANDIDATE,0.008086253369272238,4.92,279.21957
K05640.01,,9214176,290.15314,45.635471,1037.4,119.28999999999999,CANDIDATE,0.008086253369272238,9.56,348.665961
K05641.01,,9216231,291.03244,45.64106,418.07,48.894999999999996,FALSE POSITIVE,0.018867924528301886,2.11,616.34132
K05642.01,,9217583,291.57455,45.618389,1482.66,366.415,CANDIDATE,0.008086253369272238,2.56,222.28056
K05643.01,,9220614,292.79358,45.687859,559.66,87.1,CANDIDATE,0.0,1.62,570.01886
K05644.01,,9224514,294.26019,45.69408,185.88,18.814999999999998,CANDIDATE,0.0,,378.93139106
K05645.01,,9229807,296.12985,45.681862,1274.36,208.13,CANDIDATE,0.0,,580.85326788
K05765.01,,10130646,287.42953,47.127609,83.12,13.565000000000001,FALSE POSITIVE,0.008086253369272238,0.63,390.40832
K05766.01,,10132552,288.3555,47.106468,529.9,121.07,FALSE POSITIVE,0.008086253369272238,1.32,191.528018
K05767.01,,10132908,288.50931,47.120701,1000.41,247.31,FALSE POSITIVE,0.0,1.89,386.59946
K05768.01,,10141271,291.90961,47.174339,858.82,126.50999999999999,FALSE POSITIVE,0.018867924528301886,1.32,15.4032765
K05769.01,,10146103,293.74625,47.15406,840.13,98.07,CANDIDATE,0.2916666666666667,0.97,7.58062893
K05770.01,,10158715,297.72064,47.134892,1502.09,354.32,FALSE POSITIVE,0.008086253369272238,2.55,61.0011095
K05771.01,,10161534,298.49445,47.187271,803.36,186.905,FALSE POSITIVE,0.008086253369272238,2.28,198.232389
K05392.01,,7458433,295.57947,43.06356,867.76,202.04500000000002,FALSE POSITIVE,0.008086253369272238,26.13,0.66062715
K05393.01,,7458743,295.64517,43.065338,2067.1,274.67,CANDIDATE,0.008086253369272238,18.92,248.421771
K05394.01,,7468295,297.68704,43.060162,1447.47,157.585,FALSE POSITIVE,0.0,7.88,456.5734
K05395.01,,7516073,287.96262,43.132195,671.73,198.875,FALSE POSITIVE,0.008086253369272238,1.81,601.13797
K05396.01,,7538450,294.80457,43.138699,1278.13,438.52,FALSE POSITIVE,0.25,5.26,344.06248
K05397.01,,7539174,295.00153,43.171341,1805.51,233.515,FALSE POSITIVE,0.008086253369272238,,39.94344731
K05398.01,,7539277,295.02985,43.129421,688.74,59.565,CANDIDATE,0.018867924528301886,2.1,551.22396
K05399.01,,7550875,297.65436,43.178551,811.83,139.52,FALSE POSITIVE,0.008086253369272238,2.19,466.90824
K05519.01,,8442463,295.94467,44.445938,1683.05,659.025,FALSE POSITIVE,0.008086253369272238,7.07,361.30991
K05520.01,,8474892,281.76312,44.57719,933.45,238.82,FALSE POSITIVE,0.008086253369272238,56.11,199.4424134
K05521.01,,8480642,285.0004,44.544991,993.16,557.625,FALSE POSITIVE,0.008086253369272238,72.91,31.59115876
K05522.01,,8482513,286.11569,44.592941,1111.72,240.70999999999998,FALSE POSITIVE,0.018867924528301886,2.47,356.99135
K05523.01,,8487777,288.92505,44.53577,769.04,200.325,FALSE POSITIVE,0.008086253369272238,2.08,96.120478
K05524.01,,8495232,291.80365,44.534592,659.84,138.42,FALSE POSITIVE,0.008086253369272238,2.02,9.63647672
K05525.01,,8499922,293.66245,44.527512,2334.14,346.03,FALSE POSITIVE,0.008086253369272238,14.5,45.680876
K05526.01,,8505674,295.5806,44.568977,752.1,215.32,FALSE POSITIVE,0.018867924528301886,1.47,43.169798
K05897.01,,11444772,285.70541,49.342628,612.49,66.14500000000001,CANDIDATE,0.008086253369272238,2.53,395.94327
K05898.01,,11444974,285.82983,49.39431,471.82,116.915,CANDIDATE,0.008086253369272238,1.73,76.37924
K05899.01,,11446961,287.15372,49.33197,577.66,117.85499999999999,CANDIDATE,0.043478260869565216,1.28,58.669218
K05900.01,,11453930,291.14532,49.365318,711.41,134.20499999999998,CANDIDATE,0.008086253369272238,1.68,355.84731
K05901.01,,11456256,292.43137,49.368561,523.03,105.66,CANDIDATE,0.4883720930232558,1.29,61.611129
K05902.01,,11457664,293.16309,49.383331,1694.35,387.025,CANDIDATE,0.008086253369272238,1.27,150.728285
K05903.01,,11465658,296.63181,49.363312,838.69,145.825,CANDIDATE,0.008086253369272238,2.06,253.790434
K05904.01,,11465869,296.71918,49.35994,170.0,13.120000000000001,FALSE POSITIVE,0.008086253369272238,0.68,322.544807
K05905.01,,11493378,283.46997,49.416962,589.79,112.94999999999999,CANDIDATE,0.008086253369272238,,35.6606167
K05906.01,,11506938,291.64651,49.493408,411.34,89.36,FALSE POSITIVE,0.008086253369272238,49.49,22.57494749
K05907.01,,11513366,294.72955,49.428478,4050.49,834.845,CANDIDATE,0.008086253369272238,36.77,587.38162
K05908.01,,11513441,294.7627,49.430069,1026.29,502.235,FALSE POSITIVE,0.7333333333333333,6.85,85.5692223
K05909.01,,11520114,297.39496,49.48494,811.01,96.37,CANDIDATE,0.25,1.36,7.07987663
K05910.01,,11520465,297.52707,49.404499,877.27,217.29500000000002,CANDIDATE,0.008086253369272238,1.75,91.240335
K05911.01,,11559493,292.07788,49.52961,1480.22,382.945,CANDIDATE,0.008086253369272238,3.01,357.41382
K05912.01,,11598638,284.55368,49.6847,839.94,200.41500000000002,CANDIDATE,0.0,2.25,359.854745
K05913.01,,11598894,284.74847,49.606258,1136.67,241.72500000000002,CANDIDATE,0.008086253369272238,1.97,89.366114
K05914.01,,11599800,285.36389,49.629608,1436.07,345.27,FALSE POSITIVE,0.25,5.09,422.255426
K05915.01,,11599937,285.45917,49.661942,919.79,184.58999999999997,CANDIDATE,0.2906608629449035,1.81,37.6259039
K05916.01,,11600299,285.6911,49.690311,6532.37,1042.49,CANDIDATE,0.008086253369272238,,100.41475198
K05917.01,,11601425,286.3562,49.690128,852.82,188.37,CANDIDATE,0.018867924528301886,1.56,41.9934673
K05918.01,,11601633,286.49686,49.614578,503.51,38.065,CANDIDATE,0.008086253369272238,1.46,94.67782
K05919.01,,11601972,286.73245,49.683189,820.13,230.8,CANDIDATE,0.7232565787320443,2.35,290.196139
K05920.01,,11603298,287.65161,49.686501,734.87,149.88,FALSE POSITIVE,0.008086253369272238,1.87,471.39698
K05921.01,,11614808,293.96027,49.619312,1472.54,601.35,CANDIDATE,0.008086253369272238,3.96,175.452812
K05922.01,,11615258,294.15775,49.614971,1124.35,263.375,CANDIDATE,0.0,2.15,367.07446
K05923.01,,11615521,294.27182,49.633869,1748.18,525.77,CANDIDATE,0.008086253369272238,10.75,366.684634
K05924.01,,11616434,294.69086,49.626991,812.81,99.91,CANDIDATE,0.008086253369272238,2.49,291.306507
K05925.01,,11651240,285.40842,49.763641,1139.5,371.07,CANDIDATE,0.008086253369272238,1.97,93.006
K05926.01,,11652427,286.17105,49.71032,619.54,366.655,CANDIDATE,0.008086253369272238,,26.46288074
K05927.01,,11654039,287.29846,49.703049,461.28,50.56999999999999,FALSE POSITIVE,0.0,1.26,436.42852
K05928.01,,11674709,297.74567,49.70763,586.68,148.125,CANDIDATE,0.008086253369272238,,20.69920737
K05929.01,,11716643,293.86526,49.800289,779.83,158.29000000000002,CANDIDATE,0.25,4.92,466.002988
K05930.01,,11722217,296.2525,49.886559,105.79,21.86,CANDIDATE,0.008086253369272238,1.0,302.77571
K05931.01,,11773174,296.55469,49.958092,554.27,113.56,CANDIDATE,0.008086253369272238,,115.19952922
K05932.01,,11803074,285.33783,50.066132,1173.26,232.33499999999998,CANDIDATE,0.008086253369272238,2.79,355.86134
K05933.01,,11807906,288.43665,50.075722,1691.39,619.085,CANDIDATE,0.008086253369272238,10.37,236.506437
K05934.01,,11811382,290.36365,50.052608,496.27,98.78999999999999,CANDIDATE,0.008086253369272238,6.13,19.3854894
K05935.01,,11818566,294.2063,50.045399,792.58,51.29,CANDIDATE,0.0,,416.87893121
K05936.01,,11819396,294.56738,50.069721,1206.24,294.37,CANDIDATE,0.008086253369272238,,48.38798413
K05937.01,,11824578,296.7554,50.055271,1375.36,368.66499999999996,CANDIDATE,0.0,3.53,357.588538
K05938.01,,11860294,289.65347,50.12801,548.07,91.06,CANDIDATE,0.0,1.66,545.205601
K05939.01,,11868941,294.35275,50.185989,727.49,86.795,CANDIDATE,0.008086253369272238,1.52,105.053389
K05940.01,,11905398,286.48987,50.230068,949.11,163.57,CANDIDATE,0.625,3.14,24.7967294
K05941.01,,11910670,289.65152,50.282619,1053.03,234.105,CANDIDATE,0.008086253369272238,60.47,44.7060191
K05942.01,,11911929,290.3689,50.27055,2649.77,403.01500000000004,CANDIDATE,0.008086253369272238,15.75,125.277815
K05943.01,,11923213,296.20459,50.236328,1052.85,185.83,CANDIDATE,0.043478260869565216,1.87,27.2020672
K05944.01,,11924426,296.70383,50.281551,669.55,146.55,FALSE POSITIVE,0.008086253369272238,62.03,64.713168094
K05945.01,,11959893,289.58356,50.348137,1015.17,348.365,CANDIDATE,0.2916666666666667,4.58,40.7282314
K05946.01,,11966643,293.52264,50.308079,846.07,152.29500000000002,CANDIDATE,0.0,,183.38048452
K05947.01,,11968514,294.36172,50.307598,1202.79,256.43,FALSE POSITIVE,0.0,293.01,1.036592136
K05948.01,,12007270,288.18256,50.49836,787.77,141.175,CANDIDATE,0.0,1.23,398.51312
K05949.01,,12009917,289.68549,50.409229,1478.43,402.555,CANDIDATE,0.0,1.88,559.785594
K05950.01,,12020376,295.4801,50.42128,399.36,29.785,CANDIDATE,0.008086253369272238,1.0,109.43946
K05951.01,,12066767,294.17059,50.593632,18127.92,4089.6600000000003,CANDIDATE,0.0,,194.25835342
K05952.01,,12071775,296.40887,50.585171,978.86,120.475,CANDIDATE,0.25,2.15,164.507439
K05953.01,,12102775,286.39944,50.625679,967.74,160.33499999999998,CANDIDATE,0.25,4.03,370.84786
K05954.01,,12105086,288.05573,50.65369,414.37,41.245000000000005,CANDIDATE,0.008086253369272238,0.94,73.908995
K05955.01,,12110901,291.59988,50.635891,572.38,93.32,CANDIDATE,0.0,,96.32561456
K05956.01,,12121701,296.90057,50.628059,1484.68,330.08000000000004,CANDIDATE,0.008086253369272238,3.19,212.646179
K05957.01,,12156805,289.96442,50.791859,370.76,119.92999999999999,FALSE POSITIVE,0.008086253369272238,1.13,371.54879
K05958.01,,12165063,294.52161,50.795456,157.95,21.93,FALSE POSITIVE,0.008086253369272238,0.89,226.499243
K05959.01,,12168895,296.24155,50.78051,1156.79,205.76,CANDIDATE,0.008086253369272238,1.74,251.48808
K05960.01,,12170767,297.0217,50.769112,954.85,198.82000000000002,CANDIDATE,0.018867924528301886,1.62,32.4185265
K05961.01,,12253490,288.64325,50.90118,309.47,34.76,CANDIDATE,0.008086253369272238,25.24,19.159760875
K05962.01,,12257851,291.20724,50.91663,1067.04,233.86499999999998,FALSE POSITIVE,0.008086253369272238,0.92,2.61594288
K05963.01,,12265150,295.12543,50.906052,679.84,148.115,FALSE POSITIVE,0.25,1.81,1.686009643
K05964.01,,12300524,287.09006,51.01606,504.42,116.615,CANDIDATE,0.25,0.85,32.033211
K05965.01,,12349560,286.93784,51.123508,752.55,86.71000000000001,CANDIDATE,0.008086253369272238,1.69,43.3975622
K05966.01,,12350136,287.35873,51.158321,267.02,28.424999999999997,CANDIDATE,0.0,,478.79185021
K05844.01,,10964747,285.86667,48.407742,724.68,119.735,FALSE POSITIVE,0.0,1.61,344.961485
K05845.01,,10967168,287.37283,48.465542,407.45,84.38,CANDIDATE,0.018867924528301886,1.18,22.2659599
K05846.01,,10977671,292.81577,48.422169,2064.2,422.90000000000003,CANDIDATE,0.625,6.12,199.064336
K05847.01,,10978581,293.26508,48.426399,1317.94,150.455,CANDIDATE,0.008086253369272238,17.56,277.114286
K05848.01,,10979952,293.88602,48.469292,827.06,479.37,CANDIDATE,0.008086253369272238,3.41,323.159363
K05849.01,,10989620,297.61707,48.408089,742.97,156.575,CANDIDATE,0.018867924528301886,1.13,21.512259
K05850.01,,10991389,298.29181,48.465691,839.72,89.03,CANDIDATE,0.043478260869565216,3.66,303.226376
K05967.01,,12401859,288.142,51.245602,852.97,176.93,CANDIDATE,0.008086253369272238,4.84,22.8631517
K05968.01,,12402588,288.53769,51.280384,542.15,204.95499999999998,CANDIDATE,0.008086253369272238,2.29,97.942437
K05969.01,,12405436,290.1449,51.25771,538.47,57.47,FALSE POSITIVE,0.008086253369272238,2.59,163.820347
K05970.01,,12417572,295.91843,51.250118,1372.12,393.39,FALSE POSITIVE,0.008086253369272238,3.67,151.577009
K05971.01,,12418418,296.26324,51.26609,296.09,18.259999999999998,CANDIDATE,0.0,1.08,493.30572
K05972.01,,12505590,288.62769,51.400131,778.23,117.34,CANDIDATE,0.008086253369272238,2.59,449.87203
K05973.01,,12506986,289.4024,51.441738,1110.06,297.22,CANDIDATE,0.008086253369272238,1.82,419.93373
K05851.01,,10991431,298.30725,48.48246,912.49,216.565,CANDIDATE,0.008086253369272238,2.18,322.221973
K05852.01,,11021266,287.36044,48.5564,1455.9,348.25,CANDIDATE,0.008086253369272238,3.2,235.413973
K05853.01,,11021676,287.60306,48.599289,1002.22,173.22,CANDIDATE,0.008086253369272238,3.15,366.68293
K05854.01,,11026582,290.25085,48.558701,862.24,185.8,CANDIDATE,0.847457627118644,2.93,240.57135
K05855.01,,11036168,294.79651,48.557861,1353.29,235.48,CANDIDATE,0.7333333333333333,6.15,217.792748
K05856.01,Kepler-1638 b,11037818,295.48242,48.524441,2736.38,735.9449999999999,CONFIRMED,0.7333333333333333,6.04,259.34304
K05857.01,,11046723,298.71347,48.545479,683.03,157.415,CANDIDATE,0.0,,388.03884851
K05858.01,,11046870,298.75833,48.59779,1271.79,287.815,FALSE POSITIVE,0.008086253369272238,1.75,8.34410791
K05974.01,,12554212,288.9162,51.534962,217.11,26.1,CANDIDATE,0.018867924528301886,0.49,4.76815507
K05975.01,,12645262,289.40317,51.736649,564.88,148.675,FALSE POSITIVE,0.0,,545.45623972
K05976.01,,12645761,289.70395,51.714401,1782.56,670.1800000000001,FALSE POSITIVE,0.008086253369272238,223.75,2.709570339
K05977.01,,12690465,289.70395,51.871689,1093.81,280.11,CANDIDATE,0.008086253369272238,,49.49059818
K05978.01,,12734110,288.71906,51.914211,618.29,81.71,CANDIDATE,0.0,1.78,364.18129
K05979.01,,12735793,289.79166,51.993721,653.54,175.35,CANDIDATE,0.008086253369272238,0.89,37.7935113
K05980.01,,12736658,290.26956,51.916302,704.14,175.625,FALSE POSITIVE,0.008086253369272238,49.03,0.855294909
K05981.01,,12835139,290.38977,52.171055,1386.66,473.105,FALSE POSITIVE,0.0,3.88,350.609298
K05859.01,,11069681,283.30917,48.685829,3446.57,791.73,CANDIDATE,0.008086253369272238,26.09,172.621943
K05860.01,,11072982,285.56879,48.632099,1214.79,617.795,CANDIDATE,0.008086253369272238,6.17,264.708077
K05861.01,,11073238,285.72473,48.607632,702.76,175.14,FALSE POSITIVE,0.0,1.58,452.40428
K05862.01,,11076176,287.57657,48.679379,815.75,116.59,FALSE POSITIVE,0.0,46.27,0.699985822
K05863.01,,11080702,290.00208,48.655361,523.78,40.375,CANDIDATE,0.847457627118644,0.87,8.67237968
K05864.01,,11082795,291.17084,48.649261,382.84,52.93,CANDIDATE,0.008086253369272238,1.38,35.9216912
K05865.01,,11090561,294.86819,48.649578,5693.99,1290.925,FALSE POSITIVE,0.008086253369272238,62.51,35.8726918
K05866.01,,11090926,295.02325,48.680649,3295.95,466.12,CANDIDATE,0.008086253369272238,35.36,102.300622
K05867.01,,11097752,297.6507,48.617802,1164.85,187.15,CANDIDATE,0.008086253369272238,14.76,359.8455
K05868.01,,11098704,298.02136,48.626141,979.7,270.28999999999996,CANDIDATE,0.008086253369272238,1.89,22.7783121
K05869.01,,11100170,298.57523,48.668362,8373.68,1309.32,CANDIDATE,0.25,2.42,114.406187
K05870.01,,11129145,287.46823,48.758659,151.56,18.335,CANDIDATE,0.008086253369272238,0.75,132.114
K05871.01,,11145391,295.4769,48.765079,669.88,131.04500000000002,CANDIDATE,0.043478260869565216,2.04,623.2344
K05872.01,,11145637,295.56812,48.759811,1179.25,255.095,CANDIDATE,0.0,,46.16051579
K05873.01,,11147785,296.32471,48.783112,1426.58,152.415,CANDIDATE,0.008086253369272238,109061.0,217.170081
K05874.01,,11152511,298.06229,48.724918,478.85,57.39,CANDIDATE,0.4883720930232558,2.07,287.33114
K05875.01,Kepler-1639 b,11176166,283.06863,48.802078,1162.62,285.73,CONFIRMED,0.9629629629629629,2.64,9.8788502
K05876.01,,11182213,287.22351,48.813251,1199.83,284.84000000000003,CANDIDATE,0.008086253369272238,2.2,189.456089
K05877.01,,11183752,288.21854,48.886742,1325.22,181.34,CANDIDATE,0.008086253369272238,2.87,230.358183
K05878.01,,11191364,292.33502,48.87252,840.62,124.35,CANDIDATE,0.008086253369272238,1.88,211.54114
K05879.01,,11198419,295.57629,48.897861,260.67,30.03,CANDIDATE,0.25,1.6,88.523517
K05880.01,,11199233,295.89526,48.832939,657.47,131.365,FALSE POSITIVE,0.0,,386.22400908
K05881.01,,11251991,295.46149,48.903751,394.7,91.09,CANDIDATE,0.625,1.27,134.35872
K05882.01,,11298442,292.61597,49.003139,482.12,84.935,CANDIDATE,0.008086253369272238,,55.01469183
K05883.01,,11305417,295.74002,49.01152,625.65,163.22500000000002,CANDIDATE,0.018867924528301886,1.69,198.781156
K05884.01,,11338918,285.33615,49.190769,388.97,60.79,FALSE POSITIVE,0.0,1.52,588.63759
K05885.01,,11340218,286.12357,49.105289,1060.67,181.245,CANDIDATE,0.008086253369272238,1.87,111.149082
K05886.01,,11341266,286.79611,49.19426,862.88,284.62,CANDIDATE,0.008086253369272238,1.84,284.87177
K05887.01,,11341314,286.83151,49.18824,525.53,73.975,FALSE POSITIVE,0.018867924528301886,0.98,9.8338474
K05888.01,,11348610,290.8688,49.105068,964.12,79.945,CANDIDATE,0.008086253369272238,1.84,190.860818
K05889.01,,11351454,292.39926,49.173641,1587.78,255.2,CANDIDATE,0.008086253369272238,2.42,374.41813
K05890.01,,11355925,294.52682,49.175072,794.8,208.72500000000002,CANDIDATE,0.008086253369272238,2.19,263.30198
K05891.01,,11391512,285.2085,49.207829,674.1,69.75,CANDIDATE,0.222019703611847,2.98,370.31761
K05892.01,,11393248,286.30084,49.211319,994.18,109.48,CANDIDATE,0.008086253369272238,1.41,37.959659
K05893.01,,11393633,286.55554,49.240501,754.05,125.445,CANDIDATE,0.0,1.4,405.6296
K05894.01,,11401845,291.297,49.244469,2912.94,790.7,FALSE POSITIVE,0.0,155.22,1.080695116
K05895.01,,11407847,294.30084,49.240311,1029.88,236.565,CANDIDATE,0.25,1.16,11.8307724
K05896.01,,11414368,296.96423,49.202339,645.55,93.005,CANDIDATE,0.008086253369272238,1.94,434.28175
K06178.02,,8355178,287.53177,44.30801,1620.97,361.82,CANDIDATE,0.043478260869565216,1.49,33.814176
K06179.01,,8374077,294.8566,44.322041,1466.32,344.285,CANDIDATE,0.625,2.13,16.2957847
K06180.01,,8494783,291.63733,44.56422,887.25,249.14499999999998,CANDIDATE,0.008086253369272238,,28.201998
K06180.02,,8494783,291.63733,44.56422,887.25,249.14499999999998,CANDIDATE,0.043478260869565216,1.5,58.92565
K06181.01,,8517303,298.75,44.57254,659.4,133.98000000000002,FALSE POSITIVE,0.018867924528301886,27.78,24.0733775
K06182.01,,8590149,300.90247,44.61261,684.02,48.285,CANDIDATE,0.2916666666666667,1.19,19.2405821
K01608.03,Kepler-311 d,10055126,282.06128,47.085491,753.57,117.2,CONFIRMED,0.847457627118644,2.05,232.040326
K06182.02,,8590149,300.90247,44.61261,684.02,48.285,CANDIDATE,0.4883720930232558,1.35,28.684308
K00492.02,,3559935,295.18292,38.654228,639.69,69.37,CANDIDATE,0.043478260869565216,2.99,265.29617
K03410.02,Kepler-1491 c,9285265,293.62976,45.74065,1737.09,312.28999999999996,CONFIRMED,0.9629629629629629,2.44,61.569765
K03440.02,,3559860,295.16721,38.637081,1234.81,135.735,CANDIDATE,0.4883720930232558,2.48,58.940569
K03444.04,,5384713,297.4292,40.561909,93.47,8.695,CANDIDATE,0.2916666666666667,0.74,14.1502311
K03456.02,,6364582,292.00204,41.786961,339.82,34.065,CANDIDATE,0.008086253369272238,1.18,486.12702
K03479.02,,6525209,292.72137,41.904919,553.25,74.605,FALSE POSITIVE,0.4883720930232558,1.04,1.71029474
K03503.02,Kepler-1703 c,6368175,293.15085,41.729252,595.41,112.45,CONFIRMED,0.043478260869565216,0.8,31.8245304
K03504.02,,5471158,297.5798,40.603001,1126.63,252.21,CANDIDATE,0.008086253369272238,,140.24408749
K04568.02,,10407086,292.79254,47.576721,781.36,194.4,CANDIDATE,0.008086253369272238,,48.04066636
K04647.02,,9947653,290.25931,46.885109,908.32,426.15,CANDIDATE,0.9629629629629629,2.08,12.008552
K04657.02,,6527078,293.29279,41.997589,315.49,47.474999999999994,CANDIDATE,0.7333333333333333,0.77,10.4314847
K04895.02,,12416597,295.51495,51.203739,737.72,73.9,CANDIDATE,0.018867924528301886,1.85,47.5571352
K05982.01,,2309587,292.89972,37.659309,634.42,152.9,FALSE POSITIVE,0.0,57.6,1.838514245
K05983.01,,2445134,291.8497,37.738621,771.16,201.845,FALSE POSITIVE,0.008086253369272238,50.83,8.412008943
K05984.01,,3241344,293.01654,38.318451,603.04,79.515,FALSE POSITIVE,0.008086253369272238,1794.2,3.912679136
K05985.01,,3347485,292.77972,38.448551,618.63,214.02999999999997,FALSE POSITIVE,0.008086253369272238,63.99,7.544804312
K06093.02,,2019477,292.55194,37.421211,1902.28,428.01500000000004,CANDIDATE,0.9629629629629629,4.49,27.2497521
K06094.01,,2161623,291.74445,37.591019,1633.43,489.21,FALSE POSITIVE,0.0,218.79,2.283466438
K06096.01,,2719873,292.9306,37.96442,572.41,61.989999999999995,FALSE POSITIVE,0.008086253369272238,27.66,17.279290765
K01015.03,,8158127,289.09689,44.004379,1663.48,313.365,CANDIDATE,0.9642857142857143,3.14,16.9972894
K06097.01,,2852810,291.51575,38.058418,2232.98,559.205,CANDIDATE,0.043478260869565216,,93.05654364
K06097.02,,2852810,291.51575,38.058418,2232.98,559.205,CANDIDATE,0.043478260869565216,1.7,88.433122
K06097.03,,2852810,291.51575,38.058418,2232.98,559.205,CANDIDATE,0.008086253369272238,2.35,282.34315
K06183.01,,8590780,301.16916,44.645962,735.01,220.84,FALSE POSITIVE,0.008086253369272238,106.99,4.326946311
K06184.01,,8613338,286.85727,44.766392,365.96,71.58,FALSE POSITIVE,0.018867924528301886,1.3,527.29093
K06185.01,,8646141,298.54065,44.767578,1677.34,445.395,FALSE POSITIVE,0.018867924528301886,2.41,168.858303
K06186.01,Kepler-1643 b,8653134,300.431,44.751015,298.7,39.224999999999994,CONFIRMED,0.9642857142857143,1.72,5.34264143
K06187.01,,8702921,296.66501,44.853069,860.35,202.515,FALSE POSITIVE,0.4883720930232558,28.3,19.38444245
K06188.01,,8822421,293.24701,45.056461,870.84,132.85500000000002,CANDIDATE,0.25,2.46,1.645319649
K06189.01,,8957954,293.68591,45.238609,674.04,159.095,FALSE POSITIVE,0.0,60.99,2.179924994
K06190.01,,8984706,300.93588,45.205688,849.87,253.01,FALSE POSITIVE,0.008086253369272238,89.16,10.135401047
K03748.02,,4247807,287.16849,39.379581,673.95,122.41,FALSE POSITIVE,0.25,1.0,2.02487934
K03878.02,,4472818,293.88541,39.51981,379.76,39.705,CANDIDATE,0.847457627118644,1.42,15.3573445
K03954.02,Kepler-1534 b,8030339,292.39539,43.869068,1136.97,238.815,CONFIRMED,0.847457627118644,1.92,5.71668787
K00520.04,Kepler-176 e,8037145,294.66797,43.85326,514.86,34.17,CONFIRMED,1.0,1.51,51.1658019
K03956.02,,5471059,297.55859,40.63467,655.48,123.47,FALSE POSITIVE,0.008086253369272238,0.88,12.4249559
K04000.02,,5471675,297.72037,40.6502,1930.26,473.1,FALSE POSITIVE,0.018867924528301886,1.05,12.427135
K04009.02,,8934103,283.3457,45.27446,1414.12,236.395,CANDIDATE,0.2916666666666667,2.17,77.792718
K04030.02,,9551430,300.18863,46.185768,883.44,148.39499999999998,CANDIDATE,0.008086253369272238,,163.51489847
K05986.01,,3530668,287.03967,38.640308,951.71,264.235,FALSE POSITIVE,0.008086253369272238,52.58,1.946198513
K05987.01,,3532985,287.91516,38.640781,1071.05,383.78,CANDIDATE,0.008086253369272238,55.28,5.288547653
K00600.02,,10718726,286.24982,48.06094,1159.09,176.92000000000002,CANDIDATE,0.847457627118644,2.8,294.055263
K05988.01,,3831911,285.05515,38.985008,203.54,18.59,FALSE POSITIVE,0.008086253369272238,23.87,30.4838006
K05989.01,,3852258,291.98096,38.97118,9054.64,2142.61,FALSE POSITIVE,0.008086253369272238,66.22,5.7584367
K05990.01,,3858919,293.70291,38.956291,1320.76,273.91,FALSE POSITIVE,0.043478260869565216,2.03,25.9522913
K05991.01,,3869326,296.03302,38.936691,1825.41,313.395,FALSE POSITIVE,0.008086253369272238,39.03,8.58599537
K05992.01,,3971315,295.69324,39.006538,635.97,138.385,FALSE POSITIVE,0.008086253369272238,40.38,9.892240848
K06097.04,,2852810,291.51575,38.058418,2232.98,559.205,CANDIDATE,0.25,1.51,126.505657
K06098.01,,2997455,293.1304,38.127789,2508.28,584.365,FALSE POSITIVE,0.008086253369272238,120.13,1.129848432
K06099.01,,3003991,294.48996,38.199619,468.6,78.785,FALSE POSITIVE,0.018867924528301886,25.68,7.244778994
K06099.02,,3003991,294.48996,38.199619,468.6,78.785,FALSE POSITIVE,0.008086253369272238,,110.1552727
K06100.01,,3229028,289.81143,38.324951,668.98,124.52000000000001,FALSE POSITIVE,0.2916666666666667,0.99,0.730964241
K06100.02,,3229028,289.81143,38.324951,668.98,124.52000000000001,CANDIDATE,0.008086253369272238,1.52,117.684591
K06101.01,,3230787,290.25485,38.34166,543.62,131.43,FALSE POSITIVE,0.008086253369272238,93.52,17.734020239
K01053.02,,5956656,290.60794,41.201092,1248.79,192.4,CANDIDATE,0.9642857142857143,2.46,46.245164
K06191.01,,9093086,293.40323,45.493809,1085.86,261.94,CANDIDATE,0.2916666666666667,1.19,9.7043379
K01616.02,,9015738,289.50635,45.370998,301.8,43.595,CANDIDATE,0.018867924528301886,0.67,34.775371
K07859.01,,7954278,289.82599,43.725231,731.13,118.18,CANDIDATE,0.043478260869565216,0.93,0.306702491
K06191.02,,9093086,293.40323,45.493809,1085.86,261.94,CANDIDATE,0.25,1.26,12.7713826
K06192.01,,9101400,296.03485,45.490822,1372.43,355.53,FALSE POSITIVE,0.0,90.08,0.829019343
K06193.01,,9119652,300.95703,45.449188,992.1,574.67,FALSE POSITIVE,0.008086253369272238,124.19,1.1080999
K06194.01,,9145861,287.84042,45.599751,1394.88,230.475,CANDIDATE,0.043478260869565216,140.14,42.294739
K06194.02,,9145861,287.84042,45.599751,1394.88,230.475,FALSE POSITIVE,0.008086253369272238,14.71,215.778765
K06195.01,,9153823,291.48495,45.54567,402.96,41.625,CANDIDATE,0.2916666666666667,1.73,1.444486083
K04032.03,Kepler-1542 d,7100673,285.72849,42.65453,358.13,52.370000000000005,CONFIRMED,1.0,0.91,5.99273265
K04032.04,Kepler-1542 e,7100673,285.72849,42.65453,358.13,52.370000000000005,CONFIRMED,1.0,0.85,5.10110666
K04034.02,,10089911,297.1243,47.037022,2177.46,416.485,CANDIDATE,0.008086253369272238,46.44,11.6089351
K04046.02,,4150496,289.71487,39.283871,1128.93,255.22500000000002,FALSE POSITIVE,0.043478260869565216,1.84,94.22498
K04103.02,,3747817,291.67682,38.874908,641.92,52.31,CANDIDATE,0.4883720930232558,1.1,14.2378417
K04131.02,,6129694,293.71811,41.430939,2135.59,590.305,FALSE POSITIVE,0.008086253369272238,4.41,241.0122
K00521.02,,8162789,290.73517,44.09132,1006.6,236.065,CANDIDATE,0.28324296200390753,1.19,10.8206034
K04181.02,,9899315,295.19983,46.731731,1198.92,259.28999999999996,FALSE POSITIVE,0.008086253369272238,2.24,164.689421
K05993.01,,4037428,285.14496,39.186989,604.29,188.56,FALSE POSITIVE,0.008086253369272238,29.95,4.264729569
K05994.01,,4049124,289.31421,39.131359,640.49,114.685,FALSE POSITIVE,0.008086253369272238,30.97,4.804469712
K05995.01,,4275328,294.68643,39.396561,875.44,246.365,FALSE POSITIVE,0.008086253369272238,49.79,6.150529292
K05996.01,,4753561,293.73715,39.825859,399.98,23.125,FALSE POSITIVE,0.018867924528301886,19.43,4.944927575
K05997.01,,4912991,288.47214,40.087662,265.45,49.504999999999995,FALSE POSITIVE,0.0,26.08,4.442517008
K00649.02,,5613330,289.77325,40.80072,820.15,142.995,CANDIDATE,0.847457627118644,0.92,10.2090268
K05998.01,,5036966,297.95358,40.153252,1086.31,304.525,FALSE POSITIVE,0.008086253369272238,90.12,62.7356439
K05999.01,,5254230,284.04843,40.408539,574.09,77.465,FALSE POSITIVE,0.008086253369272238,24.91,7.035518449
K06102.01,,3545840,291.75204,38.66254,742.31,179.515,CANDIDATE,0.008086253369272238,1.67,54.2916336
K06103.01,Kepler-1981 b,3634051,287.97546,38.74028,1580.23,492.53999999999996,CONFIRMED,0.9629629629629629,9.23,453.54212
K07860.01,,7967517,294.41693,43.799587,644.52,159.61,FALSE POSITIVE,0.008086253369272238,0.6,0.579516759
K06103.02,,3634051,287.97546,38.74028,1580.23,492.53999999999996,CANDIDATE,0.043478260869565216,118.62,122.8054416
K06104.01,,3761319,295.05994,38.855911,795.53,170.77,FALSE POSITIVE,0.2916666666666667,2.38,16.2480865
K06104.02,,3761319,295.05994,38.855911,795.53,170.77,FALSE POSITIVE,0.008086253369272238,2.9,466.9407
K06105.01,,3762553,295.32828,38.8475,540.38,129.445,FALSE POSITIVE,0.008086253369272238,5.51,289.788624
K06106.01,,3965879,294.4754,39.00388,705.87,154.315,FALSE POSITIVE,0.008086253369272238,,55.00402906
K06107.01,,4035675,284.62463,39.17878,844.89,319.025,FALSE POSITIVE,0.0,110.29,2.873657901
K06196.01,,9282687,292.57278,45.757729,1370.15,386.78,FALSE POSITIVE,0.0,102.31,1.680425996
K06197.01,,9289960,295.34586,45.768803,498.2,130.26,FALSE POSITIVE,0.008086253369272238,,0.53345831
K06198.01,,9291629,295.90674,45.724098,1904.13,802.6800000000001,FALSE POSITIVE,0.008086253369272238,184.22,20.686460198
K06199.01,,9304842,299.77258,45.778999,572.21,140.955,FALSE POSITIVE,0.2916666666666667,5.96,131.68018
K01628.03,,6975129,298.39575,42.459751,537.77,70.44500000000001,CANDIDATE,1.0,1.76,37.8404232
K06200.01,,9304923,299.79901,45.735371,1625.67,575.175,FALSE POSITIVE,0.0,15056.9,200.762693
K06201.01,,9343862,292.43274,45.853409,4351.91,1053.62,FALSE POSITIVE,0.0,150.94,1.123258617
K06202.01,,9389245,284.14114,45.944641,315.06,76.32,CANDIDATE,0.008086253369272238,,47.25643291
K04192.02,,9828127,290.58612,46.642689,849.54,85.605,CANDIDATE,0.2916666666666667,1.14,32.0273169
K04246.02,,5177859,289.07397,40.366009,610.23,154.815,CANDIDATE,0.847457627118644,1.12,8.75630628
K04287.02,,11081504,290.45831,48.661369,369.14,71.295,CANDIDATE,0.7333333333333333,0.85,9.6183111
K04323.02,,5385410,297.58194,40.5313,888.46,253.31,FALSE POSITIVE,0.25,0.89,12.4250319
K04385.02,Kepler-1600 b,3645438,291.39938,38.78775,943.4,67.435,CONFIRMED,0.847457627118644,2.96,386.370512
K07865.01,,8110757,296.18478,43.980751,1107.19,668.24,CANDIDATE,0.008086253369272238,61.49,0.518060209
K04385.03,,3645438,291.39938,38.78775,943.4,67.435,CANDIDATE,0.7333333333333333,1.45,17.3695112
K04435.02,,8278685,281.95569,44.261532,652.98,138.685,CANDIDATE,0.4883720930232558,0.81,17.8693759
K04541.02,,5511659,283.25119,40.72311,1291.57,198.15,CANDIDATE,0.847457627118644,1.98,17.236085
K06000.01,,5385139,297.52072,40.585419,1243.56,269.21000000000004,FALSE POSITIVE,0.008086253369272238,1.26,12.4297161
K06001.01,,5385150,297.52277,40.581341,982.71,203.035,FALSE POSITIVE,0.008086253369272238,1.12,12.4288476
K06002.01,,5385269,297.55103,40.557388,823.95,182.78,FALSE POSITIVE,0.018867924528301886,1.27,12.4258252
K07872.01,,8210370,280.77213,44.18874,777.69,167.57,FALSE POSITIVE,0.008086253369272238,259.36,153.725848
K06003.01,,5385509,297.6044,40.53286,633.14,70.48,FALSE POSITIVE,0.008086253369272238,1.27,12.4257907
K06004.01,,5385566,297.61758,40.506771,840.29,138.75,FALSE POSITIVE,0.008086253369272238,2.02,12.4253356
K06005.01,,5385773,297.66727,40.51413,557.31,74.115,FALSE POSITIVE,0.008086253369272238,0.84,12.4254201
K06006.01,,5386163,297.75357,40.55262,1273.95,344.8,FALSE POSITIVE,0.25,2.06,12.424995
K06007.01,,5470960,297.5343,40.653389,887.61,120.34,FALSE POSITIVE,0.22689280800177594,1.44,12.4227918
K06108.01,,4139254,285.8627,39.20528,360.39,95.375,CANDIDATE,0.0,1.07,485.92297
K06109.01,,4144236,287.83334,39.221272,412.01,76.52000000000001,FALSE POSITIVE,0.008086253369272238,81.61,22.913446297
K01082.04,,10141900,292.14447,47.157349,890.26,65.965,CANDIDATE,0.9629629629629629,1.45,9.6550473
K06109.02,,4144236,287.83334,39.221272,412.01,76.52000000000001,FALSE POSITIVE,0.008086253369272238,1.9,10.0046881
K06110.01,,4150701,289.76312,39.245178,664.26,76.31,FALSE POSITIVE,0.625,1.37,8.65315602
K06111.01,,4255944,289.84818,39.331463,1577.27,494.14,CANDIDATE,0.008086253369272238,3.63,228.65412
K06112.01,,4285087,296.64883,39.318588,590.74,173.755,FALSE POSITIVE,0.008086253369272238,92.34,2.243015737
K06113.01,,4346875,285.58578,39.47913,952.26,169.93,FALSE POSITIVE,0.0,35.81,4.694218481
K06203.01,,9394605,287.15613,45.979259,951.25,226.075,FALSE POSITIVE,0.0,,0.87683182
K06204.01,,9471755,294.48807,46.002289,567.89,220.475,FALSE POSITIVE,0.0,47.65,0.953734449
K06205.01,,9479460,297.11075,46.0896,4541.56,1490.305,FALSE POSITIVE,0.008086253369272238,274.78,2.073873563
K06206.01,,9549472,299.6091,46.11824,649.6,148.28,FALSE POSITIVE,0.008086253369272238,27.64,15.713787218
K06207.01,,9576197,285.88449,46.289829,520.03,67.41,FALSE POSITIVE,0.008086253369272238,18.98,7.964440392
K07866.01,,8110758,296.18518,43.978649,778.08,199.11,FALSE POSITIVE,0.0,42.1,0.518071538
K06208.01,,9579860,288.01651,46.206921,1149.5,148.61,FALSE POSITIVE,0.008086253369272238,14.54,2.151214629
K06209.01,,9655711,294.444,46.335972,1582.4,363.795,CANDIDATE,0.4883720930232558,2.2,12.7143635
K01839.02,,5856571,284.09457,41.182819,668.89,370.22,CANDIDATE,0.875,4.93,80.4103783
K07873.01,,8222395,287.37039,44.187988,498.31,102.625,CANDIDATE,0.008086253369272238,0.57,1.93188768
K00651.02,,5796186,293.45612,41.048222,613.75,62.394999999999996,FALSE POSITIVE,0.008086253369272238,,320.18471858
K06008.01,,5471068,297.55954,40.639469,913.26,178.19500000000002,FALSE POSITIVE,0.25,1.66,12.426469
K06009.01,,5471192,297.58768,40.632092,885.93,197.85,FALSE POSITIVE,0.043478260869565216,1.23,12.4262889
K06010.01,,5471217,297.59531,40.660728,579.16,108.335,FALSE POSITIVE,0.018867924528301886,1.35,12.424747
K06011.01,,5471769,297.74551,40.67429,813.31,143.015,FALSE POSITIVE,0.25,1.37,12.4255705
K06012.01,,5471770,297.74567,40.652519,813.17,204.52,FALSE POSITIVE,0.008086253369272238,2.67,12.426173
K06013.01,,5556804,297.63263,40.709129,1093.87,214.24,FALSE POSITIVE,0.043478260869565216,1.59,12.4244306
K06014.01,,5597970,283.43982,40.83622,281.6,58.675,FALSE POSITIVE,0.008086253369272238,37.65,6.71738328
K06114.01,,4459068,290.02435,39.563389,1268.79,400.79,FALSE POSITIVE,0.008086253369272238,36.91,24.955998503
K07863.01,,8107150,295.0809,43.953239,493.52,100.255,CANDIDATE,0.008086253369272238,0.52,5.2449156
K06115.01,,4464394,291.59775,39.53606,1498.84,499.07500000000005,CANDIDATE,0.008086253369272238,,168.66934782
K06116.01,,4547480,287.13815,39.673592,836.72,127.92,FALSE POSITIVE,0.018867924528301886,5.43,4.426942241
K06118.01,,4739229,289.53336,39.836639,902.25,140.875,CANDIDATE,0.4883720930232558,3.65,571.280892
K06118.02,,4739229,289.53336,39.836639,902.25,140.875,CANDIDATE,0.4883720930232558,1.16,4.66185924
K01250.02,,8620565,290.26767,44.712849,1026.46,250.325,CANDIDATE,0.008086253369272238,697.14,1.213672208
K06119.01,,4740676,289.96436,39.811352,1402.74,372.415,FALSE POSITIVE,0.008086253369272238,75.11,3.454241684
K06120.01,,4742420,290.45026,39.862011,1326.28,329.47,CANDIDATE,0.2916666666666667,1.7,90.097375
K06209.02,,9655711,294.444,46.335972,1582.4,363.795,CANDIDATE,0.25,2.1,7.72966941
K06210.01,,9727765,298.06549,46.436298,1340.49,365.105,CANDIDATE,0.008086253369272238,,51.85656556
K06211.01,,9767392,290.47803,46.537949,1515.94,399.57500000000005,FALSE POSITIVE,0.0,98.16,1.457256942
K06212.01,,9774400,293.45514,46.521751,458.06,93.11,FALSE POSITIVE,0.008086253369272238,11.71,10.818248422
K06213.01,,9839081,295.07114,46.68782,811.76,175.02999999999997,FALSE POSITIVE,0.0,37.66,2.559236603
K06214.01,,9974142,299.87131,46.822491,1355.51,523.505,FALSE POSITIVE,0.018867924528301886,4.22,281.35877
K06214.02,,9974142,299.87131,46.822491,1355.51,523.505,CANDIDATE,0.25,4.1,154.536881
K06215.01,,10163066,298.90012,47.146481,463.15,41.385,FALSE POSITIVE,0.0,1.9,462.12345
K03283.03,,9008103,286.08908,45.369011,587.14,69.165,CANDIDATE,0.25,1.72,87.707513
K03741.03,Kepler-1518 b,8780959,300.33237,44.986141,755.04,184.97,CONFIRMED,0.9629629629629629,2.81,5.1117547
K03741.04,Kepler-1518 c,8780959,300.33237,44.986141,755.04,184.97,CONFIRMED,0.9629629629629629,2.9,9.6310258
K04260.02,,7429287,286.39584,43.075821,281.81,14.125,FALSE POSITIVE,0.2916666666666667,1.43,101.889228
K04396.04,,11296045,291.36188,49.02198,2208.5,535.645,CANDIDATE,0.018867924528301886,,437.51586139
K04777.02,,6592335,287.26215,42.03231,110.41,14.204999999999998,FALSE POSITIVE,0.008086253369272238,906.03,48.5023669
K04781.02,,5951416,288.97574,41.279121,1010.14,223.45499999999998,FALSE POSITIVE,0.008086253369272238,1.88,524.14139
K04913.02,,5769810,283.6788,41.096882,1732.65,451.84,CANDIDATE,0.018867924528301886,2.96,8.97377221
K06015.01,,5643492,297.76053,40.829948,689.75,121.18,FALSE POSITIVE,0.008086253369272238,31.14,41.86539723
K06016.01,,5795648,293.2944,41.035351,277.41,51.815,FALSE POSITIVE,0.0,25.84,4.553370029
K06017.01,,5961350,292.1745,41.290661,1115.2,152.6,FALSE POSITIVE,0.0,35.99,5.262652179
K00736.03,,10340423,292.19397,47.457088,444.9,30.87,FALSE POSITIVE,0.008086253369272238,,345.98207283
K06018.01,,5979863,297.00006,41.290031,1000.32,200.43,FALSE POSITIVE,0.018867924528301886,22.32,16.621853404
K06019.01,,6117415,289.86105,41.408192,272.04,58.415000000000006,FALSE POSITIVE,0.0,82.98,19.741616041
K06020.01,,6128027,293.21854,41.417339,747.93,86.595,FALSE POSITIVE,0.008086253369272238,28.2,5.455766383
K06021.01,,6146418,297.7937,41.402401,478.0,124.43,FALSE POSITIVE,0.008086253369272238,58.2,22.44620704
K06120.02,,4742420,290.45026,39.862011,1326.28,329.47,CANDIDATE,0.008086253369272238,1.67,205.41415
K06121.01,,4826439,289.02982,39.951889,976.39,175.69,FALSE POSITIVE,0.0,106.18,1.237147407
K06122.01,,4933476,294.44336,40.06134,618.09,139.12,FALSE POSITIVE,0.018867924528301886,1.27,1.28619671
K06123.01,,4990977,284.34503,40.196091,615.12,158.54500000000002,FALSE POSITIVE,0.0,32.7,2.649026189
K06124.01,,5034333,297.40039,40.149479,894.14,219.33499999999998,FALSE POSITIVE,0.008086253369272238,90.57,6.932281325
K06125.01,,5039441,298.40985,40.156792,558.18,143.595,FALSE POSITIVE,0.008086253369272238,66.2,2.151384476
K07874.01,,8231299,291.06418,44.170399,347.65,37.545,FALSE POSITIVE,0.008086253369272238,0.73,0.562273947
K06126.01,,5121173,297.16843,40.27552,1315.13,350.235,FALSE POSITIVE,0.008086253369272238,67.91,17.4352218
K06127.01,,5306984,299.23679,40.425819,448.66,99.255,CANDIDATE,0.008086253369272238,,114.27173902
K06216.01,,10198662,287.78461,47.228043,574.26,150.65,CANDIDATE,0.008086253369272238,,26.40805532
K06216.02,,10198662,287.78461,47.228043,574.26,150.65,CANDIDATE,0.008086253369272238,,46.07931317
K01860.04,,4157325,291.55695,39.227291,667.25,83.8,CANDIDATE,0.9642857142857143,1.58,24.8434837
K06217.01,,10200627,288.79553,47.203651,3022.94,204.99,CANDIDATE,0.847457627118644,4.44,7.7016694
K06218.01,,10219361,296.10846,47.222279,1884.77,430.715,FALSE POSITIVE,0.008086253369272238,3.78,117.634213
K06219.01,,10228942,298.82739,47.25774,1260.0,346.185,FALSE POSITIVE,0.0,135.84,21.025447023
K06220.01,,10341878,292.76028,47.448299,1349.9,416.625,FALSE POSITIVE,0.008086253369272238,1.44,0.933753371
K06221.01,,10357831,298.10834,47.487919,708.72,82.08000000000001,FALSE POSITIVE,0.043478260869565216,12.89,1.72153588
K04567.02,,8332521,301.56284,44.240391,644.7,148.1,CANDIDATE,0.4883720930232558,1.11,4.67250377
K06022.01,,6150977,298.82443,41.435921,975.32,166.57,FALSE POSITIVE,0.008086253369272238,34.42,2.765621941
K06023.01,,6182019,282.68491,41.587959,1273.63,317.53499999999997,FALSE POSITIVE,0.008086253369272238,30.98,3.664964374
K06024.01,,6191945,287.3327,41.506672,933.56,441.17499999999995,FALSE POSITIVE,0.008086253369272238,31.15,6.8072842
K06025.01,,6209347,293.19833,41.558311,895.23,174.91500000000002,FALSE POSITIVE,0.0,43.89,2.136577151
K06026.01,,6268722,285.5184,41.660469,739.84,184.51,FALSE POSITIVE,0.008086253369272238,49.77,2.638432816
K06027.01,,6301030,296.29636,41.604561,3407.26,885.4200000000001,FALSE POSITIVE,0.008086253369272238,78.78,11.991000357
K00744.02,,10480982,295.81454,47.69035,1213.78,276.58,FALSE POSITIVE,0.4883720930232558,1.12,2.03746414
K06028.01,,6606934,292.07166,42.076382,1227.7,281.2,FALSE POSITIVE,0.0,72.01,37.80694072
K07875.01,,8242769,295.06631,44.162449,1209.24,291.65,CANDIDATE,0.008086253369272238,1.32,21.9711574
K01310.02,,10964440,285.66269,48.435371,1424.79,287.755,CANDIDATE,0.847457627118644,3.33,144.688915
K06128.01,,5385548,297.61353,40.584942,736.33,191.23,FALSE POSITIVE,0.008086253369272238,3.79,12.42555055
K06129.01,,5385778,297.66788,40.58028,1527.67,411.125,FALSE POSITIVE,0.008086253369272238,79.21,12.42592247
K06130.01,,5428657,284.44101,40.625,347.12,35.64,CANDIDATE,0.7333333333333333,1.05,1.54287434
K06131.01,,5471617,297.7027,40.68623,675.48,148.145,FALSE POSITIVE,0.25,1.12,12.4237327
K06131.02,,5471617,297.7027,40.68623,675.48,148.145,FALSE POSITIVE,0.043478260869565216,2.04,94.38163
K06132.01,,5629353,294.55789,40.850498,1558.18,472.69,CANDIDATE,1.0,13.0,33.3200908
K06132.02,Kepler-1640 b,5629353,294.55789,40.850498,1558.18,472.69,CONFIRMED,1.0,5.83,7.5844241
K06222.01,,10363233,299.61707,47.406021,647.93,108.23,FALSE POSITIVE,0.008086253369272238,4.85,210.899577
K06223.01,,10385682,282.18964,47.523762,1235.62,315.25,FALSE POSITIVE,0.0,75.28,3.103730697
K06224.01,,10414727,295.68192,47.591881,974.15,254.9,CANDIDATE,0.008086253369272238,,91.20573037
K06224.02,,10414727,295.68192,47.591881,974.15,254.9,FALSE POSITIVE,0.008086253369272238,2.69,253.40538
K06225.01,,10483644,296.6817,47.600342,606.91,125.52,FALSE POSITIVE,0.0,26.98,5.110771787
K01996.02,,4736569,288.66891,39.824009,499.86,50.71,CANDIDATE,0.4883720930232558,0.84,7.07394528
K06226.01,,10601549,292.47943,47.83461,279.96,29.95,FALSE POSITIVE,0.008086253369272238,21.79,1.463773705
K06227.01,,10614158,296.97522,47.886551,1854.84,776.075,FALSE POSITIVE,0.008086253369272238,52.74,4.46255312
K00099.02,,8505215,295.43433,44.53112,223.22,15.89,FALSE POSITIVE,0.008086253369272238,,79.87804945
K00750.03,,10662202,290.46512,47.92918,714.13,49.795,CANDIDATE,0.9629629629629629,1.45,14.516741
K03283.02,,9008103,286.08908,45.369011,587.14,69.165,CANDIDATE,0.9629629629629629,1.34,20.5718107
K06029.01,,6614926,294.33139,42.093979,768.94,165.82999999999998,FALSE POSITIVE,0.008086253369272238,26.36,3.026764871
K06030.01,,6628237,297.47104,42.087898,829.36,182.26,FALSE POSITIVE,0.0,33.44,3.840130917
K06031.01,,6694186,292.63113,42.180779,238.81,47.91,FALSE POSITIVE,0.008086253369272238,31.71,5.554227226
K06032.01,,6934587,286.99765,42.46516,609.01,151.625,FALSE POSITIVE,0.0,59.12,1.570919281
K06033.01,,7219906,297.01459,42.789169,580.79,109.66999999999999,FALSE POSITIVE,0.008086253369272238,33.1,35.08976902
K06034.01,,7257373,282.05328,42.864952,478.37,110.13499999999999,FALSE POSITIVE,0.0,70.33,5.233450136
K06035.01,,7295570,295.65799,42.801239,1081.42,382.185,FALSE POSITIVE,0.008086253369272238,66.94,3.6037011
K06036.01,,7362852,291.80966,42.981609,1199.87,266.635,FALSE POSITIVE,0.0,64.49,3.518356021
K06132.03,,5629353,294.55789,40.850498,1558.18,472.69,CANDIDATE,1.0,4.03,11.867172
K06133.01,,5641294,297.31543,40.874981,799.21,196.69,FALSE POSITIVE,0.0,0.81,2.6160943
K06134.01,,5738698,299.71979,40.903961,384.23,89.325,FALSE POSITIVE,0.0,79.72,2.404386969
K01319.02,,4078157,296.47937,39.127571,928.38,173.57,CANDIDATE,0.018867924528301886,2.76,142.685885
K06135.01,,5768927,283.26172,41.08448,708.05,205.96,FALSE POSITIVE,0.008086253369272238,41.83,4.390513938
K06136.01,,5814635,297.83493,41.058319,694.87,147.075,FALSE POSITIVE,0.008086253369272238,,3.86963822
K06137.01,,5816144,298.19412,41.029331,776.6,185.695,CANDIDATE,0.625,1.44,12.4970599
K06137.02,,5816144,298.19412,41.029331,776.6,185.695,FALSE POSITIVE,0.7333333333333333,1.22,7.384681
K06228.01,Kepler-1644 b,10717220,285.47504,48.034931,572.35,114.045,CONFIRMED,0.847457627118644,1.88,21.0907909
K06229.01,,10728219,290.66058,48.04615,1412.72,303.785,FALSE POSITIVE,0.008086253369272238,306.28,3.371796653
K06230.01,,10735988,293.74011,48.011501,810.36,108.12,FALSE POSITIVE,0.008086253369272238,28.94,1.927177921
K07867.01,,8112324,296.64764,43.995041,485.71,58.19,FALSE POSITIVE,0.0,38.24,0.575925434
K06231.01,,10971944,289.90967,48.489231,1241.92,392.275,FALSE POSITIVE,0.008086253369272238,3.46,496.17566
K06232.01,,10973583,290.7988,48.483929,1162.51,241.425,FALSE POSITIVE,0.008086253369272238,30.76,6.256352128
K06233.01,Kepler-1645 b,10989274,297.47946,48.418571,881.9,201.17,CONFIRMED,0.25,2.25,16.17803
K06234.01,,11099351,298.27737,48.64082,1127.49,394.135,FALSE POSITIVE,0.0,92.61,2.37795507
K06235.01,,11147460,296.20502,48.766811,1692.18,623.015,FALSE POSITIVE,0.008086253369272238,158.25,2.053866175
K00750.04,,10662202,290.46512,47.92918,714.13,49.795,FALSE POSITIVE,0.25,0.9,36.5521313
K00983.02,,11607193,289.87411,49.68549,981.9,247.52499999999998,FALSE POSITIVE,0.008086253369272238,73.82,5.177577252
K00989.04,,10743597,296.38229,48.045311,990.0,215.95000000000002,FALSE POSITIVE,0.4883720930232558,2.92,4.08029328
K02311.03,Kepler-1185 b,4247991,287.24118,39.33276,293.22,30.465000000000003,CONFIRMED,0.847457627118644,1.39,104.3519624
K02433.06,,11968463,294.33847,50.33654,1468.5,383.25,CANDIDATE,0.9642857142857143,1.64,6.06330298
K02433.07,,11968463,294.33847,50.33654,1468.5,383.25,CANDIDATE,0.847457627118644,2.85,86.431871
K02533.03,,11074835,286.71564,48.645279,1232.6,231.76,CANDIDATE,0.847457627118644,2.38,26.1152887
K07861.01,,8042747,296.38904,43.85051,777.05,182.875,FALSE POSITIVE,0.008086253369272238,2.1,469.52303
K02768.03,,9008737,286.39862,45.343529,903.03,172.54000000000002,FALSE POSITIVE,0.2916666666666667,1.17,11.83271013
K06037.01,,7373877,295.03033,42.983501,677.72,70.97,FALSE POSITIVE,0.008086253369272238,1.37,32.669962587
K00841.04,,5792202,292.23676,41.08588,1015.92,84.34,CANDIDATE,0.25,24.0,269.306232
K06038.01,,7436177,289.11096,43.013641,1275.19,332.905,FALSE POSITIVE,0.0,75.88,19.93364711
K06039.01,,7537945,294.67804,43.199261,931.36,203.735,FALSE POSITIVE,0.0,40.32,1.071911311
K06040.01,,7624297,296.45999,43.28553,546.03,66.24,FALSE POSITIVE,0.008086253369272238,31.77,18.019651402
K07864.01,,8109692,295.86908,43.997959,1503.54,410.97,FALSE POSITIVE,0.25,3.76,117.934158
K06041.01,,7695093,295.8085,43.303108,611.12,136.47,FALSE POSITIVE,0.008086253369272238,35.22,4.032762189
K06042.01,,7749318,290.49683,43.49091,433.7,43.75,FALSE POSITIVE,0.008086253369272238,88.22,2.371589507
K06043.01,,7777397,298.84302,43.402031,920.67,215.68,FALSE POSITIVE,0.008086253369272238,3.58,5.09112124
K06138.01,,5817566,298.47604,41.07991,1225.74,436.595,FALSE POSITIVE,0.0,172.66,4.206070484
K06139.01,,5952403,289.28741,41.264809,144.49,48.599999999999994,FALSE POSITIVE,0.0,325.51,0.905677864
K06141.01,,6032730,288.5929,41.307339,277.66,83.185,CANDIDATE,0.008086253369272238,860.3,96.509214
K06142.01,,6116172,289.48145,41.49942,1970.1,556.385,CANDIDATE,0.043478260869565216,,69.64679311
K06142.02,,6116172,289.48145,41.49942,1970.1,556.385,CANDIDATE,0.018867924528301886,2121.0,111.65546
K06142.03,,6116172,289.48145,41.49942,1970.1,556.385,CANDIDATE,0.043478260869565216,,86.13201864
K01330.02,,4150539,289.7261,39.272831,568.37,59.709999999999994,FALSE POSITIVE,0.018867924528301886,2.15,94.219289
K06143.01,,6182093,282.71991,41.519379,441.86,110.465,FALSE POSITIVE,0.018867924528301886,5.37,297.113395
K02012.02,Kepler-1052 c,9839821,295.34271,46.602261,834.81,151.06,CONFIRMED,0.9629629629629629,2.3,180.921729
K06236.01,,11252617,295.69138,48.90377,1557.32,352.57,FALSE POSITIVE,0.008086253369272238,38.85,4.478116695
K07876.01,,8245108,295.81485,44.19334,446.16,41.885000000000005,FALSE POSITIVE,0.008086253369272238,0.42,0.579108481
K06236.02,,11252617,295.69138,48.90377,1557.32,352.57,FALSE POSITIVE,0.018867924528301886,1.46,1.27620899
K06237.01,,11296437,291.57312,49.097771,1033.53,248.62,FALSE POSITIVE,0.008086253369272238,2.2,528.50344
K06237.02,,11296437,291.57312,49.097771,1033.53,248.62,CANDIDATE,0.008086253369272238,,47.14404783
K06238.01,,11341164,286.72897,49.154945,1022.13,391.05,CANDIDATE,0.008086253369272238,,197.05431574
K06239.01,,11462969,295.56683,49.378029,891.49,156.89,CANDIDATE,0.008086253369272238,1.77,406.496216
K06239.02,,11462969,295.56683,49.378029,891.49,156.89,CANDIDATE,0.008086253369272238,,491.61516814
K06044.01,,7830321,294.45444,43.500511,952.19,223.13,FALSE POSITIVE,0.008086253369272238,31.12,2.027383251
K06045.01,,7841986,297.73981,43.510319,1067.43,362.495,FALSE POSITIVE,0.008086253369272238,18.7,10.73370737
K06046.01,,7877820,286.28693,43.61364,749.96,199.805,FALSE POSITIVE,0.0,60.59,9.449438672
K06047.01,,7914906,298.81647,43.673321,964.16,279.585,FALSE POSITIVE,0.0,119.91,8.752913958
K00841.05,,5792202,292.23676,41.08588,1015.92,84.34,CANDIDATE,0.625,3.71,499.47338
K06048.01,,8019043,288.08749,43.876141,826.78,224.86,FALSE POSITIVE,0.008086253369272238,105.22,1.985586627
K06049.01,,8023317,289.97034,43.82053,895.57,235.62,FALSE POSITIVE,0.008086253369272238,49.01,16.579028045
K07868.01,,8126531,300.16159,43.992931,1539.98,357.75,FALSE POSITIVE,0.008086253369272238,14.87,513.42784
K06050.01,,8121067,298.75574,43.964642,726.13,147.2,FALSE POSITIVE,0.008086253369272238,38.19,2.064900876
K06144.01,,6197038,289.30081,41.526508,1061.88,416.45500000000004,FALSE POSITIVE,0.008086253369272238,182.09,9.751720174
K06145.01,Kepler-1641 b,6221385,296.35944,41.574532,1223.21,339.47,CONFIRMED,1.0,4.07,19.672324
K06145.02,Kepler-1641 c,6221385,296.35944,41.574532,1223.21,339.47,CONFIRMED,1.0,3.73,32.657035
K06145.03,,6221385,296.35944,41.574532,1223.21,339.47,CANDIDATE,0.847457627118644,2.73,7.3138454
K06146.01,,6362386,291.26416,41.74884,1000.93,263.135,FALSE POSITIVE,0.008086253369272238,52.18,4.592401261
K07877.01,,8260269,299.79675,44.163071,839.51,179.385,FALSE POSITIVE,0.008086253369272238,1.1,6.70995253
K06147.01,,6449358,293.89642,41.831772,1282.19,423.06,FALSE POSITIVE,0.008086253369272238,129.2,5.776794344
K06148.01,,6593968,287.91104,42.014042,531.93,54.47,FALSE POSITIVE,0.008086253369272238,,23.19923256
K06149.01,,6674908,286.1767,42.196529,167.68,19.595,FALSE POSITIVE,0.008086253369272238,1.06,0.503199724
K06240.01,,11516930,296.20621,49.47205,557.29,129.515,FALSE POSITIVE,0.25,1.84,4.768540307
K06241.01,,11558882,291.73993,49.570808,1451.63,345.77,FALSE POSITIVE,0.0,89.96,73.91858615
K06242.01,,11656928,289.03772,49.712601,1749.97,424.635,CANDIDATE,0.018867924528301886,,212.43503674
K00353.03,,11566064,295.21268,49.56218,960.23,188.125,CANDIDATE,0.9629629629629629,1.97,11.1619384
K07862.01,,8042835,296.40967,43.876019,1172.49,242.865,FALSE POSITIVE,0.008086253369272238,25.56,2.38793696
K02081.02,,2853780,291.72916,38.070019,1182.64,573.86,FALSE POSITIVE,0.008086253369272238,4.91,589.17968
K06242.02,,11656928,289.03772,49.712601,1749.97,424.635,CANDIDATE,0.043478260869565216,,76.83994597
K06242.03,,11656928,289.03772,49.712601,1749.97,424.635,CANDIDATE,0.043478260869565216,1.3,78.86684
K06243.01,,11673686,297.31537,49.706081,454.27,161.585,FALSE POSITIVE,0.043478260869565216,32.36,4.618767943
K06051.01,,8153568,286.90445,44.005508,2375.11,724.78,FALSE POSITIVE,0.0,221.55,3.60727417
K06052.01,,8167938,292.61746,44.002048,1984.59,577.34,FALSE POSITIVE,0.0,180.8,2.565717939
K06053.01,,8167978,292.63339,44.001839,792.92,133.54,FALSE POSITIVE,0.008086253369272238,32.56,22.05274533
K06054.01,,8168581,292.84973,44.060638,931.51,196.75,FALSE POSITIVE,0.008086253369272238,31.58,2.881338104
K06055.01,,8230809,290.89172,44.16885,869.38,183.96,FALSE POSITIVE,0.008086253369272238,16.73,4.078355243
K06056.01,,8364115,291.27151,44.376362,416.95,86.355,FALSE POSITIVE,0.008086253369272238,21.3,7.73590441
K06057.01,,8458207,300.09155,44.41481,909.09,238.16,FALSE POSITIVE,0.043478260869565216,35.71,3.530164642
K00896.03,,7825899,293.0614,43.58136,797.62,64.245,CANDIDATE,0.847457627118644,1.51,28.8672107
K06150.01,,6946681,291.19293,42.49445,1287.97,329.115,CANDIDATE,0.008086253369272238,,48.9528113
K01334.02,,4150624,289.7439,39.286301,915.22,163.675,FALSE POSITIVE,0.25,1.93,94.225938
K06151.01,,6946708,291.20096,42.449989,1213.01,241.29000000000002,CANDIDATE,0.0,1.36,431.78556
K06152.01,,6967278,296.76535,42.404987,7662.93,909.9749999999999,FALSE POSITIVE,0.008086253369272238,230.33,395.07333
K06153.01,,7108433,288.82379,42.602341,2675.68,735.81,FALSE POSITIVE,0.0,128.17,1.51918335
K06154.01,,7119080,292.20297,42.640499,648.44,107.02,FALSE POSITIVE,0.008086253369272238,,13.59940118
K06155.01,,7129465,295.13705,42.646999,923.49,214.35000000000002,FALSE POSITIVE,0.0,61.16,2.745910734
K06156.01,,7174617,281.59381,42.710011,263.06,25.11,FALSE POSITIVE,0.008086253369272238,19.36,1.608363345
K06244.01,,11724210,297.02438,49.89217,871.69,186.84,FALSE POSITIVE,0.0,29.32,5.746017234
K06245.01,,11775507,297.51782,49.917702,407.95,101.16499999999999,CANDIDATE,0.043478260869565216,1.67,144.102562
K06245.02,,11775507,297.51782,49.917702,407.95,101.16499999999999,CANDIDATE,0.10672165866409067,1.77,112.317402
K06246.01,,11856178,287.16504,50.113232,266.3,62.675000000000004,CANDIDATE,0.4883720930232558,1.48,9.13315062
K06247.01,,11867071,293.48392,50.12513,1097.3,273.85,FALSE POSITIVE,0.0,28.11,3.963787093
K06248.01,,11975363,297.3342,50.311138,1096.24,249.02999999999997,FALSE POSITIVE,0.0,66.06,1.759208679
K06249.01,,12207117,290.55728,50.832722,524.68,61.875,FALSE POSITIVE,0.0,,1.6031794
K02086.04,,6768394,288.96124,42.265011,854.09,153.18,CANDIDATE,0.018867924528301886,1.83,335.56311
K06058.01,,8580438,298.38272,44.61557,697.55,170.81,FALSE POSITIVE,0.008086253369272238,32.33,6.496031958
K06059.01,,8581232,298.57599,44.683788,396.69,42.864999999999995,FALSE POSITIVE,0.25,9.96,4.012537983
K06060.01,,8655458,301.09857,44.76059,621.2,109.07499999999999,FALSE POSITIVE,0.008086253369272238,26.11,1.594162001
K06061.01,,8695779,294.3335,44.870853,1044.83,340.865,FALSE POSITIVE,0.008086253369272238,22.09,10.238939876
K06062.01,,8953059,291.84222,45.2393,1777.08,402.88,FALSE POSITIVE,0.008086253369272238,23.34,5.499941387
K06063.01,,9048145,299.39795,45.31823,830.91,228.47,FALSE POSITIVE,0.0,37.51,8.667826242
K06064.01,,9214712,290.38962,45.681438,1102.13,221.755,FALSE POSITIVE,0.008086253369272238,33.81,265.2996227
K06065.01,,9214715,290.39124,45.68161,1224.62,284.25,FALSE POSITIVE,0.008086253369272238,25.56,265.2999623
K06157.01,,7190639,288.72083,42.71698,950.2,248.49,FALSE POSITIVE,0.008086253369272238,1.97,98.1020983
K06158.01,,7198881,291.34805,42.79454,684.96,154.08499999999998,FALSE POSITIVE,0.847457627118644,3.73,182.467019
K06158.02,,7198881,291.34805,42.79454,684.96,154.08499999999998,FALSE POSITIVE,0.008086253369272238,,126.57837267
K06159.01,,7422883,283.60733,43.004189,390.77,100.925,FALSE POSITIVE,0.0,44.08,11.41437505
K00337.02,,10545066,295.68481,47.748081,702.36,98.755,CANDIDATE,0.847457627118644,1.56,154.607419
K01519.02,,7663405,283.47818,43.383781,867.81,84.755,CANDIDATE,0.847457627118644,1.81,57.132855
K06160.01,,7464205,296.85583,43.058311,710.52,182.175,FALSE POSITIVE,0.008086253369272238,1.13,151.31847
K06161.01,,7622059,295.91998,43.28175,772.77,173.81,FALSE POSITIVE,0.008086253369272238,51.47,10.4032399
K06250.01,,12367464,296.41437,51.162006,828.9,243.935,FALSE POSITIVE,0.0,32.99,1.853209359
K06251.01,,12470041,296.01483,51.34697,2422.27,708.9100000000001,FALSE POSITIVE,0.0,145.18,14.66769462
K02163.03,,11358389,295.62659,49.130428,935.8,219.88,CANDIDATE,0.4883720930232558,1.59,28.2251049
K02183.03,,5706595,292.17114,40.916309,1005.83,106.28999999999999,CANDIDATE,0.4883720930232558,2.26,150.381954
K02184.02,,12885212,290.17502,52.220341,636.49,36.61,CANDIDATE,0.4883720930232558,2.17,95.906433
K07869.01,,8179286,296.27393,44.010441,716.26,172.155,FALSE POSITIVE,0.018867924528301886,1.03,11.4132144
K02194.03,,3548044,292.32645,38.657581,569.3,82.88,CANDIDATE,0.25,1.37,445.21685
K02203.02,,2581191,292.60025,37.832069,851.27,196.76,FALSE POSITIVE,0.008086253369272238,2.29,172.178768
K02209.02,,8168187,292.71445,44.082329,1230.01,236.755,CANDIDATE,0.9629629629629629,2.18,35.502865
K06066.01,,9221398,293.09286,45.691841,458.49,58.519999999999996,FALSE POSITIVE,0.008086253369272238,25.33,13.787520532
K06067.01,,9411317,294.66852,45.966431,951.07,104.755,FALSE POSITIVE,0.018867924528301886,23.96,8.2904597
K00945.03,,9605514,297.9516,46.264721,1208.47,282.19,CANDIDATE,0.4883720930232558,2.07,66.789347
K06068.01,,9418619,297.18176,45.988441,849.73,296.71000000000004,CANDIDATE,0.0,100.03,6.150251376
K06069.01,,9532123,294.17896,46.188431,1320.92,242.41,FALSE POSITIVE,0.0,42.29,8.214204254
K06070.01,,9549471,299.60898,46.115662,686.24,142.34,FALSE POSITIVE,0.018867924528301886,10.85,15.71377375
K06071.01,,9649222,291.85846,46.386452,1414.6,320.295,FALSE POSITIVE,0.008086253369272238,29.98,5.918619554
K06072.01,,9664215,297.35962,46.343552,809.83,144.225,FALSE POSITIVE,0.0,38.37,3.319523463
K06162.01,,7750740,290.99643,43.458752,1062.16,258.78499999999997,FALSE POSITIVE,0.008086253369272238,59.2,5.874197307
K06163.01,,7779942,299.44345,43.449886,258.72,79.63,FALSE POSITIVE,0.4883720930232558,3.47,19.7959731
K06164.01,,7835312,295.97079,43.52969,1519.99,268.605,CANDIDATE,0.625,1.84,29.5126153
K06164.02,,7835312,295.97079,43.52969,1519.99,268.605,FALSE POSITIVE,0.008086253369272238,,209.00055019
K06165.01,,7838906,296.98563,43.581352,2713.33,393.79,FALSE POSITIVE,0.008086253369272238,1192.79,5.614892073
K06166.01,Kepler-1642 b,7908367,297.21216,43.643719,796.0,309.955,CONFIRMED,0.847457627118644,5.41,12.2064304
K06166.02,Kepler-1642 c,7908367,297.21216,43.643719,796.0,309.955,CONFIRMED,0.847457627118644,4.81,6.6513189
K06167.01,,7940533,283.06628,43.743591,287.09,48.13,FALSE POSITIVE,0.008086253369272238,21.37,3.905532605
K02210.02,Kepler-1143 c,4142847,287.30283,39.289688,606.83,38.3,CONFIRMED,0.9629629629629629,3.23,210.631486
K02281.02,,9221517,293.1311,45.663551,398.84,52.035,CANDIDATE,0.008086253369272238,1.54,455.27405
K00365.02,,11623629,297.48691,49.623451,155.75,16.78,CANDIDATE,0.018867924528301886,0.62,117.761
K02327.02,,10730703,291.65778,48.009312,1030.47,125.83,CANDIDATE,0.2916666666666667,1.39,46.331703
K02393.02,Kepler-1834 c,4665571,294.6647,39.783829,519.91,32.185,CONFIRMED,0.9629629629629629,1.22,0.766691517
K02404.02,,6364215,291.87799,41.769581,1172.66,251.71499999999997,FALSE POSITIVE,0.043478260869565216,1.11,5.2438528
K02432.02,,7047363,295.62469,42.545898,954.86,141.195,FALSE POSITIVE,0.008086253369272238,,93.6273251
K02450.02,,7289317,294.00946,42.880772,887.3,103.45,CANDIDATE,0.847457627118644,1.12,7.1931193
K06073.01,,9714358,293.54028,46.437279,463.16,48.11,FALSE POSITIVE,0.008086253369272238,28.96,6.474202359
K06074.01,,9851123,298.79437,46.680771,954.45,171.765,FALSE POSITIVE,0.25,4.13,8.4803048
K06075.01,,9966115,297.44794,46.884319,688.91,154.19,FALSE POSITIVE,0.008086253369272238,45.87,8.947426242
K06076.01,,10026458,297.25943,46.987629,1425.32,243.93,FALSE POSITIVE,0.008086253369272238,35.54,9.93443795
K06077.01,,10139305,291.14401,47.185459,378.23,35.935,FALSE POSITIVE,0.008086253369272238,23.51,2.173552528
K00266.02,,7375348,295.40433,42.981422,331.67,52.335,CANDIDATE,0.9642857142857143,1.74,47.7439509
K00992.02,,1432789,291.49942,37.05928,1336.9,205.66,CANDIDATE,0.9629629629629629,1.44,4.57834367
K06078.01,,10288922,297.15894,47.319191,1359.49,309.065,FALSE POSITIVE,0.008086253369272238,42.27,10.157715971
K01522.02,,12266636,295.80658,50.909801,755.21,177.635,CANDIDATE,0.847457627118644,1.02,12.654896
K06168.01,,7974634,296.58698,43.766918,1343.61,329.565,CANDIDATE,0.25,1.59,131.258668
K07870.01,,8182107,297.0672,44.0676,952.68,231.94,CANDIDATE,0.008086253369272238,2.1,92.552007
K06168.02,,7974634,296.58698,43.766918,1343.61,329.565,CANDIDATE,0.2916666666666667,1.09,75.072964
K06168.03,,7974634,296.58698,43.766918,1343.61,329.565,FALSE POSITIVE,0.008086253369272238,1.94,404.701927
K06169.01,,8043882,296.7114,43.85815,1165.77,284.275,FALSE POSITIVE,0.008086253369272238,1.07,0.779609509
K06170.01,,8058507,300.29269,43.811508,1519.56,396.975,FALSE POSITIVE,0.008086253369272238,,15.80529628
K06171.01,,8095099,290.91058,43.92947,722.4,163.155,FALSE POSITIVE,0.0,64.15,2.103239235
K06172.01,,8163784,291.06699,44.071201,557.23,96.445,CANDIDATE,0.008086253369272238,1.18,31.8134892
K02610.02,,2305866,292.09332,37.61348,1011.42,334.495,CANDIDATE,0.847457627118644,4.02,115.230655
K02714.03,Kepler-401 d,12206313,290.08276,50.86348,698.64,118.11500000000001,CONFIRMED,1.0,2.57,184.262741
K02719.02,,5184911,291.18497,40.311211,586.95,61.864999999999995,CANDIDATE,0.043478260869565216,1.5,106.25976
K02828.02,,6436029,289.53882,41.892818,769.36,94.995,CANDIDATE,0.4883720930232558,3.46,505.462916
K02869.02,,7767162,296.29355,43.403271,947.28,145.6,CANDIDATE,0.25,2.16,274.743032
K00423.02,,9478990,296.96027,46.034302,1269.06,235.60999999999999,CANDIDATE,0.008086253369272238,11943.8,360.477635
K02871.03,,10793172,290.20163,48.185822,952.48,143.68,CANDIDATE,0.4883720930232558,0.75,18.0811429
K02926.03,Kepler-1388 d,10122538,283.33606,47.174541,424.89,35.375,CONFIRMED,1.0,2.38,20.9569985
K06079.01,,10659313,289.22275,47.913891,760.72,180.17,FALSE POSITIVE,0.0,45.92,15.249335907
K06080.01,,10710755,281.9364,48.010059,849.48,182.84,FALSE POSITIVE,0.008086253369272238,26.15,4.816610903
K06081.01,,10727668,290.43994,48.045101,10656.62,3793.3,FALSE POSITIVE,0.008086253369272238,39.04,2.305903447
K06082.01,,10735519,293.55737,48.04174,1870.92,566.625,FALSE POSITIVE,0.008086253369272238,426.98,1.814128042
K07871.01,,8197767,301.03964,44.036179,250.51,27.53,FALSE POSITIVE,0.008086253369272238,18.39,1.247121237
K06083.01,,10935310,297.91592,48.33205,478.52,121.83500000000001,FALSE POSITIVE,0.008086253369272238,52.0,4.128795314
K06084.01,,11021252,287.35608,48.543091,1240.3,306.415,FALSE POSITIVE,0.0,164.61,3.269176601
K06085.01,,11404644,292.7561,49.264561,1313.99,332.44,CANDIDATE,0.008086253369272238,25.8,5.902596818
K06086.01,,11408935,294.78079,49.273621,938.95,188.765,FALSE POSITIVE,0.008086253369272238,17.09,15.995094054
K06173.01,,8165617,291.74231,44.074871,727.78,175.935,CANDIDATE,0.008086253369272238,1.54,214.013044
K06174.01,,8181016,296.7843,44.069012,507.96,60.18,FALSE POSITIVE,0.008086253369272238,7.27,0.70914232
K06175.01,,8197761,301.03876,44.071098,378.21,100.68,FALSE POSITIVE,0.008086253369272238,21.68,9.86869589
K01541.02,,4840513,293.19507,39.90728,1475.34,352.335,FALSE POSITIVE,0.008086253369272238,,66.34455122
K06176.01,,8223568,287.9856,44.147202,389.64,48.78,CANDIDATE,0.043478260869565216,1.48,143.09688
K06176.02,,8223568,287.9856,44.147202,389.64,48.78,CANDIDATE,0.008086253369272238,,73.4567573
K06177.01,,8265156,301.13428,44.100128,740.11,192.11,FALSE POSITIVE,0.008086253369272238,1.04,0.978362973
K06178.01,,8355178,287.53177,44.30801,1620.97,361.82,CANDIDATE,0.6666666666666666,1.64,13.0327301
K02926.04,Kepler-1388 e,10122538,283.33606,47.174541,424.89,35.375,CONFIRMED,0.9642857142857143,2.25,37.6333868
K02971.02,,4770174,297.39371,39.829041,649.26,98.825,CANDIDATE,0.875,1.65,31.9533679
K03028.02,,9838804,294.96246,46.676289,1154.27,226.98,CANDIDATE,0.008086253369272238,2.11,458.16754
K03088.02,,9020114,291.16437,45.318291,910.05,93.755,CANDIDATE,0.043478260869565216,1.92,67.8766605
K03090.02,,6609270,292.73764,42.014832,257.54,21.46,FALSE POSITIVE,0.4883720930232558,8.02,15.0367776
K03214.02,,7983117,298.67377,43.795479,497.08,124.49,CANDIDATE,0.875,1.35,25.0901574
K03371.02,Kepler-1482 b,11125797,285.31381,48.72525,425.06,34.565,CONFIRMED,0.9629629629629629,1.0,12.25384348
K03401.02,,9966219,297.47839,46.81575,892.9,143.04500000000002,CANDIDATE,0.25,2.2,326.6708
K00129.02,,11974540,297.00943,50.372318,4277.99,1438.26,CANDIDATE,0.008086253369272238,,143.21109362
K00238.03,,7219825,296.99863,42.78196,881.18,139.74,CANDIDATE,0.4883720930232558,1.96,362.97828
K00593.04,,9958962,294.98914,46.838329,1036.43,226.535,CANDIDATE,0.625,2.68,240.192808
K06087.01,,11519226,297.07068,49.442451,749.62,187.455,FALSE POSITIVE,0.008086253369272238,69.44,22.16127178
K00993.03,,1718189,290.72867,37.252651,656.6,127.19,CANDIDATE,0.4883720930232558,1.43,86.723653
K06088.01,,11756821,288.22913,49.904129,448.94,53.489999999999995,FALSE POSITIVE,0.018867924528301886,9.55,2.745121487
K06089.01,,11769146,294.81921,49.963631,661.89,152.79000000000002,FALSE POSITIVE,0.008086253369272238,71.61,282.9656538
K06090.01,,11812199,290.87125,50.052601,709.16,159.18,FALSE POSITIVE,0.008086253369272238,36.96,37.32030954
K07878.01,,8263187,300.63809,44.156269,5557.13,2926.725,CANDIDATE,0.008086253369272238,15.41,36.566324
K06091.01,,11826400,297.51343,50.07481,977.92,287.995,FALSE POSITIVE,0.008086253369272238,50.78,5.889372452
K06092.01,,12010534,290.02682,50.455391,1133.84,255.405,FALSE POSITIVE,0.0,40.94,2.581595167
K06093.01,,2019477,292.55194,37.421211,1902.28,428.01500000000004,CANDIDATE,0.875,3.86,20.5736113
K03163.01,,7116117,291.2699,42.692009,437.68,101.11000000000001,FALSE POSITIVE,0.008086253369272238,0.54,0.566801886
K03169.01,,7868092,280.7475,43.601841,538.57,113.2,FALSE POSITIVE,0.008086253369272238,1.28,180.71809
K03172.01,,3337061,290.03314,38.426861,1864.17,364.74,FALSE POSITIVE,0.018867924528301886,39.06,6.5583706
K03173.01,,9826171,289.73468,46.64534,132.52,26.790000000000003,FALSE POSITIVE,0.008086253369272238,1.59,434.39148
K03180.01,,3936658,285.54712,39.06329,331.75,86.6,FALSE POSITIVE,0.008086253369272238,,71.1577054
K03181.01,,4577484,295.6828,39.618729,329.26,19.725,FALSE POSITIVE,0.008086253369272238,1.32,73.26417
K03184.02,Kepler-1972 c,4735826,288.39529,39.872627,266.54,48.67,CONFIRMED,0.847457627118644,0.91,11.3220104
K03186.01,,5005618,290.12708,40.15947,445.07,82.81,FALSE POSITIVE,0.008086253369272238,61.52,681.9363102
K03187.01,,4663658,294.20782,39.789291,1118.68,370.28,FALSE POSITIVE,0.008086253369272238,1.0,0.705891195
K03191.01,,10467815,290.81604,47.682892,1432.01,533.325,FALSE POSITIVE,0.008086253369272238,3.17,377.88909
K03192.01,,10847721,285.13657,48.257301,1277.07,460.675,FALSE POSITIVE,0.008086253369272238,2.36,199.21638
K03195.01,,10118942,281.12289,47.16489,491.72,23.825000000000003,FALSE POSITIVE,0.008086253369272238,3.02,121.70747
K03198.01,,9471539,294.41833,46.038712,963.81,254.39499999999998,FALSE POSITIVE,0.008086253369272238,115.4,273.528359
K03201.01,,2305819,292.08047,37.67461,394.16,107.155,FALSE POSITIVE,0.008086253369272238,0.83,135.57186
K03207.01,,9518710,288.23862,46.118061,987.2,251.63,CANDIDATE,0.008086253369272238,2.27,0.954388314
K03210.01,,10284575,295.83194,47.39381,690.63,184.67,FALSE POSITIVE,0.008086253369272238,30.29,173.06929
K03215.01,,3342952,291.65018,38.40937,256.26,43.135000000000005,FALSE POSITIVE,0.018867924528301886,0.48,1.039046871
K03222.01,,10338624,291.49722,47.463509,976.97,243.345,FALSE POSITIVE,0.008086253369272238,1.34,0.607538435
K03228.01,,5307990,299.436,40.477852,1236.79,390.125,FALSE POSITIVE,0.008086253369272238,1.14,0.98762513
K03233.01,,2142501,286.61902,37.504044,536.78,166.14999999999998,FALSE POSITIVE,0.008086253369272238,,113.0707574
K03235.01,,2713018,291.4325,37.93618,909.43,241.01999999999998,FALSE POSITIVE,0.008086253369272238,0.98,66.713573
K03251.01,,8413968,284.01102,44.49432,398.09,75.745,FALSE POSITIVE,0.018867924528301886,0.92,135.223193
K03283.01,,9008103,286.08908,45.369011,587.14,69.165,FALSE POSITIVE,0.008086253369272238,,195.7093855
K03378.01,,4376629,294.50916,39.461109,478.5,43.7,FALSE POSITIVE,0.008086253369272238,23.04,27.6775212
K03381.01,,3958301,292.55002,39.023811,1535.24,363.1,FALSE POSITIVE,0.25,2.21,35.2340413
K03405.01,,8211605,281.60605,44.184761,667.62,82.095,FALSE POSITIVE,0.008086253369272238,24.76,20.9794338
K03406.01,,11098573,297.97269,48.672981,1153.42,274.645,FALSE POSITIVE,0.2916666666666667,1.99,15.6937855
K03420.01,,7289338,294.01529,42.824371,2002.06,378.03499999999997,CANDIDATE,0.9629629629629629,1.87,5.77451117
K03488.01,,6021655,283.42587,41.325531,986.48,177.565,FALSE POSITIVE,0.018867924528301886,2.14,63.571688
K03507.01,,8308682,294.99933,44.213531,933.72,154.01999999999998,FALSE POSITIVE,0.008086253369272238,2.08,338.20075
K00351.07,Kepler-90 f,11442793,284.4335,49.305161,808.63,118.35999999999999,CONFIRMED,1.0,3.37,124.922516
K03764.01,,3344427,292.00238,38.4352,3117.6,1253.635,FALSE POSITIVE,0.008086253369272238,235.58,1.303570451
K03774.01,,6205481,291.98618,41.55703,776.5,108.505,FALSE POSITIVE,0.008086253369272238,22.78,3.72277264
K03833.01,,8435232,293.53409,44.477085,100.54,17.335,FALSE POSITIVE,0.008086253369272238,5.01,49.5740154
K01231.02,,6462874,297.33563,41.89048,396.29,48.79,FALSE POSITIVE,0.25,1.67,10.42360821
K01920.02,,8218379,285.12204,44.1106,619.09,106.37,CANDIDATE,0.25,0.74,10.1384691
K01992.03,Kepler-347 d,11450414,289.19958,49.305721,1193.55,223.25,CONFIRMED,1.0,3.04,85.517344
K03155.01,,5217733,298.93646,40.39175,161.87,52.79,FALSE POSITIVE,0.008086253369272238,59.07,161.2529031
K03156.01,,4150611,289.74249,39.267059,88.75,27.839999999999996,FALSE POSITIVE,0.018867924528301886,27.81,0.761119678
K03156.04,,4150611,289.74249,39.267059,88.75,27.839999999999996,FALSE POSITIVE,0.2916666666666667,35.89,94.212787
K06618.01,,5706592,292.17029,40.907162,1530.04,145.125,CANDIDATE,0.008086253369272238,0.94,8.6040858
K06619.01,,5716244,294.96027,40.98698,1108.64,227.93,FALSE POSITIVE,0.0,24.3,1.330333096
K06620.01,,5725851,297.13116,40.921341,3448.4,1275.215,FALSE POSITIVE,0.0,126.77,1.140133012
K06621.01,,5731312,298.25183,40.90353,230.73,21.67,FALSE POSITIVE,0.008086253369272238,36.01,7.946367138
K06622.01,,5735878,299.16174,40.92701,1296.42,353.49,FALSE POSITIVE,0.008086253369272238,61.35,16.832079803
K06623.01,,5736461,299.2717,40.972389,961.95,171.48000000000002,FALSE POSITIVE,0.0,44.48,7.346159047
K06624.01,,5737869,299.55539,40.996132,701.2,137.415,FALSE POSITIVE,0.008086253369272238,1.16,26.2402438
K06625.01,,5771589,284.58551,41.009579,464.44,114.125,FALSE POSITIVE,0.2916666666666667,6.96,10.738427243
K07882.01,,8364232,291.31281,44.38192,432.04,44.825,CANDIDATE,0.018867924528301886,1.31,65.415183
K06753.01,,6670742,284.33261,42.12709,477.28,157.175,CANDIDATE,0.008086253369272238,13.11,72.28198
K06754.01,,6672229,284.94107,42.113159,1296.63,288.125,FALSE POSITIVE,0.0,63.78,23.832382513
K06755.01,,6676725,286.92691,42.108849,1042.88,246.32,FALSE POSITIVE,0.0,1.01,1.428766771
K06756.01,,6695622,293.04248,42.11232,1071.41,233.34,FALSE POSITIVE,0.008086253369272238,1.38,14.5567427
K06757.01,,6695889,293.10742,42.122589,1154.14,247.085,FALSE POSITIVE,0.0,47.63,1.106560721
K06758.01,,6697716,293.59467,42.143082,417.77,52.31,FALSE POSITIVE,0.0,40.61,0.721624431
K06759.01,,6697976,293.6633,42.113079,912.68,199.86,CANDIDATE,0.0,,371.70965709
K06760.01,,6698670,293.83826,42.122211,700.29,161.5,FALSE POSITIVE,0.008086253369272238,32.48,10.81589054
K06886.01,,7541746,295.63531,43.115688,749.95,217.41,FALSE POSITIVE,0.008086253369272238,,4.1747072
K06887.01,,7584778,282.31512,43.266312,660.14,127.43,FALSE POSITIVE,0.008086253369272238,0.77,0.622303871
K06888.01,,7588436,284.17172,43.200809,630.83,97.895,FALSE POSITIVE,0.008086253369272238,0.84,23.3924063
K06889.01,,7592529,286.14291,43.236351,266.94,34.510000000000005,CANDIDATE,0.043478260869565216,0.63,75.906736
K06890.01,,7592922,286.33069,43.267929,719.75,94.225,CANDIDATE,0.018867924528301886,0.72,2.15888911
K06891.01,,7597703,288.37411,43.294319,929.06,143.26,FALSE POSITIVE,0.0,48.72,4.608901433
K06892.01,,7602351,290.12088,43.24361,1436.52,247.95,CANDIDATE,0.4883720930232558,1.87,17.5806026
K06893.01,,7605600,291.15067,43.285301,98.95,10.42,FALSE POSITIVE,0.25,14.72,3.326193904
K07017.01,,8312222,296.1174,44.232841,1122.64,235.755,FALSE POSITIVE,0.0,44.29,12.823275455
K07018.01,,8314801,296.8732,44.241341,657.93,191.16500000000002,FALSE POSITIVE,0.008086253369272238,55.0,37.183276326
K07019.01,,8316503,297.29782,44.281658,906.55,222.055,FALSE POSITIVE,0.008086253369272238,60.35,5.065329723
K07020.01,,8330575,301.0209,44.232239,811.65,225.54,FALSE POSITIVE,0.0,72.76,0.957079167
K07021.01,,8345358,282.11639,44.373489,1192.67,240.64,FALSE POSITIVE,0.0,46.72,9.380632783
K07022.01,,8358008,288.9664,44.35693,480.61,59.955,FALSE POSITIVE,0.008086253369272238,30.11,10.064687893
K07023.01,,8362974,290.85971,44.350922,567.69,42.485,CANDIDATE,0.008086253369272238,0.72,2.71772323
K07024.01,,8364119,291.27377,44.371239,237.47,40.01,FALSE POSITIVE,0.008086253369272238,50.46,7.73591011
K07152.01,,9278021,290.65009,45.782429,1758.92,466.43,FALSE POSITIVE,0.0,129.93,3.359470825
K07153.01,,9284741,293.42542,45.760849,598.31,97.78,FALSE POSITIVE,0.008086253369272238,53.87,20.729255112
K07154.01,,9286728,294.15503,45.70723,577.5,88.655,FALSE POSITIVE,0.008086253369272238,0.62,3.04459739
K07155.01,,9291368,295.82617,45.78764,3294.57,1047.295,FALSE POSITIVE,0.008086253369272238,232.39,3.796448299
K07155.02,,9291368,295.82617,45.78764,3294.57,1047.295,FALSE POSITIVE,0.008086253369272238,159.34,3.79654367
K07156.01,,9291748,295.94705,45.741562,629.85,69.97,FALSE POSITIVE,0.008086253369272238,93.94,15.926990634
K07157.01,,9301564,298.80557,45.759998,723.8,197.09,CANDIDATE,0.4883720930232558,1.17,23.9830523
K07158.01,,9304561,299.68271,45.71133,1832.58,907.375,FALSE POSITIVE,0.008086253369272238,2.48,1.219049953
K07159.01,,9328852,284.99713,45.886688,305.67,41.35,FALSE POSITIVE,0.008086253369272238,51.1,0.64585177
K07283.01,,10089123,296.89828,47.081059,856.57,191.215,CANDIDATE,0.625,1.69,134.413808
K07284.01,,10091257,297.50986,47.054489,420.44,65.19,FALSE POSITIVE,0.008086253369272238,40.15,1.70192371
K07285.01,,10093664,298.20029,47.06292,902.3,226.18,FALSE POSITIVE,0.008086253369272238,0.97,1.20693963
K07286.01,,10095512,298.71655,47.014519,454.28,101.575,FALSE POSITIVE,0.0,56.15,3.008602107
K07287.01,,10098534,299.58353,47.022888,736.09,130.1,FALSE POSITIVE,0.008086253369272238,1.4,41.81145
K07288.01,,10129482,286.84036,47.173309,526.12,50.015,FALSE POSITIVE,0.008086253369272238,30.8,0.846291334
K07289.01,,10155080,296.69858,47.137741,562.96,139.855,FALSE POSITIVE,0.0,58.77,1.930451347
K07290.01,,10156064,296.99341,47.146648,444.44,104.88,FALSE POSITIVE,0.0,108.33,2.427967843
K07894.01,,8555967,290.3031,44.678089,794.84,168.57500000000002,CANDIDATE,0.008086253369272238,1.62,347.97611
K07417.01,,11198723,295.70044,48.834229,1151.22,248.65500000000003,FALSE POSITIVE,0.0,62.08,6.840305932
K07418.01,,11199725,296.07492,48.8591,4956.39,1106.545,FALSE POSITIVE,0.008086253369272238,21.22,1.032967155
K07419.01,,11200773,296.47736,48.85371,481.58,84.58500000000001,FALSE POSITIVE,0.0,36.91,2.489550708
K07420.01,,11228612,282.60721,48.96825,1002.81,241.79999999999998,FALSE POSITIVE,0.008086253369272238,70.52,2.980479588
K07421.01,,11232745,285.47064,48.927292,1069.79,190.39000000000001,FALSE POSITIVE,0.008086253369272238,43.45,4.81712182
K07422.01,,11233911,286.12268,48.923439,634.3,103.6,FALSE POSITIVE,0.0,35.62,2.479948394
K07423.01,,11234677,286.61768,48.996811,708.5,175.10999999999999,FALSE POSITIVE,0.008086253369272238,37.64,1.58742695
K07424.01,,11235323,287.04657,48.993229,299.89,36.76,FALSE POSITIVE,0.0,42.91,19.668404822
K04526.02,,3765917,295.96893,38.867168,1541.73,267.15,CANDIDATE,0.9629629629629629,2.09,11.8187288
K04535.02,,3547760,292.25284,38.60899,581.83,78.47,CANDIDATE,0.2916666666666667,0.78,5.78901936
K04562.02,,8652360,300.23587,44.76952,656.12,85.185,FALSE POSITIVE,0.25,0.68,0.968065631
K04598.02,,5476671,298.75528,40.665218,760.75,152.14,FALSE POSITIVE,0.008086253369272238,18.2,0.824181335
K04716.02,,11290515,288.34488,49.021938,387.24,61.185,CANDIDATE,0.008086253369272238,,12.26708306
K04766.02,,4919550,290.46756,40.056438,749.98,57.58,FALSE POSITIVE,0.2916666666666667,0.69,2.45261841
K04838.02,,8216763,284.26859,44.19754,345.15,38.12,CANDIDATE,0.4883720930232558,7.62,6.33342309
K04871.02,,6767227,288.52902,42.27626,602.24,109.99000000000001,CANDIDATE,0.25,0.76,5.522479
K04881.02,,8094120,290.55087,43.994362,1069.67,305.71,FALSE POSITIVE,0.008086253369272238,1.16,0.706423768
K06368.01,,3854496,292.56421,38.931129,1752.79,372.67,CANDIDATE,0.018867924528301886,1.78,9.4588054
K06369.01,,3858757,293.66006,38.964008,1154.75,221.945,FALSE POSITIVE,0.043478260869565216,2.06,25.9534494
K06370.01,,3858767,293.66177,38.964748,589.77,110.05000000000001,FALSE POSITIVE,0.008086253369272238,0.66,3.49550335
K06371.01,,3858884,293.69543,38.982792,187.55,60.760000000000005,FALSE POSITIVE,0.0,123.34,25.95193721
K06372.01,,3936061,285.27823,39.088428,1628.26,320.37,CANDIDATE,0.008086253369272238,1.11,71.008017
K06373.01,,3938073,286.15421,39.065708,618.0,159.575,FALSE POSITIVE,0.0,93.29,31.024310431
K06374.01,,3972391,295.88843,39.027901,984.16,264.335,FALSE POSITIVE,0.008086253369272238,0.58,0.634131057
K06375.01,,3972432,295.89651,39.076359,733.61,154.58,CANDIDATE,0.008086253369272238,0.97,2.90805147
K06376.01,,3973002,296.00211,39.000511,936.21,192.31,FALSE POSITIVE,0.0,45.85,1.992098705
K06496.01,,5025217,295.43771,40.120998,1967.14,740.385,FALSE POSITIVE,0.018867924528301886,5.86,1.78752921
K06497.01,,5025234,295.43936,40.147449,1726.57,410.63,FALSE POSITIVE,0.008086253369272238,1.26,1.77555333
K06498.01,,5025294,295.45105,40.175652,430.76,83.8,FALSE POSITIVE,0.008086253369272238,36.25,5.462689263
K06499.01,,5026187,295.63986,40.19825,2262.4,579.06,FALSE POSITIVE,0.0,95.86,3.58966681
K06500.01,,5031804,296.83371,40.16124,819.8,245.575,FALSE POSITIVE,0.008086253369272238,4.25,1.37347867
K06501.01,,5031882,296.8522,40.166519,1225.19,515.255,FALSE POSITIVE,0.008086253369272238,1.94,1.00960235
K06502.01,,5036516,297.87564,40.10746,853.38,261.845,FALSE POSITIVE,0.008086253369272238,64.99,1.060996585
K06503.01,,5036530,297.87741,40.120781,1078.25,166.565,FALSE POSITIVE,0.018867924528301886,3.27,2.735152701
K06626.01,,5781192,288.69742,41.059231,330.61,58.14,FALSE POSITIVE,0.008086253369272238,51.89,9.459993213
K06627.01,,5802285,295.10843,41.074059,599.02,66.86,FALSE POSITIVE,0.008086253369272238,26.71,1.208524388
K06628.01,,5802470,295.15628,41.052559,403.52,59.68,FALSE POSITIVE,0.0,47.49,3.79187443
K06629.01,,5807579,296.3493,41.072968,797.18,236.545,FALSE POSITIVE,0.008086253369272238,90.67,17.844323157
K06630.01,,5809372,296.73676,41.00066,2062.91,519.0699999999999,FALSE POSITIVE,0.043478260869565216,12.35,34.6506368
K06631.01,,5860347,285.95218,41.14439,361.3,35.73,CANDIDATE,0.018867924528301886,0.48,2.56271232
K06632.01,,5871918,290.34891,41.137829,326.83,26.6,FALSE POSITIVE,0.008086253369272238,34.94,12.643303542
K06633.01,,5894825,296.82806,41.192028,1192.29,381.71000000000004,FALSE POSITIVE,0.0,31.28,1.36293943
K07883.01,,8374394,294.96524,44.360481,2205.32,266.24,FALSE POSITIVE,0.008086253369272238,14.63,185.103836
K06761.01,,6706287,295.67706,42.111355,391.85,92.96000000000001,FALSE POSITIVE,0.0,64.84,1.267693801
K06762.01,,6715997,297.83545,42.11039,760.9,171.74,CANDIDATE,0.018867924528301886,0.98,15.08186
K06763.01,,6763884,287.23486,42.263309,306.36,36.714999999999996,CANDIDATE,0.008086253369272238,0.56,2.44693823
K06764.01,,6766748,288.36362,42.24807,1019.22,252.65999999999997,FALSE POSITIVE,0.008086253369272238,75.09,7.002865192
K06765.01,,6768616,289.04434,42.280022,1144.38,263.93,CANDIDATE,0.7333333333333333,1.3,13.05609
K06766.01,,6774408,290.87341,42.277828,369.01,79.025,FALSE POSITIVE,0.0,0.35,0.85450941
K06767.01,,6778289,292.10236,42.252239,732.76,140.81,FALSE POSITIVE,0.0,83.75,30.130130001
K06768.01,,6781047,292.93964,42.244156,515.33,157.83499999999998,FALSE POSITIVE,0.008086253369272238,,7.0435762
K06769.01,,6781535,293.07452,42.280258,605.41,73.825,FALSE POSITIVE,0.008086253369272238,52.66,9.12208711
K07886.01,,8440062,295.19839,44.419601,1069.33,285.225,FALSE POSITIVE,0.008086253369272238,3.35,366.71923
K06894.01,,7622072,295.9227,43.285881,670.94,196.92000000000002,FALSE POSITIVE,0.008086253369272238,51.6,6.373454978
K06895.01,,7630658,297.91519,43.256203,1027.79,271.83,FALSE POSITIVE,0.0,69.11,1.075577069
K06896.01,,7631194,298.05032,43.23317,1794.68,314.06500000000005,FALSE POSITIVE,0.008086253369272238,14.74,0.811390968
K06897.01,,7662209,282.79242,43.374859,622.46,71.4,FALSE POSITIVE,0.008086253369272238,1.0,14.6494599
K06898.01,,7663804,283.69098,43.367691,865.53,551.87,FALSE POSITIVE,0.018867924528301886,3.7,321.00742
K06899.01,,7668648,286.27698,43.339142,1166.12,259.84499999999997,FALSE POSITIVE,0.008086253369272238,50.0,27.81892382
K06900.01,,7670485,287.12943,43.344131,663.75,136.12,FALSE POSITIVE,0.0,43.98,8.467706136
K06901.01,,7670617,287.18448,43.367088,611.17,74.76,FALSE POSITIVE,0.008086253369272238,30.13,24.70361995
K07025.01,,8367298,292.4931,44.333439,710.89,171.525,FALSE POSITIVE,0.018867924528301886,16.17,5.1348689
K07026.01,,8374499,295.00055,44.321018,963.3,200.78,FALSE POSITIVE,0.0,51.51,5.251918489
K07027.01,,8378656,296.29739,44.333,478.16,111.125,FALSE POSITIVE,0.008086253369272238,40.08,3.62944008
K07028.01,,8378922,296.3717,44.383541,844.6,188.99,FALSE POSITIVE,0.0,62.75,43.263305017
K07029.01,,8379547,296.55756,44.31023,209.53,22.84,FALSE POSITIVE,0.008086253369272238,23.94,6.042029838
K07030.01,,8381592,297.1105,44.399872,1103.44,234.24,FALSE POSITIVE,0.0,47.55,2.892087553
K07031.01,,8382339,297.29306,44.355251,2825.97,450.01500000000004,FALSE POSITIVE,0.008086253369272238,31.78,5.40597608
K07032.01,,8394475,300.42432,44.343601,346.12,37.34,CANDIDATE,0.018867924528301886,0.61,3.64049242
K07033.01,,8398290,301.70032,44.380005,512.8,163.32,FALSE POSITIVE,0.008086253369272238,1.58,0.510804497
K07160.01,,9328864,285.00354,45.887951,544.99,110.10499999999999,FALSE POSITIVE,0.018867924528301886,0.69,0.645850521
K07161.01,,9334490,288.27121,45.87661,787.33,95.765,FALSE POSITIVE,0.043478260869565216,5.35,18.84497113
K07162.01,,9340411,291.0527,45.835129,1086.17,238.77,CANDIDATE,0.4883720930232558,2.02,5.1581317
K07163.01,,9344623,292.7402,45.80151,815.94,177.57,FALSE POSITIVE,0.0,76.06,14.759477667
K07164.01,,9353182,295.85443,45.892208,535.92,130.29000000000002,FALSE POSITIVE,0.008086253369272238,54.13,10.476258265
K07165.01,,9357275,297.20245,45.849861,946.63,224.695,FALSE POSITIVE,0.0,120.0,1.588298157
K07166.01,,9357375,297.23355,45.843262,278.81,24.01,FALSE POSITIVE,0.0,0.47,1.58826263
K07167.01,,9392702,286.06958,45.900581,1192.32,296.655,FALSE POSITIVE,0.0,42.54,3.909314318
K07168.01,,9394920,287.33417,45.924709,10012.25,3064.79,FALSE POSITIVE,0.0,,1.38385822
K07891.01,,8524110,300.55823,44.570061,640.68,162.07999999999998,FALSE POSITIVE,0.008086253369272238,0.54,0.79708975
K07291.01,,10163067,298.9006,47.107769,859.75,236.235,CANDIDATE,0.4883720930232558,3.37,25.9136674
K07292.01,,10164018,299.16739,47.185692,880.81,147.0,FALSE POSITIVE,0.25,1.4,8.5412411
K07293.01,,10189523,283.01196,47.238602,773.53,86.805,FALSE POSITIVE,0.008086253369272238,31.98,1.013922622
K07294.01,,10198109,287.49353,47.224659,928.74,439.775,FALSE POSITIVE,0.008086253369272238,56.94,17.918743061
K07295.01,,10208759,292.25565,47.286301,1222.95,310.48,FALSE POSITIVE,0.0,86.76,2.287515702
K07296.01,,10214328,294.37708,47.289928,357.28,26.17,FALSE POSITIVE,0.008086253369272238,4.66,659.2907
K07297.01,,10215422,294.75986,47.201931,678.29,137.255,FALSE POSITIVE,0.008086253369272238,52.38,24.847087207
K07298.01,,10257903,284.0842,47.373589,1395.21,336.21000000000004,FALSE POSITIVE,0.0,,0.85574731
K07299.01,,10258558,284.45453,47.311951,901.21,212.31,FALSE POSITIVE,0.0,53.53,20.867855659
K07425.01,,11240948,290.10678,48.903389,994.61,263.92,FALSE POSITIVE,0.0,14.32,3.401949837
K07426.01,,11241560,290.43677,48.983452,705.62,93.84,CANDIDATE,0.25,0.97,6.96197304
K07427.01,,11244571,292.08185,48.96711,805.85,193.465,CANDIDATE,0.018867924528301886,0.78,7.8935324
K07428.01,,11250867,294.97415,48.94458,515.32,112.28,FALSE POSITIVE,0.0,57.6,2.252822538
K07429.01,,11251058,295.05701,48.976349,910.92,132.285,FALSE POSITIVE,0.008086253369272238,8.61,2.25284817
K07430.01,,11282568,282.93994,49.050289,2044.63,742.515,CANDIDATE,0.008086253369272238,18.94,1.320499473
K07431.01,,11285625,285.21619,49.08947,476.21,138.97,FALSE POSITIVE,0.0,152.74,5.39525573
K07432.01,,11286311,285.63681,49.009109,910.24,227.8,CANDIDATE,0.008086253369272238,1.03,13.1538409
K05076.02,,4732015,286.8252,39.802509,1244.67,235.91,FALSE POSITIVE,0.018867924528301886,34.87,0.939740093
K00460.02,,8043638,296.63684,43.802792,879.88,142.08499999999998,CANDIDATE,0.4883720930232558,1.24,36.0484798
K05875.02,,11176166,283.06863,48.802078,1162.62,285.73,CANDIDATE,0.7333333333333333,1.88,4.2742605
K06064.02,,9214712,290.38962,45.681438,1102.13,221.755,FALSE POSITIVE,0.25,7.1,265.299451
K06065.02,,9214715,290.39124,45.68161,1224.62,284.25,FALSE POSITIVE,0.018867924528301886,4.69,265.310499
K06165.02,,7838906,296.98563,43.581352,2713.33,393.79,FALSE POSITIVE,0.008086253369272238,153.72,35.4261827
K06252.01,,1026032,291.04407,36.729271,659.49,86.53,FALSE POSITIVE,0.0,36.62,8.460438928
K06253.01,,1293379,291.11398,36.994061,1144.48,215.365,CANDIDATE,0.008086253369272238,1.4,27.556452
K06377.01,,3973504,296.09506,39.055439,1278.05,276.045,FALSE POSITIVE,0.0,29.74,4.318726936
K06378.01,,4042088,286.8895,39.107368,2135.97,439.14,FALSE POSITIVE,0.008086253369272238,,3.22598684
K06379.01,,4055092,290.98013,39.186489,429.85,38.285,FALSE POSITIVE,0.008086253369272238,22.89,76.45315813
K06380.01,,4067549,294.19971,39.172379,1019.67,216.82,FALSE POSITIVE,0.0,42.72,7.698431197
K06381.01,,4069063,294.55844,39.13765,632.84,161.67000000000002,FALSE POSITIVE,0.0,50.41,0.504296702
K06382.01,,4069213,294.5957,39.193748,779.82,146.3,FALSE POSITIVE,0.008086253369272238,41.77,5.194256813
K06383.01,,4075064,295.86926,39.148201,433.01,45.685,FALSE POSITIVE,0.008086253369272238,41.01,61.42252657
K06384.01,,4076061,296.07407,39.158192,1226.97,223.26999999999998,CANDIDATE,0.008086253369272238,2.79,566.28176
K06385.01,,4076952,296.24484,39.185139,1338.31,424.615,FALSE POSITIVE,0.008086253369272238,95.58,9.761172507
K06503.02,,5036530,297.87741,40.120781,1078.25,166.565,FALSE POSITIVE,0.008086253369272238,,1.36513839
K06504.01,,5036538,297.87799,40.10796,113.67,17.125,FALSE POSITIVE,0.008086253369272238,32.58,1.061008464
K06505.01,,5038469,298.22311,40.172298,1464.78,511.43,FALSE POSITIVE,0.008086253369272238,,1.36840167
K06506.01,,5039687,298.4595,40.16156,664.8,146.26,FALSE POSITIVE,0.008086253369272238,32.41,5.8957069
K06507.01,,5042785,299.09546,40.19817,815.44,232.01999999999998,FALSE POSITIVE,0.008086253369272238,,1.67473779
K06508.01,,5078879,284.11514,40.243561,1585.34,447.83500000000004,FALSE POSITIVE,0.008086253369272238,12.6,1.039370613
K06509.01,,5080346,284.85397,40.208569,2832.84,1044.51,FALSE POSITIVE,0.008086253369272238,1.76,2.31169425
K06510.01,,5080652,285.02042,40.2985,707.78,97.055,FALSE POSITIVE,0.0,46.55,2.072177815
K06634.01,,5894972,296.86258,41.147419,1401.6,388.27500000000003,FALSE POSITIVE,0.0,64.0,3.34328534
K06635.01,,5951140,288.88849,41.246738,94.58,8.89,CANDIDATE,0.008086253369272238,1.49,0.52740121
K06636.01,,5952309,289.263,41.26638,958.71,212.43,FALSE POSITIVE,0.008086253369272238,0.78,0.905678252
K06637.01,,5952457,289.29977,41.278751,610.77,71.99000000000001,FALSE POSITIVE,0.018867924528301886,0.76,0.905672916
K06639.01,,5962514,292.53986,41.21159,1739.38,440.8,FALSE POSITIVE,0.0,56.93,0.790046373
K06640.01,,5962716,292.60831,41.225201,1049.62,182.68,FALSE POSITIVE,0.0,80.87,1.804591904
K06641.01,,5966732,293.7937,41.204491,1413.18,312.14,CANDIDATE,0.008086253369272238,1.16,1.400903699
K06642.01,,5977541,296.47546,41.241116,710.9,148.23,FALSE POSITIVE,0.008086253369272238,0.68,1.14073528
K06643.01,,5977804,296.53571,41.23901,838.56,175.29,FALSE POSITIVE,0.008086253369272238,0.7,3.31976683
K06770.01,,6792124,295.78482,42.285679,1175.84,326.51,FALSE POSITIVE,0.008086253369272238,1.84,0.52880817
K06771.01,,6804648,298.48257,42.240379,951.79,250.24,FALSE POSITIVE,0.0,1.22,0.700606479
K06772.01,,6806632,298.89075,42.209862,1953.22,622.585,FALSE POSITIVE,0.0,49.17,9.469191607
K06773.01,,6841577,283.77585,42.359322,779.24,165.37,FALSE POSITIVE,0.008086253369272238,40.9,15.53753378
K06774.01,,6842345,284.13208,42.350441,1437.05,334.27,CANDIDATE,0.008086253369272238,26.55,17.3816224
K06775.01,,6852488,288.47314,42.38007,1565.75,270.845,FALSE POSITIVE,0.0,100.79,2.172042913
K06776.01,,6853172,288.73029,42.334011,1569.0,374.65,CANDIDATE,0.25,1.45,28.655498
K06777.01,,6859546,290.72195,42.391571,636.22,77.49000000000001,CANDIDATE,0.008086253369272238,1.08,13.4450174
K07887.01,,8460634,300.78308,44.489269,1769.96,382.75,FALSE POSITIVE,0.008086253369272238,18.1,6.35216475
K06902.01,,7671594,287.63586,43.37077,92.98,12.57,FALSE POSITIVE,0.008086253369272238,366.76,0.705174384
K06903.01,,7677005,289.91574,43.390789,542.49,111.225,FALSE POSITIVE,0.008086253369272238,94.1,38.058140058
K06904.01,,7687365,293.41785,43.34285,734.89,97.63,CANDIDATE,0.008086253369272238,1.28,26.1556767
K06905.01,,7691527,294.7326,43.349522,804.03,137.32,FALSE POSITIVE,0.0,48.67,4.800232532
K06906.01,,7695445,295.90744,43.385979,1268.64,338.62,FALSE POSITIVE,0.008086253369272238,140.49,1.74336627
K06907.01,,7700500,297.24039,43.397678,826.21,105.07,CANDIDATE,0.018867924528301886,1.14,4.60687717
K06908.01,,7700578,297.26019,43.306358,1526.88,433.13,FALSE POSITIVE,0.0,131.16,1.507100589
K06909.01,,7707736,298.89764,43.394459,951.74,155.625,FALSE POSITIVE,0.0,8.78,0.758355704
K06910.01,,7733540,283.01382,43.483109,205.16,11.79,FALSE POSITIVE,0.0,,0.77258608
K07034.01,,8411947,282.88736,44.43911,693.12,112.92,FALSE POSITIVE,0.0,57.14,0.898837525
K07035.01,,8414159,284.12369,44.44035,793.64,178.665,FALSE POSITIVE,0.0,93.46,11.931131598
K07036.01,,8414216,284.15799,44.45911,118.5,8.045,FALSE POSITIVE,0.4883720930232558,0.56,11.93137992
K07037.01,,8415863,285.05148,44.485138,612.23,189.49,FALSE POSITIVE,0.008086253369272238,50.02,27.533803402
K07038.01,,8423903,289.2308,44.412483,1766.4,575.245,FALSE POSITIVE,0.0,55.34,12.4964346
K07039.01,,8429450,291.31595,44.462849,1365.83,462.855,FALSE POSITIVE,0.0,161.02,1.352576807
K07040.01,,8442795,296.05728,44.461079,1366.54,158.85500000000002,CANDIDATE,0.008086253369272238,2.18,502.20642
K07041.01,,8443812,296.38422,44.433418,724.88,114.32,CANDIDATE,0.043478260869565216,0.79,8.3613732
K07042.01,,8445775,296.95325,44.46423,944.83,281.535,FALSE POSITIVE,0.008086253369272238,58.51,13.254134073
K07169.01,,9397900,289.04196,45.977081,649.35,160.92000000000002,CANDIDATE,0.25,0.72,10.5113779
K07170.01,,9411943,294.94177,45.929562,971.87,241.31,FALSE POSITIVE,0.008086253369272238,48.61,1.922009494
K07171.01,,9412462,295.12039,45.968552,758.42,156.16,FALSE POSITIVE,0.0,67.45,10.186578749
K07172.01,,9418994,297.28387,45.95311,1485.37,658.735,FALSE POSITIVE,0.008086253369272238,180.25,32.003815635
K07173.01,,9451096,284.8071,46.098003,655.09,212.445,FALSE POSITIVE,0.0,101.37,1.250390814
K07174.01,,9458266,288.87769,46.059139,159.09,20.509999999999998,CANDIDATE,0.008086253369272238,0.37,1.58487898
K07175.01,,9466042,292.3114,46.073318,628.34,150.69,FALSE POSITIVE,0.008086253369272238,,9.2742685
K07176.01,,9468296,293.21976,46.05373,625.72,77.72,FALSE POSITIVE,0.008086253369272238,26.94,5.748815953
K07300.01,,10264202,287.42365,47.373341,855.61,123.535,FALSE POSITIVE,0.008086253369272238,37.02,0.517573708
K07301.01,,10264293,287.47986,47.360161,681.18,80.375,CANDIDATE,0.25,1.19,20.9525604
K07302.01,,10268809,289.68057,47.31781,624.07,144.65,FALSE POSITIVE,0.0,25.1,24.70932686
K07303.01,,10274244,291.9364,47.309689,131.27,16.14,FALSE POSITIVE,0.008086253369272238,30.6,13.68369259
K07304.01,,10275887,292.59222,47.392277,612.91,191.66500000000002,FALSE POSITIVE,0.008086253369272238,277.38,9.726748645
K07305.01,,10290021,297.47162,47.39994,234.29,13.655000000000001,CANDIDATE,0.018867924528301886,0.8,3.72920972
K07306.01,,10290447,297.59232,47.34536,308.8,31.995,FALSE POSITIVE,0.008086253369272238,5.91,0.691561191
K07307.01,,10292465,298.13632,47.384529,680.26,107.935,FALSE POSITIVE,0.008086253369272238,26.69,1.35337091
K07308.01,,10294608,298.73633,47.37743,495.64,104.35499999999999,FALSE POSITIVE,0.0,63.08,1.854491777
K07433.01,,11287726,286.52194,49.069149,440.65,61.3,FALSE POSITIVE,0.0,29.25,4.737713268
K07434.01,,11288492,287.04843,49.02861,641.15,107.51,CANDIDATE,0.008086253369272238,0.95,5.704593
K07435.01,,11288772,287.22009,49.053501,698.76,83.91,CANDIDATE,0.11340905454445432,0.82,1.36752316
K07436.01,,11295085,290.85852,49.052189,991.15,234.97,FALSE POSITIVE,0.008086253369272238,2.14,2.49777454
K07437.01,,11296724,291.72018,49.084541,1170.67,221.565,CANDIDATE,0.008086253369272238,0.84,1.9997244
K07438.01,,11350389,291.8429,49.119099,960.19,139.645,FALSE POSITIVE,0.008086253369272238,36.72,1.51264208
K07439.01,,11356602,294.82391,49.158642,532.61,81.955,FALSE POSITIVE,0.25,2.01,323.2575
K07440.01,,11358392,295.62772,49.178242,850.4,216.15,FALSE POSITIVE,0.0,56.1,0.984971822
K06254.01,,1433531,291.66547,37.076118,446.52,56.144999999999996,FALSE POSITIVE,0.008086253369272238,3.28,567.71329
K06255.01,,1717528,290.57657,37.290539,924.81,93.74000000000001,FALSE POSITIVE,0.008086253369272238,1.25,9.31392071
K06256.01,,1871483,292.13239,37.388481,653.23,75.175,CANDIDATE,0.008086253369272238,1.37,14.137062
K06257.01,,2012722,291.01147,37.43364,874.96,214.2,FALSE POSITIVE,0.008086253369272238,9.76,2.32539968
K06258.01,,2013883,291.2832,37.419601,372.21,70.13,FALSE POSITIVE,0.008086253369272238,0.72,0.764597756
K06259.01,,2161949,291.8129,37.55587,881.23,208.3,CANDIDATE,0.625,1.14,4.78113942
K06259.02,,2161949,291.8129,37.55587,881.23,208.3,CANDIDATE,0.4883720930232558,1.3,7.18864064
K06260.01,,2162994,292.05801,37.592049,523.85,95.44,FALSE POSITIVE,0.0,51.08,4.101595158
K06261.01,,2167444,292.99991,37.580139,1672.55,461.46000000000004,FALSE POSITIVE,0.0,24.62,2.43574046
K06386.01,,4078693,296.57791,39.111519,741.8,228.47,FALSE POSITIVE,0.008086253369272238,57.46,2.756536015
K06387.01,,4142768,287.26285,39.260021,691.1,358.19,FALSE POSITIVE,0.008086253369272238,368.42,13.99585365
K06388.01,,4149684,289.50229,39.211605,810.57,203.14000000000001,FALSE POSITIVE,0.0,59.16,4.320850062
K06389.01,,4150703,289.76437,39.246231,739.82,66.815,FALSE POSITIVE,0.25,0.96,8.6532378
K06390.01,,4157488,291.60318,39.228329,1020.06,310.03000000000003,FALSE POSITIVE,0.008086253369272238,81.49,5.197420145
K06391.01,,4160669,292.32391,39.299351,5008.15,318.33,FALSE POSITIVE,0.008086253369272238,4633.66,2.183517999
K06392.01,,4171955,294.92883,39.201401,777.71,153.795,FALSE POSITIVE,0.008086253369272238,2.3,383.61248
K06393.01,,4174507,295.47385,39.213829,1001.18,196.22500000000002,FALSE POSITIVE,0.0,35.94,1.945914237
K06511.01,,5083138,286.21539,40.203411,1380.98,304.31,CANDIDATE,0.008086253369272238,1.46,27.122801
K06512.01,,5083252,286.27789,40.273029,1276.18,303.79499999999996,FALSE POSITIVE,0.008086253369272238,0.48,2.500560859
K06513.01,,5087223,287.97455,40.25523,289.11,24.555,CANDIDATE,0.018867924528301886,1.17,5.62241111
K06514.01,,5091075,289.31235,40.288189,1109.53,357.29999999999995,FALSE POSITIVE,0.008086253369272238,1.32,1.25625738
K06515.01,,5091614,289.48297,40.292751,695.51,160.07999999999998,FALSE POSITIVE,0.0,41.68,21.142458554
K06516.01,,5092799,289.84402,40.262741,725.38,87.49,CANDIDATE,0.008086253369272238,0.88,11.2901559
K06516.02,,5092799,289.84402,40.262741,725.38,87.49,CANDIDATE,0.008086253369272238,,28.24753303
K06517.01,,5094301,290.2691,40.20216,113.36,11.695,FALSE POSITIVE,0.008086253369272238,0.29,0.99519559
K06644.01,,5983348,297.73364,41.250912,1098.78,265.895,FALSE POSITIVE,0.008086253369272238,39.12,25.150788449
K06645.01,,5990753,299.30551,41.263519,995.62,150.14000000000001,FALSE POSITIVE,0.008086253369272238,18.03,7.21636091
K06646.01,,6019971,282.58801,41.347092,600.31,68.845,CANDIDATE,0.25,1.38,7.1356633
K06647.01,,6029130,287.03979,41.328869,618.08,87.28999999999999,FALSE POSITIVE,0.008086253369272238,49.21,12.591656377
K06648.01,,6035335,289.51791,41.343632,628.92,156.445,FALSE POSITIVE,0.008086253369272238,1.17,1.044408447
K06649.01,,6041511,291.53125,41.389069,1157.98,176.275,FALSE POSITIVE,0.008086253369272238,0.77,0.97705114
K06650.01,,6042116,291.71811,41.389969,1169.48,343.93,FALSE POSITIVE,0.0,125.96,5.407157086
K06651.01,,6042663,291.89954,41.305889,973.4,195.84,FALSE POSITIVE,0.0,51.72,30.971766472
K06652.01,,6044064,292.35315,41.324242,605.89,86.825,FALSE POSITIVE,0.008086253369272238,302.18,5.06318803
K06778.01,,6859813,290.8067,42.343929,321.78,59.155,FALSE POSITIVE,0.0,63.14,10.88242209
K06779.01,,6863840,292.05487,42.334969,649.8,83.97,FALSE POSITIVE,0.0,53.63,1.926366998
K06780.01,,6864569,292.26715,42.321289,850.64,227.395,FALSE POSITIVE,0.008086253369272238,81.88,2.325185422
K06781.01,,6864706,292.30566,42.302479,1232.04,423.89,CANDIDATE,0.008086253369272238,0.93,14.5909249
K06782.01,,6864859,292.35025,42.393429,749.7,233.885,FALSE POSITIVE,0.008086253369272238,164.06,40.877841988
K06783.01,,6867219,293.02472,42.325089,1247.84,260.555,CANDIDATE,0.043478260869565216,1.31,11.8496351
K06784.01,,6877673,295.76584,42.391331,588.08,130.095,FALSE POSITIVE,0.0,51.31,36.75892725
K06785.01,,6877871,295.80725,42.372341,1295.44,284.71500000000003,FALSE POSITIVE,0.008086253369272238,1.81,0.536869783
K06786.01,,6878408,295.93283,42.39669,1343.13,289.66,CANDIDATE,0.043478260869565216,3.0,455.62395
K06911.01,,7741048,287.02686,43.405682,429.41,99.22500000000001,FALSE POSITIVE,0.018867924528301886,0.65,0.843400322
K06912.01,,7751562,291.28461,43.405289,1294.36,291.16999999999996,FALSE POSITIVE,0.008086253369272238,24.93,17.042155208
K06913.01,,7755741,292.78702,43.416039,9001.88,2585.625,FALSE POSITIVE,0.008086253369272238,3.46,0.874236216
K06913.02,,7755741,292.78702,43.416039,9001.88,2585.625,CANDIDATE,0.008086253369272238,3.86,1.75173647
K06914.01,,7769072,296.83969,43.408051,1690.31,624.22,FALSE POSITIVE,0.008086253369272238,158.5,0.60886299
K06915.01,,7769815,297.01929,43.478802,1060.55,218.025,FALSE POSITIVE,0.018867924528301886,1.15,4.43529675
K06916.01,,7777365,298.83493,43.41951,985.79,176.825,FALSE POSITIVE,0.008086253369272238,1.05,0.88512187
K06917.01,,7798259,280.34384,43.596142,637.8,70.36,FALSE POSITIVE,0.008086253369272238,42.06,1.734221252
K07043.01,,8453191,298.79752,44.417992,1080.18,298.875,FALSE POSITIVE,0.0,117.51,5.776764285
K07044.01,,8453324,298.82861,44.48914,1215.42,404.675,FALSE POSITIVE,0.008086253369272238,369.2,1.26227317
K07045.01,,8479107,284.12561,44.550571,506.15,48.935,FALSE POSITIVE,0.0,34.23,0.76757669
K07046.01,,8479386,284.27853,44.594028,832.45,210.565,FALSE POSITIVE,0.0,78.14,5.860377067
K07047.01,,8488876,289.40515,44.51548,1368.34,406.98,FALSE POSITIVE,0.008086253369272238,62.9,5.801881299
K07048.01,,8504570,295.23688,44.507671,1055.37,278.605,FALSE POSITIVE,0.0,92.08,4.00770453
K07049.01,,8509346,296.71408,44.577209,743.53,176.525,FALSE POSITIVE,0.0,36.68,6.099032889
K07050.01,,8517433,298.78268,44.57465,514.26,60.739999999999995,FALSE POSITIVE,0.008086253369272238,0.76,0.652956712
K07177.01,,9474222,295.37402,46.04274,897.78,156.505,FALSE POSITIVE,0.008086253369272238,49.2,13.691790011
K07178.01,,9474969,295.62891,46.05135,637.53,159.975,FALSE POSITIVE,0.008086253369272238,63.68,21.570508432
K07179.01,,9480398,297.37427,46.054806,442.43,108.63999999999999,CANDIDATE,0.008086253369272238,1.18,407.14656
K07180.01,,9490342,300.13855,46.061691,864.57,395.815,CANDIDATE,0.008086253369272238,3.94,487.83894
K07181.01,,9509207,282.66821,46.16013,545.87,156.54000000000002,FALSE POSITIVE,0.008086253369272238,85.76,14.199840087
K07182.01,,9513168,284.95761,46.14381,611.5,61.625,CANDIDATE,0.25,1.74,6.853888
K07183.01,,9520700,289.33817,46.152828,1030.0,226.33,FALSE POSITIVE,0.0,66.59,2.136834989
K07184.01,,9529294,293.013,46.166561,934.06,253.16500000000002,FALSE POSITIVE,0.25,0.97,2.51690133
K00547.02,,12116489,294.5704,50.673019,642.18,54.01,CANDIDATE,0.875,0.97,7.34672485
K07309.01,,10296163,299.16693,47.356098,1522.15,429.855,FALSE POSITIVE,0.0,400.4,9.296746368
K07310.01,,10330495,287.87509,47.445759,643.48,108.35,FALSE POSITIVE,0.008086253369272238,20.71,18.060078203
K07311.01,,10332789,289.0368,47.46595,1671.93,369.44,FALSE POSITIVE,0.008086253369272238,35.61,18.74072534
K07312.01,,10340228,292.11972,47.485619,1125.32,207.895,FALSE POSITIVE,0.0,0.69,0.93371313
K07313.01,,10341787,292.72198,47.4548,1105.78,210.735,FALSE POSITIVE,0.008086253369272238,1.14,0.93373716
K07314.01,,10342097,292.85236,47.498039,1850.06,749.14,FALSE POSITIVE,0.018867924528301886,10.28,0.933735579
K07315.01,,10345862,294.25418,47.43779,657.8,152.09,FALSE POSITIVE,0.0,42.57,58.28819056
K07316.01,,10346522,294.48337,47.45266,492.7,63.055,FALSE POSITIVE,0.0,60.26,3.989144446
K07317.01,,10352603,296.59042,47.416908,861.94,182.81,FALSE POSITIVE,0.0,69.08,32.77897303
K07441.01,,11359305,295.98428,49.130249,1342.58,360.29,FALSE POSITIVE,0.0,116.84,28.487107336
K07442.01,,11391181,284.99454,49.228161,868.11,157.81,FALSE POSITIVE,0.0,51.79,8.61733907
K07443.01,,11401869,291.30954,49.242439,1383.12,328.83000000000004,FALSE POSITIVE,0.008086253369272238,0.95,2.16146908
K07444.01,,11409698,295.14685,49.28241,989.67,261.92,FALSE POSITIVE,0.008086253369272238,73.59,10.26782676
K07445.01,,11411639,295.92404,49.220188,1047.24,175.82999999999998,CANDIDATE,0.018867924528301886,1.3,6.933574
K07446.01,,11455795,292.18417,49.31004,498.56,51.525,FALSE POSITIVE,0.043478260869565216,14.59,1.057335679
K07447.01,,11457191,292.92563,49.34734,716.34,152.315,FALSE POSITIVE,0.0,42.03,1.149198426
K07448.01,,11462556,295.38477,49.333672,448.97,64.35,FALSE POSITIVE,0.008086253369272238,1.66,2.50012775
K06262.01,,2283362,286.11075,37.611851,1112.04,196.485,CANDIDATE,0.018867924528301886,1.29,0.673141323
K06263.01,,2301068,291.02719,37.613911,1257.94,571.9200000000001,CANDIDATE,0.018867924528301886,3.33,8.60965352
K06264.01,,2305372,291.99033,37.672749,1144.5,245.055,FALSE POSITIVE,0.0,217.25,1.40469182
K06265.01,,2306740,292.26981,37.6982,631.55,168.33,FALSE POSITIVE,0.008086253369272238,81.21,10.306982793
K06266.01,,2308957,292.75183,37.603539,2414.95,673.87,FALSE POSITIVE,0.008086253369272238,177.78,1.109841858
K06267.01,,2422820,286.13458,37.799881,845.5,137.69,CANDIDATE,0.018867924528301886,1.12,13.8911152
K06268.01,,2437452,290.22617,37.75964,1705.63,346.145,FALSE POSITIVE,0.0,34.03,7.234965722
K06269.01,,2437804,290.25357,37.759418,5746.34,1181.025,FALSE POSITIVE,0.008086253369272238,37.37,7.45301717
K06394.01,,4180396,296.54669,39.226372,669.23,217.18,FALSE POSITIVE,0.008086253369272238,12.52,3.684337918
K06395.01,,4245897,286.3909,39.334389,686.03,219.075,FALSE POSITIVE,0.0,162.84,11.2570616
K06396.01,,4252226,288.72693,39.337742,1275.67,436.40999999999997,FALSE POSITIVE,0.0,114.63,21.858963291
K06397.01,,4261960,291.49063,39.388592,774.45,102.71,FALSE POSITIVE,0.008086253369272238,26.29,1.461270059
K06398.01,,4269252,293.27979,39.393318,1020.59,246.805,FALSE POSITIVE,0.008086253369272238,23.61,9.4022333
K06399.01,,4274071,294.40472,39.351681,960.18,233.825,CANDIDATE,0.4883720930232558,1.24,6.76890076
K06400.01,,4281895,296.05179,39.39497,476.37,196.075,FALSE POSITIVE,0.0,77.97,9.543584955
K06401.01,,4282390,296.14655,39.396938,1473.47,311.18,CANDIDATE,0.0,41.53,1.96134311
K06518.01,,5095269,290.55194,40.23502,731.47,166.26500000000001,FALSE POSITIVE,0.0,65.5,18.611957253
K06519.01,,5097278,291.1962,40.261959,561.71,147.66,FALSE POSITIVE,0.008086253369272238,3.65,0.73240662
K06520.01,,5098757,291.65561,40.253944,938.65,294.35,FALSE POSITIVE,0.008086253369272238,89.95,2.954598
K06521.01,,5111801,295.17368,40.290157,186.48,51.83,FALSE POSITIVE,0.008086253369272238,0.58,0.562006231
K06522.01,,5112198,295.25665,40.257511,789.36,184.555,FALSE POSITIVE,0.008086253369272238,18.8,3.21559054
K06523.01,,5113809,295.55603,40.233089,886.7,212.6,FALSE POSITIVE,0.008086253369272238,3.62,1.547426532
K06524.01,,5115178,295.84485,40.280869,1017.77,230.355,FALSE POSITIVE,0.008086253369272238,47.26,12.851722103
K06525.01,,5115379,295.88437,40.27766,1430.93,384.355,FALSE POSITIVE,0.018867924528301886,1.8,4.2055797
K06526.01,,5115688,295.94925,40.247829,1968.82,302.65,CANDIDATE,0.008086253369272238,9.3,486.77832
K06653.01,,6045093,292.64594,41.353039,829.54,119.675,CANDIDATE,0.008086253369272238,1.22,28.2682167
K06654.01,,6046311,293.02133,41.355999,664.36,157.79,FALSE POSITIVE,0.008086253369272238,2.47,0.957476003
K06655.01,,6048106,293.55844,41.395351,1283.64,353.405,FALSE POSITIVE,0.0,94.2,1.559360638
K06656.01,,6048255,293.60648,41.306278,1361.08,360.28499999999997,FALSE POSITIVE,0.0,,0.57627248
K06657.01,,6057750,296.104,41.36927,1762.0,390.92,CANDIDATE,0.008086253369272238,1.54,1.6037058
K06658.01,,6060580,296.76862,41.319538,350.45,57.6,FALSE POSITIVE,0.008086253369272238,33.55,2.313367981
K06659.01,,6063448,297.40732,41.329769,1272.08,398.24,FALSE POSITIVE,0.0,63.58,76.01811375
K06660.01,,6066107,298.06454,41.308311,1214.94,434.205,FALSE POSITIVE,0.008086253369272238,,0.82883944
K07884.01,,8391983,299.77228,44.363022,1086.4,256.28000000000003,CANDIDATE,0.008086253369272238,1.49,0.70965042
K06787.01,,6890618,298.62164,42.39423,796.14,163.685,FALSE POSITIVE,0.008086253369272238,28.63,1.574063832
K06788.01,,6925263,282.80841,42.486778,1057.33,208.295,FALSE POSITIVE,0.008086253369272238,1.04,2.51989935
K06789.01,,6927629,283.90543,42.441891,1187.78,287.02,FALSE POSITIVE,0.008086253369272238,69.23,3.867613816
K06790.01,,6929016,284.50391,42.46386,1166.38,230.79500000000002,FALSE POSITIVE,0.008086253369272238,0.86,0.733726452
K06791.01,,6936977,287.95151,42.413189,519.03,81.83,FALSE POSITIVE,0.008086253369272238,53.1,36.473115046
K06792.01,,6939670,288.96494,42.469391,705.85,127.535,FALSE POSITIVE,0.0,38.01,4.238855579
K06793.01,,6947623,291.49585,42.47813,644.23,108.33000000000001,CANDIDATE,0.25,0.79,3.62657392
K06794.01,,6947837,291.5636,42.476871,1259.59,296.635,FALSE POSITIVE,0.0,0.98,1.17033848
K06795.01,,6949550,292.11746,42.45628,929.74,194.49,FALSE POSITIVE,0.008086253369272238,56.33,7.841066931
K06918.01,,7811211,287.57062,43.531738,636.94,107.005,CANDIDATE,0.008086253369272238,6.17,0.902403563
K06919.01,,7812893,288.37213,43.591221,488.75,47.165,CANDIDATE,0.008086253369272238,1.09,8.7998722
K06920.01,,7816680,289.92133,43.508221,1871.06,431.58000000000004,FALSE POSITIVE,0.0,64.04,4.292599454
K06921.01,,7816935,290.00784,43.502129,1267.88,316.275,CANDIDATE,0.25,1.19,6.87778029
K06922.01,,7838639,296.91443,43.519451,939.36,270.55,FALSE POSITIVE,0.0,50.13,2.113197701
K06923.01,,7846730,298.85602,43.536968,730.25,197.715,FALSE POSITIVE,0.008086253369272238,75.47,11.02822674
K06924.01,,7847927,299.13303,43.527111,710.32,109.32000000000001,FALSE POSITIVE,0.0,40.43,70.37626987
K06925.01,,7868967,281.35678,43.658352,289.27,35.26,CANDIDATE,0.018867924528301886,0.94,12.9489256
K07051.01,,8526387,301.35458,44.524948,523.49,60.625,FALSE POSITIVE,0.008086253369272238,1.11,0.772803664
K07052.01,,8543278,283.94864,44.669498,430.98,49.465,FALSE POSITIVE,0.008086253369272238,18.8,7.549299761
K07053.01,,8552500,288.86761,44.648022,1108.63,260.205,FALSE POSITIVE,0.008086253369272238,9.32,0.530972263
K07054.01,,8552540,288.89041,44.61702,148.17,31.520000000000003,FALSE POSITIVE,0.0,92.29,0.530967171
K07055.01,,8553788,289.4288,44.641411,1422.14,199.945,FALSE POSITIVE,0.0,130.46,1.606163631
K07056.01,,8553907,289.47922,44.631371,509.79,90.225,FALSE POSITIVE,0.0,79.17,42.032096076
K07057.01,,8559796,291.70581,44.618542,1016.5,287.435,FALSE POSITIVE,0.008086253369272238,4.71,0.619303759
K07058.01,,8559863,291.7309,44.622631,219.66,28.035000000000004,FALSE POSITIVE,0.008086253369272238,19.12,22.470494368
K07889.01,,8489260,289.57452,44.519939,1352.31,278.96000000000004,CANDIDATE,0.25,2.44,130.235324
K07185.01,,9529856,293.26245,46.15062,1431.11,404.0,FALSE POSITIVE,0.0,114.14,37.482223878
K07186.01,,9536048,295.61349,46.190689,861.93,213.375,FALSE POSITIVE,0.008086253369272238,0.95,3.71186243
K07187.01,,9540450,297.09329,46.132381,750.68,199.865,FALSE POSITIVE,0.0,70.64,1.077358008
K07188.01,,9540675,297.16602,46.199188,667.45,164.95499999999998,FALSE POSITIVE,0.008086253369272238,0.75,3.55643514
K07189.01,,9541163,297.29395,46.102341,1111.73,220.84,FALSE POSITIVE,0.0,0.92,0.5366497
K07190.01,,9541567,297.40424,46.119991,1222.82,399.11,FALSE POSITIVE,0.0,,1.12284501
K07191.01,,9569866,282.22711,46.246159,382.02,49.05,FALSE POSITIVE,0.0,47.81,1.480324075
K07192.01,,9579192,287.63187,46.29871,938.28,255.76,FALSE POSITIVE,0.008086253369272238,50.33,12.08353781
K07892.01,Kepler-457 d,8540376,282.37753,44.694592,1122.65,289.29499999999996,CONFIRMED,0.7333333333333333,2.71,10.692115
K07318.01,,10363300,299.63449,47.477249,913.84,208.435,FALSE POSITIVE,0.0,58.67,0.934926138
K07319.01,,10388451,283.84756,47.515659,289.19,18.015,CANDIDATE,0.018867924528301886,0.97,17.1677675
K07320.01,,10396708,288.29715,47.56004,455.92,52.17,CANDIDATE,0.25,0.75,8.50207749
K07321.01,,10407047,292.77695,47.539391,1564.05,615.79,FALSE POSITIVE,0.008086253369272238,103.98,0.93374699
K07322.01,,10407430,292.93396,47.514751,1166.71,264.77,FALSE POSITIVE,0.008086253369272238,0.99,0.933759404
K07323.01,,10407464,292.94501,47.528469,438.15,76.46000000000001,FALSE POSITIVE,0.008086253369272238,0.37,0.93373711
K07324.01,,10417704,296.65329,47.515259,2107.57,486.975,FALSE POSITIVE,0.0,,3.0082548
K07325.01,,10420279,297.38031,47.545029,959.63,229.3,FALSE POSITIVE,0.008086253369272238,77.25,45.43324862
K07326.01,,10422852,298.07645,47.512798,1042.08,247.81,FALSE POSITIVE,0.0,57.48,1.398890216
K07449.01,,11495989,285.37671,49.461712,412.48,29.145,CANDIDATE,0.008086253369272238,14.03,1.322475635
K07450.01,,11499757,287.7262,49.435261,1139.75,251.85,FALSE POSITIVE,0.008086253369272238,75.21,12.314402323
K07451.01,,11501774,288.87637,49.490528,886.74,172.31,FALSE POSITIVE,0.008086253369272238,1.23,0.691823991
K07452.01,,11502172,289.07819,49.480019,639.74,133.2,FALSE POSITIVE,0.0,43.42,25.431861399
K07453.01,,11502179,289.08099,49.420315,2071.0,633.9749999999999,FALSE POSITIVE,0.25,2.4,3.98855869
K07454.01,,11506235,291.30069,49.495689,968.58,222.305,FALSE POSITIVE,0.008086253369272238,35.03,20.413052415
K07455.01,,11551652,287.57501,49.551167,661.98,207.70999999999998,CANDIDATE,0.008086253369272238,2.44,3.773744
K07456.01,,11560382,292.53864,49.538761,1022.79,210.06,FALSE POSITIVE,0.018867924528301886,0.79,0.527679032
K07457.01,,11560431,292.56583,49.535721,63.31,11.855,FALSE POSITIVE,0.008086253369272238,0.42,0.527673075
K06272.01,,2438517,290.32913,37.763889,911.77,172.33,FALSE POSITIVE,0.043478260869565216,1.27,3.31587688
K06273.01,,2442084,291.1601,37.761101,282.69,24.01,FALSE POSITIVE,0.0,32.57,49.788613011
K06274.01,,2449245,292.73026,37.787182,1301.3,302.35,CANDIDATE,0.018867924528301886,1.5,18.1772927
K06275.01,,2450716,293.07098,37.710899,425.13,59.8,FALSE POSITIVE,0.0,0.6,1.38607973
K06276.01,,2557350,286.81915,37.859009,202.74,23.355,CANDIDATE,0.018867924528301886,0.64,3.09872834
K06277.01,,2557430,286.84528,37.815891,374.85,100.53,FALSE POSITIVE,0.0,72.32,0.648868342
K06278.01,,2568971,290.10883,37.845211,1316.91,369.77,FALSE POSITIVE,0.008086253369272238,46.02,5.088582739
K06402.01,,4284147,296.48584,39.312611,2027.72,470.18999999999994,FALSE POSITIVE,0.0,,1.1611022
K06403.01,,4349935,286.82983,39.469559,280.06,29.445,FALSE POSITIVE,0.008086253369272238,0.81,0.792023257
K06404.01,,4352168,287.71497,39.442711,439.07,54.43000000000001,FALSE POSITIVE,0.0,47.87,10.643743766
K06405.01,,4356621,289.20514,39.468441,1472.02,281.58500000000004,FALSE POSITIVE,0.018867924528301886,1.19,1.7317958
K06406.01,,4357985,289.60037,39.431709,744.35,97.445,FALSE POSITIVE,0.2916666666666667,1.36,8.65298599
K06407.01,,4367544,292.28394,39.4571,945.07,293.07,FALSE POSITIVE,0.008086253369272238,14.94,1.19563447
K06408.01,,4372410,293.52682,39.404831,788.52,104.905,FALSE POSITIVE,0.0,1.93,0.550537628
K06409.01,,4372620,293.5787,39.447979,1027.16,434.985,CANDIDATE,0.847457627118644,2.42,19.9310602
K06410.01,,4372961,293.66101,39.411629,1636.67,350.56,FALSE POSITIVE,0.0,50.25,2.53470797
K06527.01,,5119143,296.68451,40.290588,1017.33,140.76999999999998,FALSE POSITIVE,0.018867924528301886,2.92,0.530799654
K06528.01,,5125048,298.02026,40.265659,469.9,113.97,FALSE POSITIVE,0.0,,0.56818769
K06530.01,,5130890,299.24683,40.29866,1143.6,342.31,FALSE POSITIVE,0.008086253369272238,,0.91057795
K06532.01,,5171707,286.74857,40.36544,1212.43,268.515,CANDIDATE,0.018867924528301886,1.36,0.813998812
K06533.01,,5172274,286.97809,40.302078,761.71,193.275,FALSE POSITIVE,0.008086253369272238,9.08,6.12650913
K06534.01,,5174492,287.88882,40.386768,1172.39,320.125,FALSE POSITIVE,0.0,1.95,0.720589427
K06661.01,,6068947,298.74298,41.386292,566.6,129.165,FALSE POSITIVE,0.008086253369272238,9.97,0.573036404
K06662.01,,6103049,283.76822,41.44112,1072.79,240.905,FALSE POSITIVE,0.0,54.03,0.643171495
K06663.01,,6109688,286.91357,41.48151,813.96,226.465,FALSE POSITIVE,0.008086253369272238,65.6,14.086776961
K06664.01,,6111011,287.46738,41.47163,882.39,137.015,CANDIDATE,0.008086253369272238,0.93,14.7639145
K06665.01,,6128141,293.25287,41.426319,797.12,174.71,FALSE POSITIVE,0.008086253369272238,31.43,1.872620976
K06666.01,,6128245,293.2793,41.403679,824.79,165.26500000000001,CANDIDATE,0.008086253369272238,0.75,1.118510435
K06667.01,,6131659,294.27908,41.436901,158.98,18.369999999999997,FALSE POSITIVE,0.008086253369272238,49.36,17.527826808
K06668.01,,6146838,297.91599,41.485641,310.98,43.435,FALSE POSITIVE,0.008086253369272238,38.87,27.467217305
K06796.01,,6950275,292.34671,42.402939,1395.24,329.105,FALSE POSITIVE,0.25,3.35,40.879068
K06797.01,,6953219,293.24902,42.446621,636.08,101.565,FALSE POSITIVE,0.25,1.4,0.566802325
K06798.01,,6956176,294.07739,42.402241,1099.71,693.29,CANDIDATE,0.008086253369272238,3.56,2.64185268
K06799.01,,6962018,295.54373,42.428429,334.76,31.439999999999998,FALSE POSITIVE,0.008086253369272238,52.75,0.634946497
K06800.01,,6965293,296.31641,42.43351,554.06,115.75,FALSE POSITIVE,0.008086253369272238,54.93,5.077746556
K06801.01,,6967430,296.80319,42.47797,872.47,202.68,FALSE POSITIVE,0.008086253369272238,0.67,2.00383703
K06802.01,,7009828,282.42773,42.593639,783.88,124.66499999999999,FALSE POSITIVE,0.0,40.62,5.321224925
K06803.01,,7025851,289.35959,42.530239,995.56,253.60000000000002,FALSE POSITIVE,0.0,69.55,2.340534383
K06926.01,,7870250,282.15744,43.689152,817.09,183.475,FALSE POSITIVE,0.008086253369272238,0.75,0.580724809
K06927.01,,7871395,282.83334,43.600689,557.98,37.56,FALSE POSITIVE,0.0,,501.07647447
K06928.01,,7885518,289.9574,43.657429,522.91,112.125,FALSE POSITIVE,0.25,0.69,1.72933255
K06929.01,,7885570,289.97372,43.653809,544.56,133.89000000000001,FALSE POSITIVE,0.0,139.36,1.729338354
K06930.01,,7886329,290.23407,43.66206,776.75,232.28500000000003,FALSE POSITIVE,0.0,65.47,0.567493852
K06931.01,,7902204,295.50229,43.609871,1343.84,279.795,CANDIDATE,0.018867924528301886,1.2,2.54031121
K06932.01,,7919653,299.93735,43.627129,1084.84,366.845,FALSE POSITIVE,0.0,75.1,2.105238039
K06933.01,,7938468,281.94336,43.728588,553.67,148.81,FALSE POSITIVE,0.008086253369272238,237.79,7.226944171
K07059.01,,8560861,292.1394,44.672741,330.65,117.02000000000001,FALSE POSITIVE,0.0,272.44,31.973311701
K07060.01,,8565900,294.10526,44.615269,644.13,92.28999999999999,FALSE POSITIVE,0.0,,1.64125844
K07061.01,,8566113,294.20145,44.639839,2240.05,518.035,CANDIDATE,0.0,4.91,1.371587993
K07062.01,,8569819,295.4758,44.62149,1309.14,347.8,FALSE POSITIVE,0.0,2912.48,20.849919614
K07063.01,,8574270,296.82111,44.67598,618.48,77.83,FALSE POSITIVE,0.008086253369272238,33.11,15.120212531
K07064.01,,8581658,298.68329,44.63681,686.44,184.63,FALSE POSITIVE,0.008086253369272238,78.24,3.481657589
K07065.01,,8590527,301.04822,44.603031,487.53,167.005,FALSE POSITIVE,0.0,82.29,0.739769962
K07066.01,,8604993,282.23996,44.73114,1045.66,229.32999999999998,FALSE POSITIVE,0.0,33.99,6.570421193
K07067.01,,8608490,284.16718,44.779369,1228.96,744.58,FALSE POSITIVE,0.008086253369272238,125.64,0.541405029
K07193.01,,9579789,287.97546,46.289631,821.14,102.525,FALSE POSITIVE,0.043478260869565216,0.92,2.17814186
K07194.01,,9581498,288.92041,46.221142,608.86,126.745,FALSE POSITIVE,0.008086253369272238,,10.54884842
K07195.01,,9588862,292.15543,46.204529,1162.8,278.845,CANDIDATE,0.018867924528301886,1.0,5.89773974
K07196.01,,9592855,293.77014,46.23658,1074.37,289.695,FALSE POSITIVE,0.0,110.14,0.609662423
K07197.01,,9596064,294.95062,46.242149,1091.36,160.79500000000002,CANDIDATE,0.043478260869565216,1.46,1.74145041
K07198.01,,9596187,294.99121,46.223572,914.57,209.79,FALSE POSITIVE,0.008086253369272238,35.67,0.953299962
K07199.01,,9596892,295.25565,46.2164,1362.6,286.07,CANDIDATE,0.008086253369272238,774.73,20.2944118
K07327.01,,10450504,282.15787,47.686531,766.24,89.25,CANDIDATE,0.043478260869565216,1.88,17.9908273
K07328.01,,10454401,284.31717,47.678638,1112.13,212.915,FALSE POSITIVE,0.008086253369272238,63.25,12.180721266
K07329.01,,10462826,288.67477,47.636028,1046.51,260.33000000000004,FALSE POSITIVE,0.0,52.88,50.467024395
K07330.01,,10464199,289.32047,47.632446,495.63,141.69,CANDIDATE,0.018867924528301886,1.09,198.11309
K07331.01,,10468514,291.10974,47.61549,963.56,528.99,FALSE POSITIVE,0.008086253369272238,67.45,0.84986054
K07332.01,,10471113,292.16614,47.612251,1280.08,310.84000000000003,FALSE POSITIVE,0.008086253369272238,0.85,0.933728196
K07333.01,,10481054,295.84448,47.652119,1047.35,170.76,FALSE POSITIVE,0.008086253369272238,0.9,2.03742712
K07334.01,,10486425,297.47675,47.658981,868.45,224.64,FALSE POSITIVE,0.0,100.89,5.274819905
K07458.01,,11560447,292.57596,49.5257,192.39,50.835,FALSE POSITIVE,0.008086253369272238,75.31,0.527678272
K07459.01,,11601357,286.30902,49.623871,1041.62,183.41,FALSE POSITIVE,0.018867924528301886,1.15,3.55027051
K07460.01,,11602794,287.31912,49.65699,1083.04,232.27499999999998,CANDIDATE,0.018867924528301886,1.58,5.70509519
K07461.01,,11615481,294.25418,49.695839,1500.31,369.78499999999997,FALSE POSITIVE,0.0,59.22,65.4317194
K07462.01,,11616200,294.57288,49.668442,499.51,105.74000000000001,FALSE POSITIVE,0.0,39.08,1.718649321
K07463.01,,11616631,294.76575,49.664719,870.12,117.58500000000001,FALSE POSITIVE,0.25,11.67,7.2949175
K07464.01,,11616663,294.77649,49.65601,994.2,189.625,FALSE POSITIVE,0.008086253369272238,17.41,7.2935801
K07465.01,,11618798,295.65591,49.609348,1066.04,224.14499999999998,FALSE POSITIVE,0.008086253369272238,1.84,42.9261364
K06279.01,,2570505,290.28955,37.888168,285.1,33.695,FALSE POSITIVE,0.008086253369272238,0.42,1.89129338
K06280.01,,2570767,290.33002,37.891029,722.77,138.37,FALSE POSITIVE,0.018867924528301886,1.19,1.89124453
K06281.01,,2571075,290.38739,37.82029,1069.49,197.61,FALSE POSITIVE,0.0,0.92,1.89134201
K06282.01,,2576692,291.64301,37.814259,617.83,160.675,FALSE POSITIVE,0.008086253369272238,110.85,87.87826191
K06283.01,,2580872,292.52859,37.81002,787.86,160.97,FALSE POSITIVE,0.0,57.95,15.926632768
K06284.01,,2583777,293.16727,37.841389,535.28,156.445,FALSE POSITIVE,0.008086253369272238,49.16,0.958116585
K06285.01,,2693092,285.90485,37.928089,600.3,151.365,FALSE POSITIVE,0.008086253369272238,116.52,39.841522897
K06286.01,,2708156,290.28711,37.936508,1911.05,567.135,FALSE POSITIVE,0.008086253369272238,399.93,1.891268461
K06287.01,,2708172,290.29175,37.981079,184.12,20.715,FALSE POSITIVE,0.043478260869565216,6.57,1.89114441
K06411.01,,4375101,294.15329,39.464279,1118.75,241.16,FALSE POSITIVE,0.0,54.72,61.25964956
K06412.01,,4380283,295.319,39.480049,999.07,232.96,FALSE POSITIVE,0.0,67.08,0.872359598
K06413.01,,4384793,296.20227,39.40519,1005.13,191.535,FALSE POSITIVE,0.0,243.21,374.318792
K06414.01,,4445630,285.06241,39.57439,801.02,198.215,FALSE POSITIVE,0.0,81.61,5.627911313
K06415.01,,4446411,285.41,39.52837,535.96,144.82999999999998,FALSE POSITIVE,0.008086253369272238,4.64,0.62927655
K06417.01,,4456622,289.32434,39.582581,1143.03,245.565,FALSE POSITIVE,0.008086253369272238,41.48,0.751408792
K06418.01,,4482738,296.13901,39.579632,1127.22,140.775,FALSE POSITIVE,0.018867924528301886,6.85,0.866344816
K06419.01,,4484312,296.45139,39.59166,560.15,152.065,FALSE POSITIVE,0.4883720930232558,0.75,2.24294107
K06535.01,,5174920,288.05316,40.369499,1352.59,503.235,FALSE POSITIVE,0.008086253369272238,1.35,0.950487062
K06536.01,,5181455,290.14093,40.319141,1330.95,319.44,FALSE POSITIVE,0.0,90.32,5.579631021
K06537.01,,5193386,293.66013,40.364208,1594.93,304.005,FALSE POSITIVE,0.008086253369272238,97.23,21.37831102
K06538.01,,5193439,293.67682,40.334068,908.17,226.065,CANDIDATE,0.25,1.45,129.847318
K06539.01,,5196851,294.54105,40.308029,661.5,155.97,FALSE POSITIVE,0.008086253369272238,2.04,0.541396363
K06540.01,,5199978,295.31302,40.352341,1370.05,143.36,FALSE POSITIVE,0.018867924528301886,5.02,0.550509602
K06541.01,,5211470,297.70847,40.30759,3474.9,1101.83,FALSE POSITIVE,0.008086253369272238,888.7,2.404293523
K06542.01,,5215508,298.49994,40.333672,375.75,49.245,CANDIDATE,0.008086253369272238,,0.8867443
K06669.01,,6147573,298.07883,41.484268,435.07,87.78999999999999,FALSE POSITIVE,0.0,50.72,25.836831272
K06670.01,,6152521,299.12161,41.42445,1314.63,316.15999999999997,FALSE POSITIVE,0.008086253369272238,2.51,0.94895231
K06671.01,,6185717,284.46127,41.56179,1179.81,344.39,FALSE POSITIVE,0.008086253369272238,57.95,11.702203927
K06672.01,,6187508,285.33963,41.539749,781.76,126.04499999999999,CANDIDATE,0.008086253369272238,1.0,2.28494301
K06673.01,,6205460,291.98026,41.559422,656.89,330.495,FALSE POSITIVE,0.0,90.36,3.722775537
K06674.01,,6206751,292.40631,41.513039,567.75,71.535,FALSE POSITIVE,0.0,90.34,1.245342215
K06675.01,,6207053,292.5015,41.549061,635.0,63.17,FALSE POSITIVE,0.4883720930232558,1.29,0.604755462
K06676.01,,6209225,293.16168,41.538158,764.88,149.47,CANDIDATE,0.0,1.81,439.21978
K06677.01,,6220470,296.15887,41.516541,1730.66,410.46000000000004,FALSE POSITIVE,0.008086253369272238,56.52,8.144135648
K06804.01,,7031132,290.98767,42.53167,344.73,34.345,FALSE POSITIVE,0.008086253369272238,0.35,0.566795196
K06805.01,,7031732,291.18863,42.59071,479.25,101.84,FALSE POSITIVE,0.008086253369272238,0.52,0.566798827
K06806.01,,7031767,291.20343,42.526718,665.64,137.975,FALSE POSITIVE,0.008086253369272238,0.49,0.56678012
K06807.01,,7031948,291.26016,42.584019,286.54,24.245,FALSE POSITIVE,0.008086253369272238,0.58,0.566800113
K06808.01,,7031992,291.27606,42.593521,1181.11,243.515,FALSE POSITIVE,0.0,0.86,0.56679293
K06809.01,,7032117,291.3194,42.5495,453.92,52.725,FALSE POSITIVE,0.008086253369272238,0.55,0.566809491
K06810.01,,7032174,291.3367,42.53442,231.4,34.65,FALSE POSITIVE,0.008086253369272238,0.79,0.566799218
K06811.01,,7032383,291.40652,42.582218,745.84,118.675,FALSE POSITIVE,0.0,0.64,0.566797404
K06934.01,,7939761,282.67258,43.788311,1311.2,616.04,CANDIDATE,0.4883720930232558,2.16,22.2548897
K06935.01,,7943535,284.56271,43.774261,956.72,245.725,FALSE POSITIVE,0.0,91.91,4.719336335
K06936.01,,7947631,286.76498,43.796329,451.51,44.01,FALSE POSITIVE,0.008086253369272238,25.98,1.258274109
K06937.01,,7950775,288.32407,43.763329,694.2,130.935,FALSE POSITIVE,0.0,56.94,8.966610607
K06938.01,,7955301,290.18625,43.72385,1522.52,325.96,FALSE POSITIVE,0.008086253369272238,291.01,15.32763411
K06940.01,,7960547,291.99203,43.7668,604.89,117.52499999999999,FALSE POSITIVE,0.0,52.84,6.767341062
K06941.01,,7967100,294.27921,43.719849,754.12,177.995,FALSE POSITIVE,0.008086253369272238,45.99,1.92730001
K07068.01,,8610483,285.28397,44.76915,1166.3,273.855,FALSE POSITIVE,0.008086253369272238,67.36,48.79936881
K07069.01,,8613446,286.91599,44.704529,1437.53,359.655,CANDIDATE,0.008086253369272238,1.61,1.01485981
K07070.01,,8618226,289.33154,44.772579,716.37,111.46000000000001,FALSE POSITIVE,0.008086253369272238,119.09,5.882036054
K07071.01,,8621026,290.42838,44.787331,831.33,221.955,FALSE POSITIVE,0.008086253369272238,67.38,4.059428737
K07072.01,,8624860,291.79575,44.746181,3123.85,770.445,CANDIDATE,0.018867924528301886,4.39,15.3902613
K07073.01,,8625408,292.01733,44.713268,616.52,96.895,CANDIDATE,0.008086253369272238,30.25,279.036565
K07074.01,,8686442,290.75494,44.851589,1096.93,159.52499999999998,CANDIDATE,0.008086253369272238,1.49,26.8552365
K07075.01,,8690001,292.10843,44.846481,1139.7,462.22499999999997,FALSE POSITIVE,0.008086253369272238,101.44,19.35954117
K07076.01,,8693536,293.53033,44.832771,1081.88,250.075,CANDIDATE,0.2916666666666667,1.28,16.2347636
K07201.01,,9597854,295.59369,46.269711,1074.26,218.71999999999997,FALSE POSITIVE,0.008086253369272238,0.89,1.287097944
K07202.01,,9602431,297.09915,46.243511,507.4,51.72,FALSE POSITIVE,0.008086253369272238,0.52,3.5565617
K07203.01,,9602538,297.12708,46.282082,607.58,114.155,FALSE POSITIVE,0.008086253369272238,0.56,3.55646511
K07204.01,,9630640,281.63019,46.321152,1119.26,307.29,FALSE POSITIVE,0.0,374.78,3.661895766
K07205.01,,9635520,284.69968,46.375092,903.92,246.66500000000002,CANDIDATE,0.008086253369272238,39.82,2.3518268
K07206.01,,9635529,284.70453,46.378799,456.58,105.44999999999999,FALSE POSITIVE,0.0,59.62,2.35195525
K07207.01,,9637299,285.76071,46.367008,766.69,202.685,FALSE POSITIVE,0.008086253369272238,74.77,1.882438182
K07208.01,,9639106,286.85812,46.311729,802.92,128.895,CANDIDATE,0.018867924528301886,0.87,3.57944367
K07209.01,,9640123,287.51071,46.38995,2245.55,643.83,CANDIDATE,0.25,3.28,8.2553499
K07335.01,,10490960,298.75854,47.69558,987.84,247.145,FALSE POSITIVE,0.008086253369272238,72.9,5.682410334
K07336.01,,10491031,298.77716,47.655403,1235.2,393.26,FALSE POSITIVE,0.0,118.99,2.199069234
K07337.01,,10535807,292.15167,47.719501,852.13,195.76999999999998,FALSE POSITIVE,0.0,59.19,1.481655821
K07338.01,,10535858,292.1669,47.755638,165.56,14.17,FALSE POSITIVE,0.008086253369272238,0.38,0.93370968
K07339.01,,10546063,296.02774,47.753551,1835.55,396.13,CANDIDATE,0.25,1.73,10.6982275
K07340.01,,10547685,296.57245,47.752708,352.37,52.825,FALSE POSITIVE,0.0,52.43,1.388509353
K07341.01,,10549576,297.11826,47.741611,1315.99,317.37,FALSE POSITIVE,0.008086253369272238,68.91,9.089355023
K07342.01,,10552700,297.99118,47.768749,872.33,224.43,FALSE POSITIVE,0.0,37.72,0.94808587
K07466.01,,11619964,296.0968,49.643829,753.39,165.82999999999998,FALSE POSITIVE,0.0,61.14,10.368552685
K07467.01,,11650543,284.95026,49.747147,934.64,306.65,CANDIDATE,0.008086253369272238,1.33,7.20558084
K07468.01,,11651105,285.33289,49.734112,702.94,122.88499999999999,FALSE POSITIVE,0.008086253369272238,19.71,13.8602646
K07469.01,,11662440,292.21732,49.707901,1102.7,207.705,FALSE POSITIVE,0.0,44.0,13.639480425
K07470.01,,11671646,296.53479,49.785851,478.29,156.82999999999998,CANDIDATE,0.0,1.9,392.50115
K07471.01,,11672354,296.82037,49.75045,1632.49,382.40999999999997,CANDIDATE,0.008086253369272238,1.3,5.29655591
K07472.01,,11704044,286.91037,49.815781,1334.48,298.24,FALSE POSITIVE,0.0,60.49,6.882686062
K07473.01,,11706658,288.51208,49.864231,371.5,36.18,FALSE POSITIVE,0.008086253369272238,19.09,1.407937865
K06288.01,,2708445,290.35684,37.938759,4126.06,570.795,FALSE POSITIVE,0.008086253369272238,164.49,1.89117723
K06289.01,,2708614,290.40158,37.942009,1717.71,399.615,FALSE POSITIVE,0.008086253369272238,48.13,52.884577
K06290.01,,2711114,291.01422,37.969711,511.64,130.45999999999998,FALSE POSITIVE,0.008086253369272238,54.36,1.429439352
K06291.01,,2716979,292.29626,37.93306,1121.65,315.555,CANDIDATE,0.018867924528301886,0.98,8.8324193
K06292.01,,2720354,293.0361,37.954739,825.3,134.83499999999998,FALSE POSITIVE,0.008086253369272238,40.0,2.821328194
K06293.01,,2834463,286.58701,38.00108,873.88,215.5,CANDIDATE,0.008086253369272238,1.21,5.88836941
K06294.01,,2852560,291.46603,38.005039,851.18,134.69,FALSE POSITIVE,0.008086253369272238,51.58,11.961308501
K06295.01,,2856960,292.38132,38.076649,654.56,70.225,FALSE POSITIVE,0.008086253369272238,8.99,204.280255
K06420.01,,4484356,296.45972,39.573738,367.7,38.135000000000005,FALSE POSITIVE,0.008086253369272238,29.45,0.572079631
K06421.01,,4489844,297.55054,39.565659,419.26,91.725,FALSE POSITIVE,0.0,0.54,0.822314545
K06422.01,,4540632,284.04434,39.661469,1263.09,713.645,FALSE POSITIVE,0.008086253369272238,141.82,31.005392846
K06423.01,,4544623,285.89905,39.690639,208.82,23.0,FALSE POSITIVE,0.043478260869565216,13.92,2.189097
K06424.01,,4565985,292.92682,39.613361,511.04,161.695,FALSE POSITIVE,0.008086253369272238,52.64,17.51191534
K06425.01,,4567118,293.23929,39.691681,681.51,148.535,CANDIDATE,0.0,1.5,521.10826
K06426.01,,4569590,293.86234,39.690128,1473.64,663.3900000000001,FALSE POSITIVE,0.018867924528301886,59.95,41.3701638
K06427.01,,4574310,294.99365,39.64283,622.47,140.70499999999998,FALSE POSITIVE,0.0,83.16,1.306220168
K06428.01,,4575824,295.34366,39.609322,642.4,132.04,FALSE POSITIVE,0.008086253369272238,1.56,631.632
K06543.01,,5216727,298.71249,40.341228,663.33,174.2,FALSE POSITIVE,0.0,77.4,0.756511623
K06544.01,,5218014,298.99789,40.314751,1717.88,687.61,FALSE POSITIVE,0.008086253369272238,319.52,10.845286549
K06545.01,,5255552,284.69308,40.498619,434.1,35.66,FALSE POSITIVE,0.008086253369272238,23.48,32.45541269
K06546.01,,5263167,288.03058,40.418301,1398.59,349.965,CANDIDATE,0.018867924528301886,1.03,3.39401963
K06547.01,,5266937,289.34967,40.497189,776.29,179.025,FALSE POSITIVE,0.0,75.86,5.917085496
K06548.01,,5269407,290.09079,40.46183,551.39,122.035,FALSE POSITIVE,0.0,45.91,0.958871144
K06549.01,,5271803,290.79919,40.41156,1242.71,327.8,FALSE POSITIVE,0.008086253369272238,6.2,0.5402463
K06550.01,,5272571,291.05292,40.44767,1000.77,197.89,FALSE POSITIVE,0.25,2.18,1.288046428
K06678.01,,6228703,298.06311,41.510712,798.25,226.03,FALSE POSITIVE,0.0,105.07,4.200206781
K06679.01,,6231401,298.62177,41.567429,877.02,177.64999999999998,FALSE POSITIVE,0.0,26.96,6.091954982
K06680.01,,6265961,284.12134,41.633072,577.89,75.775,CANDIDATE,0.2916666666666667,0.8,5.52507406
K06681.01,,6279823,290.07434,41.668598,508.65,79.58,FALSE POSITIVE,0.008086253369272238,6149.09,485.52409
K06682.01,,6283224,291.1915,41.66721,763.97,113.41,FALSE POSITIVE,0.0,42.33,0.76647343
K06683.01,,6285094,291.82001,41.697842,980.69,225.20499999999998,FALSE POSITIVE,0.018867924528301886,1.03,5.2439783
K06684.01,,6285396,291.92285,41.624439,1342.34,277.195,FALSE POSITIVE,0.008086253369272238,0.88,5.2436639
K06685.01,,6285397,291.92297,41.630718,631.56,66.905,FALSE POSITIVE,0.008086253369272238,0.76,5.2438269
K06812.01,,7032968,291.58624,42.50993,268.5,62.035,FALSE POSITIVE,0.0,0.27,0.56678702
K06813.01,,7033713,291.83594,42.564838,1008.37,160.70999999999998,FALSE POSITIVE,0.008086253369272238,0.79,2.19642864
K06814.01,,7033748,291.84366,42.558521,826.56,219.165,FALSE POSITIVE,0.0,82.04,2.19635512
K06815.01,,7049486,296.12494,42.522102,546.07,160.235,FALSE POSITIVE,0.008086253369272238,66.69,26.718417546
K06816.01,,7050754,296.41483,42.587559,1974.82,829.175,FALSE POSITIVE,0.018867924528301886,3.5,0.615787196
K06818.01,,7097571,284.31378,42.600914,392.27,127.99000000000001,FALSE POSITIVE,0.0,57.06,2.213964145
K06819.01,,7103300,286.84534,42.67696,289.81,50.595,CANDIDATE,0.008086253369272238,1.01,3.226232203
K06942.01,,7970629,295.40265,43.774761,854.4,177.885,FALSE POSITIVE,0.0,43.68,1.025534511
K06943.01,,7970760,295.44434,43.718182,623.59,145.095,FALSE POSITIVE,0.008086253369272238,53.4,7.64941291
K06944.01,,7971389,295.63474,43.750172,714.74,156.745,FALSE POSITIVE,0.0,51.06,13.174807933
K06945.01,,7976136,297.01382,43.72493,1410.25,294.205,FALSE POSITIVE,0.008086253369272238,26.41,0.655094658
K06946.01,,7976435,297.09592,43.789322,1522.93,401.685,FALSE POSITIVE,0.008086253369272238,,3.33287187
K06947.01,,7985167,299.20007,43.79594,584.35,176.63,FALSE POSITIVE,0.0,67.05,0.692239369
K06948.01,,7987749,299.82162,43.760342,972.58,348.34000000000003,FALSE POSITIVE,0.008086253369272238,73.8,17.030857558
K06949.01,,8007675,282.15485,43.867352,724.45,186.34,CANDIDATE,0.008086253369272238,1.24,2.352446342
K07077.01,,8700506,295.93079,44.83852,879.27,171.275,FALSE POSITIVE,0.008086253369272238,93.43,43.797829003
K07078.01,,8701327,296.17844,44.870342,668.47,171.755,FALSE POSITIVE,0.008086253369272238,133.79,4.254417651
K07079.01,,8711548,298.87222,44.874432,1313.34,390.37,FALSE POSITIVE,0.008086253369272238,127.57,18.778162159
K07080.01,,8713828,299.50754,44.801235,892.95,298.72499999999997,FALSE POSITIVE,0.0,,1.25451792
K07081.01,,8719897,301.30865,44.806961,932.03,184.35500000000002,FALSE POSITIVE,0.0,246.75,1.575710265
K07082.01,,8736245,283.43408,44.989731,474.13,83.9,FALSE POSITIVE,0.0,52.52,2.534740757
K07083.01,,8738115,284.44827,44.96336,1260.93,277.3,FALSE POSITIVE,0.0,43.08,37.59406667
K07084.01,,8739209,285.04236,44.910477,523.99,151.21499999999997,FALSE POSITIVE,0.018867924528301886,1.07,3.6972959
K07085.01,,8746310,288.88599,44.959969,915.48,201.305,FALSE POSITIVE,0.0,33.93,6.855624762
K07210.01,,9640921,287.96375,46.306911,1285.64,280.275,FALSE POSITIVE,0.008086253369272238,15.47,80.7060641
K07210.02,,9640921,287.96375,46.306911,1285.64,280.275,FALSE POSITIVE,0.25,1.22,2.17814513
K07211.01,,9641031,288.02032,46.324139,102.52,26.314999999999998,FALSE POSITIVE,0.0,77.59,1.089077111
K07212.01,,9641103,288.06711,46.379551,406.25,48.364999999999995,FALSE POSITIVE,0.008086253369272238,0.44,1.089057762
K07213.01,,9644411,289.87915,46.322498,1013.3,113.51499999999999,FALSE POSITIVE,0.018867924528301886,1.59,0.379412331
K07214.01,,9644683,289.99408,46.304871,1093.07,191.5,FALSE POSITIVE,0.008086253369272238,26.57,0.585940879
K07215.01,,9651602,292.82965,46.365768,843.0,136.555,CANDIDATE,0.018867924528301886,0.83,3.90735046
K07216.01,,9652166,293.05569,46.342331,950.22,245.595,FALSE POSITIVE,0.008086253369272238,0.85,0.646523404
K07343.01,,10556578,299.09528,47.706791,711.34,87.14500000000001,FALSE POSITIVE,0.008086253369272238,34.05,0.626431697
K07344.01,,10583181,283.76651,47.818989,344.49,95.535,FALSE POSITIVE,0.008086253369272238,80.71,2.696354974
K07345.01,,10586619,285.6409,47.81105,1028.05,105.125,CANDIDATE,0.043478260869565216,2.16,377.501257
K07346.01,,10592163,288.55362,47.867298,1050.28,262.815,FALSE POSITIVE,0.008086253369272238,53.72,14.762889172
K07347.01,,10597164,290.67877,47.845261,1246.53,529.165,FALSE POSITIVE,0.018867924528301886,2.97,4.5638537
K07348.01,,10601538,292.47604,47.83942,961.96,218.70999999999998,FALSE POSITIVE,0.008086253369272238,1.2,1.463775066
K07349.01,,10601579,292.49185,47.83535,384.48,111.49,FALSE POSITIVE,0.0,123.02,8.098754149
K07350.01,,10613718,296.82581,47.877399,225.12,31.035,FALSE POSITIVE,0.008086253369272238,29.98,0.587938916
K07895.01,,8557246,290.7782,44.61866,1367.99,332.73,FALSE POSITIVE,0.008086253369272238,2.02,246.87131
K07474.01,,11709022,289.73761,49.858589,27.33,7.615,FALSE POSITIVE,0.008086253369272238,,0.71957289
K07475.01,,11724091,296.97705,49.841808,1957.17,568.35,FALSE POSITIVE,0.008086253369272238,129.87,1.559090282
K07476.01,,11757422,288.5928,49.968361,351.75,42.565,FALSE POSITIVE,0.008086253369272238,0.66,1.81993557
K07477.01,,11763910,292.29239,49.955441,1015.38,258.47,FALSE POSITIVE,0.008086253369272238,0.93,0.612888148
K07478.01,,11768970,294.74091,49.928791,958.3,176.70999999999998,FALSE POSITIVE,0.008086253369272238,149.19,15.541358818
K07479.01,,11773625,296.73917,49.978352,742.05,147.255,CANDIDATE,0.25,1.1,7.1969168
K07480.01,,11775530,297.52872,49.990059,1251.92,263.755,FALSE POSITIVE,0.043478260869565216,1.21,12.8177012
K07481.01,,11811454,290.39725,50.06509,489.57,164.885,FALSE POSITIVE,0.0,104.26,2.274628199
K07896.01,,8560280,291.90042,44.686241,1195.38,118.38499999999999,FALSE POSITIVE,0.25,11.4,85.338393
K06296.01,,2860594,293.16495,38.06913,1693.35,348.97,FALSE POSITIVE,0.0,59.94,5.499941793
K06297.01,,2860788,293.20734,38.009029,544.97,124.41499999999999,FALSE POSITIVE,0.0,34.05,2.629870555
K06298.01,,2969638,285.72971,38.164829,799.26,198.01999999999998,FALSE POSITIVE,0.0,,1.97362159
K06299.01,,2970670,286.07114,38.16761,488.3,41.315,CANDIDATE,0.043478260869565216,0.67,0.947554749
K06300.01,,2973509,287.0257,38.171021,826.21,218.635,FALSE POSITIVE,0.0,82.03,6.62761199
K06301.01,,2994092,292.40063,38.134579,2247.65,506.69500000000005,CANDIDATE,0.25,2.94,50.271927
K06302.01,,2998124,293.26636,38.12608,1303.37,360.93,FALSE POSITIVE,0.008086253369272238,74.25,28.597880332
K06303.01,,3098194,286.00308,38.285721,603.44,156.79500000000002,FALSE POSITIVE,0.008086253369272238,71.42,30.476518853
K06429.01,,4578594,295.92361,39.60907,937.09,142.195,FALSE POSITIVE,0.008086253369272238,50.74,252.1638623
K06430.01,,4587448,297.65744,39.655231,790.32,196.76999999999998,FALSE POSITIVE,0.0,,2.23416013
K06431.01,,4633434,283.98602,39.784538,645.88,83.14,FALSE POSITIVE,0.008086253369272238,39.79,22.271198511
K06432.01,,4661634,293.6817,39.758839,858.5,146.795,FALSE POSITIVE,0.008086253369272238,39.18,73.894163515
K06433.01,,4665989,294.76398,39.752838,899.59,225.51500000000001,FALSE POSITIVE,0.0,98.04,1.124033822
K06434.01,,4671584,295.99811,39.742748,839.84,226.525,FALSE POSITIVE,0.008086253369272238,47.68,2.796661168
K06435.01,,4678171,297.284,39.70768,583.06,56.025000000000006,FALSE POSITIVE,0.008086253369272238,54.56,15.288709179
K06436.01,,4681152,297.8519,39.783886,442.09,100.32,FALSE POSITIVE,0.0,46.3,1.83592242
K06437.01,,4725292,283.70551,39.870491,276.27,31.365000000000002,FALSE POSITIVE,0.0,,1.15495063
K07879.01,,8297017,290.80057,44.270512,941.9,237.24,CANDIDATE,0.008086253369272238,6.15,128.208643
K06551.01,,5282656,293.98837,40.458981,1225.53,298.805,FALSE POSITIVE,0.008086253369272238,1.06,1.516372183
K06552.01,,5284133,294.38223,40.45219,1110.35,237.59000000000003,FALSE POSITIVE,0.008086253369272238,104.57,8.784575777
K06553.01,,5285607,294.77219,40.459629,311.53,74.485,FALSE POSITIVE,0.0,56.11,1.949700508
K06554.01,,5286786,295.08017,40.4771,708.16,98.85499999999999,FALSE POSITIVE,0.008086253369272238,29.19,9.948701373
K06555.01,,5288543,295.49411,40.406204,870.91,226.67000000000002,FALSE POSITIVE,0.008086253369272238,86.12,3.457078812
K06556.01,,5294739,296.83719,40.473099,1468.46,662.11,FALSE POSITIVE,0.0,571.07,3.735993484
K06557.01,,5295206,296.92773,40.429661,858.68,198.845,CANDIDATE,0.25,1.04,6.63448023
K06558.01,,5298620,297.6394,40.490452,672.54,77.1,FALSE POSITIVE,0.008086253369272238,0.87,12.4239677
K06559.01,,5300878,298.08188,40.478142,364.23,37.635000000000005,FALSE POSITIVE,0.008086253369272238,46.59,0.639721284
K06686.01,,6292732,294.18524,41.632351,604.55,55.45,FALSE POSITIVE,0.008086253369272238,0.64,1.25338826
K06687.01,,6307000,297.61307,41.672829,719.79,84.555,CANDIDATE,0.018867924528301886,0.87,1.002591901
K06688.01,,6311637,298.70334,41.633961,525.41,153.49,FALSE POSITIVE,0.0,43.95,1.620813697
K06689.01,,6345758,284.57642,41.705971,1136.37,284.155,CANDIDATE,0.008086253369272238,0.98,3.37116682
K06690.01,,6364126,291.84723,41.72522,531.28,70.725,FALSE POSITIVE,0.25,2.83,5.2434664
K06691.01,,6364195,291.8703,41.768002,760.79,88.985,FALSE POSITIVE,0.008086253369272238,0.81,5.2439542
K06692.01,,6364200,291.87134,41.788971,1490.4,310.95500000000004,FALSE POSITIVE,0.008086253369272238,0.91,5.2441517
K06693.01,,6364247,291.88922,41.777969,559.96,120.34,FALSE POSITIVE,0.018867924528301886,0.58,5.2443332
K06820.01,,7105574,287.74615,42.648628,650.06,133.66,FALSE POSITIVE,0.0,51.9,20.726069913
K06821.01,,7115200,290.96869,42.619678,551.15,96.13,FALSE POSITIVE,0.008086253369272238,0.57,0.566801447
K06822.01,,7115332,291.01474,42.653309,1240.43,294.87,FALSE POSITIVE,0.008086253369272238,1.15,0.566794934
K06823.01,,7115463,291.065,42.63665,1114.58,257.71500000000003,FALSE POSITIVE,0.008086253369272238,0.88,0.566800287
K06824.01,,7115597,291.10468,42.645309,1484.91,311.395,FALSE POSITIVE,0.008086253369272238,1.54,0.566791946
K06825.01,,7115878,291.19955,42.686722,1140.06,288.41999999999996,FALSE POSITIVE,0.008086253369272238,0.89,0.566790294
K06826.01,,7116043,291.24707,42.626389,850.08,223.83499999999998,FALSE POSITIVE,0.008086253369272238,0.77,0.566799725
K06827.01,,7116226,291.30963,42.61652,1395.85,330.36,FALSE POSITIVE,0.0,1.07,0.566801325
K06950.01,,8008128,282.42578,43.884331,972.22,241.81,FALSE POSITIVE,0.008086253369272238,29.77,14.854415674
K06951.01,,8009500,283.20117,43.888981,559.06,84.00999999999999,FALSE POSITIVE,0.008086253369272238,33.8,38.47674409
K06952.01,,8013289,285.09076,43.801754,847.2,263.66,FALSE POSITIVE,0.008086253369272238,31.72,10.643110689
K06953.01,,8016214,286.6958,43.86742,666.48,117.295,FALSE POSITIVE,0.0,41.52,1.587485742
K06954.01,,8016692,286.9454,43.899139,762.34,191.215,CANDIDATE,0.25,0.91,6.613671
K06955.01,,8027902,291.47702,43.84412,1178.93,288.555,FALSE POSITIVE,0.008086253369272238,1.54,1.79621807
K06956.01,,8039925,295.54422,43.878342,856.82,204.625,FALSE POSITIVE,0.01639287983869679,1.23,20.2594232
K06957.01,,8042644,296.35956,43.86676,1107.6,247.89,CANDIDATE,0.008086253369272238,0.76,1.48062814
K06958.01,,8081389,284.62198,43.971981,1325.7,391.255,FALSE POSITIVE,0.0,115.45,1.489442254
K07086.01,,8750094,290.50241,44.96817,698.49,136.195,FALSE POSITIVE,0.008086253369272238,21.07,1.12679793
K07087.01,,8758161,293.62054,44.967281,699.53,197.98000000000002,FALSE POSITIVE,0.0,88.64,0.998217563
K07088.01,,8760760,294.59918,44.927689,898.04,133.25,CANDIDATE,0.008086253369272238,0.92,2.68814059
K07089.01,,8767034,296.67044,44.959839,276.02,30.255,FALSE POSITIVE,0.008086253369272238,0.48,0.58640848
K07090.01,,8773948,298.44244,44.910912,1642.96,784.3,FALSE POSITIVE,0.008086253369272238,127.38,33.46947449
K07091.01,,8784288,301.3035,44.99966,1112.34,404.02,FALSE POSITIVE,0.008086253369272238,118.28,1.827558898
K07092.01,,8804358,285.08145,45.023762,1666.24,401.955,FALSE POSITIVE,0.008086253369272238,1.9,62.519211
K07093.01,,8807057,286.55365,45.002338,796.73,186.935,CANDIDATE,0.008086253369272238,1.41,97.991569
K07890.01,,8508493,296.44946,44.583241,1320.9,271.23,FALSE POSITIVE,0.008086253369272238,2.63,349.85525
K07217.01,,9652632,293.24738,46.310413,432.72,124.375,FALSE POSITIVE,0.0,83.26,2.488812012
K07218.01,,9655424,294.35074,46.311771,1029.44,227.02999999999997,FALSE POSITIVE,0.0,1.09,0.51811818
K07219.01,,9657636,295.19278,46.37188,260.3,42.01,FALSE POSITIVE,0.008086253369272238,1.07,542.52829
K07220.01,,9658089,295.35825,46.343929,995.48,232.115,CANDIDATE,0.018867924528301886,0.97,1.057080807
K07221.01,,9665503,297.73764,46.358101,606.0,70.315,FALSE POSITIVE,0.008086253369272238,45.65,11.567974732
K07222.01,,9673173,300.01407,46.345268,793.44,212.1,FALSE POSITIVE,0.0,71.55,21.294733865
K07223.01,,9674320,300.34525,46.339882,527.55,72.435,CANDIDATE,0.008086253369272238,1.59,317.062416
K07224.01,,9693803,283.11642,46.442699,1520.0,370.545,CANDIDATE,0.008086253369272238,1.62,13.4959496
K07225.01,,9711751,292.45786,46.43338,982.25,243.90499999999997,FALSE POSITIVE,0.0,72.82,0.855763492
K07351.01,,10619109,298.37128,47.81385,635.79,205.635,FALSE POSITIVE,0.0,131.41,2.045166206
K07352.01,,10646620,282.38934,47.967178,1546.96,431.115,FALSE POSITIVE,0.008086253369272238,2.11,2.41349123
K07353.01,,10649230,283.89807,47.933487,600.65,213.94,FALSE POSITIVE,0.008086253369272238,1.42,0.447820618
K07354.01,,10659624,289.36646,47.923851,937.42,205.70000000000002,CANDIDATE,0.2916666666666667,1.61,43.2675604
K07355.01,,10661913,290.34503,47.963589,290.39,31.265,FALSE POSITIVE,0.008086253369272238,0.54,1.23133063
K07356.01,,10661976,290.37558,47.996696,1588.91,555.855,FALSE POSITIVE,0.008086253369272238,0.84,0.61566096
K07357.01,,10662021,290.39279,47.997429,1134.78,289.02,FALSE POSITIVE,0.008086253369272238,0.81,1.23140522
K07358.01,,10665228,291.70639,47.908581,954.45,132.81,CANDIDATE,0.018867924528301886,1.26,11.3251153
K07897.01,,8560927,292.16537,44.640579,554.69,123.69,FALSE POSITIVE,0.25,0.87,31.9714488
K07482.01,,11817750,293.82687,50.07653,836.79,223.315,FALSE POSITIVE,0.0,68.93,9.762550001
K07483.01,,11825996,297.34726,50.04744,338.35,61.03,CANDIDATE,0.008086253369272238,0.68,16.9163386
K07484.01,,11854636,286.10281,50.126541,1066.63,205.71,CANDIDATE,0.008086253369272238,2.14,37.0200232
K07485.01,,11855538,286.70947,50.165909,632.25,179.0,FALSE POSITIVE,0.008086253369272238,1.16,2.521265
K07486.01,,11858541,288.63611,50.17326,707.88,202.56,FALSE POSITIVE,0.008086253369272238,51.63,5.674353343
K07487.01,,11873166,296.19351,50.129219,589.6,130.02,FALSE POSITIVE,0.0,51.42,0.734426335
K07488.01,,11873171,296.19693,50.13612,1573.76,354.08,FALSE POSITIVE,0.008086253369272238,0.98,0.734426409
K07489.01,,11904704,286.03839,50.294441,662.07,98.58500000000001,CANDIDATE,0.2916666666666667,0.81,0.565713361
K06304.01,,3102024,287.35608,38.212212,216.04,24.345,FALSE POSITIVE,0.0,41.84,13.782522208
K06305.01,,3110937,290.02631,38.249458,928.11,192.005,FALSE POSITIVE,0.008086253369272238,0.73,1.89121656
K06306.01,,3115480,291.19321,38.244652,1290.85,172.545,FALSE POSITIVE,0.008086253369272238,62.55,3.693702974
K06307.01,,3120320,292.29196,38.284489,255.04,44.175,FALSE POSITIVE,0.008086253369272238,61.45,10.265613245
K06308.01,,3127817,293.99973,38.232269,497.35,147.1,FALSE POSITIVE,0.0,85.64,2.163569702
K06309.01,,3228740,289.7424,38.373169,662.94,154.795,FALSE POSITIVE,0.008086253369272238,0.57,0.730956716
K06310.01,,3230206,290.10718,38.374409,1223.07,264.15999999999997,FALSE POSITIVE,0.018867924528301886,1.54,7.04715073
K06311.01,,3230227,290.11258,38.399872,305.13,70.785,FALSE POSITIVE,0.0,119.64,7.047106212
K06438.01,,4729553,285.72754,39.841282,527.42,140.845,FALSE POSITIVE,0.0,92.55,0.961292561
K06439.01,,4736208,288.53741,39.83408,1164.73,283.575,FALSE POSITIVE,0.008086253369272238,71.45,63.68192888
K06441.01,,4737302,288.92667,39.81179,1310.33,424.265,FALSE POSITIVE,0.008086253369272238,178.47,9.455586047
K06442.01,,4739194,289.52148,39.862438,1038.5,119.61000000000001,FALSE POSITIVE,0.0,81.28,1.246585716
K06443.01,,4739565,289.63968,39.899761,1294.36,262.5,FALSE POSITIVE,0.22470225985262615,1.51,0.898932836
K06444.01,,4740688,289.96838,39.815739,430.0,46.55500000000001,FALSE POSITIVE,0.25,0.95,3.45423296
K06445.01,,4753988,293.8439,39.87542,940.11,202.85500000000002,FALSE POSITIVE,0.0,59.02,7.304451735
K06446.01,,4757331,294.68542,39.83176,772.27,90.41,FALSE POSITIVE,0.008086253369272238,37.78,1.181046137
K06560.01,,5301955,298.28897,40.468819,104.39,13.45,FALSE POSITIVE,0.008086253369272238,,0.68396452
K06561.01,,5306862,299.2139,40.458382,850.0,259.495,FALSE POSITIVE,0.008086253369272238,43.23,2.025580416
K06562.01,,5307574,299.35703,40.49762,734.09,119.225,FALSE POSITIVE,0.008086253369272238,1.05,58.64379
K06563.01,,5308778,299.57739,40.458481,603.0,112.855,FALSE POSITIVE,0.008086253369272238,22.46,20.28281916
K06564.01,,5310435,299.88721,40.487339,1008.64,342.1,FALSE POSITIVE,0.0,139.59,4.931365987
K06565.01,,5343976,285.08569,40.52763,319.94,64.755,FALSE POSITIVE,0.008086253369272238,38.82,4.331392455
K06566.01,,5347537,286.71182,40.528542,624.48,143.89499999999998,FALSE POSITIVE,0.008086253369272238,44.91,345.1846728
K06567.01,,5347784,286.82251,40.513222,902.32,353.96500000000003,FALSE POSITIVE,0.008086253369272238,99.66,9.58405667
K06694.01,,6364294,291.90421,41.779518,1765.47,412.4,FALSE POSITIVE,0.008086253369272238,1.1,5.2436612
K06695.01,,6367439,292.92783,41.78616,1355.14,129.23000000000002,FALSE POSITIVE,0.008086253369272238,0.48,3.7789374
K06696.01,,6367628,292.98526,41.716888,272.65,35.29,FALSE POSITIVE,0.008086253369272238,73.04,1.88984957
K06697.01,,6368222,293.16202,41.735229,1401.39,371.83000000000004,CANDIDATE,0.008086253369272238,,82.97062172
K06698.01,,6372268,294.35617,41.777206,51.5,8.215,CANDIDATE,0.008086253369272238,,5.22422449
K06699.01,,6384840,297.44244,41.789719,1043.79,223.265,FALSE POSITIVE,0.008086253369272238,1.04,2.49904083
K06700.01,,6386784,297.93439,41.792912,538.27,124.48,FALSE POSITIVE,0.008086253369272238,0.75,1.99567242
K06701.01,,6390236,298.67233,41.776218,233.2,45.465,FALSE POSITIVE,0.008086253369272238,0.57,0.89879279
K06702.01,,6421188,282.90604,41.831841,787.73,296.49,FALSE POSITIVE,0.008086253369272238,25.25,16.434352831
K06828.01,,7116236,291.31244,42.618011,1064.85,215.6,FALSE POSITIVE,0.008086253369272238,1.17,0.566793818
K06829.01,,7117513,291.7157,42.68787,1633.56,386.53,FALSE POSITIVE,0.0,1.04,0.566797474
K06830.01,,7117541,291.72385,42.629822,1509.4,354.16999999999996,FALSE POSITIVE,0.0,50.53,1.585673651
K06831.01,,7118545,292.02866,42.669552,757.75,167.615,FALSE POSITIVE,0.0,47.71,14.797219157
K06832.01,,7125636,294.10791,42.617321,402.19,44.57,FALSE POSITIVE,0.0,33.46,6.49066214
K06833.01,,7128918,294.99823,42.69392,965.74,150.215,FALSE POSITIVE,0.0,41.17,7.11879848
K06834.01,,7132015,295.75351,42.671001,18273.7,4936.799999999999,FALSE POSITIVE,0.0,216.92,6.99510404
K06835.01,,7135549,296.6192,42.674931,903.37,153.42000000000002,CANDIDATE,0.008086253369272238,,22.50053441
K06959.01,,8088354,288.32922,43.965279,688.78,161.77,FALSE POSITIVE,0.0,54.35,2.897829967
K06960.01,,8091197,289.60522,43.952831,697.64,173.07,CANDIDATE,0.008086253369272238,1.2,4.88698386
K06961.01,,8094140,290.55716,43.98735,405.54,40.165,FALSE POSITIVE,0.008086253369272238,47.64,0.706428634
K06962.01,,8094221,290.58551,43.97216,1157.03,260.33500000000004,FALSE POSITIVE,0.008086253369272238,19.93,10.8632531
K06963.01,,8097825,291.88184,43.973171,389.08,98.885,FALSE POSITIVE,0.0,40.3,1.46842648
K06964.01,,8098300,292.05872,43.925228,494.95,108.02,FALSE POSITIVE,0.0,71.49,4.305917719
K06965.01,,8098515,292.14331,43.922295,413.17,108.24000000000001,FALSE POSITIVE,0.008086253369272238,,1.28659726
K06966.01,,8098960,292.30338,43.98381,870.38,137.815,CANDIDATE,0.25,1.35,8.47484677
K06967.01,,8104436,294.20117,43.976761,816.97,114.63000000000001,FALSE POSITIVE,0.018867924528301886,16.24,2.535389624
K07094.01,,8815279,290.45645,45.003231,1161.48,268.08,CANDIDATE,0.0,,13.56092626
K07095.01,,8822585,293.30566,45.007969,1041.56,275.95,FALSE POSITIVE,0.008086253369272238,1.42,1.627538928
K07096.01,,8823397,293.60986,45.018631,2114.3,645.6300000000001,FALSE POSITIVE,0.0,178.15,1.506503686
K07097.01,,8841616,299.16168,45.05191,81.29,10.27,FALSE POSITIVE,0.0,28.99,1.679585725
K07098.01,,8845221,300.20993,45.003059,1162.38,394.415,FALSE POSITIVE,0.008086253369272238,108.46,5.40346248
K07099.01,,8845552,300.30533,45.093418,358.8,40.129999999999995,CANDIDATE,0.25,1.05,34.0357766
K07100.01,,8848104,300.99487,45.078861,484.97,218.425,FALSE POSITIVE,0.0,78.0,0.824851807
K07101.01,,8848115,300.99884,45.076019,4096.3,774.505,FALSE POSITIVE,0.0,97.92,0.82484293
K07102.01,,8868657,284.401,45.149391,1110.64,191.52,FALSE POSITIVE,0.008086253369272238,1.52,4.4473549
K07226.01,,9726452,297.72226,46.47583,1246.93,176.745,CANDIDATE,0.008086253369272238,,42.48452259
K07227.01,,9762514,287.93466,46.580421,624.29,73.17500000000001,FALSE POSITIVE,0.25,1.23,7.51509713
K07228.01,,9762519,287.94138,46.58239,418.65,67.645,FALSE POSITIVE,0.0,35.8,7.51514595
K07229.01,,9777062,294.46078,46.58971,1390.32,397.25,FALSE POSITIVE,0.008086253369272238,186.53,19.230038188
K07230.01,,9786821,297.72574,46.54884,402.27,128.14,FALSE POSITIVE,0.008086253369272238,31.2,21.120005744
K07231.01,,9790965,298.91162,46.586578,1066.69,337.26,FALSE POSITIVE,0.0,91.21,0.82206761
K07231.02,,9790965,298.91162,46.586578,1066.69,337.26,CANDIDATE,0.008086253369272238,13333.5,4.74701479
K07232.01,,9811915,281.22937,46.681862,1014.23,174.515,CANDIDATE,0.008086253369272238,1.18,1.96682825
K07233.01,,9818732,285.47278,46.69873,1226.77,274.53499999999997,FALSE POSITIVE,0.008086253369272238,82.4,45.035589512
K07359.01,,10665749,291.90216,47.96207,1296.89,304.095,CANDIDATE,0.018867924528301886,2.26,4.237447181
K07360.01,,10670112,293.66928,47.906689,1048.51,287.935,CANDIDATE,0.008086253369272238,7.76,4.0953585
K07361.01,,10680424,297.20752,47.972099,615.36,74.935,CANDIDATE,0.018867924528301886,1.16,0.92623983
K07362.01,,10685175,298.57156,47.963951,908.53,266.21999999999997,FALSE POSITIVE,0.008086253369272238,2.64,3.10197712
K07363.01,,10686876,299.05673,47.909359,859.03,206.945,FALSE POSITIVE,0.008086253369272238,109.33,2.618414643
K07364.01,,10686930,299.07559,47.92078,710.61,149.845,FALSE POSITIVE,0.018867924528301886,2.16,2.61844178
K07365.01,,10711913,282.60107,48.03669,971.86,174.875,FALSE POSITIVE,0.0,44.96,19.407958161
K07366.01,,10732401,292.32864,48.021519,1048.15,236.445,FALSE POSITIVE,0.008086253369272238,8.93,0.933747375
K07490.01,,11906217,287.05927,50.214031,280.11,26.91,FALSE POSITIVE,0.0,29.45,37.910213899
K07491.01,,11913052,291.04498,50.282261,3077.54,527.49,FALSE POSITIVE,0.018867924528301886,9.04,3.74785307
K07492.01,,11913071,291.0614,50.25544,461.99,165.08499999999998,FALSE POSITIVE,0.008086253369272238,141.7,3.747835042
K07494.01,,11922648,295.94925,50.20892,638.82,129.105,FALSE POSITIVE,0.008086253369272238,0.58,1.75643185
K07495.01,,11922782,296.00742,50.232609,192.63,39.235,FALSE POSITIVE,0.0,87.4,1.756466865
K07496.01,,11923819,296.46429,50.286152,882.11,270.38,FALSE POSITIVE,0.008086253369272238,146.47,33.159475806
K07497.01,,11959569,289.39417,50.368069,512.99,136.215,FALSE POSITIVE,0.008086253369272238,114.2,46.14869106
K07498.01,,11966557,293.48035,50.347488,1359.6,306.435,FALSE POSITIVE,0.0,63.57,60.2976774
K00126.02,,5897826,297.47586,41.114288,793.84,147.6,CANDIDATE,0.008086253369272238,0.73,0.875197345
K01106.03,,3240158,292.7131,38.358212,1171.09,150.7,CANDIDATE,0.847457627118644,1.5,13.2298203
K01110.02,,2837111,287.44409,38.088428,917.57,212.725,CANDIDATE,0.25,0.84,3.71840884
K06312.01,,3241619,293.09494,38.361252,190.78,21.509999999999998,FALSE POSITIVE,0.0,47.62,1.703347524
K06313.01,,3241662,293.10568,38.37434,947.59,197.565,FALSE POSITIVE,0.008086253369272238,0.86,1.70332915
K06314.01,,3245000,293.90091,38.308689,869.64,162.685,FALSE POSITIVE,0.008086253369272238,16.5,20.413812
K06315.01,,3246867,294.34146,38.340519,409.72,29.2,CANDIDATE,0.043478260869565216,0.7,5.32737192
K06316.01,,3247294,294.43991,38.38084,631.5,135.85,FALSE POSITIVE,0.008086253369272238,49.46,67.41958542
K06317.01,,3248332,294.66467,38.333,838.38,211.01,FALSE POSITIVE,0.0,82.22,7.363572395
K06318.01,,3249334,294.87888,38.397812,704.71,77.825,CANDIDATE,0.008086253369272238,1.26,5.90260586
K06319.01,,3323289,285.33658,38.45052,749.9,148.58499999999998,FALSE POSITIVE,0.008086253369272238,68.86,33.693201537
K06320.01,,3324069,285.64093,38.418732,910.69,218.82500000000002,CANDIDATE,0.4883720930232558,2.36,22.80265
K06447.01,,4758350,294.93198,39.81242,2472.79,560.9449999999999,FALSE POSITIVE,0.008086253369272238,66.58,1.120997701
K06448.01,,4758368,294.93637,39.852482,1575.62,359.44000000000005,FALSE POSITIVE,0.008086253369272238,378.99,1.874967748
K06449.01,,4760959,295.52618,39.806839,981.62,178.18,CANDIDATE,0.008086253369272238,1.58,29.9315174
K06450.01,,4764969,296.32202,39.856049,466.7,106.49000000000001,CANDIDATE,0.008086253369272238,0.78,0.602277579
K06451.01,,4768756,297.1174,39.859112,252.8,19.255000000000003,FALSE POSITIVE,0.018867924528301886,0.42,2.40440112
K06452.01,,4769824,297.32239,39.87299,1040.25,213.27,FALSE POSITIVE,0.008086253369272238,1.26,21.926779
K06453.01,,4773155,297.98264,39.894081,469.5,91.11500000000001,FALSE POSITIVE,0.0,67.11,25.706001174
K06454.01,,4830859,290.31134,39.98069,1502.57,271.56,CANDIDATE,0.008086253369272238,1.34,27.2173855
K06455.01,,4832273,290.76251,39.910648,810.29,188.75,FALSE POSITIVE,0.008086253369272238,1.83,501.90703
K06568.01,,5353938,289.15955,40.51181,273.14,35.65,CANDIDATE,0.018867924528301886,0.65,6.27651592
K06569.01,,5359678,290.95132,40.54797,928.34,203.01,FALSE POSITIVE,0.0,61.66,3.115304946
K06570.01,,5380812,296.56232,40.590939,577.83,186.03,CANDIDATE,0.008086253369272238,3.53,16.214474
K06571.01,,5385469,297.59485,40.512299,865.3,220.34499999999997,FALSE POSITIVE,0.008086253369272238,0.86,12.422524
K06572.01,,5385647,297.63452,40.52652,803.91,291.245,FALSE POSITIVE,0.018867924528301886,1.66,12.4269264
K06573.01,,5385667,297.64059,40.531952,660.4,202.3,FALSE POSITIVE,0.018867924528301886,1.88,12.4261809
K06574.01,,5388229,298.21118,40.512501,705.33,178.255,FALSE POSITIVE,0.008086253369272238,39.52,0.61810542
K06575.01,,5389184,298.40009,40.58567,826.98,204.3,FALSE POSITIVE,0.25,0.9,1.06995136
K06703.01,,6421483,283.0451,41.860062,644.65,411.79,FALSE POSITIVE,0.0,101.02,2.158398259
K06704.01,,6421937,283.25659,41.80315,2658.79,453.66,FALSE POSITIVE,0.008086253369272238,64333.8,359.534371
K06705.01,,6423922,284.2399,41.819042,26.24,9.754999999999999,CANDIDATE,0.25,0.22,0.9951412
K06706.01,,6428942,286.67697,41.826874,1725.86,537.14,FALSE POSITIVE,0.008086253369272238,4.3,534.86668
K06707.01,,6436505,289.70703,41.84354,1042.04,162.44,CANDIDATE,0.9629629629629629,1.86,43.535891
K06708.01,,6437993,290.18521,41.867222,219.89,29.384999999999998,FALSE POSITIVE,0.0,0.49,1.39797542
K06709.01,,6442246,291.60077,41.830639,766.77,182.95999999999998,FALSE POSITIVE,0.008086253369272238,0.68,2.2127498
K06710.01,,6443392,291.99298,41.884125,364.18,84.015,FALSE POSITIVE,0.0,48.15,0.776976021
K06836.01,,7137798,297.13776,42.68,1053.67,303.96,FALSE POSITIVE,0.0,96.65,2.25353739
K06837.01,,7177553,283.01212,42.721272,385.54,162.425,FALSE POSITIVE,0.0,114.45,17.99646148
K06838.01,,7177892,283.16901,42.792114,409.73,125.92,FALSE POSITIVE,0.0,78.6,1.386249249
K06839.01,,7185487,286.61896,42.778561,90.89,15.19,FALSE POSITIVE,0.008086253369272238,0.54,0.53482911
K06840.01,,7198648,291.28311,42.741859,887.58,158.5,FALSE POSITIVE,0.008086253369272238,1.27,0.566799833
K06841.01,,7199935,291.65759,42.729649,755.76,179.97,FALSE POSITIVE,0.008086253369272238,0.64,0.566795728
K06842.01,,7200102,291.70828,42.797001,951.99,229.775,FALSE POSITIVE,0.008086253369272238,67.17,14.665759784
K06843.01,,7200225,291.74335,42.769482,1155.29,264.985,FALSE POSITIVE,0.008086253369272238,0.75,0.566780836
K07888.01,,8488381,289.20331,44.505138,693.1,166.69,CANDIDATE,0.018867924528301886,0.6,4.7368156
K06968.01,,8111622,296.43854,43.965961,1092.5,235.92,FALSE POSITIVE,0.008086253369272238,52.93,15.44605962
K06969.01,,8112013,296.55594,43.967758,499.44,110.29999999999998,FALSE POSITIVE,0.0,32.19,1.790518325
K06970.01,,8115647,297.46857,43.98201,1186.94,170.435,CANDIDATE,0.043478260869565216,1.87,40.7698541
K06971.01,,8120820,298.70001,43.97649,514.28,31.4,CANDIDATE,0.625,2.01,129.222771
K06972.01,,8123170,299.27612,43.936829,1077.82,133.635,FALSE POSITIVE,0.008086253369272238,0.87,1.03905082
K06973.01,,8123937,299.48206,43.916603,1015.07,349.75,FALSE POSITIVE,0.0,2.99,0.503201954
K06974.01,,8128965,300.7731,43.962132,625.35,170.255,FALSE POSITIVE,0.008086253369272238,61.56,7.140373046
K06975.01,,8129189,300.83307,43.962311,729.3,161.22,FALSE POSITIVE,0.008086253369272238,142.04,53.647084859
K07103.01,,8878681,289.23157,45.164322,642.11,172.155,FALSE POSITIVE,0.0,112.28,2.496328637
K07104.01,,8879427,289.53668,45.105141,860.21,193.61,FALSE POSITIVE,0.008086253369272238,30.85,16.31328124
K07105.01,,8879915,289.74515,45.18716,1238.16,296.77,FALSE POSITIVE,0.008086253369272238,83.69,1.721313779
K07106.01,,8881169,290.21255,45.134991,998.46,240.81,CANDIDATE,0.043478260869565216,1.08,5.01880305
K07107.01,,8890996,293.82175,45.10775,890.54,217.01,FALSE POSITIVE,0.008086253369272238,1.13,1.50650745
K07108.01,,8906676,298.44855,45.104176,621.17,202.995,FALSE POSITIVE,0.0,149.52,8.209514329
K07109.01,,8938628,285.6626,45.21772,553.62,147.29,FALSE POSITIVE,0.008086253369272238,47.48,3.431126546
K07110.01,,8940961,286.78952,45.271381,934.19,213.495,FALSE POSITIVE,0.0,52.0,1.583334941
K07111.01,,8953278,291.92896,45.231838,672.26,73.705,CANDIDATE,0.008086253369272238,,23.59919017
K07234.01,,9821078,286.81927,46.66478,215.18,21.855,FALSE POSITIVE,0.008086253369272238,49.49,8.429438192
K07235.01,,9821428,287.02615,46.686291,659.19,105.85,CANDIDATE,0.0,1.15,299.70688
K07236.01,,9837013,294.29364,46.629501,972.7,183.72,CANDIDATE,0.25,1.05,14.461834
K07237.01,,9848420,298.0549,46.633461,768.5,151.70499999999998,FALSE POSITIVE,0.008086253369272238,1.04,7.9320191
K07238.01,,9850387,298.59238,46.690529,1548.04,480.925,FALSE POSITIVE,0.0,96.85,1.374249107
K07239.01,,9850912,298.73502,46.699791,1495.05,334.21,FALSE POSITIVE,0.043478260869565216,1.85,8.4804737
K07240.01,,9852050,299.07486,46.65892,1241.34,391.04,FALSE POSITIVE,0.0,,0.94242156
K07241.01,,9873869,282.69977,46.717018,555.64,142.215,FALSE POSITIVE,0.008086253369272238,62.69,4.994773558
K07367.01,,10736223,293.84622,48.050251,2640.37,725.23,FALSE POSITIVE,0.008086253369272238,267.59,1.105094098
K07368.01,Kepler-1974 b,10736489,293.94763,48.065254,248.87,38.89,CONFIRMED,0.008086253369272238,,6.842939
K07370.01,,10751908,298.60785,48.016022,848.85,124.445,CANDIDATE,0.018867924528301886,0.96,4.48538145
K07371.01,,10753734,299.07828,48.021969,402.03,69.99000000000001,FALSE POSITIVE,0.008086253369272238,57.97,19.40669392
K07372.01,,10794242,290.61478,48.186771,670.96,153.085,FALSE POSITIVE,0.008086253369272238,44.78,7.143708297
K07373.01,,10794405,290.68866,48.1992,745.08,156.28,FALSE POSITIVE,0.008086253369272238,28.44,0.952377862
K07374.01,,10809677,296.47855,48.14616,2933.86,1226.62,FALSE POSITIVE,0.008086253369272238,256.2,3.521050679
K07375.01,,10812541,297.30438,48.195271,267.65,28.365,CANDIDATE,0.25,1.51,4.84847245
K07499.01,,11967004,293.68073,50.300259,882.1,207.695,FALSE POSITIVE,0.0,59.71,1.941635737
K07500.01,,11968490,294.35016,50.35146,957.22,272.05,FALSE POSITIVE,0.0,68.65,0.539445498
K07501.01,,11970288,295.21255,50.31691,758.53,192.85,FALSE POSITIVE,0.0,89.55,20.7106853
K07502.01,,12004679,286.42569,50.417019,386.39,74.095,FALSE POSITIVE,0.0,56.59,2.521245368
K07503.01,,12004680,286.42703,50.4063,891.67,161.54500000000002,FALSE POSITIVE,0.008086253369272238,0.91,2.52122764
K07504.01,,12004689,286.43137,50.40144,763.0,89.895,FALSE POSITIVE,0.008086253369272238,0.81,2.5212708
K07505.01,,12013615,291.94641,50.48196,1072.01,323.44,FALSE POSITIVE,0.008086253369272238,110.46,8.202869679
K07506.01,,12016243,293.49564,50.48064,1197.43,284.67,CANDIDATE,0.25,1.41,11.8436119
K07507.01,,12022517,296.37537,50.486801,1128.26,233.495,FALSE POSITIVE,0.0,47.02,3.442714533
K01126.02,,6307521,297.75311,41.675991,946.54,125.93,FALSE POSITIVE,0.043478260869565216,28.22,475.91706
K01347.02,,7037540,293.02036,42.508835,1139.82,318.335,FALSE POSITIVE,0.25,0.9,0.858285844
K01427.02,,11129738,287.85773,48.774109,315.59,29.910000000000004,CANDIDATE,0.4883720930232558,0.84,4.88446644
K01574.04,,10028792,297.91687,46.96513,1349.57,118.86500000000001,CANDIDATE,0.9629629629629629,1.79,8.9772888
K01602.02,,4860678,297.79691,39.921371,1443.93,274.40999999999997,CANDIDATE,0.9629629629629629,1.55,3.03359398
K01681.04,,5531953,291.285,40.730049,203.05,30.44,CANDIDATE,0.847457627118644,10.39,21.9139549
K01803.03,,4349442,286.63553,39.488621,241.51,16.8,FALSE POSITIVE,0.6666666666666666,0.7,6.238315363
K01840.02,,7765528,295.8287,43.425491,1244.72,195.52,CANDIDATE,0.2916666666666667,20.91,9.3888216
K06321.01,,3327980,287.17612,38.433498,1183.42,316.45500000000004,FALSE POSITIVE,0.0,191.42,2.115510941
K06322.01,,3329643,287.77148,38.498711,1129.34,270.605,FALSE POSITIVE,0.008086253369272238,1.98,1.015044104
K06323.01,,3335816,289.6983,38.406609,404.81,96.985,FALSE POSITIVE,0.008086253369272238,55.69,3.711013336
K06324.01,,3337438,290.14084,38.493809,2615.86,1273.38,FALSE POSITIVE,0.043478260869565216,5.65,2.97606298
K06325.01,,3337548,290.16632,38.47644,999.06,187.0,FALSE POSITIVE,0.0,0.85,2.97586085
K06326.01,,3339538,290.73944,38.414139,609.27,274.125,FALSE POSITIVE,0.008086253369272238,121.59,14.658013949
K06327.01,,3341934,291.38623,38.49147,1329.63,317.13,FALSE POSITIVE,0.008086253369272238,45.2,18.839487435
K06328.01,,3343866,291.86655,38.409081,978.63,521.625,FALSE POSITIVE,0.008086253369272238,1.9,0.555973803
K06456.01,,4839180,292.83759,39.93383,747.89,188.57,FALSE POSITIVE,0.008086253369272238,78.3,4.426344495
K06457.01,,4840263,293.12161,39.975552,1301.32,279.51,FALSE POSITIVE,0.0,110.91,0.957823876
K06458.01,,4840818,293.27969,39.91576,865.18,190.315,FALSE POSITIVE,0.0,42.15,5.024768971
K06459.01,,4847832,295.07663,39.958279,280.93,72.95,FALSE POSITIVE,0.008086253369272238,62.08,30.960216668
K06460.01,,4851217,295.83401,39.952259,742.16,112.17,FALSE POSITIVE,0.0,157.82,2.470283788
K06461.01,,4851338,295.86285,39.96711,1226.2,257.435,FALSE POSITIVE,0.008086253369272238,0.92,1.23516416
K06462.01,,4851356,295.8656,39.9641,832.04,226.55,FALSE POSITIVE,0.008086253369272238,0.7,1.23513471
K06463.01,,4862332,298.16129,39.90097,6675.37,1624.905,FALSE POSITIVE,0.008086253369272238,20.96,0.8903331
K06464.01,,4862625,298.21509,39.955101,705.72,145.065,FALSE POSITIVE,0.018867924528301886,21.57,20.000242814
K06576.01,,5393558,299.18677,40.501701,801.23,208.31,FALSE POSITIVE,0.008086253369272238,81.1,10.217121652
K06577.01,,5397905,299.9982,40.550259,337.58,54.655,FALSE POSITIVE,0.008086253369272238,0.51,0.618060842
K06578.01,,5444392,290.5174,40.696812,397.56,80.125,FALSE POSITIVE,0.0,138.54,0.759764419
K06579.01,,5456979,294.28778,40.692741,1210.04,279.73,CANDIDATE,0.008086253369272238,1.17,2.6528082
K06580.01,,5460835,295.29691,40.66156,739.89,169.66,FALSE POSITIVE,0.0,53.0,21.539269242
K06581.01,,5462901,295.75555,40.61866,494.34,53.025000000000006,FALSE POSITIVE,0.008086253369272238,37.93,5.270733213
K06582.01,,5466109,296.4718,40.681622,1151.4,258.445,CANDIDATE,0.008086253369272238,1.07,2.43135542
K06583.01,,5471010,297.54706,40.615742,914.27,156.185,FALSE POSITIVE,0.008086253369272238,1.3,12.4232158
K06711.01,,6447326,293.26874,41.850719,1553.48,349.4,FALSE POSITIVE,0.008086253369272238,1.66,4.3206933
K06712.01,,6448768,293.72183,41.873131,1224.72,253.89999999999998,FALSE POSITIVE,0.008086253369272238,46.92,16.486796364
K06713.01,,6449291,293.87863,41.856449,1044.47,479.315,FALSE POSITIVE,0.018867924528301886,3.13,5.7768734
K06714.01,,6449552,293.94894,41.855461,802.05,165.01,FALSE POSITIVE,0.008086253369272238,68.52,20.148807707
K06715.01,,6452742,294.88351,41.800461,835.22,182.89,FALSE POSITIVE,0.0,46.27,0.687772143
K06716.01,,6464285,297.67096,41.87598,339.26,41.28,FALSE POSITIVE,0.0,39.98,0.843651274
K06717.01,,6466939,298.25748,41.850639,366.69,35.38,FALSE POSITIVE,0.0,43.5,1.142946648
K06718.01,,6468938,298.69,41.880852,603.59,151.255,FALSE POSITIVE,0.008086253369272238,89.71,7.217010987
K07885.01,,8429014,291.1738,44.449799,969.71,250.71,FALSE POSITIVE,0.008086253369272238,42.47,9.72869627
K06844.01,,7200301,291.76828,42.757221,763.33,147.89,FALSE POSITIVE,0.008086253369272238,0.66,0.566791802
K06845.01,,7203179,292.68881,42.748001,776.12,186.32,FALSE POSITIVE,0.0,99.05,2.245738777
K06846.01,,7203194,292.69376,42.760899,820.27,181.415,FALSE POSITIVE,0.008086253369272238,0.74,2.24572117
K06847.01,,7204073,292.95926,42.799252,101.09,12.46,FALSE POSITIVE,0.018867924528301886,0.55,0.566801906
K06848.01,,7212722,295.37515,42.75378,530.71,94.125,FALSE POSITIVE,0.0,49.53,2.316171991
K06849.01,,7217088,296.39548,42.78014,1093.11,159.155,CANDIDATE,0.25,1.88,12.54474243
K06850.01,,7280953,291.45313,42.851227,67.15,12.705,FALSE POSITIVE,0.0,,0.56680208
K06851.01,,7281217,291.52869,42.86697,914.23,153.745,FALSE POSITIVE,0.008086253369272238,1.49,0.566810701
K06852.01,,7281229,291.53311,42.83847,1718.27,381.12,FALSE POSITIVE,0.008086253369272238,23.19,0.566813319
K06976.01,,8143170,281.08948,44.057941,1132.43,288.78000000000003,FALSE POSITIVE,0.008086253369272238,91.26,28.787257509
K06977.01,,8145789,282.75241,44.048721,581.86,72.28,FALSE POSITIVE,0.008086253369272238,30.54,0.835315046
K06978.01,,8145958,282.84103,44.049728,628.89,109.44,CANDIDATE,0.25,0.84,3.07551068
K06979.01,,8155584,287.90555,44.01086,1428.39,378.33000000000004,FALSE POSITIVE,0.008086253369272238,61.04,26.0164225
K06980.01,,8155654,287.94165,44.008018,1364.44,347.355,CANDIDATE,0.008086253369272238,1.08,6.29340543
K06981.01,,8158324,289.18787,44.006969,1019.01,120.965,FALSE POSITIVE,0.0,1.63,593.19521
K06982.01,,8162376,290.59076,44.002579,281.86,23.755,FALSE POSITIVE,0.008086253369272238,0.41,0.706430188
K06983.01,,8167504,292.46378,44.090111,701.56,78.28,CANDIDATE,0.25,0.85,7.7021729
K07112.01,,8953281,291.93063,45.22002,574.74,69.7,FALSE POSITIVE,0.008086253369272238,1.14,0.78430061
K07113.01,,8953426,291.99097,45.234138,415.64,103.00999999999999,FALSE POSITIVE,0.0,67.43,2.665875491
K07114.01,,8953475,292.01447,45.205681,811.3,235.03,FALSE POSITIVE,0.25,0.99,2.6658312
K07115.01,,8957572,293.5484,45.201,1197.94,293.21000000000004,FALSE POSITIVE,0.0,15.68,1.5765874
K07116.01,,8958811,293.96545,45.273571,568.32,67.97,CANDIDATE,0.043478260869565216,0.62,2.52557582
K07117.01,,8958939,294.00787,45.232689,1703.27,291.65,CANDIDATE,0.043478260869565216,1.01,8.2927558
K07117.02,,8958939,294.00787,45.232689,1703.27,291.65,CANDIDATE,0.008086253369272238,1.45,22.786522
K07118.01,,8973000,297.89444,45.211189,394.41,29.04,FALSE POSITIVE,0.0,31.3,28.027891356
K07242.01,,9881258,287.12561,46.733479,527.89,123.415,FALSE POSITIVE,0.0,50.28,2.028512246
K07243.01,,9899153,295.14157,46.793919,552.92,65.57000000000001,FALSE POSITIVE,0.008086253369272238,0.63,1.33256167
K07244.01,,9899193,295.15475,46.736641,950.09,236.27499999999998,FALSE POSITIVE,0.0,0.96,1.332567821
K07245.01,,9899410,295.2258,46.76009,5917.44,1351.8400000000001,FALSE POSITIVE,0.008086253369272238,28.37,1.332545609
K07246.01,,9899421,295.23248,46.77037,2101.97,256.77,FALSE POSITIVE,0.008086253369272238,16.03,1.33256256
K07247.01,,9899577,295.28519,46.770592,603.0,88.38,FALSE POSITIVE,0.008086253369272238,0.67,1.33258981
K07248.01,,9899583,295.28735,46.75449,1030.15,238.82,FALSE POSITIVE,0.008086253369272238,0.84,1.33258375
K07249.01,,9906489,297.52359,46.703129,397.27,64.44,FALSE POSITIVE,0.008086253369272238,28.97,8.9648813
K07376.01,,10815677,298.17337,48.173611,1266.21,266.085,CANDIDATE,0.25,1.18,1.284241817
K07377.01,,10816107,298.29193,48.194691,748.22,228.95999999999998,FALSE POSITIVE,0.008086253369272238,29.61,2.161583501
K07378.01,Kepler-1999 b,10843431,282.37042,48.259289,642.19,77.355,CONFIRMED,0.625,3.29,8.7396758
K07379.01,,10847907,285.25192,48.286209,1104.14,351.835,FALSE POSITIVE,0.0,1.42,0.535493486
K07380.01,,10848097,285.35583,48.221489,769.23,88.705,CANDIDATE,0.008086253369272238,1.21,15.9474242
K07381.01,,10849244,285.97827,48.225491,342.58,59.78,FALSE POSITIVE,0.0,58.48,24.261683827
K07382.01,,10857589,290.13074,48.289848,1004.99,189.41,FALSE POSITIVE,0.008086253369272238,24.35,32.532521502
K07383.01,,10866969,294.20096,48.250061,1326.94,339.03499999999997,CANDIDATE,0.008086253369272238,1.2,50.0122
K07508.01,,12022718,296.44351,50.420441,755.99,159.52,FALSE POSITIVE,0.008086253369272238,32.62,4.627775175
K07509.01,,12053823,286.68756,50.531506,1680.42,574.355,FALSE POSITIVE,0.008086253369272238,2.5,28.7850347
K07510.01,,12067960,294.73962,50.566841,987.86,173.465,CANDIDATE,0.25,1.04,5.60682001
K07511.01,,12071006,296.10501,50.518471,2109.12,332.185,FALSE POSITIVE,0.0,406.97,6.096030635
K07512.01,,12105785,288.4874,50.675461,1060.45,283.365,FALSE POSITIVE,0.008086253369272238,47.96,31.953038766
K07513.01,,12106875,289.14355,50.611198,1011.82,216.76,FALSE POSITIVE,0.008086253369272238,1.17,5.9371708
K07514.01,,12157983,290.65952,50.711342,464.41,88.685,FALSE POSITIVE,0.008086253369272238,18.93,0.577844035
K07515.01,,12164751,294.38742,50.717098,871.39,218.945,FALSE POSITIVE,0.0,83.5,2.630090609
K07516.01,,12217907,296.27115,50.886292,738.37,174.495,FALSE POSITIVE,0.0,43.15,43.204596783
K01957.02,,10028352,297.79224,46.935829,919.5,178.95499999999998,FALSE POSITIVE,0.008086253369272238,1.8,1.75147897
K02050.02,,6307083,297.63519,41.641869,189.28,14.04,CANDIDATE,0.2916666666666667,0.74,3.17796408
K02103.02,,7620413,295.50269,43.232792,863.96,110.205,CANDIDATE,0.625,0.82,3.66520844
K02199.02,,11705004,287.53503,49.801659,1056.37,165.855,CANDIDATE,0.625,1.18,3.05293416
K02232.02,,2854181,291.81302,38.088181,1078.77,134.425,CANDIDATE,0.4883720930232558,1.73,12.834857
K02321.02,,5978559,296.70724,41.203651,1042.69,117.035,CANDIDATE,0.25,1.43,36.2530992
K02421.02,,8838950,298.41931,45.071442,270.46,23.955,CANDIDATE,0.625,0.48,4.02321842
K02439.02,,6867555,293.12738,42.320099,1599.07,390.37,CANDIDATE,0.4883720930232558,1.32,7.5017934
K02449.02,,12208631,291.55051,50.825611,1066.36,149.3,CANDIDATE,0.2916666666666667,1.46,0.912351255
K06329.01,,3346543,292.52939,38.489079,1377.71,290.58,CANDIDATE,0.018867924528301886,2.06,12.4701111
K06330.01,,3352751,294.07187,38.426922,1265.39,155.85,FALSE POSITIVE,0.0,84.49,3.495457889
K06331.01,,3356193,294.87256,38.43446,1113.09,213.8,CANDIDATE,0.018867924528301886,1.36,5.8229815
K06332.01,,3427776,286.45258,38.538342,846.08,138.365,FALSE POSITIVE,0.008086253369272238,22.11,4.01668015
K06333.01,,3437739,289.79056,38.52906,1522.75,348.93,FALSE POSITIVE,0.008086253369272238,0.99,1.89134156
K06334.01,,3440230,290.47125,38.528561,2925.0,1078.56,FALSE POSITIVE,0.0,446.29,2.881100027
K06335.01,,3441340,290.81723,38.53912,595.66,136.44,FALSE POSITIVE,0.0,0.89,0.806277023
K06336.01,,3448323,292.64017,38.513569,1039.26,198.555,FALSE POSITIVE,0.008086253369272238,0.83,0.513482156
K06464.02,,4862625,298.21509,39.955101,705.72,145.065,FALSE POSITIVE,0.018867924528301886,1.94,225.66716
K06465.01,,4863369,298.38226,39.913521,993.11,182.565,FALSE POSITIVE,0.018867924528301886,1.01,4.24748886
K06466.01,,4863753,298.47495,39.92321,713.29,165.505,FALSE POSITIVE,0.008086253369272238,2.12,1.000012952
K06467.01,,4902030,283.61157,40.05624,587.26,59.574999999999996,FALSE POSITIVE,0.008086253369272238,51.97,0.878803439
K06468.01,,4908495,286.65768,40.02726,299.97,33.3,FALSE POSITIVE,0.008086253369272238,45.91,1.560158562
K06469.01,,4912589,288.3205,40.000523,522.28,163.325,FALSE POSITIVE,0.008086253369272238,74.5,34.188302705
K06470.01,,4914709,289.08063,40.026791,925.57,149.695,FALSE POSITIVE,0.4883720930232558,1.88,8.65303996
K06471.01,,4914737,289.08875,40.018162,233.31,17.0,FALSE POSITIVE,0.018867924528301886,0.85,8.65311903
K06584.01,,5471141,297.57599,40.61364,667.95,144.135,FALSE POSITIVE,0.018867924528301886,1.14,12.4253812
K06585.01,,5471328,297.62177,40.604099,731.94,89.82,FALSE POSITIVE,0.008086253369272238,4.72,12.42555999
K06586.01,,5471415,297.64334,40.62252,1399.99,336.66999999999996,FALSE POSITIVE,0.008086253369272238,8.43,12.4257442
K06587.01,,5471480,297.66238,40.68774,1243.09,234.435,FALSE POSITIVE,0.008086253369272238,2.17,12.4254241
K06588.01,,5475712,298.57382,40.676601,640.49,138.92,FALSE POSITIVE,0.0,40.11,2.991884392
K06589.01,,5479973,299.38046,40.694759,1095.57,246.745,FALSE POSITIVE,0.0,55.26,1.795273026
K06590.01,,5513822,284.32294,40.71521,427.75,97.38499999999999,FALSE POSITIVE,0.008086253369272238,0.47,0.755109271
K06591.01,,5513833,284.33002,40.736401,53.58,7.574999999999999,FALSE POSITIVE,0.008086253369272238,0.19,0.755101141
K06719.01,,6471229,299.16608,41.863049,577.79,104.095,FALSE POSITIVE,0.008086253369272238,1.02,1.75251585
K06720.01,,6471230,299.16617,41.861912,469.68,109.38,FALSE POSITIVE,0.008086253369272238,0.79,1.752450163
K06721.01,,6521174,291.42236,41.978939,861.82,161.79,FALSE POSITIVE,0.25,1.08,8.27923132
K06722.01,,6521542,291.52811,41.915958,786.17,177.23000000000002,FALSE POSITIVE,0.0,69.18,2.212877035
K06723.01,,6522353,291.79865,41.963551,869.46,136.935,FALSE POSITIVE,0.008086253369272238,0.78,0.845097627
K06724.01,,6522750,291.92892,41.956371,181.46,19.41,FALSE POSITIVE,0.008086253369272238,63.46,17.445640466
K06725.01,,6523216,292.08383,41.915031,1151.39,259.06,FALSE POSITIVE,0.043478260869565216,34.98,14.313157391
K06726.01,,6531485,294.58789,41.914261,1034.12,201.68,FALSE POSITIVE,0.0,37.5,0.676990194
K06727.01,,6531801,294.67725,41.90464,979.53,242.185,FALSE POSITIVE,0.008086253369272238,7.22,0.515875396
K06853.01,,7281356,291.56744,42.856178,1162.11,267.805,FALSE POSITIVE,0.008086253369272238,0.93,2.83401711
K06854.01,,7281399,291.58347,42.830051,469.48,54.459999999999994,FALSE POSITIVE,0.008086253369272238,0.64,0.566803996
K06855.01,,7281410,291.58682,42.890133,4110.24,513.78,FALSE POSITIVE,0.008086253369272238,,0.56681118
K06856.01,,7281616,291.64725,42.861191,754.75,89.63,FALSE POSITIVE,0.0,0.77,0.566799927
K06857.01,,7281699,291.68314,42.884411,1116.38,218.16,FALSE POSITIVE,0.008086253369272238,0.79,0.566786121
K06858.01,,7282008,291.77713,42.845871,946.6,144.245,FALSE POSITIVE,0.008086253369272238,0.65,0.56679797
K06859.01,,7285616,292.91879,42.850082,824.94,246.98,FALSE POSITIVE,0.008086253369272238,1.29,0.566802891
K06860.01,,7335514,280.77686,42.924541,185.04,10.7,CANDIDATE,0.008086253369272238,0.43,0.576732089
K06984.01,,8178616,296.06284,44.018822,584.02,92.74000000000001,FALSE POSITIVE,0.008086253369272238,0.47,1.01884975
K06985.01,,8180290,296.56937,44.01722,792.52,154.82999999999998,CANDIDATE,0.043478260869565216,0.81,10.9279755
K06986.01,,8183389,297.3703,44.09877,767.7,92.45,FALSE POSITIVE,0.008086253369272238,44.56,32.440339204
K06987.01,,8192861,299.71408,44.037189,575.24,118.88499999999999,FALSE POSITIVE,0.008086253369272238,10.04,0.552141897
K06988.01,,8193315,299.82968,44.040359,1002.77,257.73,FALSE POSITIVE,0.008086253369272238,74.23,2.62387291
K06989.01,,8195877,300.5683,44.029549,637.07,169.765,FALSE POSITIVE,0.0,60.74,0.75509861
K06990.01,,8196180,300.63577,44.053398,996.83,279.27,FALSE POSITIVE,0.0,105.82,3.671661096
K06991.01,,8210721,281.0105,44.15377,795.19,213.73,FALSE POSITIVE,0.008086253369272238,30.92,22.673145675
K07119.01,,8977176,298.87738,45.203979,807.29,226.365,FALSE POSITIVE,0.008086253369272238,1.22,0.50948306
K07120.01,,9001468,282.76163,45.398521,578.15,70.03999999999999,FALSE POSITIVE,0.0,42.58,17.329965871
K07121.01,,9005854,285.03131,45.380451,888.81,139.605,FALSE POSITIVE,0.0,42.05,1.890227354
K07122.01,,9007918,286.00845,45.35603,643.92,174.76999999999998,FALSE POSITIVE,0.0,103.41,1.387206724
K07123.01,,9007953,286.0213,45.343681,987.29,218.07999999999998,FALSE POSITIVE,0.008086253369272238,0.68,1.38718209
K07124.01,,9024857,292.87848,45.344372,913.99,165.515,FALSE POSITIVE,0.008086253369272238,34.88,35.026564845
K07125.01,,9025739,293.20148,45.354691,955.75,217.885,CANDIDATE,0.1971902209520607,0.93,7.918267
K07126.01,,9029486,294.47293,45.389721,551.0,140.885,FALSE POSITIVE,0.008086253369272238,59.24,3.138580493
K07250.01,,9906802,297.61273,46.738949,718.72,123.57500000000002,FALSE POSITIVE,0.008086253369272238,,9.26147679
K07251.01,,9906841,297.62296,46.75386,2893.24,639.245,FALSE POSITIVE,0.008086253369272238,161858.0,581.0723
K07252.01,,9909965,298.54852,46.756641,922.07,214.625,CANDIDATE,0.018867924528301886,1.17,10.2170589
K07253.01,,9913481,299.58655,46.765541,894.42,297.035,FALSE POSITIVE,0.0,200.24,3.50474265
K07254.01,,9913798,299.68179,46.735352,465.84,49.915,FALSE POSITIVE,0.008086253369272238,28.69,2.14344093
K07255.01,,9932197,280.99176,46.88937,1276.04,434.115,CANDIDATE,0.0,,86.95432088
K07256.01,,9934208,282.54208,46.856628,381.03,43.364999999999995,FALSE POSITIVE,0.008086253369272238,20.51,9.058487716
K07257.01,,9936698,284.06732,46.809582,1252.55,338.73,FALSE POSITIVE,0.0,88.52,2.856085147
K07384.01,,10867017,294.21442,48.258179,1037.41,216.14,FALSE POSITIVE,0.008086253369272238,0.85,0.876941133
K07385.01,,10909274,285.97623,48.320782,449.43,81.425,FALSE POSITIVE,0.008086253369272238,90.93,39.238141571
K07386.01,,10920813,292.21005,48.315643,334.22,49.535,FALSE POSITIVE,0.0,25.44,53.7406575
K07387.01,,10923260,293.34525,48.382301,867.17,200.05,FALSE POSITIVE,0.008086253369272238,31.39,7.436016459
K07388.01,,10924400,293.82587,48.34436,187.1,13.215,FALSE POSITIVE,0.008086253369272238,0.48,0.750737313
K07389.01,,10932270,296.84967,48.323318,1407.64,194.25,CANDIDATE,0.008086253369272238,11.03,27.5837778
K07390.01,,10936427,298.34381,48.335892,425.43,48.599999999999994,FALSE POSITIVE,0.0,45.9,14.361021578
K07391.01,,10937609,298.74158,48.326962,555.72,125.435,FALSE POSITIVE,0.0,50.18,2.570431263
K07392.01,,10965963,286.61066,48.479729,835.11,217.75,FALSE POSITIVE,0.008086253369272238,74.4,6.64024496
K07517.01,,12251779,287.57361,50.99873,853.44,198.04500000000002,FALSE POSITIVE,0.008086253369272238,28.97,14.844240386
K07518.01,,12268220,296.49069,50.905861,1175.4,404.855,FALSE POSITIVE,0.0,188.89,4.42158021
K07519.01,,12302391,288.40378,51.073761,1225.26,300.175,FALSE POSITIVE,0.0,56.62,25.321698729
K07520.01,,12304728,289.82199,51.063492,3605.52,897.38,CANDIDATE,0.008086253369272238,3.45,3.14735789
K07521.01,,12306808,291.11057,51.058929,386.81,65.21,FALSE POSITIVE,0.008086253369272238,46.42,37.878483588
K07522.01,,12351927,288.51062,51.162472,448.93,40.28,FALSE POSITIVE,0.008086253369272238,17.21,10.116144515
K07523.01,,12353633,289.5249,51.172005,906.89,341.385,FALSE POSITIVE,0.008086253369272238,1.12,0.684496369
K07524.01,,12353720,289.57025,51.125702,2017.46,516.65,FALSE POSITIVE,0.0,151.56,1.953285321
K07898.01,,8565912,294.10941,44.691078,1974.65,600.05,FALSE POSITIVE,0.0,114.4,1.012174295
K02523.02,,7778767,299.16953,43.44109,1328.59,190.8,CANDIDATE,0.6569934518264045,1.8,2.61090223
K02564.02,,9026749,293.57394,45.384541,2331.25,599.0699999999999,CANDIDATE,0.625,2.98,17.6637979
K02623.02,,10916600,290.02591,48.335949,728.18,112.89,CANDIDATE,0.4883720930232558,0.68,4.02664625
K02636.02,,6198182,289.68671,41.588928,285.82,33.775,CANDIDATE,0.018867924528301886,0.63,5.1777226
K00283.03,,5695396,288.53082,40.942299,222.4,27.415,CANDIDATE,0.8496562865257211,0.73,9.48814747
K02756.02,,6964929,296.23282,42.47279,984.7,116.21,CANDIDATE,0.847457627118644,0.92,5.06993245
K02896.02,,2853828,291.74017,38.014912,448.06,99.8,FALSE POSITIVE,0.25,1.57,346.36642
K02918.02,,7008149,281.55936,42.520489,781.38,109.185,FALSE POSITIVE,0.008086253369272238,,0.51554111
K06337.01,,3458919,295.14029,38.597542,362.79,67.455,FALSE POSITIVE,0.0,46.75,0.892061734
K06338.01,,3542573,290.85925,38.633808,508.28,148.345,FALSE POSITIVE,0.008086253369272238,89.62,3.471399214
K06339.01,,3543270,291.05762,38.64534,705.02,100.065,FALSE POSITIVE,0.0,31.35,4.176929219
K06340.01,,3544678,291.44281,38.623581,1249.16,226.66500000000002,FALSE POSITIVE,0.008086253369272238,,6.3762199
K06341.01,,3545626,291.70047,38.695129,1304.68,325.32,CANDIDATE,0.008086253369272238,,9.78184193
K06342.01,,3547178,292.10071,38.61499,466.22,113.27,CANDIDATE,0.043478260869565216,0.83,8.1770751
K06343.01,,3548622,292.47549,38.691311,860.04,185.835,CANDIDATE,0.0,1.96,569.45051
K06344.01,,3556742,294.47253,38.67551,389.51,26.419999999999998,FALSE POSITIVE,0.008086253369272238,22.17,0.823014905
K06472.01,,4917014,289.7692,40.021091,2355.22,533.775,FALSE POSITIVE,0.0,10.23,0.796815149
K06473.01,,4931073,293.82971,40.031189,890.24,222.625,FALSE POSITIVE,0.0,146.33,26.951237675
K06474.01,,4932691,294.24017,40.00745,1350.63,355.15999999999997,FALSE POSITIVE,0.0,96.62,18.11208877
K06475.01,,4939265,295.79138,40.01236,183.49,10.379999999999999,CANDIDATE,0.2916666666666667,1.54,4.84505985
K06476.01,,4940201,295.98352,40.061661,656.33,100.67999999999999,FALSE POSITIVE,0.008086253369272238,35.68,4.408295716
K06477.01,,4946680,297.38254,40.02417,1377.9,520.1800000000001,FALSE POSITIVE,0.008086253369272238,82.42,8.665259912
K06478.01,,4947726,297.61514,40.06081,933.05,173.665,FALSE POSITIVE,0.0,41.38,4.726086185
K06479.01,,4948863,297.85007,40.068722,855.63,140.57,FALSE POSITIVE,0.0,38.21,8.643550046
K07880.01,,8308516,294.95258,44.207909,695.73,145.47,CANDIDATE,0.0,1.81,623.70774
K06592.01,,5529501,290.4678,40.754238,516.48,81.38499999999999,FALSE POSITIVE,0.008086253369272238,0.5,1.51945182
K06593.01,,5529560,290.49057,40.722191,1339.61,328.555,FALSE POSITIVE,0.008086253369272238,0.91,0.759755409
K06594.01,,5530881,290.92267,40.777359,707.85,163.91,FALSE POSITIVE,0.008086253369272238,61.88,5.082523739
K06595.01,,5534476,292.11362,40.792179,760.29,127.62,FALSE POSITIVE,0.008086253369272238,0.94,1.02547271
K06596.01,,5534702,292.18344,40.707241,1497.35,288.42,FALSE POSITIVE,0.0,106.84,1.025465924
K06597.01,,5535280,292.34787,40.733101,906.68,186.44,FALSE POSITIVE,0.0,49.22,74.985292949
K06598.01,,5552808,296.82327,40.757229,715.05,194.485,CANDIDATE,0.008086253369272238,,10.95210361
K06599.01,,5553624,296.98712,40.77536,683.88,82.845,FALSE POSITIVE,0.0,74.87,25.762056721
K06600.01,,5564082,299.11465,40.748619,176.19,23.02,CANDIDATE,0.018867924528301886,0.69,2.70581614
K06729.01,,6545018,297.81381,41.963051,501.0,97.02000000000001,FALSE POSITIVE,0.0,45.2,1.995728294
K06730.01,,6548447,298.54251,41.953201,506.92,237.035,FALSE POSITIVE,0.0,52.8,10.768391927
K06731.01,,6551106,299.07507,41.94223,1130.83,240.67000000000002,CANDIDATE,0.018867924528301886,1.14,3.84615171
K06732.01,,6584167,283.72507,42.027374,817.09,257.37,FALSE POSITIVE,0.2916666666666667,0.96,0.733724504
K06733.01,,6584278,283.77316,42.070862,2829.44,717.105,CANDIDATE,0.008086253369272238,2.48,1.28940823
K06734.01,,6590726,286.60938,42.063229,1046.97,115.56,CANDIDATE,0.0,2.12,498.27269
K06735.01,,6591789,287.04648,42.000519,865.98,156.245,FALSE POSITIVE,0.0,55.3,5.08840787
K06736.01,,6593363,287.67276,42.059158,980.29,263.745,FALSE POSITIVE,0.008086253369272238,64.66,18.527824075
K06861.01,,7336754,281.49689,42.906078,589.45,134.025,FALSE POSITIVE,0.0,34.62,12.155241119
K06862.01,,7345335,285.50293,42.911789,714.08,129.715,CANDIDATE,0.018867924528301886,0.83,11.0495766
K06863.01,Kepler-1646 b,7350067,287.5264,42.912899,60.8,10.2,CONFIRMED,0.9629629629629629,0.95,4.48559215
K06864.01,,7362534,291.70813,42.96941,457.26,79.235,FALSE POSITIVE,0.008086253369272238,0.4,0.566789763
K06865.01,,7362632,291.74191,42.958309,1247.34,282.31,FALSE POSITIVE,0.0,0.91,0.566811926
K06866.01,,7365447,292.62149,42.92197,1197.44,301.655,FALSE POSITIVE,0.0,67.24,2.525386934
K06867.01,,7366036,292.79962,42.99033,305.29,55.17999999999999,FALSE POSITIVE,0.008086253369272238,0.62,0.566801506
K06868.01,,7366065,292.80829,42.976021,894.29,204.275,FALSE POSITIVE,0.008086253369272238,1.13,0.566803738
K06992.01,,8211521,281.56042,44.184818,655.42,85.53999999999999,FALSE POSITIVE,0.008086253369272238,0.74,1.69421771
K06993.01,,8227086,289.62292,44.104431,883.79,143.97500000000002,CANDIDATE,0.018867924528301886,1.09,13.8086331
K06994.01,,8227464,289.77121,44.139969,494.36,88.075,CANDIDATE,0.2916666666666667,0.7,4.25907841
K06995.01,,8229048,290.2905,44.134239,709.34,152.35,FALSE POSITIVE,0.0,50.48,2.739477089
K06996.01,,8231877,291.26697,44.197269,490.77,56.215,FALSE POSITIVE,0.008086253369272238,29.17,1.307761491
K06997.01,,8234477,292.22934,44.160789,1022.46,286.70500000000004,FALSE POSITIVE,0.008086253369272238,52.42,4.028671454
K06998.01,,8240109,294.22354,44.135658,2051.47,558.14,FALSE POSITIVE,0.0,140.23,2.30118753
K06999.01,,8240861,294.47131,44.12344,1753.71,462.01,FALSE POSITIVE,0.0,95.83,0.449249224
K07127.01,,9049010,299.62277,45.364079,1349.78,529.12,FALSE POSITIVE,0.008086253369272238,2.89,0.687004402
K07128.01,,9083503,289.73306,45.43795,953.39,149.26,FALSE POSITIVE,0.008086253369272238,1.0,0.91839938
K07129.01,,9085039,290.38025,45.445419,696.86,169.005,CANDIDATE,0.008086253369272238,1.74,64.1983721
K07130.01,,9093566,293.57108,45.413639,1210.02,289.255,FALSE POSITIVE,0.008086253369272238,0.76,0.94356284
K07131.01,,9098590,295.18893,45.40617,839.12,147.91,FALSE POSITIVE,0.008086253369272238,21.11,2.243569483
K07132.01,,9098810,295.26965,45.476009,380.06,77.52000000000001,FALSE POSITIVE,0.008086253369272238,58.19,8.258181993
K07133.01,,9099773,295.55292,45.473431,1367.47,257.4,CANDIDATE,0.043478260869565216,2.16,82.78482
K07134.01,,9101208,295.97623,45.440338,1107.51,239.14999999999998,FALSE POSITIVE,0.008086253369272238,14.47,1.81139053
K07258.01,,9943009,287.76895,46.83194,591.97,110.535,CANDIDATE,0.043478260869565216,0.79,2.4376438
K07259.01,,9944201,288.49091,46.804989,446.37,45.765,CANDIDATE,0.018867924528301886,11.04,0.721522907
K07260.01,,9944421,288.6192,46.802971,760.55,131.01999999999998,FALSE POSITIVE,0.0,50.23,7.09520543
K07261.01,,9945280,289.09744,46.811081,870.7,302.185,FALSE POSITIVE,0.0,71.9,0.651731691
K07262.01,,9953736,292.85281,46.85136,945.86,243.385,FALSE POSITIVE,0.008086253369272238,1.26,0.50818743
K07263.01,,9958053,294.62296,46.826469,1456.59,484.78499999999997,FALSE POSITIVE,0.0,,2.73398963
K07264.01,,9959093,295.04248,46.863991,1132.91,270.49,CANDIDATE,0.008086253369272238,1.83,19.1644498
K07265.01,,9963009,296.4682,46.85178,973.83,237.09,FALSE POSITIVE,0.008086253369272238,27.38,40.069674617
K07893.01,,8545603,285.1973,44.64661,1220.94,265.62,FALSE POSITIVE,0.008086253369272238,2.11,55.884827
K07393.01,,10976412,292.2048,48.417881,714.52,448.245,FALSE POSITIVE,0.018867924528301886,3.1,3.75938475
K07394.01,,10979716,293.79077,48.401421,291.42,28.34,FALSE POSITIVE,0.008086253369272238,26.43,10.6840477
K07395.01,,10982373,294.90292,48.477211,1711.9,457.1,FALSE POSITIVE,0.008086253369272238,,2.00280845
K07396.01,,10987439,296.82587,48.443378,283.94,43.12,FALSE POSITIVE,0.008086253369272238,68.58,10.67459836
K07397.01,,10989032,297.39349,48.410751,2635.87,740.45,FALSE POSITIVE,0.0,89.22,2.305097141
K07398.01,,10991989,298.52713,48.418591,1317.13,630.995,FALSE POSITIVE,0.0,618.37,0.974477904
K07399.01,,10992733,298.80557,48.471989,827.39,163.345,FALSE POSITIVE,0.008086253369272238,64.42,18.525917446
K07400.01,,11019739,286.40033,48.521961,817.77,109.655,CANDIDATE,0.2916666666666667,1.09,4.15736472
K07525.01,,12356746,291.27692,51.135712,526.11,110.81,FALSE POSITIVE,0.0,43.95,0.502454299
K07526.01,,12356914,291.3735,51.153381,883.21,135.59,FALSE POSITIVE,0.008086253369272238,47.06,27.308150159
K07527.01,,12365000,295.32907,51.137798,1312.98,617.43,FALSE POSITIVE,0.0,134.45,1.262742487
K07528.01,,12365015,295.33847,51.105068,243.99,25.275,FALSE POSITIVE,0.0,,0.59586463
K07529.01,,12367017,296.23392,51.141869,620.59,94.22999999999999,FALSE POSITIVE,0.008086253369272238,30.32,1.222127938
K07530.01,,12367310,296.34995,51.12344,1792.23,856.685,FALSE POSITIVE,0.008086253369272238,188.55,8.627475562
K07531.01,,12403968,289.33759,51.20903,883.04,117.76,FALSE POSITIVE,0.008086253369272238,1.03,0.589753355
K07532.01,,12418662,296.38013,51.209721,889.36,164.62,FALSE POSITIVE,0.008086253369272238,42.98,2.751566365
K07533.01,,12418816,296.44193,51.224319,106.47,9.605,FALSE POSITIVE,0.008086253369272238,35.68,0.760935268
K03019.02,,8709688,298.40137,44.838181,1026.91,152.19,CANDIDATE,0.2916666666666667,0.99,2.012094
K03051.02,,9959492,295.19968,46.832321,1455.58,252.45,FALSE POSITIVE,0.25,1.13,1.33258772
K03053.02,,2716801,292.25464,37.97142,1289.68,291.72,CANDIDATE,0.4883720930232558,1.38,9.4767057
K03068.02,,3230805,290.26028,38.354988,492.96,55.415000000000006,CANDIDATE,0.847457627118644,0.84,6.65171459
K03344.03,,11810124,289.66489,50.020039,1276.88,211.78500000000003,CANDIDATE,0.847457627118644,2.84,208.54335
K03348.02,,9349757,294.69406,45.86684,1184.31,171.635,CANDIDATE,0.847457627118644,1.44,17.7189786
K03395.02,,3219037,286.54041,38.3326,820.21,172.2,CANDIDATE,0.2916666666666667,0.78,5.0395851
K03425.03,,9117416,300.31619,45.49538,883.35,306.45500000000004,CANDIDATE,0.875,1.85,7.64370363
K06345.01,,3558803,294.94058,38.635689,1465.24,461.885,FALSE POSITIVE,0.0,216.31,1.353414369
K06346.01,,3634169,288.01553,38.709862,922.16,252.54000000000002,FALSE POSITIVE,0.008086253369272238,0.65,2.9590637
K06347.01,,3644174,291.06226,38.787151,483.91,49.120000000000005,FALSE POSITIVE,0.008086253369272238,1.05,1.806631432
K06348.01,,3655326,293.92529,38.738979,1231.01,234.115,FALSE POSITIVE,0.0,88.56,15.066491533
K06349.01,,3656322,294.16028,38.767429,703.29,462.44,FALSE POSITIVE,0.0,49.38,1.831829703
K06350.01,,3656700,294.25818,38.706928,893.0,184.17000000000002,FALSE POSITIVE,0.0,49.08,0.738527259
K06351.01,,3659940,295.00464,38.775478,862.13,168.125,FALSE POSITIVE,0.0,43.47,0.89627093
K06352.01,,3663494,295.73334,38.792011,1013.26,229.06,CANDIDATE,0.043478260869565216,1.16,5.11683678
K06480.01,,4949027,297.88528,40.097321,1047.24,227.675,FALSE POSITIVE,0.008086253369272238,0.94,1.06100327
K06481.01,,4949214,297.93069,40.014961,1027.35,214.6,FALSE POSITIVE,0.0,49.63,0.922030594
K06482.01,,4950341,298.16547,40.005249,539.52,112.625,FALSE POSITIVE,0.008086253369272238,1.53,611.09299
K06483.01,,4950557,298.21442,40.0732,703.95,176.55,FALSE POSITIVE,0.008086253369272238,112.24,24.714790706
K06484.01,,4995716,286.54742,40.150539,919.72,151.19,CANDIDATE,0.008086253369272238,1.34,16.1191449
K06485.01,,5000179,288.35828,40.17466,3159.06,1033.64,FALSE POSITIVE,0.008086253369272238,,3.6329347
K06486.01,,5017058,293.53088,40.15049,725.55,197.99,FALSE POSITIVE,0.0,68.69,1.161947482
K06487.01,,5018787,293.99124,40.18964,686.64,77.68,FALSE POSITIVE,0.008086253369272238,12.44,0.607191908
K07881.01,,8345473,282.18466,44.359459,1719.31,234.025,FALSE POSITIVE,0.0,19.94,2.2502073
K06601.01,,5597361,283.13373,40.852421,979.76,228.97000000000003,CANDIDATE,0.018867924528301886,1.62,17.9925973
K06602.01,,5598639,283.77744,40.842037,69.89,9.775,FALSE POSITIVE,0.0,41.58,0.648775795
K06603.01,,5610698,288.92068,40.881302,1111.68,343.8,FALSE POSITIVE,0.0,93.1,4.132521615
K06604.01,,5616489,290.72864,40.866501,4033.15,569.23,FALSE POSITIVE,0.008086253369272238,200346.0,410.88527
K06605.01,,5617510,291.04001,40.84993,506.38,111.235,CANDIDATE,0.25,2.39,74.371666
K06606.01,,5621294,292.21927,40.89333,3096.7,1126.45,FALSE POSITIVE,0.0,205.64,0.938905082
K06607.01,,5621299,292.22049,40.88567,1458.86,281.52,FALSE POSITIVE,0.008086253369272238,1.13,0.93891532
K06608.01,,5622250,292.51321,40.82756,1241.9,232.3,FALSE POSITIVE,0.008086253369272238,68.05,16.294213708
K06609.01,,5632781,295.43829,40.843578,659.84,284.28499999999997,FALSE POSITIVE,0.008086253369272238,164.02,11.02520205
K06737.01,,6594972,288.29306,42.057369,747.85,167.385,FALSE POSITIVE,0.008086253369272238,67.76,10.819169459
K06738.01,,6595662,288.53311,42.047619,1005.16,246.21499999999997,FALSE POSITIVE,0.008086253369272238,48.86,2.680514453
K06739.01,,6603765,291.09485,42.002918,649.38,75.81,CANDIDATE,0.018867924528301886,1.11,19.164111
K06740.01,,6606282,291.87244,42.030499,2869.87,1155.345,FALSE POSITIVE,0.0,299.87,1.053573674
K06741.01,,6606669,291.99316,42.049259,2243.1,519.855,FALSE POSITIVE,0.0,18.65,0.970085646
K06742.01,,6607610,292.27612,42.037739,2931.24,693.04,FALSE POSITIVE,0.018867924528301886,77.1,63.52017525
K06743.01,,6610219,293.02563,42.001381,733.69,134.25,FALSE POSITIVE,0.008086253369272238,97.12,11.300987626
K06744.01,,6610433,293.08749,42.024651,616.41,131.975,FALSE POSITIVE,0.008086253369272238,,0.92098747
K06869.01,,7368103,293.41541,42.917259,1977.92,479.46,FALSE POSITIVE,0.0,128.15,2.182515126
K06870.01,,7369523,293.8414,42.948139,989.38,215.36,FALSE POSITIVE,0.0,61.52,2.659418888
K06871.01,,7376982,295.82541,42.941639,688.23,171.7,FALSE POSITIVE,0.0774053034966348,0.7,2.31610674
K06872.01,,7381580,296.91513,42.905079,1048.95,152.78500000000003,CANDIDATE,0.008086253369272238,0.88,13.5164708
K06873.01,,7381695,296.93594,42.954231,1125.95,211.165,FALSE POSITIVE,0.008086253369272238,1.12,0.948683571
K06874.01,,7385387,297.7178,42.989311,1042.04,185.415,FALSE POSITIVE,0.008086253369272238,0.9,1.65546056
K06875.01,,7385478,297.74109,42.99609,553.71,178.855,FALSE POSITIVE,0.0,125.25,1.655472351
K06876.01,,7421876,283.18817,43.01564,670.33,183.35,FALSE POSITIVE,0.008086253369272238,,4.50279037
K07000.01,,8243263,295.22525,44.112679,646.02,162.365,FALSE POSITIVE,0.0,40.79,1.759276227
K07001.01,,8244295,295.54388,44.12537,751.18,83.09,FALSE POSITIVE,0.008086253369272238,0.74,1.09206792
K07002.01,,8248103,296.69574,44.150761,918.09,188.545,CANDIDATE,0.2916666666666667,1.3,4.83014159
K07003.01,,8256882,298.88669,44.11586,998.21,195.25,CANDIDATE,0.018867924528301886,1.35,2.41194057
K07004.01,,8262223,300.33246,44.144138,1250.31,328.53,FALSE POSITIVE,0.0,157.33,1.613014741
K07005.01,,8265520,301.21725,44.13343,3591.66,1754.425,FALSE POSITIVE,0.018867924528301886,9.2,6.2089181
K07006.01,,8265990,301.36261,44.173409,822.65,253.435,FALSE POSITIVE,0.008086253369272238,0.83,0.77996263
K07007.01,,8283875,284.77267,44.249371,418.98,50.39,CANDIDATE,0.043478260869565216,0.77,0.800263219
K07135.01,,9119405,300.89032,45.403431,1733.01,789.505,FALSE POSITIVE,0.008086253369272238,213.31,18.646323091
K07136.01,,9150870,290.30801,45.598412,1259.73,200.89,CANDIDATE,0.008086253369272238,2.27,441.17369
K07137.01,,9156957,292.78583,45.585789,283.41,24.53,FALSE POSITIVE,0.008086253369272238,0.62,3.6673005
K07138.01,,9159301,293.69333,45.517021,1482.55,525.47,FALSE POSITIVE,0.0,231.93,3.044771557
K07139.01,,9163674,295.28845,45.518337,1557.93,508.65,FALSE POSITIVE,0.0,107.13,0.773144492
K07140.01,,9164788,295.69476,45.529202,914.53,242.345,FALSE POSITIVE,0.008086253369272238,1.53,2.66811113
K07141.01,,9172506,297.96613,45.545792,487.0,115.33500000000001,FALSE POSITIVE,0.008086253369272238,51.5,50.440285363
K07142.01,,9179531,299.92822,45.595081,836.57,189.655,FALSE POSITIVE,0.0,40.58,3.255385289
K07266.01,,9963639,296.69196,46.869171,880.87,311.87,FALSE POSITIVE,0.008086253369272238,0.81,7.4185369
K07267.01,,9965691,297.32681,46.845211,1155.04,320.0,FALSE POSITIVE,0.008086253369272238,56.23,15.68434493
K07268.01,,9971475,298.99442,46.812408,870.12,366.28499999999997,FALSE POSITIVE,0.008086253369272238,124.05,5.357409918
K07269.01,,10000490,286.556,46.95734,535.98,163.57,FALSE POSITIVE,0.0,98.13,1.400991827
K07270.01,,10002049,287.46475,46.96841,1256.24,272.08000000000004,CANDIDATE,0.008086253369272238,1.42,19.2532128
K07271.01,,10014702,293.12991,46.921768,1090.27,239.82,FALSE POSITIVE,0.008086253369272238,0.82,1.34062901
K07272.01,,10019854,295.08221,46.941711,1524.63,361.03000000000003,CANDIDATE,0.018867924528301886,1.26,14.1011023
K07273.01,,10020423,295.29791,46.920471,919.75,64.935,FALSE POSITIVE,0.008086253369272238,34.37,7.448375935
K07401.01,,11027270,290.64642,48.597092,588.57,189.095,FALSE POSITIVE,0.008086253369272238,2.41,0.533628226
K07402.01,,11027722,290.90582,48.531811,838.44,164.375,FALSE POSITIVE,0.0,30.37,0.678137665
K07403.01,,11029877,291.95267,48.568878,924.44,102.31,FALSE POSITIVE,0.0,55.45,2.069415479
K07404.01,,11068630,282.55869,48.63097,1321.56,295.56,CANDIDATE,0.008086253369272238,1.39,1.817079849
K07405.01,,11071207,284.41779,48.680908,1151.39,313.05499999999995,FALSE POSITIVE,0.008086253369272238,95.98,8.04963472
K07406.01,,11073223,285.71439,48.601822,1127.13,265.77,FALSE POSITIVE,0.008086253369272238,58.32,11.578946873
K07407.01,,11076279,287.64722,48.646679,2123.59,647.1500000000001,FALSE POSITIVE,0.0,123.25,1.47258471
K07408.01,,11092783,295.83051,48.602261,323.46,17.98,CANDIDATE,0.043478260869565216,19.07,5.15998178
K07409.01,,11124509,284.40344,48.70808,780.31,162.155,FALSE POSITIVE,0.008086253369272238,36.15,4.446459958
K07534.01,,12454800,288.29788,51.326519,716.37,174.88,CANDIDATE,0.018867924528301886,0.92,23.3787733
K07535.01,,12458817,290.54504,51.32362,616.63,68.49,CANDIDATE,0.008086253369272238,4.11,15.09984259
K07536.01,,12470530,296.24603,51.369099,494.77,52.4,FALSE POSITIVE,0.008086253369272238,46.82,8.207257515
K07537.01,,12504353,287.86331,51.488522,1336.12,329.66999999999996,FALSE POSITIVE,0.008086253369272238,2.44,498.68845
K07538.01,,12506342,289.04477,51.415379,477.53,52.57,FALSE POSITIVE,0.25,1.0,1.22775105
K07539.01,,12519942,296.28311,51.404362,605.19,44.86,CANDIDATE,0.008086253369272238,1.3,15.3416245
K07540.01,,12555616,289.82422,51.552029,536.57,113.3,CANDIDATE,0.25,0.92,21.980467
K07541.01,,12557713,291.08231,51.558361,343.05,32.77,FALSE POSITIVE,0.008086253369272238,16.79,7.214721393
K02704.03,Kepler-445 d,9730163,298.73611,46.498634,75.22,24.54,CONFIRMED,0.4883720930232558,2.44,8.15275885
K03461.02,,2437112,290.20361,37.774342,789.93,84.55,FALSE POSITIVE,0.008086253369272238,0.81,3.18740907
K03716.02,,8719324,301.11429,44.825802,597.47,162.43,FALSE POSITIVE,0.008086253369272238,,10.23273611
K04006.02,,5471690,297.72531,40.640789,1002.99,257.325,FALSE POSITIVE,0.1759270042160272,1.12,0.962815183
K04032.05,,7100673,285.72849,42.65453,358.13,52.370000000000005,CANDIDATE,1.0,0.82,7.23524221
K04084.02,,3937814,286.05243,39.09605,925.31,114.36500000000001,CANDIDATE,0.7333333333333333,1.78,10.72900793
K04084.03,,3937814,286.05243,39.09605,925.31,114.36500000000001,CANDIDATE,0.875,1.55,8.19619768
K04157.02,,4548098,287.41006,39.65868,485.67,62.30499999999999,CANDIDATE,0.25,0.83,5.215752
K04211.02,,5078025,283.72379,40.23756,931.12,206.495,FALSE POSITIVE,0.008086253369272238,12.63,0.696290095
K06353.01,,3733638,287.22351,38.817612,1350.78,641.37,CANDIDATE,0.25,1.98,10.0714369
K06354.01,,3746248,291.2598,38.897999,1776.39,435.335,FALSE POSITIVE,0.008086253369272238,1.63,0.62240698
K06355.01,,3748855,291.93356,38.827202,818.72,176.14499999999998,CANDIDATE,0.625,0.93,4.37198905
K06355.02,,3748855,291.93356,38.827202,818.72,176.14499999999998,CANDIDATE,0.25,1.03,6.72876606
K06356.01,,3757588,294.1434,38.893162,674.39,107.42500000000001,FALSE POSITIVE,0.008086253369272238,9.39,24.09002065
K06357.01,,3764411,295.68594,38.889359,1310.08,233.43,FALSE POSITIVE,0.008086253369272238,1.42,4.4158933
K06358.01,,3765692,295.92456,38.876968,858.22,118.055,CANDIDATE,0.043478260869565216,1.32,3.09383248
K06359.01,,3766353,296.05377,38.89426,768.57,167.4,FALSE POSITIVE,0.008086253369272238,40.68,2.666961614
K06488.01,,5019567,294.18454,40.150372,929.4,234.89999999999998,FALSE POSITIVE,0.008086253369272238,2.22,1.17430183
K06489.01,,5021432,294.6561,40.13726,844.0,168.2,CANDIDATE,0.008086253369272238,,14.05652256
K06490.01,,5021732,294.7312,40.15049,745.11,172.765,FALSE POSITIVE,0.0,51.71,15.039464523
K06491.01,,5022440,294.90256,40.169979,1037.44,195.565,FALSE POSITIVE,0.008086253369272238,20.88,3.693951168
K06492.01,,5022900,295.01114,40.151402,1157.81,236.825,FALSE POSITIVE,0.0,0.83,1.05680287
K06493.01,,5024126,295.27374,40.133659,799.94,113.25,FALSE POSITIVE,0.008086253369272238,20.76,0.787122102
K06494.01,,5024268,295.29596,40.186569,2361.97,540.1650000000001,FALSE POSITIVE,0.008086253369272238,24.27,2.15045295
K06495.01,,5024372,295.31177,40.19759,579.28,59.805,FALSE POSITIVE,0.0,0.43,0.561524348
K06610.01,,5633259,295.55298,40.877991,860.2,159.965,CANDIDATE,0.0,,315.07717192
K06611.01,,5647638,298.64252,40.838909,1201.71,428.605,FALSE POSITIVE,0.008086253369272238,1.92,1.21607873
K06612.01,,5653126,299.702,40.896271,1037.19,357.53499999999997,FALSE POSITIVE,0.008086253369272238,124.34,38.49536985
K06613.01,,5686974,284.87558,40.984428,630.03,137.74,FALSE POSITIVE,0.043478260869565216,1.07,4.18224416
K06614.01,,5696909,289.07111,40.978809,966.68,277.97,FALSE POSITIVE,0.008086253369272238,36.82,0.643002821
K06615.01,,5697628,289.30341,40.924229,505.87,29.835,FALSE POSITIVE,0.008086253369272238,0.47,1.95119541
K06616.01,,5700330,290.15335,40.90163,1075.42,217.435,FALSE POSITIVE,0.008086253369272238,55.22,53.220416998
K06617.01,,5702770,290.91504,40.988499,902.09,183.81,CANDIDATE,0.043478260869565216,0.9,8.0018897
K06745.01,,6614748,294.28693,42.032791,1740.91,382.71,CANDIDATE,0.008086253369272238,2.78,383.85362
K06746.01,,6628926,297.62299,42.09882,1039.53,290.13,CANDIDATE,0.018867924528301886,7.27,2.564012541
K06747.01,,6629156,297.66974,42.08886,1209.98,280.51,FALSE POSITIVE,0.0,,0.71538172
K06748.01,,6629588,297.75565,42.009071,1295.59,408.845,FALSE POSITIVE,0.0,102.12,2.264471713
K06749.01,,6636020,299.02518,42.061729,1043.72,209.645,FALSE POSITIVE,0.25,2.04,18.3602239
K06750.01,,6664842,281.5202,42.169472,1125.22,217.23000000000002,CANDIDATE,0.2916666666666667,1.24,5.21395046
K06751.01,,6665064,281.64999,42.132061,1049.26,115.775,CANDIDATE,0.4883720930232558,2.4,24.996068
K06752.01,,6670610,284.27499,42.123779,354.71,44.254999999999995,CANDIDATE,0.018867924528301886,0.89,8.9429645
K06877.01,,7431665,287.37662,43.009491,1096.33,261.38,FALSE POSITIVE,0.018867924528301886,85.77,281.509095
K06878.01,,7447895,292.72079,43.076809,665.42,104.43,CANDIDATE,0.018867924528301886,1.11,2.405625303
K06879.01,,7455553,294.83984,43.019718,1237.97,340.21,FALSE POSITIVE,0.0,79.23,3.258249472
K06880.01,,7456521,295.09634,43.047981,926.61,203.82999999999998,FALSE POSITIVE,0.008086253369272238,56.89,552.8295063
K06881.01,,7461314,296.23856,43.02179,935.02,188.57999999999998,FALSE POSITIVE,0.008086253369272238,0.96,0.773595312
K06882.01,,7461521,296.28384,43.033981,1332.32,370.265,CANDIDATE,0.018867924528301886,1.87,0.7735301
K06883.01,,7499571,280.46259,43.142052,1057.32,164.16,FALSE POSITIVE,0.008086253369272238,1.92,533.6593
K06884.01,,7537660,294.6015,43.159935,815.36,229.8,CANDIDATE,0.0,,2.42186898
K06885.01,,7541502,295.57651,43.190327,569.34,276.365,FALSE POSITIVE,0.008086253369272238,429.0,44.827323809
K07008.01,,8285254,285.56534,44.29525,498.39,39.254999999999995,FALSE POSITIVE,0.008086253369272238,24.64,7.535894184
K07009.01,,8285970,285.95874,44.254719,808.18,169.185,FALSE POSITIVE,0.008086253369272238,2.88,0.562498925
K07010.01,,8288719,287.35971,44.294991,237.77,22.84,FALSE POSITIVE,0.008086253369272238,30.47,0.755049082
K07011.01,,8294484,289.94028,44.225719,1375.34,358.16499999999996,FALSE POSITIVE,0.0,42.51,1.012694226
K07012.01,,8296467,290.59256,44.206589,869.99,185.10000000000002,FALSE POSITIVE,0.008086253369272238,69.66,10.303356001
K07013.01,,8301013,292.29675,44.280571,1126.11,297.545,FALSE POSITIVE,0.0,94.23,2.214029545
K07014.01,,8302455,292.8627,44.22105,475.27,162.985,FALSE POSITIVE,0.0,90.39,2.441988077
K07015.01,,8302473,292.8685,44.23616,1050.7,214.725,FALSE POSITIVE,0.008086253369272238,0.95,2.44200193
K07016.01,Kepler-452 b,8311864,296.00369,44.277561,390.5,63.61,CONFIRMED,0.008086253369272238,1.09,384.847556
K07143.01,,9181340,300.39902,45.521111,996.93,228.98000000000002,FALSE POSITIVE,0.008086253369272238,35.68,2.131225773
K07144.01,,9203154,284.12521,45.628052,919.18,135.785,CANDIDATE,0.018867924528301886,0.92,0.839907158
K07145.01,,9205993,285.72537,45.666431,2496.97,663.55,FALSE POSITIVE,0.0,135.43,1.219736039
K07146.01,,9207508,286.59497,45.69828,1267.21,335.95500000000004,FALSE POSITIVE,0.0,132.05,2.015152464
K07147.01,,9210828,288.44455,45.612671,228.15,25.17,FALSE POSITIVE,0.0,35.67,0.82820657
K07148.01,,9221627,293.17194,45.677391,1500.42,373.495,CANDIDATE,0.008086253369272238,2.32,1.7613778
K07149.01,,9236858,298.12146,45.651131,710.31,165.28,FALSE POSITIVE,0.008086253369272238,67.96,2.537081943
K07150.01,,9243795,300.12634,45.633549,910.79,242.60000000000002,FALSE POSITIVE,0.0,92.28,14.443127448
K07151.01,,9266285,284.31046,45.76955,250.93,25.33,FALSE POSITIVE,0.008086253369272238,34.24,5.61386908
K07274.01,,10026136,297.17203,46.953949,1505.8,322.65500000000003,FALSE POSITIVE,0.0,76.4,9.080194398
K07275.01,,10026457,297.25931,46.989681,700.03,84.25,FALSE POSITIVE,0.008086253369272238,34.03,9.93442075
K07276.01,,10031409,298.68484,46.94997,704.14,179.925,FALSE POSITIVE,0.0,75.64,2.071939672
K07277.01,,10031526,298.72095,46.933891,1041.05,184.835,FALSE POSITIVE,0.018867924528301886,1.21,8.5893644
K07278.01,,10031808,298.79758,46.930244,229.1,84.34,FALSE POSITIVE,0.008086253369272238,140.07,8.589644815
K07279.01,,10053138,280.71948,47.07222,551.58,97.74000000000001,CANDIDATE,0.2916666666666667,0.93,11.7728146
K07280.01,,10063044,286.29077,47.076221,2215.5,600.045,FALSE POSITIVE,0.0,125.31,1.009671584
K07281.01,,10066755,288.21976,47.041279,723.97,196.23,CANDIDATE,0.008086253369272238,1.14,2.46506501
K07282.01,,10070479,289.96161,47.08036,612.22,63.80499999999999,CANDIDATE,0.25,1.6,1.758599866
K07410.01,,11134079,290.01401,48.701832,586.31,75.05,FALSE POSITIVE,0.008086253369272238,29.91,1.260575815
K07411.01,,11137061,291.61365,48.749451,571.93,85.935,FALSE POSITIVE,0.008086253369272238,0.59,1.88912273
K07412.01,,11144439,295.0618,48.798168,986.71,195.305,FALSE POSITIVE,0.008086253369272238,0.96,0.609125246
K00566.02,,7119481,292.31601,42.626251,922.58,217.155,CANDIDATE,0.625,1.1,14.1573717
K07413.01,,11147276,296.14212,48.702141,592.92,127.815,FALSE POSITIVE,0.0,49.66,1.566528935
K07414.01,,11154043,298.64676,48.784649,1216.6,363.53,FALSE POSITIVE,0.0,12.22,4.52977632
K07415.01,,11182260,287.26074,48.846512,221.96,23.71,CANDIDATE,0.018867924528301886,10.97,1.291964282
K07416.01,,11187972,290.478,48.854645,436.86,119.3,CANDIDATE,0.2916666666666667,0.97,37.4646974
K04288.03,,4548011,287.37125,39.603569,417.82,65.89,FALSE POSITIVE,0.4883720930232558,0.58,4.32744048
K04298.02,,2852941,291.54343,38.048759,1083.54,312.20000000000005,FALSE POSITIVE,0.008086253369272238,,11.57958162
K04301.02,,8773015,298.20261,44.925831,797.31,195.51,CANDIDATE,0.25,1.04,6.31915999
K04383.02,,9883606,288.46909,46.78368,731.17,180.47,CANDIDATE,0.2816596453724921,0.77,2.58393841
K04417.02,,9597729,295.54755,46.287682,907.23,198.46,FALSE POSITIVE,0.008086253369272238,22.24,0.87630504
K04421.02,,9836563,294.12488,46.67289,492.93,80.86,CANDIDATE,0.7333333333333333,0.62,6.5595368
K00416.04,,6508221,286.86548,41.989079,432.5,30.945,CANDIDATE,0.2916666666666667,0.74,31.5322987
K04500.03,,9100953,295.90503,45.40543,922.28,150.82,CANDIDATE,0.847457627118644,1.7,14.7510068
K06360.01,,3830820,284.62024,38.969501,239.53,13.21,FALSE POSITIVE,0.018867924528301886,14.0,15.582794732
K06361.01,,3831523,284.89017,38.991505,608.93,212.95499999999998,FALSE POSITIVE,0.008086253369272238,2.26,1.529283907
K06362.01,,3834364,286.0722,38.972229,640.79,98.175,FALSE POSITIVE,0.0,40.85,2.908454772
K06364.01,,3836439,286.94843,38.928219,137.84,44.02,FALSE POSITIVE,0.0,117.33,1.540395674
K06365.01,,3838004,287.55768,38.912231,826.74,396.86,FALSE POSITIVE,0.008086253369272238,2.43,2.344138713
K06366.01,,3851134,291.69427,38.986462,760.76,181.9,FALSE POSITIVE,0.008086253369272238,0.93,0.91849333
K06367.01,,3851193,291.70963,38.92136,833.5,200.25,FALSE POSITIVE,0.0,41.8,1.341078755
K07604.01,,9595956,294.91272,46.264839,1361.7,187.835,FALSE POSITIVE,0.0,,316.950146
K07605.01,,9655792,294.4686,46.34129,1480.8,285.865,FALSE POSITIVE,0.008086253369272238,2.03,589.74851
K07606.01,,9970396,298.70981,46.833031,1021.98,208.38,FALSE POSITIVE,0.008086253369272238,82.92,235.2976173
K07607.01,,10079420,293.54141,47.007912,623.75,167.08499999999998,CANDIDATE,0.008086253369272238,,54.54312996
K07608.01,,10253638,281.63889,47.314121,1579.02,435.73,FALSE POSITIVE,0.008086253369272238,,7.4539297
K07609.01,,10267121,288.91046,47.396709,1470.59,356.21500000000003,FALSE POSITIVE,0.008086253369272238,1.3,36.136968
K07610.01,,10341777,292.71817,47.469891,360.03,60.835,FALSE POSITIVE,0.008086253369272238,0.36,0.933746709
K07611.01,,10407271,292.86078,47.57457,734.66,127.095,FALSE POSITIVE,0.008086253369272238,0.63,0.93376738
K07612.01,,10471167,292.19189,47.690102,798.5,96.64,FALSE POSITIVE,0.0,0.84,0.93374073
K07613.01,,10471174,292.19583,47.661518,1208.72,250.765,FALSE POSITIVE,0.008086253369272238,0.78,0.93369659
K07614.01,,10471345,292.26321,47.643478,977.77,161.51,FALSE POSITIVE,0.0,0.6,0.9337473
K07615.01,,11296798,291.76938,49.075165,647.72,219.94500000000002,FALSE POSITIVE,0.008086253369272238,7.12,677.35794
K07616.01,,11463950,295.95383,49.374859,1758.34,334.085,FALSE POSITIVE,0.008086253369272238,3.13,4.0551242
K07617.01,,11559304,291.97635,49.575771,166.72,22.7,CANDIDATE,0.018867924528301886,0.64,12.9284553
K07618.01,,11621897,296.82455,49.68491,959.78,224.065,FALSE POSITIVE,0.008086253369272238,0.89,21.6817115
K07619.01,,12253534,288.66644,50.982529,316.04,39.265,FALSE POSITIVE,0.043478260869565216,2.13,466.08101
K07620.01,,12304202,289.52319,51.069191,1298.75,498.28999999999996,FALSE POSITIVE,0.0,,0.66573903
K03184.03,,4735826,288.39529,39.872627,266.54,48.67,CANDIDATE,0.9642857142857143,0.6,4.02018903
K03230.02,,9291039,295.71942,45.747559,386.1,74.46000000000001,FALSE POSITIVE,0.25,0.71,3.796383639
K04422.02,,10155321,296.77271,47.158539,1367.6,341.03499999999997,FALSE POSITIVE,0.008086253369272238,3.92,0.71059239
K04524.03,,5003670,289.5484,40.1642,997.29,117.58500000000001,CANDIDATE,0.847457627118644,1.2,3.33930957
K04676.02,,4953173,298.74335,40.07214,1388.03,478.83500000000004,FALSE POSITIVE,0.008086253369272238,44.77,3.36379289
K04782.02,,8973285,297.9487,45.255039,1463.15,338.615,CANDIDATE,0.2916666666666667,3.66,4.29251656
K04957.02,,2861126,293.2811,38.082241,167.49,20.075,CANDIDATE,0.847457627118644,0.73,4.98792404
K05270.02,,6363560,291.6535,41.741772,606.48,138.66,FALSE POSITIVE,0.4883720930232558,0.55,0.907818056
K05397.02,,7539174,295.00153,43.171341,1805.51,233.515,FALSE POSITIVE,0.043478260869565216,45.69,297.71402
K05447.02,Kepler-1629 b,7935997,280.2066,43.774288,335.42,32.965,CONFIRMED,0.9642857142857143,0.68,3.87594316
K05475.02,,8105398,294.49487,43.91362,603.28,143.56,CANDIDATE,0.625,0.97,5.68325648
K05801.02,,10535708,292.11447,47.729462,1698.94,327.005,FALSE POSITIVE,0.018867924528301886,1.0,0.93373761
K05900.02,,11453930,291.14532,49.365318,711.41,134.20499999999998,FALSE POSITIVE,0.008086253369272238,1.53,0.687739345
K06117.01,,4737267,288.91531,39.804981,2884.1,529.955,FALSE POSITIVE,0.018867924528301886,151.0,9.524076544
K06140.01,,5955321,290.18271,41.21664,1506.45,372.63,FALSE POSITIVE,0.0,77.01,11.637858887
K06143.02,,6182093,282.71991,41.519379,441.86,110.465,FALSE POSITIVE,0.2916666666666667,,50.900813
K06447.02,,4758350,294.93198,39.81242,2472.79,560.9449999999999,CANDIDATE,0.25,2.27,91.649983
K06464.03,,4862625,298.21509,39.955101,705.72,145.065,CANDIDATE,0.4883720930232558,3.39,541.742985
K01636.02,,10621666,299.06693,47.895191,721.84,135.125,FALSE POSITIVE,0.25,1.17,14.5862195
K06541.02,,5211470,297.70847,40.30759,3474.9,1101.83,FALSE POSITIVE,0.008086253369272238,417.01,0.938074536
K06751.02,,6665064,281.64999,42.132061,1049.26,115.775,FALSE POSITIVE,0.008086253369272238,28.97,0.698359996
K07542.01,,3123418,293.02545,38.213261,734.22,155.66,FALSE POSITIVE,0.25,2.55,563.94854
K07543.01,,3458687,295.08774,38.562061,2234.22,572.81,FALSE POSITIVE,0.008086253369272238,12.44,0.98376204
K07544.01,,3749508,292.1059,38.83622,4992.23,1953.415,FALSE POSITIVE,0.008086253369272238,27.04,2.403704619
K07545.01,,3955867,291.93008,39.072079,2082.22,423.355,FALSE POSITIVE,0.043478260869565216,78.44,33.65766894
K07546.01,,3965201,294.31064,39.049702,1884.14,663.83,CANDIDATE,0.008086253369272238,4.9,44.113873
K07547.01,,4074294,295.72275,39.183449,1365.39,371.995,FALSE POSITIVE,0.008086253369272238,2.94,0.892988877
K07548.01,,4380560,295.3815,39.453732,1038.37,245.425,FALSE POSITIVE,0.008086253369272238,15.33,0.705816203
K07549.01,,4384652,296.17712,39.439419,456.95,67.465,FALSE POSITIVE,0.008086253369272238,73.1,374.51648
K01829.02,,7697568,296.52243,43.363369,1021.23,175.68,FALSE POSITIVE,0.2595146793473602,1.29,10.3482112
K07550.01,,4483235,296.23389,39.560089,1879.46,504.135,FALSE POSITIVE,0.008086253369272238,1.53,1.7609276
K07551.01,,4662363,293.87805,39.789089,847.27,211.575,FALSE POSITIVE,0.0,,321.24194284
K07552.01,,4680745,297.77371,39.739441,1333.91,320.35,FALSE POSITIVE,0.0,15.82,1.463148937
K07553.01,,4851195,295.82941,39.912182,1043.11,241.13,FALSE POSITIVE,0.008086253369272238,139.55,374.514471
K07554.01,,4862924,298.27673,39.903851,987.04,220.73499999999999,CANDIDATE,0.0,1.98,482.62011
K07555.01,,5024414,295.31638,40.18652,2424.07,463.14,FALSE POSITIVE,0.008086253369272238,8.86,1.525924746
K07556.01,,5177065,288.81137,40.361938,895.23,240.445,FALSE POSITIVE,0.008086253369272238,0.47,1.25383162
K07557.01,,5268955,289.96063,40.479839,342.55,78.275,FALSE POSITIVE,0.008086253369272238,20.12,12.82252496
K07558.01,,5271090,290.56674,40.449902,771.89,114.23,CANDIDATE,0.008086253369272238,0.94,10.1551587
K07559.01,,5444276,290.48553,40.630699,670.74,107.47999999999999,CANDIDATE,0.008086253369272238,1.13,0.708965461
K07560.01,,5598645,283.78003,40.818779,783.52,156.57,FALSE POSITIVE,0.018867924528301886,2.6,0.648772102
K07561.01,,5696518,288.92908,40.917622,199.41,19.665,FALSE POSITIVE,0.0,,0.96391996
K07562.01,,5878506,292.5253,41.197231,325.86,40.1,CANDIDATE,0.008086253369272238,,11.76872507
K07563.01,,5908086,299.64996,41.113209,2128.65,812.24,FALSE POSITIVE,0.008086253369272238,6.09,0.93705132
K07564.01,,6307243,297.67926,41.613731,705.58,187.555,FALSE POSITIVE,0.008086253369272238,1.85,451.86579
K07565.01,,6350522,286.88757,41.75547,361.69,43.16,FALSE POSITIVE,0.0,1.43,491.52571
K07566.01,,6385302,297.55707,41.78577,1290.86,196.675,FALSE POSITIVE,0.0,,411.54039644
K07567.01,,6443274,291.95438,41.826969,381.42,39.1,CANDIDATE,0.008086253369272238,1.46,608.20572
K07568.01,,6508734,287.08438,41.95406,188.51,19.32,FALSE POSITIVE,0.008086253369272238,1.14,480.03759
K07569.01,,6527050,293.2829,41.969261,1243.46,213.78000000000003,FALSE POSITIVE,0.0,,0.87985197
K02369.03,,5602588,285.72079,40.85696,1615.44,373.64,CANDIDATE,0.4883720930232558,1.28,7.2274321
K07570.01,,6590362,286.45126,42.012489,893.78,192.76500000000001,FALSE POSITIVE,0.008086253369272238,0.86,0.592618966
K07571.01,,6628740,297.58078,42.061459,930.87,272.1,FALSE POSITIVE,0.008086253369272238,1.21,0.532854237
K07572.01,,6876575,295.51334,42.31879,239.54,48.21,CANDIDATE,0.008086253369272238,1.59,91.069934
K07573.01,,7031126,290.98584,42.595551,893.34,581.6,FALSE POSITIVE,0.018867924528301886,1.08,0.566802672
K07574.01,,7031208,291.0116,42.553822,1395.63,340.53000000000003,FALSE POSITIVE,0.0,1.5,0.566796331
K07575.01,,7031742,291.19305,42.556541,1280.73,300.72,FALSE POSITIVE,0.008086253369272238,0.84,0.566785459
K07576.01,,7032568,291.46033,42.581261,1094.94,358.31,FALSE POSITIVE,0.008086253369272238,0.79,0.566792936
K07577.01,,7032687,291.49487,42.53331,1370.22,316.895,FALSE POSITIVE,0.0,0.88,0.5668004
K07578.01,,7115384,291.03226,42.650471,1028.24,319.235,FALSE POSITIVE,0.008086253369272238,21.63,0.566793614
K07579.01,,7116282,291.3284,42.643028,1003.18,195.03,FALSE POSITIVE,0.0,0.68,0.566798676
K07580.01,,7116859,291.49725,42.618191,965.28,222.67,FALSE POSITIVE,0.008086253369272238,0.75,0.5667638
K07581.01,,7133286,296.05859,42.669567,110.07,13.600000000000001,FALSE POSITIVE,0.0,18.68,38.51077573
K07582.01,,7186259,286.94995,42.741459,1031.65,273.29,FALSE POSITIVE,0.008086253369272238,,4.23965309
K07583.01,,7214090,295.69482,42.756962,1177.61,263.375,FALSE POSITIVE,0.043478260869565216,1.1,0.577910513
K07584.01,,7281694,291.68167,42.809319,772.46,404.14,FALSE POSITIVE,0.018867924528301886,0.94,0.566807725
K07585.01,,7362450,291.68283,42.932812,565.83,176.88,FALSE POSITIVE,0.008086253369272238,1.13,0.566807422
K07586.01,,8007262,281.88489,43.860657,682.78,203.16,FALSE POSITIVE,0.0,12.16,1.345078434
K07587.01,,8096395,291.35892,43.93681,207.6,47.29,CANDIDATE,0.2916666666666667,2.57,366.088938
K07588.01,,8106973,295.01907,43.959839,1126.81,224.01,FALSE POSITIVE,0.008086253369272238,24.7,439.1076969
K07589.01,,8168509,292.8259,44.098389,1411.19,402.48,CANDIDATE,0.018867924528301886,7.01,414.45008
K02859.05,,10397751,288.83136,47.551991,381.11,51.28,CANDIDATE,0.9629629629629629,0.66,5.43103616
K07590.01,,8258103,299.20239,44.14175,1184.6,420.46000000000004,FALSE POSITIVE,0.008086253369272238,1.55,0.594003994
K07591.01,,8297319,290.90695,44.291779,455.3,58.015,CANDIDATE,0.0,1.3,328.32211
K07592.01,,8423344,288.96823,44.448341,231.9,14.445,CANDIDATE,0.008086253369272238,1.55,381.97977
K07593.01,,8444868,296.70224,44.449451,855.49,208.08,CANDIDATE,0.008086253369272238,1.57,67.412998
K07594.01,,8579684,298.20016,44.608501,883.83,238.835,FALSE POSITIVE,0.008086253369272238,1.93,2.08802799
K07595.01,,8649876,299.53748,44.71151,739.18,192.78,FALSE POSITIVE,0.008086253369272238,36.9,10.4212788
K07596.01,,8682094,289.0155,44.88205,631.35,77.335,CANDIDATE,0.0,,359.8249913
K07597.01,,8846809,300.63303,45.07666,603.73,167.85500000000002,FALSE POSITIVE,0.0,59.33,0.778705577
K07598.01,,8868686,284.41647,45.138889,617.15,148.135,FALSE POSITIVE,0.018867924528301886,0.96,4.44709107
K07599.01,,9025662,293.16879,45.38773,1198.21,283.475,FALSE POSITIVE,0.008086253369272238,6140.44,293.70696
K02459.01,,8572936,296.43582,44.64156,1060.81,85.515,FALSE POSITIVE,0.008086253369272238,81.48,27.795762425
K02937.01,,9837578,294.49698,46.689758,1262.48,93.235,FALSE POSITIVE,0.008086253369272238,69.8,20.733748565
K02938.01,,7821010,291.31985,43.59547,262.35,36.95,FALSE POSITIVE,0.008086253369272238,102.31,24.238241803
K02939.01,,5473556,298.15009,40.65617,806.8,268.8,FALSE POSITIVE,0.0,87.18,11.258825027
K03152.01,,6504534,285.16711,41.967079,399.86,43.57,FALSE POSITIVE,0.008086253369272238,23.52,28.162612575
K03153.01,,6307062,297.62912,41.64151,632.26,94.35000000000001,FALSE POSITIVE,0.008086253369272238,58.76,75.378956896
K00371.02,,5652983,299.67615,40.856491,664.51,51.375,FALSE POSITIVE,0.875,2.46,9.0584662
K07600.01,,9092897,293.34308,45.444969,1715.77,517.5450000000001,FALSE POSITIVE,0.008086253369272238,,3.9169155
K07601.01,,9246715,300.95135,45.604118,690.41,231.455,FALSE POSITIVE,0.008086253369272238,830.99,342.55315723
K07602.01,,9292130,296.06937,45.703098,334.49,21.945,FALSE POSITIVE,0.018867924528301886,2.51,362.747593
K07603.01,,9541144,297.28665,46.139839,1466.72,694.475,FALSE POSITIVE,0.008086253369272238,1.57,0.536650344
K07903.01,,8677057,286.31052,44.838188,558.13,56.894999999999996,CANDIDATE,0.008086253369272238,0.64,0.694611128
K07905.01,,8702537,296.5477,44.898041,621.84,165.67000000000002,CANDIDATE,0.25,0.85,7.4751841
K07911.01,,8757213,293.2709,44.919102,1700.01,419.2,FALSE POSITIVE,0.008086253369272238,2.22,328.0485
K07914.01,,8880003,289.77744,45.153191,901.78,181.275,FALSE POSITIVE,0.008086253369272238,0.65,1.72128752
K07916.01,,8953296,291.93869,45.222198,1079.98,297.56,FALSE POSITIVE,0.0,87.26,0.784294574
K07909.01,,8749844,290.40793,44.96394,3870.05,1187.3899999999999,FALSE POSITIVE,0.008086253369272238,6.85,361.51099
K07917.01,,8962007,294.94873,45.210251,810.48,211.66000000000003,FALSE POSITIVE,0.008086253369272238,0.74,1.41435861
K07906.01,,8703491,296.81982,44.869434,450.12,117.04499999999999,FALSE POSITIVE,0.043478260869565216,1.72,0.616343903
K07920.01,,9043947,298.25204,45.396641,1063.01,287.255,CANDIDATE,0.0,1.09,1.04347858
K07921.01,,9079587,287.71542,45.436329,951.22,178.725,FALSE POSITIVE,0.018867924528301886,4.4,364.33929
K07907.01,,8703506,296.82361,44.855309,1280.88,288.53499999999997,FALSE POSITIVE,0.008086253369272238,3.75,352.710091
K07900.01,,8590776,301.16556,44.664108,672.16,132.805,FALSE POSITIVE,0.008086253369272238,1.22,33.8938177
K07912.01,,8761550,294.86639,44.980991,508.88,123.9,FALSE POSITIVE,0.008086253369272238,2.17,224.591055
K07904.01,,8686761,290.87735,44.861591,1474.07,721.9,FALSE POSITIVE,0.008086253369272238,4.67,374.93999098
K07913.01,Kepler-1975 b,8873450,286.74857,45.158741,264.94,24.375,CONFIRMED,0.4883720930232558,2.03,24.2783801
K07915.01,,8880317,289.92197,45.10392,827.56,209.41,CANDIDATE,0.008086253369272238,2.15,382.5891
K07910.01,,8750503,290.64545,44.904202,721.87,88.89500000000001,FALSE POSITIVE,0.008086253369272238,0.98,11.9283194
K07902.01,,8639155,296.78802,44.7696,1315.54,341.64,FALSE POSITIVE,0.008086253369272238,3.91,0.603351522
K07919.01,,9021047,291.49545,45.378941,1312.15,311.52,FALSE POSITIVE,0.018867924528301886,5.88,31.97280045
K07899.01,,8587439,300.18503,44.635578,637.01,146.695,FALSE POSITIVE,0.008086253369272238,1.1,8.39140024
K07908.01,,8712863,299.25092,44.856091,849.5,245.975,FALSE POSITIVE,0.0,1.87,0.532493086
K07922.01,,9079915,287.89935,45.417488,844.16,195.165,FALSE POSITIVE,0.0,0.83,0.812678859
K08199.01,,10208894,292.32233,47.255112,5041.76,1246.625,FALSE POSITIVE,0.008086253369272238,51.64,183.836254
K08200.01,,10214873,294.56131,47.298092,647.01,127.515,FALSE POSITIVE,0.008086253369272238,1.13,5.959695593
K08201.01,,10253977,281.87015,47.394989,496.22,68.21000000000001,CANDIDATE,0.008086253369272238,2.25,392.601892
K08202.01,,10268714,289.64059,47.346439,749.58,186.31,FALSE POSITIVE,0.018867924528301886,2.41,452.65206
K08203.01,,10281311,294.64493,47.338921,1142.44,254.085,FALSE POSITIVE,0.008086253369272238,1.68,234.66319186
K08204.01,,10341876,292.75928,47.430401,1126.56,242.415,FALSE POSITIVE,0.043478260869565216,3.57,351.204993
K08205.01,,10351947,296.38278,47.409592,1828.76,237.35500000000002,CANDIDATE,0.018867924528301886,25.39,260.446151
K07990.01,,10160922,298.31586,47.105091,1063.38,204.29,CANDIDATE,0.018867924528301886,1.87,87.487573
K07991.01,,10198225,287.55182,47.244862,1053.01,255.84,CANDIDATE,0.2916666666666667,3.32,11.9451376
K07992.01,,10214341,294.38254,47.205769,1004.05,223.175,CANDIDATE,0.008086253369272238,1.84,277.13367
K07993.01,,10219288,296.08136,47.275814,10878.97,2928.5,FALSE POSITIVE,0.008086253369272238,117.25,3.381607
K07994.01,,10226343,298.13785,47.25856,1948.25,479.055,FALSE POSITIVE,0.0,16.81,0.660655454
K07995.01,,10263598,287.09363,47.3713,2532.65,538.76,FALSE POSITIVE,0.018867924528301886,15.34,145.750554
K07996.01,,10266860,288.78162,47.39735,1136.3,307.53499999999997,FALSE POSITIVE,0.008086253369272238,1.0,2.17813954
K08097.01,,4763020,295.94016,39.849072,552.35,141.055,FALSE POSITIVE,0.008086253369272238,1.63,384.09781
K08098.01,,5128966,298.89563,40.28949,725.29,160.83499999999998,FALSE POSITIVE,0.0,46.59,0.505322676
K08099.01,,5288744,295.53885,40.409279,889.28,225.755,FALSE POSITIVE,0.008086253369272238,3.53,333.71634048
K08100.01,,5305225,298.89359,40.437752,589.77,121.915,FALSE POSITIVE,0.018867924528301886,2.11,322.50741
K08101.01,,5598216,283.56866,40.865761,626.61,176.1,FALSE POSITIVE,0.008086253369272238,2.19,373.8716
K08102.01,,5637036,296.42337,40.892471,2566.87,512.84,FALSE POSITIVE,0.008086253369272238,32.31,171.046664
K08103.01,,5647008,298.52679,40.858391,638.8,122.625,FALSE POSITIVE,0.008086253369272238,34.7,0.799868354
K08206.01,,10385708,282.21188,47.577,325.1,21.35,FALSE POSITIVE,0.018867924528301886,2.5,345.7671
K08207.01,,10404545,291.75497,47.549332,849.61,106.115,FALSE POSITIVE,0.018867924528301886,2.5,350.34114
K08208.01,,10425070,298.68832,47.513821,800.59,156.12,FALSE POSITIVE,0.008086253369272238,40.48,363.97165
K08208.02,,10425070,298.68832,47.513821,800.59,156.12,FALSE POSITIVE,0.018867924528301886,3.17,395.23753
K08209.01,,10461045,287.82239,47.690208,762.55,180.26,FALSE POSITIVE,0.008086253369272238,1.72,385.97241
K08210.01,,10493253,299.40509,47.620991,3548.65,1201.115,FALSE POSITIVE,0.008086253369272238,78.77,89.667675
K08211.01,,10515564,282.05078,47.743992,689.19,126.36500000000001,CANDIDATE,0.008086253369272238,0.67,5.0487451
K07997.01,,10321927,283.17575,47.401718,760.55,139.97,FALSE POSITIVE,0.008086253369272238,1.96,321.02094
K07998.01,,10321972,283.2048,47.478271,1060.78,267.16999999999996,CANDIDATE,0.043478260869565216,2.96,122.11555
K07999.01,,10322797,283.66428,47.40097,1121.32,297.52,FALSE POSITIVE,0.008086253369272238,1.18,1.213742728
K08000.01,,10331279,288.27457,47.495781,873.26,158.175,CANDIDATE,0.018867924528301886,1.7,225.48805
K08002.01,,10338529,291.46838,47.4674,1292.35,323.16,FALSE POSITIVE,0.008086253369272238,2.35,366.74866
K08004.01,,10383729,280.90179,47.526241,611.18,141.35,FALSE POSITIVE,0.008086253369272238,0.84,0.734548624
K08104.01,,5709226,292.96835,40.954239,858.6,168.705,FALSE POSITIVE,0.008086253369272238,2.22,317.99484
K08105.01,,5775090,286.24023,41.022572,481.27,55.614999999999995,FALSE POSITIVE,0.008086253369272238,1.64,432.96732
K08106.01,,5791705,292.06931,41.042858,879.97,159.46,FALSE POSITIVE,0.008086253369272238,2.43,614.39054
K08107.01,,5802205,295.08749,41.037395,384.54,130.84,CANDIDATE,0.018867924528301886,1.69,578.88761
K08108.01,,5812648,297.44507,41.010571,1555.01,432.595,FALSE POSITIVE,0.018867924528301886,5.75,238.561202
K08109.01,,5858919,285.29388,41.1026,9890.71,612.52,CANDIDATE,0.008086253369272238,250.2,218.771117
K08110.01,,5872139,290.42435,41.183498,1742.02,409.675,FALSE POSITIVE,0.008086253369272238,3.64,375.17737
K08212.01,,10519701,284.42633,47.737759,1292.38,335.35,FALSE POSITIVE,0.008086253369272238,47.48,334.87402
K08213.01,,10664150,291.29425,47.944511,1489.39,353.84000000000003,FALSE POSITIVE,0.008086253369272238,29.24,370.2402
K08214.01,,10735575,293.57895,48.00602,6501.77,1130.3500000000001,FALSE POSITIVE,0.0,79.51,1.6749812
K08215.01,,10753394,298.98932,48.077171,133.25,15.17,FALSE POSITIVE,0.008086253369272238,0.96,288.678554
K08216.01,,10875937,297.23099,48.223919,1831.9,857.115,FALSE POSITIVE,0.008086253369272238,76.66,307.94735718
K08217.01,,10907307,284.74127,48.34367,354.73,86.155,CANDIDATE,0.25,5.02,277.25118
K08218.01,,11087662,293.60757,48.658379,897.97,142.44,FALSE POSITIVE,0.008086253369272238,42.55,264.63654
K08005.01,,10389280,284.34103,47.55378,1509.35,451.16,FALSE POSITIVE,0.008086253369272238,4.48,375.408923
K08006.01,,10397315,288.61859,47.557201,796.91,183.9,FALSE POSITIVE,0.008086253369272238,0.78,2.17812769
K08007.01,,10403228,291.22672,47.54998,135.26,18.05,CANDIDATE,0.008086253369272238,9.66,67.176626864
K08008.01,,10405224,292.0274,47.509682,795.01,87.005,FALSE POSITIVE,0.0,0.63,0.93378068
K08009.01,,10405482,292.13193,47.56374,1235.15,299.08,FALSE POSITIVE,0.0,0.64,0.93373895
K08010.01,,10405546,292.15488,47.562019,739.34,153.60999999999999,FALSE POSITIVE,0.008086253369272238,0.48,0.93373718
K08011.01,,10407191,292.832,47.507389,366.79,44.625,CANDIDATE,0.0,,0.93420696
K08111.01,,5955197,290.14304,41.27755,910.89,135.81,CANDIDATE,0.008086253369272238,2.33,359.33831
K08112.01,,5955427,290.2196,41.246811,571.62,54.315,FALSE POSITIVE,0.008086253369272238,1.91,213.201978
K08113.01,,5956977,290.71783,41.247318,1404.15,185.17,FALSE POSITIVE,0.008086253369272238,15.03,77.773042
K08114.01,,6043574,292.19037,41.31144,765.22,202.84,FALSE POSITIVE,0.008086253369272238,55.75,381.782641
K08115.01,,6049470,293.96423,41.318802,17.67,2.485,FALSE POSITIVE,0.008086253369272238,0.47,354.7897
K08116.01,,6105359,284.93216,41.45401,916.51,241.71,FALSE POSITIVE,0.018867924528301886,2.13,235.544698
K08117.01,,6114140,288.7709,41.412571,1640.01,395.175,CANDIDATE,0.0,3.45,0.933745798
K08220.01,,11124353,284.29269,48.704021,1108.31,347.70000000000005,FALSE POSITIVE,0.008086253369272238,2.48,423.73074
K08221.01,,11338091,284.79071,49.125359,276.17,73.58,CANDIDATE,0.043478260869565216,1.35,293.38641
K08222.01,,11400356,290.47623,49.20261,1114.05,226.81,FALSE POSITIVE,0.008086253369272238,2.24,677.56282
K08223.01,,11446424,286.79462,49.347591,1203.41,235.385,CANDIDATE,0.008086253369272238,2.2,66.716453
K08224.01,,11449696,288.81409,49.35561,1240.91,300.22,FALSE POSITIVE,0.008086253369272238,2.55,371.21205
K08225.01,,11456839,292.73511,49.330639,7578.09,1633.975,FALSE POSITIVE,0.008086253369272238,71.66,190.783023
K08012.01,,10452252,283.15057,47.671967,45.8,17.93,CANDIDATE,0.008086253369272238,0.42,34.573718512
K08013.01,,10462462,288.49582,47.640781,347.9,39.27,FALSE POSITIVE,0.0,,0.85581563
K08014.01,,10470882,292.08099,47.613461,1169.24,227.64,FALSE POSITIVE,0.008086253369272238,0.79,0.9337491
K08015.01,,10470993,292.12277,47.646069,1140.61,277.445,FALSE POSITIVE,0.0,0.64,0.93374417
K08016.01,,10471005,292.12784,47.614342,973.76,219.33499999999998,FALSE POSITIVE,0.008086253369272238,0.63,0.93374635
K08017.01,,10471055,292.14102,47.62624,990.39,223.39,FALSE POSITIVE,0.008086253369272238,0.63,0.9337465
K08018.01,,10471204,292.20523,47.6483,1253.03,252.205,FALSE POSITIVE,0.0,0.7,0.93371631
K08118.01,,6119605,290.51993,41.46513,380.56,35.385,FALSE POSITIVE,0.043478260869565216,3.13,260.02265
K08119.01,,6230649,298.46213,41.5256,431.41,91.845,FALSE POSITIVE,0.0,33.2,443.66
K08120.01,,6286633,292.32611,41.671761,1312.94,278.66,FALSE POSITIVE,0.008086253369272238,68.39,366.28999
K08121.01,,6451125,294.42145,41.8969,1307.24,340.38,FALSE POSITIVE,0.008086253369272238,34.52,72.6549842
K08122.01,,6507334,286.47037,41.994789,1110.39,282.385,CANDIDATE,0.008086253369272238,2.21,54.753883835
K08123.01,,6516529,289.98419,41.918591,579.27,122.67999999999999,FALSE POSITIVE,0.008086253369272238,1.89,379.42818
K08124.01,,6521526,291.52393,41.94294,188.14,26.5,FALSE POSITIVE,0.008086253369272238,2.05,103.039788
K08226.01,,11501492,288.72406,49.466091,1288.89,314.655,FALSE POSITIVE,0.008086253369272238,2.88,371.90464
K08227.01,,11558217,291.34402,49.577091,972.64,271.12,FALSE POSITIVE,0.008086253369272238,1.9,362.85801
K08228.01,,11649292,284.10953,49.733379,1262.77,521.415,FALSE POSITIVE,0.008086253369272238,14.33,384.558321
K08229.01,,11760931,290.60349,49.99242,744.36,160.79,FALSE POSITIVE,0.008086253369272238,1.48,397.72733
K08230.01,,11854061,285.73474,50.124962,498.59,55.905,FALSE POSITIVE,0.008086253369272238,25.19,504.88419
K08231.01,,11868122,293.96844,50.178219,785.7,246.565,FALSE POSITIVE,0.0,1.64,384.92275
K08232.01,,11872364,295.86533,50.13348,865.01,213.16500000000002,CANDIDATE,0.25,3.31,189.183958
K08019.01,,10471243,292.22083,47.635689,1012.33,183.33,FALSE POSITIVE,0.0,0.61,0.93376131
K08020.01,,10471296,292.24588,47.63343,652.82,105.705,FALSE POSITIVE,0.0,0.43,0.93377253
K08021.01,,10535886,292.17847,47.750751,260.93,14.190000000000001,FALSE POSITIVE,0.0,0.4,0.93376021
K08022.01,,10535897,292.18378,47.722832,650.51,145.565,FALSE POSITIVE,0.008086253369272238,0.41,0.93372008
K08023.01,,10535926,292.19623,47.76659,990.57,217.26500000000001,FALSE POSITIVE,0.008086253369272238,0.57,0.93373591
K08024.01,,10535991,292.2276,47.746262,1256.92,257.085,FALSE POSITIVE,0.0,0.66,0.93374911
K08025.01,,10536177,292.31165,47.72583,1000.1,240.54000000000002,FALSE POSITIVE,0.0,0.59,0.93372261
K08125.01,,6600492,290.08203,42.071129,855.28,156.87,FALSE POSITIVE,0.008086253369272238,2.01,312.61007
K08126.01,,6685403,289.96942,42.138859,1053.36,213.375,FALSE POSITIVE,0.008086253369272238,2.74,429.60143
K08127.01,,6846544,286.08136,42.30574,895.79,225.465,FALSE POSITIVE,0.008086253369272238,2.61,499.88159
K08128.01,,6848529,286.91888,42.306129,1314.78,404.025,FALSE POSITIVE,0.008086253369272238,84.37,197.37704
K08129.01,,6887321,297.92798,42.310829,690.44,160.195,FALSE POSITIVE,0.008086253369272238,0.54,1.65746034
K08130.01,,6953281,293.26727,42.42807,1561.41,381.445,FALSE POSITIVE,0.018867924528301886,1.65,0.566799395
K08131.01,,7020168,287.24051,42.573139,744.79,296.38,FALSE POSITIVE,0.008086253369272238,2.41,203.8406
K08233.01,,12012872,291.48068,50.47366,440.3,80.5,FALSE POSITIVE,0.008086253369272238,0.85,14.395425
K08234.01,,12069319,295.39795,50.539268,4662.08,1138.74,FALSE POSITIVE,0.018867924528301886,37.37,231.157554
K08235.01,,12121118,296.65671,50.68721,743.37,168.01,FALSE POSITIVE,0.008086253369272238,2.0,495.06538
K08236.01,,12252732,288.19321,50.921619,262.46,66.12,FALSE POSITIVE,0.008086253369272238,1.18,595.78152
K08237.01,,12554051,288.81714,51.592911,3250.92,453.94,FALSE POSITIVE,0.008086253369272238,26.93,365.709623
K08238.01,,12554485,289.09082,51.532009,570.34,104.375,CANDIDATE,0.008086253369272238,2.73,495.662346
K08239.01,,12555140,289.52121,51.57468,719.29,147.76,FALSE POSITIVE,0.008086253369272238,1.56,655.25732
K08026.01,,10536241,292.33951,47.746391,974.05,236.64999999999998,CANDIDATE,0.018867924528301886,0.93,7.7529342
K08027.01,,10614845,297.1684,47.821129,269.83,25.05,FALSE POSITIVE,0.0,0.39,0.573762943
K08028.01,,10616829,297.74243,47.891682,1252.14,331.16999999999996,FALSE POSITIVE,0.0,81.42,1.072934147
K08029.01,,10686909,299.06802,47.920029,1086.62,313.335,FALSE POSITIVE,0.018867924528301886,1.18,2.61854596
K08030.01,,10730250,291.47424,48.026958,746.13,148.055,FALSE POSITIVE,0.008086253369272238,0.91,13.667809025
K08031.01,,10790401,289.0275,48.13792,2668.07,442.95,CANDIDATE,0.008086253369272238,13.97,254.336707
K08032.01,,10801951,293.76025,48.145248,786.63,183.17000000000002,FALSE POSITIVE,0.008086253369272238,0.83,1.105123883
K08132.01,,7049771,296.18787,42.57666,1091.21,122.17500000000001,FALSE POSITIVE,0.018867924528301886,8.3,381.85852
K08133.01,,7053328,297.0069,42.597229,1001.88,255.08499999999998,FALSE POSITIVE,0.008086253369272238,5.34,455.77076435
K08134.01,,7106437,288.08237,42.636909,1105.85,264.095,FALSE POSITIVE,0.008086253369272238,2.8,212.760495
K08135.01,,7117050,291.55719,42.694649,1493.48,274.595,FALSE POSITIVE,0.008086253369272238,25.09,73.836858
K08136.01,,7185710,286.72119,42.778511,4892.76,769.8100000000001,FALSE POSITIVE,0.008086253369272238,15.72,160.243128
K08137.01,,7282872,292.04956,42.870251,428.9,87.9,FALSE POSITIVE,0.008086253369272238,2.52,402.41511
K08138.01,,7340624,283.32138,42.939289,1265.88,289.19,FALSE POSITIVE,0.008086253369272238,34.25,369.28177
K08240.01,,12647110,290.48471,51.72855,1264.55,818.145,FALSE POSITIVE,0.018867924528301886,8.92,462.463589
K08241.01,,12647757,290.86276,51.701908,1518.3,220.60500000000002,CANDIDATE,0.008086253369272238,7.67,490.63941
K08242.01,,3629119,286.04395,38.708801,539.69,99.58,CANDIDATE,0.0,1.36,331.55459
K08243.01,,3662635,295.56934,38.726059,884.39,215.975,FALSE POSITIVE,0.0,52.18,0.939375593
K08244.01,,3734501,287.5589,38.88081,2154.23,285.885,FALSE POSITIVE,0.008086253369272238,9.36,31.1911468
K08245.01,,4169315,294.33698,39.29496,1260.48,296.62,FALSE POSITIVE,0.7333333333333333,2.34,30.9587224
K08246.01,,4446859,285.60822,39.5793,773.91,203.95999999999998,CANDIDATE,0.008086253369272238,1.58,425.64971
K07923.01,,9084569,290.19992,45.419998,220.63,31.11,CANDIDATE,0.008086253369272238,0.97,395.13138
K07924.01,,9087580,291.37222,45.468102,600.36,72.685,CANDIDATE,0.018867924528301886,0.68,0.770658979
K07925.01,,9099607,295.50128,45.433979,673.74,138.315,CANDIDATE,0.008086253369272238,0.64,4.6318914
K08033.01,,10844823,283.29706,48.266628,747.23,100.735,CANDIDATE,0.008086253369272238,2.23,362.13187
K08034.01,,10862284,292.28278,48.256672,1420.74,329.89,FALSE POSITIVE,0.4883720930232558,1.63,9.1447861
K08035.01,,10862759,292.48358,48.275219,1107.46,284.92499999999995,CANDIDATE,0.008086253369272238,1.46,29.4856392
K08036.01,,10877024,297.56628,48.288342,753.24,192.88,FALSE POSITIVE,0.0,21.66,0.786483923
K08037.01,,10920281,291.94415,48.351791,198.19,21.915,CANDIDATE,0.018867924528301886,0.72,3.65034525
K08038.01,,10920420,292.00674,48.306309,1034.66,263.29999999999995,FALSE POSITIVE,0.008086253369272238,1.45,0.9438885
K08039.01,,11032748,293.31909,48.518608,804.67,165.065,CANDIDATE,0.018867924528301886,1.12,43.9438891
K08139.01,,7622473,296.01974,43.23439,5771.01,1163.5149999999999,FALSE POSITIVE,0.008086253369272238,115.94,40.244826
K08140.01,,7662744,283.11157,43.346771,1140.0,251.7,FALSE POSITIVE,0.008086253369272238,1.83,135.428746
K08141.01,,7686191,293.03891,43.384048,793.73,141.72,FALSE POSITIVE,0.008086253369272238,2.36,380.03903
K08142.01,,7690521,294.42719,43.38464,711.18,131.16,FALSE POSITIVE,0.043478260869565216,2.27,380.294204
K08143.01,,7747835,290.02124,43.402161,1131.32,271.08,FALSE POSITIVE,0.008086253369272238,2.65,373.74691
K08144.01,,7762886,295.03894,43.477329,660.73,69.59,FALSE POSITIVE,0.008086253369272238,1.82,315.81065
K08145.01,,7811537,287.72198,43.596432,2042.39,498.655,FALSE POSITIVE,0.25,1.71,16.9341628
K08247.01,,4566999,293.20059,39.664879,793.97,145.65,FALSE POSITIVE,0.0,2.0,527.68601
K08248.01,,4569942,293.94141,39.642658,833.32,177.13,FALSE POSITIVE,0.008086253369272238,2.38,267.911652
K08249.01,,4572728,294.63766,39.655811,729.93,179.72,CANDIDATE,0.008086253369272238,1.96,309.191789
K08250.01,,4772095,297.76138,39.854195,3049.9,978.655,FALSE POSITIVE,0.008086253369272238,5.4,99.299502
K08251.01,,4847801,295.06955,39.953491,569.16,86.86,FALSE POSITIVE,0.0,1.2,371.47786
K08252.01,,5026023,295.60205,40.175331,829.98,189.89499999999998,FALSE POSITIVE,0.008086253369272238,0.59,1.99638423
K08253.01,,5098334,291.52951,40.252918,456.92,42.480000000000004,CANDIDATE,0.008086253369272238,0.95,400.11482
K07926.01,,9101271,295.9964,45.461231,858.82,221.5,FALSE POSITIVE,0.0,51.33,29.3657204
K07927.01,,9118340,300.56625,45.42445,2428.05,740.73,FALSE POSITIVE,0.0,105.66,1.035329922
K07928.01,,9142714,286.04276,45.511211,128.47,15.41,CANDIDATE,0.0,,1.12625975
K07929.01,,9159198,293.65582,45.511108,1030.32,232.055,FALSE POSITIVE,0.008086253369272238,0.68,3.04463691
K07930.01,,9210820,288.43912,45.68721,502.46,48.9,CANDIDATE,0.0,1.37,377.67241
K07931.01,,9227215,295.22937,45.624889,1322.91,324.205,CANDIDATE,0.008086253369272238,2.11,242.0367
K07932.01,,9278575,290.89395,45.71664,385.54,76.44999999999999,CANDIDATE,0.0,1.03,502.25648
K08041.01,,11098004,297.74451,48.693668,355.53,87.805,FALSE POSITIVE,0.018867924528301886,1.02,7.508818
K08042.01,,11135119,290.57559,48.785881,1289.91,585.48,FALSE POSITIVE,0.008086253369272238,7.9,383.937324
K08043.01,,11139682,292.9603,48.7005,1499.73,366.56,CANDIDATE,0.018867924528301886,1.24,10.7781558
K08044.01,,11145726,295.60391,48.718151,1853.91,699.47,FALSE POSITIVE,0.008086253369272238,3.34,0.619618218
K08045.01,,11152950,298.23053,48.794109,1540.13,358.91499999999996,FALSE POSITIVE,0.008086253369272238,2.52,4.17363793
K08046.01,,11182706,287.59253,48.886459,2769.69,354.38,CANDIDATE,0.008086253369272238,50.93,384.37706
K08047.01,,11294822,290.6962,49.066078,613.62,56.269999999999996,CANDIDATE,0.008086253369272238,1.98,302.34971
K08145.02,,7811537,287.72198,43.596432,2042.39,498.655,FALSE POSITIVE,0.008086253369272238,2.33,244.58323
K08146.01,,7874976,284.69919,43.681171,383.57,77.9,FALSE POSITIVE,0.008086253369272238,1.01,185.83013
K08147.01,,7888957,291.10947,43.635181,3155.89,514.5500000000001,FALSE POSITIVE,0.008086253369272238,22.36,363.346158
K08148.01,,7900114,294.85776,43.677929,858.96,156.04,FALSE POSITIVE,0.018867924528301886,1.97,303.91225
K08149.01,,7936194,280.33868,43.706039,420.7,142.96,FALSE POSITIVE,0.008086253369272238,3.0,536.52197
K08150.01,,7959310,291.54568,43.789879,1067.04,306.045,FALSE POSITIVE,0.018867924528301886,2.22,350.514
K08151.01,,8012732,284.72949,43.864216,1059.45,276.845,FALSE POSITIVE,0.4883720930232558,10.28,431.51734
K08254.01,,5391407,298.81052,40.540199,937.08,228.54000000000002,FALSE POSITIVE,0.0,162.15,0.638697833
K08255.01,,5468555,296.98615,40.67511,801.03,183.945,FALSE POSITIVE,0.0,2.04,539.214259
K08256.01,,5638699,296.78223,40.835541,916.42,156.39499999999998,FALSE POSITIVE,0.008086253369272238,1.8,343.56446
K08257.01,,5683219,282.96545,40.922619,352.56,62.745000000000005,CANDIDATE,0.008086253369272238,0.54,9.4609418
K08258.01,,5871116,290.10568,41.13895,777.1,114.805,FALSE POSITIVE,0.008086253369272238,1.41,54.432903
K08259.01,,5956171,290.4519,41.22551,942.79,215.97,CANDIDATE,0.008086253369272238,1.73,402.27493
K08260.01,,6032318,288.43362,41.358391,837.13,106.04500000000002,FALSE POSITIVE,0.008086253369272238,1.71,235.20613
K07933.01,,9347066,293.7041,45.892509,560.0,88.5,FALSE POSITIVE,0.008086253369272238,0.89,20.004714
K07934.01,,9390228,284.67227,45.97382,1232.0,267.12,CANDIDATE,0.008086253369272238,2.12,22.6432436
K07935.01,,9392016,285.71143,45.920658,672.91,126.32999999999998,FALSE POSITIVE,0.008086253369272238,1.31,350.65158
K07937.01,,9429631,300.38046,45.973549,629.2,134.1,FALSE POSITIVE,0.043478260869565216,0.89,4.18587282
K07938.01,,9469494,293.68533,46.095737,640.38,236.375,CANDIDATE,0.25,2.33,275.5603
K07939.01,,9518558,288.14877,46.196911,941.12,187.065,FALSE POSITIVE,0.008086253369272238,1.22,2.178142613
K07940.01,,9521317,289.67508,46.131882,428.38,75.16,CANDIDATE,0.018867924528301886,1.86,188.881049
K08048.01,,11296205,291.45468,49.043289,734.83,135.815,CANDIDATE,0.0,1.33,379.67276
K08049.01,,11348086,290.57971,49.18998,412.1,70.3,FALSE POSITIVE,0.008086253369272238,1.61,391.420272
K08050.01,,11350634,291.96802,49.115311,1147.97,243.35999999999999,CANDIDATE,0.008086253369272238,6.81,278.38935
K08051.01,,11357185,295.08365,49.170158,1108.27,281.725,FALSE POSITIVE,0.008086253369272238,2.38,185.243906
K08052.01,,11358305,295.59012,49.198601,1124.17,325.21500000000003,CANDIDATE,0.018867924528301886,1.73,7.8687123
K08053.01,,11392362,285.74564,49.238869,1215.54,279.66999999999996,CANDIDATE,0.043478260869565216,1.19,9.9105786
K08054.01,,11443757,285.08685,49.36282,1777.79,723.11,CANDIDATE,0.4883720930232558,7.33,43.9088053
K08152.01,,8028465,291.67062,43.814461,277.28,31.185000000000002,FALSE POSITIVE,0.008086253369272238,1.46,261.684363
K08153.01,,8129641,300.95416,43.991718,1526.65,307.895,FALSE POSITIVE,0.0,39.59,0.808106001
K08154.01,,8226720,289.4827,44.17889,783.48,175.815,FALSE POSITIVE,0.0,1.68,391.33068
K08155.01,,8307354,294.57861,44.21526,1075.13,204.42,FALSE POSITIVE,0.008086253369272238,2.43,320.56794551
K08156.01,,8439949,295.16364,44.422211,978.17,238.77,CANDIDATE,0.018867924528301886,3.12,364.98242
K08157.01,,8527297,301.6618,44.577499,716.8,168.01,CANDIDATE,0.0,,0.58730021
K08158.01,,8588982,300.58768,44.681862,1520.94,299.91499999999996,FALSE POSITIVE,0.008086253369272238,37.99,116.025744
K08261.01,,6182508,282.90985,41.502739,245.34,30.64,FALSE POSITIVE,0.008086253369272238,1.46,85.9770426
K08262.01,,6195669,288.81357,41.555119,789.9,136.575,FALSE POSITIVE,0.008086253369272238,27.77,370.94353
K08263.01,,6356506,289.32593,41.749939,1320.81,323.21500000000003,CANDIDATE,0.008086253369272238,2.17,280.55544
K08264.01,,6583107,283.24283,42.028561,699.94,199.235,FALSE POSITIVE,0.008086253369272238,1.55,30.6261927
K08265.01,,6681618,288.77316,42.137081,1711.44,407.36499999999995,FALSE POSITIVE,0.008086253369272238,36.37,364.42189
K08266.01,,6946985,291.2955,42.44994,426.52,147.23499999999999,FALSE POSITIVE,0.008086253369272238,1.67,440.584562
K08267.01,,7106438,288.08368,42.676392,1344.71,346.66999999999996,FALSE POSITIVE,0.008086253369272238,2.54,269.331027
K07942.01,,9529148,292.9418,46.193691,1432.15,319.435,FALSE POSITIVE,0.008086253369272238,1.85,25.3428696
K07944.01,,9541094,297.27579,46.132751,611.91,136.82999999999998,FALSE POSITIVE,0.008086253369272238,0.67,0.536654028
K07945.01,,9579753,287.9549,46.298271,422.68,53.545,FALSE POSITIVE,0.008086253369272238,0.69,1.08908149
K07946.01,,9588880,292.16595,46.227631,181.87,39.269999999999996,FALSE POSITIVE,0.008086253369272238,,77.97621155
K07947.01,,9592831,293.76086,46.231201,1419.63,222.95999999999998,FALSE POSITIVE,0.008086253369272238,1.35,0.609668222
K07948.01,,9602658,297.16284,46.27631,230.48,40.935,FALSE POSITIVE,0.018867924528301886,0.56,3.55650403
K08055.01,,11453349,290.81824,49.30558,962.78,217.525,CANDIDATE,0.008086253369272238,0.86,4.40660737
K08056.01,,11560397,292.54663,49.543373,1890.45,698.2550000000001,FALSE POSITIVE,0.008086253369272238,1.43,0.527673051
K08057.01,,11565903,295.14056,49.55706,2597.2,509.485,FALSE POSITIVE,0.008086253369272238,15.87,117.140785
K08058.01,,11601597,286.47849,49.64114,421.63,97.14,FALSE POSITIVE,0.018867924528301886,0.68,0.590281548
K08059.01,,11612241,292.65387,49.644138,672.66,150.60000000000002,FALSE POSITIVE,0.008086253369272238,1.04,4.5647147
K08060.01,,11661803,291.88229,49.748161,1410.34,348.38,FALSE POSITIVE,0.008086253369272238,38.4,372.086704
K08060.02,,11661803,291.88229,49.748161,1410.34,348.38,FALSE POSITIVE,0.008086253369272238,37.03,363.448167
K08159.01,,8608544,284.19217,44.762112,917.75,215.805,FALSE POSITIVE,0.008086253369272238,2.09,348.68162
K08159.02,,8608544,284.19217,44.762112,917.75,215.805,CANDIDATE,0.2916666666666667,2.25,353.01861
K08160.01,,8618147,289.29507,44.71656,983.17,226.05,FALSE POSITIVE,0.008086253369272238,1.94,345.128277
K08161.01,,8630840,294.13348,44.71735,971.07,278.2,FALSE POSITIVE,0.043478260869565216,2.12,370.38642
K08162.01,,8683144,289.48599,44.886089,647.36,140.60000000000002,FALSE POSITIVE,0.008086253369272238,1.7,267.970682
K08163.01,,8708961,298.21265,44.80479,1017.46,340.01,CANDIDATE,0.008086253369272238,119.96,370.98253
K08164.01,,8740744,285.94116,44.994148,1283.86,300.25,FALSE POSITIVE,0.008086253369272238,2.19,417.829033
K08268.01,,7451315,293.7084,43.08815,1281.91,297.40000000000003,FALSE POSITIVE,0.008086253369272238,26.7,368.5224
K08269.01,,7751294,291.19321,43.475128,885.61,204.815,FALSE POSITIVE,0.008086253369272238,2.22,371.4589776
K08270.01,,7832787,295.22299,43.590439,883.8,190.68,CANDIDATE,0.018867924528301886,2.09,338.00692
K08271.01,,8008913,282.90509,43.871769,458.12,47.615,FALSE POSITIVE,0.043478260869565216,1.65,34.9989085
K08272.01,,8022520,289.66574,43.879459,709.67,161.99,CANDIDATE,0.0,1.14,432.42787
K08273.01,,8108450,295.49759,43.909611,1037.89,198.0,FALSE POSITIVE,0.008086253369272238,2.34,386.78734
K08274.01,,8293631,289.64142,44.224751,6880.12,1560.0100000000002,FALSE POSITIVE,0.008086253369272238,55.33,449.557346
K07949.01,,9604563,297.69662,46.264679,684.02,99.47999999999999,CANDIDATE,0.008086253369272238,0.62,1.001916708
K07950.01,,9639021,286.80914,46.390411,412.26,67.4,FALSE POSITIVE,0.008086253369272238,0.57,2.21568076
K07951.01,,9640649,287.81287,46.340569,1362.16,310.08000000000004,CANDIDATE,0.008086253369272238,1.09,0.862329309
K07952.01,,9643210,289.24158,46.359711,69.21,10.135000000000002,FALSE POSITIVE,0.008086253369272238,0.28,3.850304552
K07953.01,,9650579,292.41211,46.36388,814.5,150.73,CANDIDATE,0.0,1.43,432.96905
K07954.01,,9650762,292.48166,46.371479,863.62,167.375,CANDIDATE,0.008086253369272238,1.74,372.15035
K07955.01,,9651155,292.64063,46.388039,4573.82,1256.99,FALSE POSITIVE,0.0,137.54,1.07383154
K08061.01,,11709006,289.7356,49.859787,66.61,7.140000000000001,FALSE POSITIVE,0.008086253369272238,0.57,0.719741
K08063.01,,11714107,292.58734,49.834469,1015.41,217.575,CANDIDATE,0.008086253369272238,2.11,405.35457
K08064.01,,11724094,296.97861,49.817329,876.23,205.65,FALSE POSITIVE,0.008086253369272238,0.71,1.47623061
K08066.01,,11804952,286.56653,50.08947,4451.72,944.5500000000001,FALSE POSITIVE,0.008086253369272238,25.43,36.3192885
K08067.01,,11819135,294.45728,50.03027,2287.41,634.54,FALSE POSITIVE,0.0,89.89,1.901655058
K08068.01,,11904835,286.12177,50.279449,1361.87,279.665,CANDIDATE,0.008086253369272238,1.28,9.4640413
K08165.01,,8742735,287.04742,44.987968,1162.41,216.825,FALSE POSITIVE,0.008086253369272238,2.25,331.92622
K08166.01,,8743244,287.33807,44.918709,1375.45,336.84000000000003,FALSE POSITIVE,0.018867924528301886,5.21,346.31688
K08166.02,,8743244,287.33807,44.918709,1375.45,336.84000000000003,FALSE POSITIVE,0.018867924528301886,4.42,365.61087
K08167.01,,8748435,289.86804,44.96003,506.39,71.33500000000001,FALSE POSITIVE,0.008086253369272238,1.33,259.85736
K08168.01,,8766268,296.42264,44.976181,1154.18,256.15500000000003,FALSE POSITIVE,0.018867924528301886,1.13,5.29731736
K08169.01,,8808064,287.10013,45.00631,979.44,211.965,FALSE POSITIVE,0.008086253369272238,2.0,447.97028
K08170.01,,8813404,289.75296,45.00629,367.08,82.375,FALSE POSITIVE,0.008086253369272238,1.53,374.80095
K08275.01,,8329346,300.69672,44.298409,974.99,153.195,CANDIDATE,0.008086253369272238,3.76,389.875816
K08276.01,,8637903,296.40787,44.77364,943.82,210.31,CANDIDATE,0.25,3.23,385.858683
K08277.01,,8673511,284.29565,44.895859,596.07,131.865,CANDIDATE,0.008086253369272238,0.58,0.757261281
K08278.01,,8873674,286.86218,45.151569,893.1,176.96,FALSE POSITIVE,0.008086253369272238,1.6,172.280975
K08279.01,,9011955,287.86737,45.321289,1440.72,375.025,CANDIDATE,0.008086253369272238,35.3,367.0896
K08280.01,,9159288,293.68979,45.549332,1267.36,324.5,CANDIDATE,0.25,2.64,66.67305
K08281.01,,9209808,287.89438,45.606468,723.26,91.125,FALSE POSITIVE,0.008086253369272238,1.74,244.547128
K07956.01,,9656547,294.77216,46.377731,643.58,76.05,FALSE POSITIVE,0.008086253369272238,0.63,1.27228771
K07957.01,,9658192,295.39212,46.329639,599.9,130.445,FALSE POSITIVE,0.008086253369272238,0.65,1.886002102
K07958.01,,9710611,291.97656,46.414631,430.88,85.85499999999999,FALSE POSITIVE,0.008086253369272238,1.43,386.35444
K07959.01,,9710626,291.98297,46.486462,933.84,126.85499999999999,FALSE POSITIVE,0.008086253369272238,28.21,371.21454
K07960.01,,9710792,292.05267,46.43021,1543.84,334.995,FALSE POSITIVE,0.043478260869565216,3.04,365.5435
K07961.01,,9770983,291.9935,46.516071,825.3,168.565,FALSE POSITIVE,0.043478260869565216,0.92,7.02932339
K07962.01,,9777089,294.47092,46.592979,1480.16,426.62,FALSE POSITIVE,0.008086253369272238,1.97,19.229478
K08069.01,,11918793,294.21954,50.260738,1266.87,304.96999999999997,FALSE POSITIVE,0.018867924528301886,5.57,38.35312
K08070.01,,11922290,295.80801,50.227188,412.48,52.71,FALSE POSITIVE,0.008086253369272238,1.38,114.661733
K08071.01,,11966668,293.5318,50.311291,812.75,109.805,FALSE POSITIVE,0.008086253369272238,1.95,313.19875
K08072.01,,11967872,294.07483,50.39724,1228.62,275.925,FALSE POSITIVE,0.008086253369272238,1.95,134.370692
K08073.01,,12004656,286.409,50.41811,287.87,76.65,FALSE POSITIVE,0.008086253369272238,9.68,2.52123022
K08074.01,,12008916,289.09659,50.427181,1180.07,239.66500000000002,FALSE POSITIVE,0.008086253369272238,8.83,47.4314857
K08075.01,,12021943,296.14963,50.46661,658.42,153.35,FALSE POSITIVE,0.008086253369272238,0.62,6.0962602
K08171.01,,8815031,290.36932,45.009258,1359.87,244.845,FALSE POSITIVE,0.008086253369272238,2.28,472.6038
K08172.01,,8821936,293.064,45.03421,703.47,164.845,FALSE POSITIVE,0.008086253369272238,2.28,371.51852
K08173.01,,8832676,296.79715,45.027962,199.13,17.2,FALSE POSITIVE,0.008086253369272238,1.58,323.66542
K08174.01,,8873873,286.94946,45.142139,166.21,22.03,CANDIDATE,0.008086253369272238,0.64,295.06066
K08175.01,,9075882,285.66858,45.45433,1001.79,201.0,FALSE POSITIVE,0.008086253369272238,2.46,367.01607
K08176.01,,9084832,290.3038,45.443291,334.41,77.185,FALSE POSITIVE,0.25,2.14,568.08251
K08177.01,,9093859,293.66754,45.498451,1041.47,154.68,FALSE POSITIVE,0.008086253369272238,0.68,3.0447752
K08282.01,,9239670,298.90518,45.61084,317.87,75.845,FALSE POSITIVE,0.0,1.48,456.55308
K08283.01,,9388557,283.77472,45.910831,2107.24,564.395,FALSE POSITIVE,0.008086253369272238,14.36,209.941369
K08284.01,,9532997,294.48926,46.140121,1366.26,333.855,FALSE POSITIVE,0.008086253369272238,2.43,49.763624
K08285.01,,9536836,295.90207,46.116138,689.83,145.475,FALSE POSITIVE,0.008086253369272238,1.58,320.347208
K08286.01,,9592621,293.6839,46.265541,1654.19,337.03999999999996,CANDIDATE,0.008086253369272238,3.54,191.03728
K08287.01,,10010452,291.28595,46.920551,696.22,128.95499999999998,FALSE POSITIVE,0.008086253369272238,2.25,358.74318
K08288.01,,10226420,298.15732,47.29166,1233.78,268.275,FALSE POSITIVE,0.008086253369272238,1.32,0.660663034
K07963.01,,9777990,294.7959,46.521626,168.58,62.4,FALSE POSITIVE,0.008086253369272238,0.68,14.3400358
K07964.01,,9813678,282.509,46.634441,2391.02,1534.5549999999998,FALSE POSITIVE,0.0,86.41,0.505079006
K07965.01,,9826551,289.91638,46.677559,778.01,238.78,FALSE POSITIVE,0.008086253369272238,1.2,7.19680984
K07966.01,,9838537,294.85934,46.635689,443.18,87.625,FALSE POSITIVE,0.008086253369272238,0.44,1.33257715
K07967.01,,9838761,294.94775,46.671951,899.44,135.3,FALSE POSITIVE,0.008086253369272238,0.93,1.33254428
K07968.01,,9839062,295.06592,46.686432,1460.84,361.74,FALSE POSITIVE,0.043478260869565216,8.13,424.623345
K07969.01,,9851983,299.0531,46.620392,1326.71,574.64,FALSE POSITIVE,0.0,52.87,1.456383399
K08076.01,,12156930,290.03943,50.768501,831.16,211.10500000000002,CANDIDATE,0.043478260869565216,1.42,71.10684
K08077.01,,12266099,295.57001,50.9049,395.66,41.17,CANDIDATE,0.008086253369272238,1.29,77.177672
K08078.01,,12307496,291.55447,51.043201,343.37,41.31,CANDIDATE,0.008086253369272238,29.85,0.805941833
K08079.01,,12419303,296.6366,51.22134,1445.22,346.87,FALSE POSITIVE,0.0,1.15,0.608074963
K08080.01,,12453855,287.71039,51.317638,753.69,107.52,FALSE POSITIVE,0.008086253369272238,27.21,0.559643825
K08081.01,,12459808,291.09753,51.310925,462.7,115.485,FALSE POSITIVE,0.008086253369272238,0.43,0.502446098
K08082.01,,12602999,290.87411,51.685181,1165.53,311.90000000000003,CANDIDATE,0.008086253369272238,2.48,8.2766028
K08178.01,,9114508,299.53513,45.44186,343.01,39.815,FALSE POSITIVE,0.008086253369272238,9.44,256.45616
K08179.01,,9216810,291.26102,45.63747,373.6,96.1,FALSE POSITIVE,0.008086253369272238,,138.62902498
K08180.01,,9268159,285.32791,45.753738,770.5,253.245,CANDIDATE,0.008086253369272238,2.76,185.97534
K08181.01,,9340460,291.07208,45.879307,433.57,141.11,FALSE POSITIVE,0.008086253369272238,2.3,388.519605
K08182.01,,9409493,294.00723,45.953941,770.38,85.95,FALSE POSITIVE,0.008086253369272238,28.92,60.049737
K08183.01,,9468848,293.43494,46.03944,607.93,139.975,CANDIDATE,0.018867924528301886,0.6,5.8877038
K08184.01,,9649205,291.84842,46.339661,226.89,41.16,FALSE POSITIVE,0.008086253369272238,1.23,237.26601
K08289.01,,10341781,292.71887,47.47094,479.25,55.019999999999996,FALSE POSITIVE,0.0,0.75,0.93371211
K08290.01,,10459805,287.14548,47.686989,636.62,71.965,FALSE POSITIVE,0.0,1.26,461.13781
K08291.01,,10471090,292.15829,47.67271,947.55,226.0,FALSE POSITIVE,0.008086253369272238,0.57,0.93376089
K08292.01,,10532751,290.87155,47.753368,1156.29,169.715,FALSE POSITIVE,0.008086253369272238,20.06,367.761848
K08293.01,,10585887,285.24338,47.812592,1002.89,240.1,FALSE POSITIVE,0.0,1.53,378.65484
K08294.01,,11867733,293.77362,50.12447,773.89,173.4,FALSE POSITIVE,0.018867924528301886,3.03,384.356448
K08295.01,,11923074,296.14072,50.279949,754.88,144.15,FALSE POSITIVE,0.008086253369272238,0.69,1.75647084
K07970.01,,9873004,282.03058,46.750809,1276.06,219.135,CANDIDATE,0.018867924528301886,1.28,1.98514635
K07971.01,,9899216,295.16165,46.750637,541.66,115.34,FALSE POSITIVE,0.008086253369272238,0.69,1.33259003
K07972.01,,9899256,295.17673,46.721409,702.09,146.985,FALSE POSITIVE,0.008086253369272238,0.59,1.33254024
K07973.01,,9899345,295.20798,46.786221,2180.13,628.53,CANDIDATE,0.0,,1.33199285
K07974.01,,9899621,295.29987,46.739471,1442.5,345.07,FALSE POSITIVE,0.008086253369272238,0.92,1.33255492
K07975.01,,9899623,295.30023,46.797009,1780.1,436.68,FALSE POSITIVE,0.008086253369272238,1.14,1.33259095
K07976.01,,9906688,297.58023,46.719952,1251.14,286.05,CANDIDATE,0.018867924528301886,1.21,5.82561701
K08083.01,,12644020,288.6127,51.770439,778.03,92.55,FALSE POSITIVE,0.008086253369272238,2.33,234.524445
K08084.01,,2010152,290.37881,37.481419,662.13,236.73,FALSE POSITIVE,0.25,2.1,317.74527
K08085.01,,2284957,286.61917,37.62624,842.18,196.06,CANDIDATE,0.0,1.7,419.2615
K08086.01,,2712825,291.38812,37.990219,426.28,71.22,FALSE POSITIVE,0.043478260869565216,1.36,18.384953
K08088.01,,3533483,288.10904,38.652012,624.27,107.98500000000001,FALSE POSITIVE,0.008086253369272238,2.12,308.185801
K08089.01,,3663850,295.80203,38.797932,3469.99,198.76,CANDIDATE,0.008086253369272238,41.55,141.400279
K08185.01,,9771576,292.2626,46.571239,635.09,92.4,FALSE POSITIVE,0.008086253369272238,21.25,398.71694
K08186.01,,9827094,290.15576,46.631199,492.59,127.965,FALSE POSITIVE,0.018867924528301886,2.81,241.8591
K08187.01,,9837720,294.54276,46.669083,285.55,35.875,FALSE POSITIVE,0.008086253369272238,1.04,353.04037
K08188.01,,9873604,282.47763,46.754169,1262.53,682.105,FALSE POSITIVE,0.008086253369272238,5.65,522.33888
K08189.01,,9874581,283.13617,46.788219,1746.14,449.59,FALSE POSITIVE,0.008086253369272238,5.39,473.56314
K08190.01,,9899449,295.24326,46.794891,1325.21,312.8,FALSE POSITIVE,0.008086253369272238,33.69,1.332565736
K08191.01,,9962731,296.37497,46.806492,574.41,104.025,FALSE POSITIVE,0.008086253369272238,1.59,385.39743
K08296.01,,12117215,294.92795,50.662369,839.87,163.15,FALSE POSITIVE,0.008086253369272238,2.35,272.54288087
K08297.01,,12168280,295.97794,50.771481,349.87,74.325,CANDIDATE,0.008086253369272238,43.78,229.957537
K07977.01,,9912977,299.42685,46.70015,623.77,192.18,FALSE POSITIVE,0.0,88.91,0.9439372
K07978.01,,9938836,285.30768,46.829803,1704.56,609.715,CANDIDATE,0.018867924528301886,1.66,7.2681817
K07979.01,,9941425,286.83789,46.830837,3812.57,605.255,FALSE POSITIVE,0.0,20.09,1.075158342
K07980.01,,9959368,295.15332,46.828011,818.63,133.685,FALSE POSITIVE,0.0,0.62,1.33255801
K07981.01,,9959765,295.30353,46.80574,851.3,197.51999999999998,FALSE POSITIVE,0.0,0.62,1.33250451
K07982.01,,10011213,291.60455,46.973289,1436.27,329.945,CANDIDATE,0.018867924528301886,3.26,376.37989
K07983.01,,10014875,293.19342,46.91655,1358.27,296.875,FALSE POSITIVE,0.008086253369272238,2.18,453.64875
K08090.01,,3954211,291.49051,39.04866,1800.13,395.53,FALSE POSITIVE,0.008086253369272238,8.7,0.594274521
K08091.01,,4056579,291.40619,39.184292,2055.67,335.315,FALSE POSITIVE,0.008086253369272238,18.27,239.179477
K08092.01,,4276445,294.93173,39.36182,1058.6,217.185,FALSE POSITIVE,0.0,2.03,405.65377
K08093.01,,4371172,293.22186,39.430443,1021.76,533.07,FALSE POSITIVE,0.008086253369272238,2.86,73.992267
K08094.01,,4557341,290.37891,39.694,198.78,23.564999999999998,FALSE POSITIVE,0.0,0.95,361.901618
K08095.01,,4645492,288.97824,39.750259,597.56,46.06,FALSE POSITIVE,0.008086253369272238,1.89,508.04103
K08096.01,,4738095,289.16815,39.829182,658.28,125.225,FALSE POSITIVE,0.008086253369272238,1.8,309.933134
K08192.01,,10023069,296.23184,46.909012,2028.61,472.835,FALSE POSITIVE,0.25,7.86,266.977677
K08193.01,,10028127,297.73398,46.961529,1115.66,203.25,CANDIDATE,0.008086253369272238,3.72,367.947848
K08194.01,,10079317,293.50534,47.018719,989.08,255.125,FALSE POSITIVE,0.008086253369272238,2.69,236.25776888
K08195.01,,10079481,293.56528,47.09362,318.25,58.845,FALSE POSITIVE,0.008086253369272238,2.13,330.80879
K08196.01,,10081899,294.46457,47.045441,101.7,11.94,FALSE POSITIVE,0.008086253369272238,0.8,522.64613
K08197.01,,10199817,288.39456,47.264351,547.03,168.8,FALSE POSITIVE,0.0,1.6,392.94247
K08198.01,,10205598,290.93597,47.29073,553.65,67.61,FALSE POSITIVE,0.008086253369272238,2.51,373.89398
K07984.01,,10031643,298.74921,46.973351,792.77,207.09,FALSE POSITIVE,0.043478260869565216,1.11,8.5898708
K07985.01,,10090151,297.18875,47.093819,437.56,82.59,FALSE POSITIVE,0.008086253369272238,29.35,0.527698548
K07986.01,,10128825,286.50937,47.163219,1046.16,255.42,CANDIDATE,0.008086253369272238,0.72,1.73984941
K07987.01,,10147276,294.16489,47.176281,1370.67,352.27,FALSE POSITIVE,0.008086253369272238,1.07,0.681401611
K07988.01,,10155286,296.76288,47.145142,917.6,136.185,CANDIDATE,0.008086253369272238,19.3,333.486169
K07989.01,,10156110,297.00977,47.121021,1374.29,329.98,FALSE POSITIVE,0.018867924528301886,1.05,4.85603482
